Id,Sales
1,3693.95166015625
2,7121.494140625
3,9723.4228515625
4,6222.71142578125
5,7265.2841796875
6,5683.84375
7,7071.67236328125
8,8299.51171875
9,5217.87451171875
10,5624.111328125
11,6813.892578125
12,8385.23046875
13,7811.47412109375
14,8046.77880859375
15,5357.84912109375
16,4394.349609375
17,5971.98828125
18,7972.8916015625
19,10381.38671875
20,9263.3740234375
21,8073.5087890625
22,6468.35693359375
23,6092.30224609375
24,4304.34765625
25,8482.8681640625
26,8958.33203125
27,9314.7626953125
28,5419.54541015625
29,5626.76611328125
30,4848.03662109375
31,5600.62939453125
32,9912.0849609375
33,7040.63134765625
34,4754.55126953125
35,5097.97607421875
36,7786.79052734375
37,3033.83740234375
38,7974.140625
39,5550.80908203125
40,7321.94482421875
41,7079.58837890625
42,5823.31396484375
43,7570.32421875
44,7134.1845703125
45,5672.2529296875
46,6718.13232421875
47,7238.92333984375
48,12177.8935546875
49,6088.650390625
50,8468.7744140625
51,7454.1181640625
52,9149.580078125
53,6447.341796875
54,10324.7138671875
55,5608.3056640625
56,6116.15673828125
57,5870.09375
58,5634.5791015625
59,9169.814453125
60,7989.6767578125
61,5675.52587890625
62,8142.10986328125
63,6503.56591796875
64,10709.5048828125
65,4223.02880859375
66,12219.248046875
67,4727.19091796875
68,5741.35693359375
69,9574.123046875
70,5345.2177734375
71,6958.69873046875
72,6342.2373046875
73,8161.3671875
74,6696.10498046875
75,4600.10205078125
76,7598.0810546875
77,7476.58251953125
78,6479.18603515625
79,4858.4091796875
80,7501.09326171875
81,12284.7197265625
82,6735.88916015625
83,4576.38818359375
84,7127.85791015625
85,5916.08349609375
86,5737.78955078125
87,7412.36181640625
88,4753.64306640625
89,8045.20654296875
90,6908.29833984375
91,7583.1123046875
92,7302.86181640625
93,4048.856201171875
94,5881.36767578125
95,5515.6630859375
96,8931.810546875
97,8845.2958984375
98,5686.626953125
99,5777.22998046875
100,6993.88037109375
101,6358.7548828125
102,6428.17138671875
103,6564.35205078125
104,6007.09716796875
105,7421.6123046875
106,5552.1796875
107,4343.6142578125
108,6412.1591796875
109,8445.4326171875
110,8347.0517578125
111,8072.56591796875
112,8286.0732421875
113,5936.1240234375
114,9010.1884765625
115,5740.24853515625
116,6597.12255859375
117,9829.4921875
118,6843.6669921875
119,10332.5029296875
120,7722.01123046875
121,7713.8251953125
122,6423.47021484375
123,7569.77197265625
124,8105.6396484375
125,6941.30908203125
126,4336.96728515625
127,5582.82763671875
128,7957.38818359375
129,6035.77587890625
130,4597.4248046875
131,8566.73828125
132,6511.7978515625
133,5719.3466796875
134,6713.490234375
135,5564.24267578125
136,7921.57958984375
137,7265.2705078125
138,7126.634765625
139,5773.82177734375
140,4897.255859375
141,6503.19091796875
142,3427.125
143,6227.505859375
144,5859.66796875
145,8432.1865234375
146,7148.61328125
147,6401.80712890625
148,11795.154296875
149,5261.556640625
150,5525.046875
151,10619.9833984375
152,6753.5703125
153,8944.8779296875
154,7222.7548828125
155,6272.0107421875
156,6313.373046875
157,5245.17919921875
158,8577.7236328125
159,11438.314453125
160,6572.1337890625
161,3613.104736328125
162,4917.50390625
163,8672.8349609375
164,7434.263671875
165,6563.39111328125
166,6759.689453125
167,5355.26171875
168,5352.6396484375
169,4381.55859375
170,5177.68017578125
171,6828.36083984375
172,7913.2431640625
173,7381.3984375
174,7776.77490234375
175,8890.0205078125
176,8970.23046875
177,7476.60205078125
178,5401.107421875
179,9875.0478515625
180,10370.85546875
181,6333.69873046875
182,7791.6962890625
183,5493.03125
184,6650.6083984375
185,4036.487548828125
186,7274.423828125
187,5579.26025390625
188,9805.810546875
189,7006.5810546875
190,7863.73046875
191,7495.8037109375
192,5847.70068359375
193,8622.5107421875
194,18112.4140625
195,10997.0849609375
196,5568.25
197,3472.058837890625
198,6232.9912109375
199,8448.361328125
200,6086.15771484375
201,12612.1025390625
202,18779.6796875
203,5161.97998046875
204,5544.0927734375
205,10324.37890625
206,5481.2939453125
207,8209.0673828125
208,6285.75439453125
209,7899.4072265625
210,5628.599609375
211,6609.2001953125
212,6208.84619140625
213,7650.53662109375
214,9639.12890625
215,6706.35498046875
216,6286.494140625
217,7373.0029296875
218,5236.48046875
219,5451.58740234375
220,6906.5625
221,5365.291015625
222,5914.38525390625
223,6879.61669921875
224,6339.5966796875
225,6068.04052734375
226,7233.99072265625
227,7736.75830078125
228,8788.142578125
229,6593.5009765625
230,7750.38427734375
231,5691.9921875
232,3983.812255859375
233,6225.845703125
234,7191.3056640625
235,5871.13330078125
236,4824.5234375
237,8866.3642578125
238,7958.25830078125
239,9657.875
240,7303.96435546875
241,6088.08154296875
242,4772.0478515625
243,4666.7099609375
244,9792.0771484375
245,4962.63720703125
246,7872.4873046875
247,15635.541015625
248,6787.22021484375
249,7288.64990234375
250,4942.69580078125
251,5595.55224609375
252,6313.59033203125
253,4412.59033203125
254,5924.54345703125
255,11443.1513671875
256,5071.5361328125
257,16413.78515625
258,12916.5244140625
259,5605.330078125
260,7313.18994140625
261,5861.64208984375
262,7116.60107421875
263,6432.1279296875
264,12249.455078125
265,8253.796875
266,9698.1904296875
267,4698.6416015625
268,7735.384765625
269,6847.67822265625
270,7950.474609375
271,7112.74267578125
272,6287.62548828125
273,7022.52197265625
274,6307.5419921875
275,8600.837890625
276,10134.865234375
277,7126.708984375
278,9594.4794921875
279,6841.3046875
280,9971.0869140625
281,5460.35205078125
282,5803.82568359375
283,6311.306640625
284,11200.8740234375
285,6093.279296875
286,8095.2744140625
287,6486.955078125
288,8175.67431640625
289,5060.4814453125
290,9403.0927734375
291,7363.5166015625
292,4249.47802734375
293,10424.93359375
294,17803.248046875
295,7146.208984375
296,6583.1962890625
297,8203.6201171875
298,10511.4384765625
299,11311.4375
300,5920.2548828125
301,7585.7421875
302,6330.17333984375
303,8716.8837890625
304,4177.30126953125
305,5992.77734375
306,5770.818359375
307,5873.02294921875
308,7513.79248046875
309,5682.212890625
310,4837.712890625
311,7689.71484375
312,3938.180419921875
313,5110.00537109375
314,6377.58740234375
315,6951.3828125
316,9693.9541015625
317,8627.162109375
318,7705.865234375
319,6281.3056640625
320,6620.30224609375
321,10119.6708984375
322,7174.98095703125
323,4499.51513671875
324,5635.7958984375
325,7440.44775390625
326,4434.439453125
327,6780.22119140625
328,3938.095458984375
329,5137.3447265625
330,10223.3701171875
331,6895.27587890625
332,5999.40283203125
333,8715.916015625
334,10217.5546875
335,12374.2548828125
336,6642.9912109375
337,8774.517578125
338,2966.505126953125
339,5481.34228515625
340,6614.90673828125
341,4769.70361328125
342,7749.9609375
343,5253.58349609375
344,5751.18115234375
345,8940.130859375
346,10287.53125
347,10206.7626953125
348,6069.05322265625
349,5853.06298828125
350,9267.6513671875
351,7079.337890625
352,5987.8037109375
353,5494.36572265625
354,7392.4931640625
355,9928.40234375
356,4450.54345703125
357,6609.19580078125
358,8292.16796875
359,7707.353515625
360,13087.3291015625
361,5114.32373046875
362,15093.6015625
363,7100.7265625
364,5340.28271484375
365,3831.40478515625
366,5912.06201171875
367,7155.6650390625
368,6154.1513671875
369,7528.443359375
370,5411.9072265625
371,4721.64697265625
372,7815.37158203125
373,4198.431640625
374,7203.48681640625
375,7009.7900390625
376,7711.64697265625
377,8776.1015625
378,6483.5654296875
379,9420.8544921875
380,5850.76123046875
381,5721.21728515625
382,6307.73095703125
383,5211.96044921875
384,10870.6640625
385,6756.2890625
386,5109.33251953125
387,6891.99658203125
388,8616.9287109375
389,7804.75927734375
390,7844.3779296875
391,8720.06640625
392,5952.77099609375
393,6091.0439453125
394,6140.154296875
395,8715.3017578125
396,7001.7744140625
397,6958.24072265625
398,6313.7255859375
399,6103.84619140625
400,4420.25
401,5924.87841796875
402,8786.533203125
403,9120.8076171875
404,11127.8935546875
405,11016.5439453125
406,8616.9580078125
407,6385.72509765625
408,5530.39013671875
409,11093.388671875
410,11343.658203125
411,8636.51171875
412,8426.912109375
413,7829.29150390625
414,5806.52001953125
415,4489.28125
416,7820.951171875
417,7204.33349609375
418,6408.23974609375
419,6168.71728515625
420,2481.055908203125
421,11234.5830078125
422,6770.89208984375
423,5381.2333984375
424,5233.8173828125
425,4769.69873046875
426,6632.49365234375
427,10038.990234375
428,6819.93994140625
429,5271.21875
430,4916.212890625
431,4019.248291015625
432,3471.460693359375
433,7621.763671875
434,16976.482421875
435,4861.68701171875
436,6028.73291015625
437,6262.14990234375
438,5531.01708984375
439,5375.10107421875
440,5554.26513671875
441,3925.916748046875
442,7247.5
443,7746.9189453125
444,4100.91943359375
445,9049.732421875
446,6588.0791015625
447,5365.50048828125
448,8784.9560546875
449,7236.181640625
450,10078.4765625
451,5435.43115234375
452,7070.91162109375
453,5495.72021484375
454,5975.76513671875
455,14144.7724609375
456,9737.2333984375
457,7011.00927734375
458,5704.17529296875
459,5347.6552734375
460,6983.2216796875
461,5400.49853515625
462,11566.849609375
463,6469.24072265625
464,5271.00146484375
465,8191.14111328125
466,4723.576171875
467,6212.16650390625
468,7821.19189453125
469,7285.16064453125
470,7433.1220703125
471,4274.29248046875
472,4854.86181640625
473,7165.48828125
474,9346.66015625
475,8159.20947265625
476,7376.2431640625
477,4180.28369140625
478,7900.9716796875
479,6041.6396484375
480,5144.75390625
481,7478.8740234375
482,7536.74072265625
483,6345.81494140625
484,7076.04833984375
485,6685.20751953125
486,6426.9599609375
487,5916.10546875
488,7016.013671875
489,6433.12548828125
490,6936.25341796875
491,10302.3681640625
492,5560.67529296875
493,4382.11962890625
494,12320.521484375
495,5242.34326171875
496,3786.531005859375
497,8096.90673828125
498,7780.43701171875
499,11175.9716796875
500,4783.0048828125
501,6164.17626953125
502,5511.41748046875
503,7113.22314453125
504,6505.2802734375
505,6862.42724609375
506,3644.747802734375
507,5892.751953125
508,6827.5810546875
509,5716.7919921875
510,6812.72265625
511,7295.7958984375
512,8864.2998046875
513,5501.89404296875
514,6810.74267578125
515,6982.681640625
516,8906.15234375
517,4714.25537109375
518,6845.79052734375
519,6570.8046875
520,8810.7216796875
521,8023.4296875
522,6271.986328125
523,8964.240234375
524,7196.10009765625
525,7963.92919921875
526,4260.232421875
527,4081.39013671875
528,8559.72265625
529,6958.89794921875
530,9342.1025390625
531,7234.9150390625
532,6112.8681640625
533,9426.677734375
534,6821.6279296875
535,7130.4599609375
536,7766.08349609375
537,6173.82080078125
538,9926.58984375
539,11093.29296875
540,7560.1064453125
541,5175.28857421875
542,5977.59912109375
543,4596.0068359375
544,0.0
545,7967.40478515625
546,5441.24755859375
547,8250.638671875
548,4580.111328125
549,5853.39697265625
550,5605.974609375
551,9739.583984375
552,5587.3369140625
553,5442.61279296875
554,6024.84521484375
555,7381.49072265625
556,5537.67529296875
557,7270.8623046875
558,7668.90576171875
559,8627.802734375
560,7885.810546875
561,7664.1201171875
562,5918.4501953125
563,4250.5234375
564,5406.6171875
565,10500.7880859375
566,10119.3466796875
567,7615.859375
568,14862.8662109375
569,5390.7080078125
570,5136.63232421875
571,6784.75146484375
572,8444.3515625
573,9939.3173828125
574,7144.60107421875
575,8693.0703125
576,8262.900390625
577,6612.2939453125
578,6794.02197265625
579,6149.9267578125
580,4636.541015625
581,5193.78955078125
582,4692.24951171875
583,5719.68017578125
584,8527.3857421875
585,16920.310546875
586,7057.8388671875
587,4727.8994140625
588,8042.5380859375
589,4828.62060546875
590,7204.97509765625
591,4655.93310546875
592,10023.380859375
593,6930.9287109375
594,6455.7578125
595,13456.693359375
596,11533.8935546875
597,6768.9794921875
598,7324.2412109375
599,3959.87255859375
600,5293.359375
601,5762.6044921875
602,8538.9423828125
603,4836.52490234375
604,4519.65576171875
605,5485.9541015625
606,5358.47216796875
607,6589.70361328125
608,6413.8994140625
609,2993.817626953125
610,7094.7529296875
611,7263.46875
612,8200.427734375
613,4769.697265625
614,4623.1435546875
615,8000.064453125
616,4412.3095703125
617,9483.8603515625
618,4440.6064453125
619,4962.68505859375
620,6801.515625
621,6177.09326171875
622,4656.5185546875
623,6637.30517578125
624,6688.05322265625
625,8758.46484375
626,9617.416015625
627,5639.0888671875
628,3740.506103515625
629,5941.09423828125
630,6012.24462890625
631,4685.1533203125
632,6852.0205078125
633,7085.36279296875
634,11356.1044921875
635,7531.0947265625
636,7115.28662109375
637,8242.7890625
638,4318.7724609375
639,9721.5947265625
640,6168.45458984375
641,12916.0546875
642,6846.76513671875
643,6164.02392578125
644,4453.38671875
645,4411.32666015625
646,6993.271484375
647,16397.9453125
648,4334.43701171875
649,4727.322265625
650,10008.6103515625
651,5897.89794921875
652,7321.64111328125
653,8554.7109375
654,5599.236328125
655,6171.19482421875
656,4985.31494140625
657,9807.3837890625
658,6571.91552734375
659,7301.44580078125
660,6918.68994140625
661,4829.30419921875
662,7074.76416015625
663,8239.1513671875
664,3552.233642578125
665,8830.9248046875
666,8756.5185546875
667,4598.2978515625
668,8267.7919921875
669,7408.5078125
670,4509.81884765625
671,10011.529296875
672,7091.21630859375
673,7699.82177734375
674,4937.00927734375
675,4573.7412109375
676,6767.4697265625
677,0.0
678,8393.8291015625
679,4369.17578125
680,5565.6064453125
681,4620.49462890625
682,6662.05078125
683,6128.15966796875
684,7370.45361328125
685,7522.3564453125
686,8203.927734375
687,6154.15478515625
688,6910.90576171875
689,6388.427734375
690,8527.5673828125
691,10299.3798828125
692,7304.38134765625
693,2915.087158203125
694,5411.45654296875
695,7532.376953125
696,3223.278564453125
697,11875.919921875
698,6334.77587890625
699,11488.634765625
700,10498.7177734375
701,7268.611328125
702,5457.5615234375
703,13542.61328125
704,10233.4931640625
705,5051.6484375
706,9340.23828125
707,9141.8330078125
708,6100.31884765625
709,5388.84912109375
710,6660.787109375
711,5972.08837890625
712,7566.8173828125
713,7161.490234375
714,4717.72802734375
715,5878.68408203125
716,7840.70703125
717,6757.5810546875
718,8213.1259765625
719,6245.58251953125
720,6508.21533203125
721,4679.8125
722,7984.6005859375
723,6925.4609375
724,7275.33154296875
725,6475.30908203125
726,7349.302734375
727,9608.4794921875
728,5809.95703125
729,5075.27587890625
730,6806.1572265625
731,7691.81884765625
732,6045.70703125
733,4328.3935546875
734,4426.890625
735,6776.078125
736,7890.28955078125
737,5505.896484375
738,8269.0859375
739,6000.3779296875
740,6191.60498046875
741,4991.7294921875
742,3764.098876953125
743,7935.908203125
744,6743.4990234375
745,6729.783203125
746,9758.412109375
747,8716.052734375
748,4788.0234375
749,7808.994140625
750,4648.26025390625
751,3533.844482421875
752,7497.3466796875
753,11248.771484375
754,8174.5458984375
755,7077.6748046875
756,5167.05712890625
757,6182.28466796875
758,8809.287109375
759,5997.52587890625
760,8060.82080078125
761,4653.6240234375
762,4862.25244140625
763,4655.5849609375
764,5550.11083984375
765,5207.96875
766,5560.40771484375
767,6960.47265625
768,4333.953125
769,5964.16796875
770,7680.91845703125
771,5206.0615234375
772,6119.6162109375
773,6898.71484375
774,5976.21923828125
775,4881.31298828125
776,9994.314453125
777,7251.23388671875
778,5962.9794921875
779,3715.508544921875
780,11640.3017578125
781,6709.119140625
782,5761.31005859375
783,9230.59375
784,8236.19921875
785,7883.04541015625
786,5846.23046875
787,7353.69970703125
788,8814.7607421875
789,13624.7236328125
790,4696.97412109375
791,4964.3759765625
792,6054.73486328125
793,6976.37890625
794,6258.2861328125
795,8156.43994140625
796,8712.0791015625
797,5447.7021484375
798,3765.814453125
799,6398.52392578125
800,8724.9375
801,5186.271484375
802,7590.8310546875
803,3755.47314453125
804,7348.83349609375
805,7872.353515625
806,6687.88427734375
807,8077.6767578125
808,6012.4853515625
809,4371.845703125
810,6688.74169921875
811,7260.16552734375
812,8551.142578125
813,6919.0078125
814,8968.744140625
815,5854.46728515625
816,4820.26318359375
817,10007.841796875
818,4469.42919921875
819,9543.2060546875
820,6445.30908203125
821,4714.00244140625
822,7265.86279296875
823,6279.439453125
824,8468.8828125
825,8191.49072265625
826,4299.85546875
827,5205.8642578125
828,8017.59130859375
829,9178.814453125
830,10050.806640625
831,5663.849609375
832,6858.6611328125
833,6424.42041015625
834,6595.33154296875
835,5579.35302734375
836,9518.8349609375
837,9174.7294921875
838,10765.22265625
839,5343.076171875
840,5748.81103515625
841,0.0
842,7999.84619140625
843,5417.9873046875
844,10472.5654296875
845,6426.01025390625
846,5883.2001953125
847,5570.60498046875
848,6604.00830078125
849,4612.1650390625
850,7036.57958984375
851,4600.4306640625
852,4346.0341796875
853,9477.6962890625
854,8207.7734375
855,23257.892578125
856,7730.86083984375
857,4008.738525390625
858,8408.068359375
859,10272.216796875
860,6981.86865234375
861,7826.61767578125
862,6274.736328125
863,8662.81640625
864,9261.384765625
865,7079.20068359375
866,5977.529296875
867,7119.029296875
868,9098.2724609375
869,7880.09765625
870,6865.4072265625
871,6258.74755859375
872,4651.529296875
873,6828.4091796875
874,9082.9482421875
875,11443.685546875
876,10622.8828125
877,8805.830078125
878,5449.48388671875
879,6260.7099609375
880,4801.55908203125
881,8831.5400390625
882,9840.3974609375
883,10616.474609375
884,6232.189453125
885,6378.71337890625
886,4762.57421875
887,6125.64501953125
888,11604.634765625
889,7282.05517578125
890,4674.14599609375
891,5955.50830078125
892,8835.8037109375
893,3496.47119140625
894,8231.4755859375
895,6100.65380859375
896,7633.5703125
897,7004.47119140625
898,6276.572265625
899,7947.83154296875
900,7158.5673828125
901,6466.326171875
902,7337.380859375
903,6797.84326171875
904,11458.2265625
905,5696.4716796875
906,9153.197265625
907,8442.7666015625
908,9993.0439453125
909,7418.0185546875
910,10525.466796875
911,5782.54736328125
912,6595.703125
913,6854.0400390625
914,5764.953125
915,8921.044921875
916,8442.5615234375
917,6090.6728515625
918,8039.38671875
919,6931.0361328125
920,10051.07421875
921,4593.21728515625
922,14320.330078125
923,5617.7138671875
924,5950.11181640625
925,10065.5048828125
926,5627.94091796875
927,7241.2490234375
928,6526.5205078125
929,8317.947265625
930,6852.66748046875
931,5652.7060546875
932,7885.51708984375
933,7924.62451171875
934,7820.07275390625
935,5188.1806640625
936,7862.95458984375
937,12222.890625
938,7176.75439453125
939,5344.748046875
940,6814.78173828125
941,6574.32763671875
942,6327.0087890625
943,7381.55078125
944,5306.13330078125
945,8506.818359375
946,7719.8828125
947,7650.52734375
948,8096.669921875
949,4629.46923828125
950,6220.7333984375
951,6076.10595703125
952,9334.2841796875
953,9109.2509765625
954,5920.11279296875
955,6160.60205078125
956,7370.4658203125
957,6250.1298828125
958,7078.1591796875
959,6779.95849609375
960,6865.60205078125
961,8178.69921875
962,6027.3291015625
963,4925.9521484375
964,7042.25537109375
965,8396.5546875
966,8662.9921875
967,8701.2822265625
968,8836.396484375
969,6384.32470703125
970,9746.4599609375
971,6997.9140625
972,7485.13134765625
973,9961.1728515625
974,6869.326171875
975,11105.0595703125
976,8023.1416015625
977,8073.828125
978,5813.10888671875
979,7540.3779296875
980,8320.2802734375
981,7134.03759765625
982,4281.77001953125
983,6201.1455078125
984,8851.697265625
985,6508.25537109375
986,4725.185546875
987,9176.09375
988,7356.9892578125
989,5808.19677734375
990,7152.53466796875
991,6241.20751953125
992,8822.009765625
993,7816.32275390625
994,7735.22119140625
995,6003.34814453125
996,5715.42041015625
997,7190.88525390625
998,4352.88623046875
999,6357.67578125
1000,5884.0
1001,9193.7216796875
1002,7757.60888671875
1003,6703.85693359375
1004,11806.7939453125
1005,6933.3984375
1006,5708.9873046875
1007,11645.4697265625
1008,7833.83349609375
1009,9216.01953125
1010,8356.15234375
1011,5397.12109375
1012,6385.81787109375
1013,5610.951171875
1014,8717.587890625
1015,12822.0576171875
1016,6732.04345703125
1017,3471.703857421875
1018,6218.82861328125
1019,9216.005859375
1020,8116.16552734375
1021,6664.884765625
1022,6927.30859375
1023,5452.04345703125
1024,5458.08935546875
1025,4673.4345703125
1026,5564.15380859375
1027,7007.8173828125
1028,7971.11181640625
1029,7906.34765625
1030,8942.5693359375
1031,8869.9140625
1032,9545.9638671875
1033,7747.16455078125
1034,6114.97412109375
1035,10793.6484375
1036,12508.6767578125
1037,6681.74169921875
1038,8494.4560546875
1039,5598.953125
1040,7410.85546875
1041,3921.80126953125
1042,8453.439453125
1043,5873.060546875
1044,10296.7861328125
1045,7722.14306640625
1046,8881.00390625
1047,8586.833984375
1048,5670.90966796875
1049,9372.9814453125
1050,19417.71875
1051,11349.353515625
1052,6648.31982421875
1053,3655.9931640625
1054,6763.27587890625
1055,9652.0234375
1056,5836.3193359375
1057,13273.33984375
1058,18480.68359375
1059,5531.6865234375
1060,6281.2705078125
1061,8985.6875
1062,6253.19921875
1063,9424.1611328125
1064,6570.6708984375
1065,8501.97265625
1066,6066.27734375
1067,6779.66748046875
1068,6451.1123046875
1069,8059.02392578125
1070,10552.4609375
1071,6630.763671875
1072,6342.681640625
1073,7423.4462890625
1074,5864.005859375
1075,6127.80712890625
1076,7216.60546875
1077,5822.6611328125
1078,6024.07275390625
1079,7608.82421875
1080,6789.80517578125
1081,6811.73876953125
1082,7418.6455078125
1083,8390.5947265625
1084,8607.41015625
1085,6939.83837890625
1086,8025.9853515625
1087,5805.72412109375
1088,4063.322021484375
1089,6781.51318359375
1090,7139.46630859375
1091,6707.08984375
1092,4914.033203125
1093,9425.1376953125
1094,8021.10595703125
1095,10403.2998046875
1096,7471.15185546875
1097,6169.357421875
1098,5039.9658203125
1099,5024.45556640625
1100,10030.5439453125
1101,5395.80126953125
1102,8667.0419921875
1103,16419.62109375
1104,7127.62255859375
1105,6849.7802734375
1106,4750.25439453125
1107,5684.75
1108,7020.6318359375
1109,5216.5361328125
1110,5794.22314453125
1111,11769.2451171875
1112,4886.4482421875
1113,17325.369140625
1114,14196.205078125
1115,4164.5283203125
1116,7617.3720703125
1117,6144.630859375
1118,7504.40771484375
1119,7377.94677734375
1120,12543.7080078125
1121,8313.49609375
1122,10920.6767578125
1123,5139.65087890625
1124,8475.2783203125
1125,6864.5263671875
1126,9031.283203125
1127,6924.388671875
1128,6609.1630859375
1129,7044.42431640625
1130,6041.158203125
1131,9227.9736328125
1132,9889.1513671875
1133,7320.7861328125
1134,10852.79296875
1135,6952.59716796875
1136,10716.2802734375
1137,5801.24951171875
1138,6337.97314453125
1139,6881.97021484375
1140,12463.0009765625
1141,6259.1865234375
1142,7689.4384765625
1143,7180.408203125
1144,8663.76953125
1145,5246.08642578125
1146,9363.791015625
1147,7568.619140625
1148,4531.3427734375
1149,11698.6845703125
1150,18381.79296875
1151,7876.21435546875
1152,7901.8994140625
1153,9118.0703125
1154,11779.3173828125
1155,12499.1943359375
1156,6374.22509765625
1157,8744.546875
1158,6716.78662109375
1159,8922.5498046875
1160,4767.9248046875
1161,6401.72216796875
1162,6385.5615234375
1163,6160.4443359375
1164,8121.38232421875
1165,6176.083984375
1166,5415.4990234375
1167,7349.1171875
1168,4475.7626953125
1169,5580.09033203125
1170,6718.34619140625
1171,8144.62158203125
1172,9946.0185546875
1173,9061.77734375
1174,8469.4345703125
1175,6601.23876953125
1176,6159.4482421875
1177,10837.705078125
1178,8559.5908203125
1179,6082.42236328125
1180,5731.87890625
1181,8370.779296875
1182,4991.732421875
1183,7201.541015625
1184,3980.46875
1185,6125.5302734375
1186,9990.5634765625
1187,6863.46044921875
1188,5986.62158203125
1189,8783.2587890625
1190,9640.1708984375
1191,12681.1396484375
1192,7296.7080078125
1193,9006.4326171875
1194,3612.29443359375
1195,5698.7646484375
1196,7128.28662109375
1197,5332.29248046875
1198,8537.5400390625
1199,5758.17138671875
1200,6553.7880859375
1201,9850.6640625
1202,11690.4453125
1203,8891.0244140625
1204,6070.177734375
1205,5836.90234375
1206,11238.67578125
1207,8020.3115234375
1208,6721.0947265625
1209,5729.7744140625
1210,7907.13525390625
1211,10862.2841796875
1212,4918.39208984375
1213,7258.20166015625
1214,8720.0966796875
1215,9554.318359375
1216,13712.935546875
1217,7491.49560546875
1218,16504.423828125
1219,6943.38818359375
1220,5980.21484375
1221,4017.34912109375
1222,6755.099609375
1223,6691.5517578125
1224,6261.0390625
1225,7685.72900390625
1226,5724.78662109375
1227,4998.51611328125
1228,7819.61279296875
1229,5140.12744140625
1230,7847.87158203125
1231,7587.21533203125
1232,7994.03857421875
1233,9682.9521484375
1234,6243.2880859375
1235,9995.6865234375
1236,6554.806640625
1237,6497.251953125
1238,6292.65869140625
1239,6095.681640625
1240,11643.423828125
1241,7580.3046875
1242,5482.8818359375
1243,7844.90869140625
1244,8907.4921875
1245,8384.9501953125
1246,8477.791015625
1247,9481.6005859375
1248,6506.8310546875
1249,6597.6748046875
1250,7044.525390625
1251,8989.5625
1252,6479.45947265625
1253,7183.5966796875
1254,6471.10986328125
1255,6125.10986328125
1256,4739.8056640625
1257,5757.70751953125
1258,8167.1923828125
1259,9349.30078125
1260,12175.4248046875
1261,11684.1044921875
1262,8687.47265625
1263,7276.5537109375
1264,6146.2431640625
1265,11111.1201171875
1266,11965.51953125
1267,8518.9580078125
1268,8881.12890625
1269,8331.92578125
1270,6362.3740234375
1271,5009.818359375
1272,8650.3486328125
1273,7685.11328125
1274,6995.12353515625
1275,6722.55712890625
1276,3354.53369140625
1277,11172.216796875
1278,6703.66796875
1279,5775.29248046875
1280,5582.8369140625
1281,5569.42431640625
1282,6986.9833984375
1283,10968.109375
1284,7061.2373046875
1285,6548.05126953125
1286,4860.314453125
1287,5017.4609375
1288,3767.5146484375
1289,7762.60986328125
1290,17570.275390625
1291,5244.38916015625
1292,5978.966796875
1293,7536.02392578125
1294,5359.02099609375
1295,6158.32861328125
1296,5422.9267578125
1297,4323.3544921875
1298,6568.5029296875
1299,7693.61767578125
1300,4718.810546875
1301,9525.8447265625
1302,7394.36376953125
1303,5716.4990234375
1304,8878.4892578125
1305,7768.84423828125
1306,10997.7919921875
1307,6089.2705078125
1308,7239.69140625
1309,5490.46240234375
1310,6618.490234375
1311,15986.5380859375
1312,10680.5283203125
1313,7037.1923828125
1314,5944.212890625
1315,5617.904296875
1316,7124.47412109375
1317,4923.2880859375
1318,10003.25390625
1319,7695.61328125
1320,5213.11767578125
1321,8253.9091796875
1322,4796.62890625
1323,6598.31689453125
1324,8642.6328125
1325,7430.67529296875
1326,7157.82373046875
1327,4968.12353515625
1328,5758.9326171875
1329,7132.583984375
1330,9964.8173828125
1331,8705.4697265625
1332,7693.4580078125
1333,5083.376953125
1334,8182.53125
1335,6778.88671875
1336,5323.03173828125
1337,7610.77685546875
1338,7856.1923828125
1339,6930.90625
1340,7716.9794921875
1341,7126.509765625
1342,7280.22216796875
1343,6111.23388671875
1344,7336.470703125
1345,6673.59716796875
1346,8123.38916015625
1347,9722.533203125
1348,5914.72314453125
1349,5294.7265625
1350,12708.94140625
1351,5847.3935546875
1352,4514.2431640625
1353,8289.1484375
1354,8894.65625
1355,12200.2861328125
1356,5445.953125
1357,6607.189453125
1358,6136.45361328125
1359,7750.7529296875
1360,6106.46875
1361,7247.5927734375
1362,3702.855224609375
1363,7032.5029296875
1364,7009.2666015625
1365,6304.13232421875
1366,7471.1181640625
1367,7899.6416015625
1368,9329.8017578125
1369,5876.294921875
1370,8217.1611328125
1371,7437.79052734375
1372,9355.3603515625
1373,5329.80419921875
1374,7082.99658203125
1375,7298.330078125
1376,8695.0400390625
1377,7660.29296875
1378,4949.42724609375
1379,9479.548828125
1380,7216.0205078125
1381,8167.03173828125
1382,5240.4404296875
1383,5022.76806640625
1384,9215.7822265625
1385,7512.74462890625
1386,10025.41015625
1387,7182.96533203125
1388,6369.8251953125
1389,8797.599609375
1390,7422.1220703125
1391,7285.64990234375
1392,8376.79296875
1393,6716.42333984375
1394,10507.51171875
1395,11344.1005859375
1396,8319.611328125
1397,5775.634765625
1398,6004.435546875
1399,4512.142578125
1400,0.0
1401,8323.099609375
1402,5530.48828125
1403,9105.98046875
1404,4832.03662109375
1405,5663.52294921875
1406,5541.23388671875
1407,11898.08984375
1408,6159.1357421875
1409,5441.14892578125
1410,6402.10546875
1411,7848.76123046875
1412,5213.0615234375
1413,8526.8369140625
1414,8123.4697265625
1415,9540.986328125
1416,8092.4970703125
1417,7543.263671875
1418,5899.0302734375
1419,4830.40771484375
1420,4877.68505859375
1421,11182.287109375
1422,11266.853515625
1423,8209.2822265625
1424,15171.474609375
1425,5647.6943359375
1426,5396.7685546875
1427,7269.259765625
1428,8834.349609375
1429,10764.51953125
1430,7510.09326171875
1431,8900.0126953125
1432,8721.7236328125
1433,7546.14404296875
1434,7215.88671875
1435,6147.7734375
1436,5355.64892578125
1437,5359.16943359375
1438,4848.62890625
1439,6504.55859375
1440,8777.77734375
1441,17844.810546875
1442,7802.81103515625
1443,5612.234375
1444,8726.2880859375
1445,4947.265625
1446,7597.01025390625
1447,4465.640625
1448,10025.82421875
1449,7094.9970703125
1450,6879.96337890625
1451,14174.259765625
1452,12707.7763671875
1453,7292.40234375
1454,7654.470703125
1455,4268.98583984375
1456,5744.81689453125
1457,6231.01220703125
1458,6927.8408203125
1459,5580.82275390625
1460,4626.05126953125
1461,6087.40771484375
1462,5767.50390625
1463,7613.40625
1464,6996.244140625
1465,3790.913330078125
1466,7605.37744140625
1467,7962.3994140625
1468,8138.2509765625
1469,5485.076171875
1470,5067.76708984375
1471,8464.341796875
1472,4762.37744140625
1473,10132.7275390625
1474,5009.50146484375
1475,5335.34375
1476,7467.392578125
1477,6382.8935546875
1478,4964.28076171875
1479,7167.85546875
1480,7494.68505859375
1481,9551.216796875
1482,11718.2763671875
1483,5910.34130859375
1484,4409.345703125
1485,6243.14404296875
1486,6142.63134765625
1487,5080.69580078125
1488,6641.10498046875
1489,7724.98388671875
1490,12043.75390625
1491,8109.326171875
1492,6940.96484375
1493,8994.7861328125
1494,4872.62548828125
1495,9929.564453125
1496,6620.6953125
1497,13950.7666015625
1498,6728.28271484375
1499,6101.388671875
1500,5310.189453125
1501,4906.22802734375
1502,7380.76953125
1503,19138.580078125
1504,5253.03662109375
1505,4843.36376953125
1506,10258.001953125
1507,6941.13232421875
1508,8565.3779296875
1509,9101.4453125
1510,6006.35546875
1511,6156.59033203125
1512,5296.19091796875
1513,10436.490234375
1514,6650.2138671875
1515,7954.7685546875
1516,7517.91748046875
1517,5216.958984375
1518,7294.01025390625
1519,8594.3037109375
1520,4285.5732421875
1521,9675.2021484375
1522,9255.3984375
1523,5410.52783203125
1524,8431.40234375
1525,6691.60205078125
1526,4933.716796875
1527,9744.7763671875
1528,7007.9609375
1529,8262.90234375
1530,4892.99072265625
1531,4849.310546875
1532,8196.9931640625
1533,0.0
1534,9034.7978515625
1535,5359.19873046875
1536,5976.39599609375
1537,5049.5986328125
1538,6679.9306640625
1539,6625.646484375
1540,7366.18212890625
1541,7083.32373046875
1542,8455.7001953125
1543,6521.12841796875
1544,7869.35498046875
1545,7315.79541015625
1546,10085.2392578125
1547,10711.8935546875
1548,7512.80908203125
1549,3186.037353515625
1550,5740.349609375
1551,7779.53076171875
1552,4016.302001953125
1553,11842.2646484375
1554,6826.7607421875
1555,10393.228515625
1556,10797.2529296875
1557,7363.54931640625
1558,5669.3701171875
1559,13399.1884765625
1560,10885.1962890625
1561,5790.73095703125
1562,9678.193359375
1563,9926.076171875
1564,6393.58642578125
1565,6687.17626953125
1566,7095.43701171875
1567,5850.25146484375
1568,8042.69189453125
1569,7585.72265625
1570,5144.76611328125
1571,7443.44873046875
1572,7844.130859375
1573,7106.67333984375
1574,8846.2197265625
1575,6868.7607421875
1576,7262.7744140625
1577,5081.87255859375
1578,7812.5927734375
1579,7332.3134765625
1580,7559.73095703125
1581,7021.8134765625
1582,7589.1982421875
1583,10075.486328125
1584,6166.068359375
1585,6080.4306640625
1586,6229.5810546875
1587,7900.24267578125
1588,6354.232421875
1589,4908.7958984375
1590,5257.02490234375
1591,8503.810546875
1592,8035.482421875
1593,6148.35107421875
1594,8655.3388671875
1595,6247.17578125
1596,7753.31640625
1597,5453.8232421875
1598,4409.4794921875
1599,7535.00048828125
1600,7142.82861328125
1601,6973.18408203125
1602,10559.42578125
1603,10378.064453125
1604,5443.4306640625
1605,7262.75341796875
1606,5182.462890625
1607,3786.63623046875
1608,8031.4755859375
1609,12848.3466796875
1610,8035.09765625
1611,7774.90771484375
1612,5269.04736328125
1613,6972.11181640625
1614,10094.181640625
1615,6835.10205078125
1616,8837.6572265625
1617,5529.47119140625
1618,4983.5673828125
1619,5339.48974609375
1620,5610.490234375
1621,6348.2548828125
1622,6337.39501953125
1623,6306.2685546875
1624,4506.54931640625
1625,7761.58056640625
1626,8768.2314453125
1627,5888.212890625
1628,6422.95263671875
1629,7396.919921875
1630,7044.28564453125
1631,5409.55419921875
1632,9622.23828125
1633,8723.16015625
1634,5625.26416015625
1635,4205.0830078125
1636,12629.9794921875
1637,7314.51123046875
1638,6353.72314453125
1639,9421.83203125
1640,8463.0068359375
1641,8658.1767578125
1642,6311.76123046875
1643,7892.5751953125
1644,9822.00390625
1645,15815.8623046875
1646,5028.47705078125
1647,5392.99755859375
1648,5825.66845703125
1649,7149.5458984375
1650,6339.193359375
1651,9688.7783203125
1652,8732.6630859375
1653,6351.97802734375
1654,3950.791748046875
1655,6713.33154296875
1656,8613.115234375
1657,5100.125
1658,7570.396484375
1659,4770.19677734375
1660,7562.55224609375
1661,8636.72265625
1662,7408.36669921875
1663,9026.4580078125
1664,6733.15869140625
1665,4798.48046875
1666,6500.3828125
1667,7384.1396484375
1668,9109.7578125
1669,7520.13671875
1670,8663.8564453125
1671,6116.73779296875
1672,5423.35791015625
1673,10794.1005859375
1674,4756.00439453125
1675,9814.984375
1676,6785.46630859375
1677,4982.29443359375
1678,8012.24462890625
1679,6448.94091796875
1680,8108.1943359375
1681,8772.2333984375
1682,4881.70849609375
1683,4672.30224609375
1684,8159.7548828125
1685,8983.7216796875
1686,10452.962890625
1687,6132.91015625
1688,6554.11083984375
1689,6855.037109375
1690,6969.06591796875
1691,5779.27978515625
1692,9996.43359375
1693,9540.98046875
1694,11250.734375
1695,5168.2900390625
1696,5857.63330078125
1697,0.0
1698,7937.97705078125
1699,5898.51220703125
1700,10866.474609375
1701,6938.74658203125
1702,5732.61572265625
1703,5147.46337890625
1704,6974.88232421875
1705,5300.3828125
1706,7739.12060546875
1707,4954.671875
1708,5094.4267578125
1709,9866.66796875
1710,7515.14404296875
1711,23915.76171875
1712,7442.853515625
1713,4323.78125
1714,9234.9228515625
1715,11735.91015625
1716,7001.095703125
1717,8383.697265625
1718,6512.51123046875
1719,8052.86767578125
1720,9532.794921875
1721,6785.12939453125
1722,6877.87939453125
1723,8182.369140625
1724,9549.3935546875
1725,8319.79296875
1726,8812.388671875
1727,6925.44775390625
1728,4880.8701171875
1729,8114.86767578125
1730,10127.2001953125
1731,11973.1640625
1732,11606.060546875
1733,9222.84375
1734,5459.96630859375
1735,6046.46826171875
1736,6206.62890625
1737,8996.443359375
1738,11223.7158203125
1739,10656.0439453125
1740,6614.1318359375
1741,6871.75439453125
1742,5733.080078125
1743,6418.42578125
1744,11448.810546875
1745,8531.5263671875
1746,4847.90673828125
1747,7421.08984375
1748,8090.23828125
1749,3615.55810546875
1750,8951.9462890625
1751,6211.0654296875
1752,7216.51708984375
1753,7776.44189453125
1754,6676.7646484375
1755,8274.630859375
1756,7857.70556640625
1757,6211.11376953125
1758,8064.8251953125
1759,6938.41552734375
1760,12021.91796875
1761,6856.69873046875
1762,9682.1376953125
1763,7593.35498046875
1764,10415.13671875
1765,7673.89404296875
1766,12221.841796875
1767,6651.52392578125
1768,7046.43603515625
1769,6909.91943359375
1770,6249.3779296875
1771,10721.0751953125
1772,9057.3056640625
1773,6767.359375
1774,8396.8056640625
1775,7592.23828125
1776,11490.7998046875
1777,4969.15283203125
1778,14601.9365234375
1779,6007.2060546875
1780,6934.03857421875
1781,10890.4482421875
1782,6119.19580078125
1783,7789.623046875
1784,6975.05859375
1785,9083.9482421875
1786,7278.86181640625
1787,4954.24853515625
1788,7963.84326171875
1789,8219.6708984375
1790,7822.740234375
1791,5344.91259765625
1792,8224.0888671875
1793,12570.0146484375
1794,7332.55126953125
1795,5260.42138671875
1796,7905.12939453125
1797,6441.17626953125
1798,6510.64794921875
1799,8150.37255859375
1800,5460.525390625
1801,8958.423828125
1802,8004.86572265625
1803,8180.19970703125
1804,8243.5693359375
1805,5119.68603515625
1806,6344.9697265625
1807,6692.51513671875
1808,10188.2958984375
1809,10002.7265625
1810,5973.01611328125
1811,6750.6279296875
1812,7838.86328125
1813,7195.16650390625
1814,7053.9951171875
1815,7789.5546875
1816,7448.85693359375
1817,8309.7236328125
1818,5984.21435546875
1819,5039.7255859375
1820,7547.3115234375
1821,8343.8076171875
1822,9828.341796875
1823,9394.61328125
1824,9070.166015625
1825,6853.09814453125
1826,10065.5576171875
1827,6908.33642578125
1828,8152.58056640625
1829,10018.984375
1830,7386.72900390625
1831,12382.7001953125
1832,8753.7841796875
1833,9397.2470703125
1834,6303.19970703125
1835,8465.8134765625
1836,9057.1611328125
1837,8045.78857421875
1838,4883.99365234375
1839,5951.58544921875
1840,9245.4287109375
1841,7341.04443359375
1842,5598.60498046875
1843,9952.65234375
1844,7198.7119140625
1845,6207.810546875
1846,7066.77587890625
1847,6523.7626953125
1848,8910.740234375
1849,8054.2685546875
1850,8371.255859375
1851,6615.31884765625
1852,5980.8466796875
1853,7294.044921875
1854,4809.96337890625
1855,7918.3466796875
1856,7071.9814453125
1857,9660.8388671875
1858,8199.2919921875
1859,7383.13427734375
1860,13779.1162109375
1861,6395.65625
1862,5995.1240234375
1863,12169.08203125
1864,7715.02734375
1865,9343.173828125
1866,8523.841796875
1867,5220.39892578125
1868,6911.2158203125
1869,6266.5859375
1870,9137.068359375
1871,13341.4384765625
1872,7290.58349609375
1873,4427.63720703125
1874,5514.52001953125
1875,9652.4482421875
1876,8972.0009765625
1877,7840.80078125
1878,8125.32861328125
1879,5259.271484375
1880,5984.82861328125
1881,4501.91064453125
1882,6142.0859375
1883,6771.22119140625
1884,8653.7724609375
1885,8098.916015625
1886,8820.259765625
1887,9993.359375
1888,9816.1279296875
1889,7883.16552734375
1890,6579.62890625
1891,11408.6455078125
1892,13311.8955078125
1893,7440.4375
1894,9375.6259765625
1895,5722.51220703125
1896,7440.3134765625
1897,4734.0986328125
1898,9596.86328125
1899,6712.455078125
1900,10237.046875
1901,7876.54638671875
1902,9758.2646484375
1903,8622.5654296875
1904,5590.85693359375
1905,10393.98828125
1906,20423.509765625
1907,13012.6845703125
1908,7188.96630859375
1909,4182.2890625
1910,6977.29248046875
1911,10035.5048828125
1912,6319.53564453125
1913,12912.7041015625
1914,18535.7265625
1915,5394.4970703125
1916,6969.5888671875
1917,9094.5546875
1918,6007.689453125
1919,9900.6220703125
1920,7801.2314453125
1921,8834.3818359375
1922,6288.80078125
1923,8074.13525390625
1924,7954.63427734375
1925,7977.15283203125
1926,11344.07421875
1927,6738.91650390625
1928,6433.33203125
1929,8093.60791015625
1930,6577.05908203125
1931,5907.2119140625
1932,7709.48291015625
1933,6296.4287109375
1934,6519.58154296875
1935,8869.4853515625
1936,7358.5244140625
1937,7872.10205078125
1938,8649.82421875
1939,8457.287109375
1940,8890.1962890625
1941,7139.99951171875
1942,9263.314453125
1943,5784.044921875
1944,4688.95361328125
1945,7066.4658203125
1946,7739.14111328125
1947,6966.70751953125
1948,5284.89111328125
1949,10397.904296875
1950,9104.06640625
1951,10391.392578125
1952,8317.25390625
1953,6600.15283203125
1954,5613.8427734375
1955,4870.4208984375
1956,11561.46875
1957,6240.9697265625
1958,8059.3642578125
1959,17560.40234375
1960,8074.13134765625
1961,7770.96630859375
1962,4940.7451171875
1963,6352.89990234375
1964,7877.30126953125
1965,4632.6611328125
1966,6286.53515625
1967,12456.02734375
1968,5497.8662109375
1969,18583.064453125
1970,14762.2900390625
1971,4620.9716796875
1972,8781.8818359375
1973,6443.02197265625
1974,7913.45068359375
1975,7635.58740234375
1976,13787.3837890625
1977,9334.2275390625
1978,12319.271484375
1979,6634.26416015625
1980,8661.3251953125
1981,6838.64501953125
1982,10144.630859375
1983,8192.7646484375
1984,6742.53369140625
1985,7351.73291015625
1986,6148.68212890625
1987,9810.044921875
1988,10291.033203125
1989,8320.9560546875
1990,11372.826171875
1991,6809.47265625
1992,10646.27734375
1993,6026.38818359375
1994,6613.71435546875
1995,7052.67041015625
1996,13431.435546875
1997,6626.47607421875
1998,8743.6455078125
1999,7852.88525390625
2000,9371.5869140625
2001,5242.61865234375
2002,10798.8251953125
2003,8123.7470703125
2004,4621.45947265625
2005,12067.2939453125
2006,18458.66015625
2007,8403.474609375
2008,8564.908203125
2009,10483.2421875
2010,12088.7060546875
2011,12705.07421875
2012,7208.62158203125
2013,8965.6630859375
2014,7379.7958984375
2015,9674.5087890625
2016,5016.4677734375
2017,6664.353515625
2018,6588.962890625
2019,7184.27197265625
2020,8484.53125
2021,6463.62060546875
2022,6433.98095703125
2023,7714.755859375
2024,4948.41650390625
2025,5850.59521484375
2026,7778.40625
2027,8156.5087890625
2028,10481.3974609375
2029,9956.91796875
2030,8343.9521484375
2031,6932.7578125
2032,6628.10498046875
2033,11702.3955078125
2034,8850.5029296875
2035,6584.61669921875
2036,6051.30859375
2037,7866.06982421875
2038,4672.17138671875
2039,7137.76806640625
2040,3888.085205078125
2041,6055.892578125
2042,11441.1953125
2043,7097.88916015625
2044,6585.28857421875
2045,8814.4638671875
2046,9876.0087890625
2047,13368.1513671875
2048,7595.37109375
2049,9833.771484375
2050,3641.967041015625
2051,6389.32568359375
2052,7016.83056640625
2053,5343.65576171875
2054,8493.0341796875
2055,6390.3984375
2056,6850.802734375
2057,10183.5224609375
2058,12721.4677734375
2059,8804.4443359375
2060,6447.77685546875
2061,6578.533203125
2062,10732.9248046875
2063,7922.34375
2064,7156.21533203125
2065,6063.126953125
2066,8088.85498046875
2067,11804.5751953125
2068,4863.568359375
2069,7516.38232421875
2070,9677.548828125
2071,10009.2275390625
2072,15728.880859375
2073,7415.43017578125
2074,16106.7412109375
2075,7530.14453125
2076,5734.4189453125
2077,3933.99267578125
2078,7195.3623046875
2079,7399.29736328125
2080,6606.5126953125
2081,7567.12451171875
2082,6203.54345703125
2083,5230.96875
2084,8285.8115234375
2085,5594.03076171875
2086,8311.7021484375
2087,7956.625
2088,8593.115234375
2089,10605.6806640625
2090,6946.17041015625
2091,10534.73046875
2092,6468.6904296875
2093,6654.18115234375
2094,6411.794921875
2095,6113.89111328125
2096,12990.2998046875
2097,7231.24462890625
2098,5720.68310546875
2099,8386.37109375
2100,9449.599609375
2101,8934.3154296875
2102,9251.287109375
2103,9525.1728515625
2104,6665.1923828125
2105,6700.45166015625
2106,7381.51171875
2107,9298.20703125
2108,7683.931640625
2109,7730.7451171875
2110,7508.525390625
2111,5990.83642578125
2112,5166.4169921875
2113,5607.62451171875
2114,8720.1064453125
2115,9997.21484375
2116,12240.3818359375
2117,12532.0234375
2118,8800.0224609375
2119,6920.19482421875
2120,6117.380859375
2121,11405.4921875
2122,12146.9619140625
2123,9125.6904296875
2124,9344.7978515625
2125,9599.140625
2126,7312.6552734375
2127,5656.07666015625
2128,9634.4189453125
2129,8304.2724609375
2130,7799.2138671875
2131,7128.64453125
2132,3560.940185546875
2133,13056.3583984375
2134,6799.69384765625
2135,6345.625
2136,5407.46630859375
2137,5590.31591796875
2138,7878.42138671875
2139,11872.3603515625
2140,7319.1591796875
2141,5752.7802734375
2142,5824.24658203125
2143,4507.1552734375
2144,3793.75390625
2145,7882.421875
2146,18156.650390625
2147,5303.60400390625
2148,6285.921875
2149,7644.341796875
2150,5774.630859375
2151,6167.8544921875
2152,5754.17822265625
2153,4542.0625
2154,7847.7939453125
2155,8547.6630859375
2156,4937.5205078125
2157,9844.26953125
2158,8233.5263671875
2159,5562.76904296875
2160,9140.4423828125
2161,8510.2109375
2162,11100.771484375
2163,6628.30810546875
2164,8173.86669921875
2165,6106.1865234375
2166,6633.0361328125
2167,15863.4384765625
2168,11826.646484375
2169,7309.72216796875
2170,6243.8681640625
2171,5628.74658203125
2172,7448.35595703125
2173,5161.33984375
2174,10961.4306640625
2175,8437.6337890625
2176,6124.67724609375
2177,8420.61328125
2178,5584.95361328125
2179,7590.05615234375
2180,9662.2265625
2181,7843.24658203125
2182,7852.1943359375
2183,5069.74072265625
2184,6147.0
2185,7623.17724609375
2186,10889.5009765625
2187,9509.8818359375
2188,7707.38232421875
2189,5546.08642578125
2190,8919.88671875
2191,7338.08544921875
2192,4985.41015625
2193,7780.0673828125
2194,8455.2109375
2195,7603.5087890625
2196,7896.08984375
2197,7405.51708984375
2198,7321.43603515625
2199,6946.4892578125
2200,7624.09521484375
2201,6956.060546875
2202,7623.94384765625
2203,10784.552734375
2204,6223.30322265625
2205,5462.33056640625
2206,13523.013671875
2207,6411.8662109375
2208,4609.29931640625
2209,9510.337890625
2210,8737.1591796875
2211,14186.033203125
2212,5323.24267578125
2213,6945.20263671875
2214,6324.76953125
2215,7866.1357421875
2216,7506.16455078125
2217,7878.52734375
2218,4083.92236328125
2219,6587.26171875
2220,7600.22802734375
2221,6665.48583984375
2222,7734.5732421875
2223,7767.19921875
2224,9998.853515625
2225,6514.0009765625
2226,9370.234375
2227,8096.14013671875
2228,9577.29296875
2229,5478.6279296875
2230,8249.0419921875
2231,8510.013671875
2232,9444.453125
2233,8434.462890625
2234,5415.36669921875
2235,9092.7099609375
2236,7992.43017578125
2237,8455.830078125
2238,4955.73046875
2239,4529.146484375
2240,10093.0166015625
2241,7743.73046875
2242,10311.625
2243,8470.2958984375
2244,6955.75537109375
2245,9870.3623046875
2246,8146.353515625
2247,8688.5283203125
2248,8987.9365234375
2249,7061.24072265625
2250,10268.576171875
2251,11777.4033203125
2252,9143.291015625
2253,5710.78515625
2254,6584.74072265625
2255,5683.91552734375
2256,0.0
2257,9224.38671875
2258,6158.20166015625
2259,10483.6083984375
2260,5525.6337890625
2261,6918.99365234375
2262,6557.43505859375
2263,11448.017578125
2264,6427.9541015625
2265,6167.8837890625
2266,6451.62890625
2267,8500.927734375
2268,5791.85986328125
2269,8376.4267578125
2270,8721.2724609375
2271,9106.7216796875
2272,8810.4150390625
2273,7667.36279296875
2274,6039.134765625
2275,5154.36181640625
2276,5687.4140625
2277,12950.5234375
2278,11275.744140625
2279,8025.26220703125
2280,15027.0771484375
2281,6295.15185546875
2282,6198.40283203125
2283,8165.94287109375
2284,9345.4697265625
2285,11828.1083984375
2286,8075.611328125
2287,10116.017578125
2288,9240.603515625
2289,7782.36572265625
2290,7538.587890625
2291,6810.41845703125
2292,6066.0419921875
2293,5458.447265625
2294,5442.037109375
2295,6221.62158203125
2296,9366.1044921875
2297,18556.5625
2298,8067.48583984375
2299,5864.3115234375
2300,9077.4052734375
2301,5552.2216796875
2302,7750.3212890625
2303,5073.205078125
2304,10636.951171875
2305,7042.888671875
2306,7179.189453125
2307,15055.013671875
2308,12539.1982421875
2309,7129.86669921875
2310,8121.6240234375
2311,4379.103515625
2312,5314.32373046875
2313,6948.76220703125
2314,8788.169921875
2315,6007.03857421875
2316,5755.6201171875
2317,6705.57421875
2318,5572.31396484375
2319,7872.77978515625
2320,8334.2021484375
2321,3778.200927734375
2322,8174.041015625
2323,8650.8701171875
2324,8466.7666015625
2325,6540.14794921875
2326,5869.638671875
2327,9196.916015625
2328,5180.390625
2329,10460.017578125
2330,5174.8740234375
2331,5210.25146484375
2332,7811.9951171875
2333,7069.5419921875
2334,5302.89111328125
2335,7507.1953125
2336,7956.61474609375
2337,10344.826171875
2338,12358.90625
2339,6211.109375
2340,4355.22607421875
2341,6485.67822265625
2342,7418.62744140625
2343,5371.5009765625
2344,7969.46484375
2345,7683.1171875
2346,12819.5576171875
2347,9491.9248046875
2348,7593.451171875
2349,9421.2373046875
2350,5360.86767578125
2351,10895.5830078125
2352,7212.767578125
2353,15454.35546875
2354,7521.63623046875
2355,7323.05859375
2356,5827.36376953125
2357,5404.10986328125
2358,7772.2197265625
2359,19773.7890625
2360,5234.56005859375
2361,5855.88916015625
2362,11900.28515625
2363,7584.759765625
2364,9418.953125
2365,9310.2275390625
2366,7493.20166015625
2367,6352.037109375
2368,5910.24267578125
2369,11094.92578125
2370,7523.8837890625
2371,8253.02734375
2372,7696.12158203125
2373,5770.19775390625
2374,8330.7275390625
2375,9297.6181640625
2376,4613.15869140625
2377,10750.4189453125
2378,9942.6982421875
2379,5360.77880859375
2380,8702.0048828125
2381,7248.75244140625
2382,5151.8125
2383,10803.87109375
2384,6842.900390625
2385,8399.3955078125
2386,5151.92822265625
2387,5459.81591796875
2388,7383.29248046875
2389,0.0
2390,9275.8115234375
2391,5467.13330078125
2392,6481.3623046875
2393,5792.4951171875
2394,7363.1787109375
2395,6857.63671875
2396,8921.2255859375
2397,8415.296875
2398,8566.826171875
2399,7039.98583984375
2400,8006.46435546875
2401,7493.279296875
2402,10166.1640625
2403,10815.7470703125
2404,7455.44384765625
2405,4104.880859375
2406,6902.72607421875
2407,8409.978515625
2408,4844.1865234375
2409,11725.5439453125
2410,7146.2041015625
2411,11745.6298828125
2412,11301.7939453125
2413,7750.5859375
2414,5912.76904296875
2415,16019.376953125
2416,10890.2431640625
2417,6379.97705078125
2418,10924.0166015625
2419,12104.923828125
2420,7105.6552734375
2421,7784.9560546875
2422,8003.6181640625
2423,6924.67626953125
2424,8192.2734375
2425,8072.55859375
2426,5654.98779296875
2427,8049.60986328125
2428,8273.560546875
2429,7258.13330078125
2430,9792.5703125
2431,7320.80615234375
2432,7554.861328125
2433,5082.66552734375
2434,8637.6923828125
2435,7892.93603515625
2436,7800.064453125
2437,7133.890625
2438,8728.396484375
2439,10777.56640625
2440,6315.25390625
2441,6674.32958984375
2442,7622.59326171875
2443,7834.57568359375
2444,7153.05859375
2445,5235.29638671875
2446,5551.76953125
2447,7700.9130859375
2448,7491.27490234375
2449,6557.14306640625
2450,9458.666015625
2451,6653.82861328125
2452,7097.3525390625
2453,5730.6357421875
2454,4801.7470703125
2455,9024.240234375
2456,7301.033203125
2457,8456.029296875
2458,10853.1513671875
2459,10356.48828125
2460,5407.736328125
2461,8021.04345703125
2462,5298.0341796875
2463,4207.4599609375
2464,8776.0283203125
2465,13634.076171875
2466,8441.814453125
2467,8333.4189453125
2468,6393.01953125
2469,7656.7783203125
2470,10519.82421875
2471,7567.05908203125
2472,9966.1005859375
2473,5340.3486328125
2474,4839.39111328125
2475,6491.00048828125
2476,5700.41748046875
2477,6243.12890625
2478,6881.31005859375
2479,7354.3623046875
2480,5350.83447265625
2481,7288.67529296875
2482,9677.421875
2483,6812.01123046875
2484,7123.845703125
2485,7927.0302734375
2486,6444.2978515625
2487,6091.39794921875
2488,9902.0087890625
2489,8274.994140625
2490,5959.52197265625
2491,4605.75830078125
2492,14823.4052734375
2493,7234.7568359375
2494,6916.08935546875
2495,10032.650390625
2496,9380.7724609375
2497,8620.7451171875
2498,6480.626953125
2499,7966.09423828125
2500,11545.2412109375
2501,17101.794921875
2502,6013.0546875
2503,6069.61767578125
2504,5907.05029296875
2505,6821.35546875
2506,6338.666015625
2507,9268.16015625
2508,9546.93359375
2509,6632.41748046875
2510,4284.0810546875
2511,7345.94482421875
2512,8988.5751953125
2513,5994.75634765625
2514,8608.0810546875
2515,4736.82470703125
2516,8088.63818359375
2517,9184.1728515625
2518,7497.470703125
2519,9845.80859375
2520,7140.0439453125
2521,5281.8095703125
2522,6765.73583984375
2523,8946.0751953125
2524,9604.2255859375
2525,7532.0107421875
2526,9892.5947265625
2527,6985.22509765625
2528,5409.2666015625
2529,11060.5400390625
2530,5511.7001953125
2531,10627.0908203125
2532,7858.19921875
2533,5800.52685546875
2534,8274.625
2535,6755.1298828125
2536,8737.6982421875
2537,8947.5625
2538,5121.7275390625
2539,5761.0546875
2540,9425.0009765625
2541,11146.9814453125
2542,10495.927734375
2543,6974.64208984375
2544,7042.31591796875
2545,8319.234375
2546,7092.388671875
2547,6137.40185546875
2548,10617.017578125
2549,9852.568359375
2550,12994.515625
2551,6309.923828125
2552,6507.1240234375
2553,0.0
2554,8369.7958984375
2555,6599.59912109375
2556,11342.3193359375
2557,7176.109375
2558,7221.21435546875
2559,6095.40234375
2560,7458.96875
2561,5247.0771484375
2562,8207.0390625
2563,5644.59326171875
2564,5434.2724609375
2565,11385.9892578125
2566,7202.2998046875
2567,23136.208984375
2568,7905.08251953125
2569,4986.2783203125
2570,9483.294921875
2571,12623.90234375
2572,8114.7421875
2573,10492.365234375
2574,7222.02490234375
2575,9981.56640625
2576,11068.9794921875
2577,6115.2822265625
2578,7859.26904296875
2579,9008.0087890625
2580,11037.0595703125
2581,9898.546875
2582,8747.455078125
2583,9043.7490234375
2584,6163.44482421875
2585,8963.9697265625
2586,12391.5947265625
2587,13149.1240234375
2588,12654.6552734375
2589,12456.2998046875
2590,6111.62744140625
2591,6987.4189453125
2592,5377.3095703125
2593,10262.509765625
2594,13713.0771484375
2595,11409.408203125
2596,8891.3271484375
2597,8008.9638671875
2598,5214.7177734375
2599,7517.533203125
2600,12997.671875
2601,9482.5146484375
2602,6574.2099609375
2603,7134.28662109375
2604,9983.2734375
2605,4721.765625
2606,11437.2470703125
2607,7485.4677734375
2608,9517.6767578125
2609,10140.3251953125
2610,8051.904296875
2611,9095.96484375
2612,9743.279296875
2613,8360.287109375
2614,8911.607421875
2615,9109.3271484375
2616,14098.091796875
2617,8071.0322265625
2618,11111.5654296875
2619,8440.6552734375
2620,11575.7041015625
2621,9829.755859375
2622,13374.501953125
2623,7968.5927734375
2624,7562.01806640625
2625,8360.96875
2626,7444.5751953125
2627,11866.109375
2628,10529.2001953125
2629,8334.634765625
2630,10579.966796875
2631,8601.3427734375
2632,13278.302734375
2633,6219.0
2634,16870.416015625
2635,6096.9033203125
2636,7392.21630859375
2637,12665.1201171875
2638,6965.52978515625
2639,9127.1640625
2640,8679.0732421875
2641,11349.279296875
2642,8131.30859375
2643,6807.46044921875
2644,10314.521484375
2645,9486.048828125
2646,9390.5859375
2647,7528.98046875
2648,10130.4140625
2649,15722.6396484375
2650,8815.1162109375
2651,6621.4189453125
2652,9693.2705078125
2653,7551.13330078125
2654,7825.7353515625
2655,9365.5400390625
2656,6656.8623046875
2657,11613.404296875
2658,9220.25390625
2659,10113.720703125
2660,10140.98046875
2661,5056.34228515625
2662,8593.30859375
2663,7663.91015625
2664,12122.2568359375
2665,10218.8828125
2666,6785.744140625
2667,8080.7373046875
2668,9134.61328125
2669,8200.5703125
2670,9100.390625
2671,8609.4033203125
2672,8791.654296875
2673,9765.8583984375
2674,7105.095703125
2675,5872.29345703125
2676,9921.109375
2677,9599.09375
2678,9321.267578125
2679,11667.212890625
2680,11715.4736328125
2681,8403.8876953125
2682,12020.40234375
2683,8434.990234375
2684,9698.068359375
2685,13076.353515625
2686,9024.708984375
2687,13520.607421875
2688,9837.8505859375
2689,11402.822265625
2690,7614.56640625
2691,9238.6416015625
2692,11620.9833984375
2693,8408.826171875
2694,4548.47509765625
2695,6887.62451171875
2696,11581.58984375
2697,7843.2841796875
2698,5368.79541015625
2699,12851.8173828125
2700,7997.005859375
2701,7504.625
2702,7797.33056640625
2703,8298.35546875
2704,10923.3935546875
2705,9658.888671875
2706,11622.787109375
2707,8089.3896484375
2708,7386.9853515625
2709,9334.943359375
2710,6020.7529296875
2711,8770.1953125
2712,8390.0205078125
2713,11134.916015625
2714,8820.3134765625
2715,7804.79052734375
2716,15261.8173828125
2717,7904.42529296875
2718,6729.6279296875
2719,13909.65234375
2720,8792.5205078125
2721,12032.283203125
2722,8986.158203125
2723,6987.6142578125
2724,8452.3271484375
2725,7681.73388671875
2726,10376.7724609375
2727,17112.5078125
2728,7500.0244140625
2729,4103.9140625
2730,6049.27783203125
2731,11310.8671875
2732,10857.7294921875
2733,8849.7490234375
2734,9509.640625
2735,5973.68798828125
2736,5923.8115234375
2737,4983.90087890625
2738,6832.5263671875
2739,8139.8212890625
2740,10271.017578125
2741,9099.556640625
2742,10481.2548828125
2743,11263.3486328125
2744,12690.53515625
2745,9615.4052734375
2746,7688.9560546875
2747,12820.7841796875
2748,17326.927734375
2749,9571.9990234375
2750,9959.1025390625
2751,7368.15673828125
2752,8787.484375
2753,6559.77099609375
2754,10632.755859375
2755,8656.892578125
2756,11508.1220703125
2757,9430.244140625
2758,10975.55859375
2759,9929.7236328125
2760,6851.81591796875
2761,13008.58203125
2762,22823.994140625
2763,16076.470703125
2764,9210.318359375
2765,5262.87646484375
2766,8575.9541015625
2767,11429.4248046875
2768,8443.8447265625
2769,13239.4814453125
2770,20841.546875
2771,5914.56884765625
2772,8264.1875
2773,10631.4794921875
2774,7427.55224609375
2775,12632.03125
2776,9853.6611328125
2777,11060.6611328125
2778,6044.32763671875
2779,10143.62890625
2780,9063.3486328125
2781,9549.80078125
2782,14690.5556640625
2783,8047.7626953125
2784,7611.02587890625
2785,9166.5546875
2786,7538.75
2787,7051.369140625
2788,8692.4287109375
2789,8634.2626953125
2790,8530.1005859375
2791,10383.89453125
2792,7996.158203125
2793,7361.38232421875
2794,9117.4091796875
2795,10493.103515625
2796,11206.32421875
2797,8975.890625
2798,7910.89013671875
2799,6765.05322265625
2800,5165.8505859375
2801,8441.8251953125
2802,9091.92578125
2803,8630.4345703125
2804,5877.0712890625
2805,11675.6640625
2806,10892.83984375
2807,13513.8173828125
2808,8674.7822265625
2809,8641.689453125
2810,6637.15380859375
2811,6174.97802734375
2812,14624.8876953125
2813,7513.31884765625
2814,9271.228515625
2815,19339.521484375
2816,9853.4091796875
2817,8623.0302734375
2818,5889.18505859375
2819,7234.76318359375
2820,9074.4716796875
2821,5685.72607421875
2822,6812.64990234375
2823,13395.9951171875
2824,6673.306640625
2825,20252.078125
2826,17219.70703125
2827,6830.41455078125
2828,9911.724609375
2829,7131.40625
2830,9605.6806640625
2831,8128.32080078125
2832,15064.2958984375
2833,10776.3623046875
2834,13343.087890625
2835,6770.28125
2836,9837.7451171875
2837,8550.58984375
2838,10961.69140625
2839,9855.75
2840,8384.1875
2841,8892.2958984375
2842,6629.34765625
2843,11989.6455078125
2844,11625.1875
2845,10269.1337890625
2846,15156.458984375
2847,8298.7529296875
2848,12925.384765625
2849,6576.6962890625
2850,7038.3037109375
2851,8938.4580078125
2852,17169.009765625
2853,8222.4228515625
2854,11029.67578125
2855,9897.9267578125
2856,11429.2861328125
2857,6555.62060546875
2858,10912.759765625
2859,8935.2431640625
2860,5678.736328125
2861,14428.7998046875
2862,21136.888671875
2863,10672.31640625
2864,10353.1640625
2865,12048.541015625
2866,14776.0625
2867,14526.9501953125
2868,8503.4052734375
2869,11287.4287109375
2870,9504.0380859375
2871,11696.4345703125
2872,6120.22900390625
2873,7922.54833984375
2874,7600.70947265625
2875,7446.0615234375
2876,10189.990234375
2877,7189.4853515625
2878,7737.63232421875
2879,9747.22265625
2880,5586.806640625
2881,6807.12158203125
2882,8189.95947265625
2883,9377.46875
2884,13529.744140625
2885,11436.33984375
2886,9237.87109375
2887,8661.99609375
2888,8680.5146484375
2889,13195.4365234375
2890,10163.0625
2891,8011.2548828125
2892,7120.88818359375
2893,9782.7265625
2894,5846.83447265625
2895,8625.8369140625
2896,4556.51318359375
2897,7073.23974609375
2898,11920.0537109375
2899,8354.8232421875
2900,7831.947265625
2901,11729.61328125
2902,12002.5146484375
2903,14035.818359375
2904,8312.8173828125
2905,11998.9345703125
2906,4803.8359375
2907,7017.5966796875
2908,8249.4111328125
2909,6338.52490234375
2910,9129.3818359375
2911,7666.33349609375
2912,8546.6533203125
2913,11978.1044921875
2914,14291.599609375
2915,10800.23828125
2916,7720.5302734375
2917,7560.6875
2918,12259.5390625
2919,9342.1201171875
2920,7933.0380859375
2921,7036.966796875
2922,9564.916015625
2923,13708.076171875
2924,6647.8564453125
2925,9258.916015625
2926,11992.623046875
2927,11020.1484375
2928,15923.3115234375
2929,8567.75390625
2930,17659.505859375
2931,8998.154296875
2932,7111.31787109375
2933,4346.2958984375
2934,8183.09912109375
2935,9286.4189453125
2936,8247.396484375
2937,8795.9560546875
2938,6869.1015625
2939,6647.43115234375
2940,9183.8203125
2941,6368.2587890625
2942,8889.9208984375
2943,10191.65234375
2944,10564.3212890625
2945,12170.9619140625
2946,8522.8154296875
2947,11447.6455078125
2948,7126.70361328125
2949,7535.35791015625
2950,7846.0302734375
2951,6289.43994140625
2952,13843.7021484375
2953,8921.232421875
2954,6682.05517578125
2955,10158.986328125
2956,12305.0654296875
2957,10821.29296875
2958,9758.84765625
2959,11464.8935546875
2960,7121.1240234375
2961,6690.130859375
2962,9150.53125
2963,11291.5751953125
2964,8333.7021484375
2965,9528.5517578125
2966,8483.54296875
2967,7689.63916015625
2968,5754.4091796875
2969,6702.21142578125
2970,10687.9599609375
2971,11168.9814453125
2972,14040.6865234375
2973,15882.24609375
2974,10575.947265625
2975,7819.77001953125
2976,6898.14501953125
2977,12835.90625
2978,15199.009765625
2979,11668.9169921875
2980,10972.4384765625
2981,10458.4130859375
2982,7568.3232421875
2983,6736.27294921875
2984,10479.8134765625
2985,9667.5927734375
2986,9909.021484375
2987,7978.9462890625
2988,4703.05419921875
2989,14878.341796875
2990,8453.39453125
2991,8005.31298828125
2992,6103.4111328125
2993,6602.24560546875
2994,8215.498046875
2995,12646.1611328125
2996,8496.6728515625
2997,6430.56396484375
2998,6640.4580078125
2999,5859.80908203125
3000,4327.07763671875
3001,9546.060546875
3002,19392.19140625
3003,6000.595703125
3004,7756.69677734375
3005,9369.974609375
3006,6688.05029296875
3007,7685.1357421875
3008,6600.5390625
3009,5296.0830078125
3010,9981.3740234375
3011,10527.5439453125
3012,5427.75
3013,12216.59765625
3014,10249.6025390625
3015,6340.6494140625
3016,11775.896484375
3017,10681.103515625
3018,12044.0107421875
3019,8387.4892578125
3020,9097.599609375
3021,6698.44140625
3022,7601.00341796875
3023,17922.50390625
3024,15128.4150390625
3025,8646.7373046875
3026,7802.4150390625
3027,6423.2314453125
3028,8075.587890625
3029,6247.6806640625
3030,11996.2783203125
3031,6945.9697265625
3032,6968.59228515625
3033,10063.62890625
3034,6594.048828125
3035,8264.015625
3036,10240.8798828125
3037,11022.7373046875
3038,10196.8369140625
3039,6506.05908203125
3040,7070.49267578125
3041,9697.705078125
3042,12617.873046875
3043,10711.7822265625
3044,9524.2958984375
3045,5539.3818359375
3046,9825.9267578125
3047,7614.396484375
3048,6259.72607421875
3049,9006.0283203125
3050,9995.046875
3051,9550.423828125
3052,9757.4443359375
3053,8667.16015625
3054,8791.2783203125
3055,7784.1123046875
3056,9034.9013671875
3057,9219.7822265625
3058,10032.0498046875
3059,12984.3916015625
3060,7392.17578125
3061,6567.6201171875
3062,16292.130859375
3063,7183.21484375
3064,5432.03466796875
3065,10223.0107421875
3066,11346.6689453125
3067,15037.5703125
3068,5621.13134765625
3069,8390.1162109375
3070,6861.3935546875
3071,9272.4912109375
3072,8925.826171875
3073,9372.0849609375
3074,4552.15283203125
3075,7577.93115234375
3076,9461.8173828125
3077,7838.75537109375
3078,8491.7998046875
3079,9274.720703125
3080,11867.7880859375
3081,6961.35595703125
3082,9710.0859375
3083,9816.9580078125
3084,12069.8974609375
3085,7298.4658203125
3086,7765.88525390625
3087,8544.193359375
3088,10957.2333984375
3089,10477.0673828125
3090,6139.26025390625
3091,9300.705078125
3092,9755.01953125
3093,10675.1103515625
3094,5487.107421875
3095,5363.22216796875
3096,13000.7177734375
3097,9471.6982421875
3098,11792.6904296875
3099,9566.8291015625
3100,7378.6142578125
3101,11751.5068359375
3102,9797.677734375
3103,10884.205078125
3104,9661.4189453125
3105,9189.017578125
3106,11666.396484375
3107,14320.537109375
3108,10087.61328125
3109,6666.091796875
3110,8176.34375
3111,5815.169921875
3112,0.0
3113,10715.384765625
3114,6872.32373046875
3115,12083.2685546875
3116,6720.45703125
3117,7881.81494140625
3118,7663.0322265625
3119,12939.8798828125
3120,7806.57958984375
3121,6746.8359375
3122,8052.64306640625
3123,9653.541015625
3124,7231.7607421875
3125,9488.8583984375
3126,9388.9833984375
3127,10312.8564453125
3128,10319.0830078125
3129,9138.60546875
3130,7063.650390625
3131,5982.0859375
3132,6396.06640625
3133,14737.923828125
3134,12630.0126953125
3135,9602.55859375
3136,15955.9921875
3137,7648.8759765625
3138,7086.08984375
3139,9232.12890625
3140,11467.482421875
3141,15251.2587890625
3142,9744.9677734375
3143,11995.462890625
3144,11797.6962890625
3145,8932.9052734375
3146,9699.544921875
3147,8227.1943359375
3148,7120.08740234375
3149,6769.7333984375
3150,6525.0517578125
3151,8647.4541015625
3152,11310.658203125
3153,20534.599609375
3154,10035.4111328125
3155,7149.54052734375
3156,10042.044921875
3157,6434.76904296875
3158,9290.1025390625
3159,5757.96435546875
3160,13456.6611328125
3161,8438.00390625
3162,9096.3759765625
3163,18515.935546875
3164,13592.21875
3165,9080.1552734375
3166,9520.2490234375
3167,4854.5859375
3168,6211.4072265625
3169,7454.34716796875
3170,10835.6953125
3171,7140.12646484375
3172,6820.3955078125
3173,6864.55517578125
3174,6699.14794921875
3175,9211.3486328125
3176,10193.166015625
3177,3616.885009765625
3178,9971.6884765625
3179,10548.8359375
3180,11222.46875
3181,8190.6826171875
3182,6604.486328125
3183,10511.6083984375
3184,5269.9755859375
3185,12560.8759765625
3186,6195.2724609375
3187,7527.6796875
3188,9562.2216796875
3189,8050.42724609375
3190,5538.72216796875
3191,10070.6845703125
3192,9166.923828125
3193,11741.3056640625
3194,14694.302734375
3195,7345.80419921875
3196,4899.8798828125
3197,7262.40576171875
3198,7225.2509765625
3199,6168.935546875
3200,9465.68359375
3201,8637.0654296875
3202,14213.2880859375
3203,11493.6162109375
3204,8318.390625
3205,10128.3193359375
3206,5809.6376953125
3207,11959.9970703125
3208,7682.63671875
3209,15132.5361328125
3210,9277.1201171875
3211,8559.8173828125
3212,6160.21337890625
3213,5759.45263671875
3214,8785.51953125
3215,22685.080078125
3216,6249.00244140625
3217,5896.23828125
3218,13150.6943359375
3219,8422.435546875
3220,10620.521484375
3221,11137.6884765625
3222,8449.6142578125
3223,7686.87158203125
3224,6608.6953125
3225,12364.62890625
3226,9105.5712890625
3227,9323.576171875
3228,8750.2822265625
3229,6455.189453125
3230,9305.6953125
3231,10164.76171875
3232,5476.57861328125
3233,12112.12890625
3234,10655.1630859375
3235,6154.33349609375
3236,10245.9482421875
3237,8845.3798828125
3238,6585.75
3239,12787.751953125
3240,8964.6630859375
3241,9879.9609375
3242,6437.8603515625
3243,6701.49072265625
3244,8343.6279296875
3245,0.0
3246,11098.3798828125
3247,5453.64501953125
3248,7652.41943359375
3249,6235.5234375
3250,8678.759765625
3251,6922.66943359375
3252,9850.9716796875
3253,11310.8916015625
3254,9981.4755859375
3255,8427.2734375
3256,9288.3740234375
3257,7847.560546875
3258,11971.7353515625
3259,13429.16015625
3260,8609.5693359375
3261,4335.34130859375
3262,7324.029296875
3263,10449.6201171875
3264,4515.91552734375
3265,14536.787109375
3266,9002.619140625
3267,12890.3408203125
3268,12675.8603515625
3269,8064.27001953125
3270,7263.66552734375
3271,19265.71875
3272,13459.3583984375
3273,7002.8017578125
3274,11582.53515625
3275,12468.71875
3276,8625.9501953125
3277,8028.7822265625
3278,9283.9150390625
3279,7790.9921875
3280,8555.69921875
3281,9126.494140625
3282,6704.98486328125
3283,7056.47998046875
3284,10487.6181640625
3285,9301.6181640625
3286,12763.525390625
3287,8218.0888671875
3288,8371.4287109375
3289,6814.29443359375
3290,9141.541015625
3291,9335.400390625
3292,9027.1962890625
3293,8118.001953125
3294,10304.8974609375
3295,13330.1591796875
3296,7836.99169921875
3297,7336.94677734375
3298,8339.0693359375
3299,9228.6962890625
3300,7546.021484375
3301,5651.904296875
3302,5547.55908203125
3303,8008.5390625
3304,7476.3828125
3305,8750.0048828125
3306,11056.2001953125
3307,7607.72119140625
3308,8397.478515625
3309,7006.84912109375
3310,5501.90771484375
3311,11161.91796875
3312,8845.42578125
3313,9216.134765625
3314,12848.4951171875
3315,11801.8798828125
3316,5745.95947265625
3317,9658.189453125
3318,5442.4375
3319,5253.373046875
3320,10899.244140625
3321,14684.083984375
3322,10368.5576171875
3323,10122.373046875
3324,7199.46630859375
3325,9396.642578125
3326,11905.7998046875
3327,7753.23974609375
3328,11602.044921875
3329,6261.28076171875
3330,6607.58447265625
3331,6100.10595703125
3332,6956.05126953125
3333,7265.8935546875
3334,8901.1064453125
3335,9715.68359375
3336,5591.341796875
3337,7635.60400390625
3338,10487.3955078125
3339,7934.9814453125
3340,8142.82470703125
3341,9628.7783203125
3342,7333.62744140625
3343,7428.82421875
3344,12491.26953125
3345,10252.55078125
3346,8323.1669921875
3347,5595.2900390625
3348,17742.89453125
3349,8728.8515625
3350,8554.8603515625
3351,13041.15625
3352,10332.173828125
3353,11404.5068359375
3354,7801.96875
3355,8936.2021484375
3356,12762.9580078125
3357,19847.30078125
3358,7593.0087890625
3359,7486.6435546875
3360,6989.73583984375
3361,8548.341796875
3362,9196.6259765625
3363,9116.2626953125
3364,12359.154296875
3365,7113.09228515625
3366,4688.00537109375
3367,8304.349609375
3368,11033.2685546875
3369,7521.556640625
3370,9713.244140625
3371,4864.580078125
3372,10243.15234375
3373,9628.8984375
3374,9740.8408203125
3375,11437.9296875
3376,8922.7734375
3377,6420.00537109375
3378,8378.193359375
3379,10053.5654296875
3380,11012.708984375
3381,9012.361328125
3382,11652.7138671875
3383,8307.919921875
3384,7031.50244140625
3385,12385.2236328125
3386,5070.4755859375
3387,12325.708984375
3388,8196.416015625
3389,6851.31005859375
3390,10086.1611328125
3391,7632.50927734375
3392,10534.5712890625
3393,10350.083984375
3394,5785.58642578125
3395,6709.79248046875
3396,11286.4111328125
3397,13414.5703125
3398,11654.4921875
3399,8025.72119140625
3400,8216.9794921875
3401,10233.84375
3402,8485.8359375
3403,6948.826171875
3404,15226.4638671875
3405,12455.21875
3406,12850.0712890625
3407,7085.82421875
3408,8055.7294921875
3409,0.0
3410,10928.0869140625
3411,7777.29833984375
3412,14434.2001953125
3413,8409.412109375
3414,8348.9833984375
3415,7852.60986328125
3416,9040.8974609375
3417,6164.8486328125
3418,9972.623046875
3419,7356.71923828125
3420,7106.828125
3421,15356.7373046875
3422,7825.91748046875
3423,25993.203125
3424,10511.091796875
3425,0.0
3426,0.0
3427,0.0
3428,0.0
3429,0.0
3430,0.0
3431,0.0
3432,0.0
3433,0.0
3434,0.0
3435,0.0
3436,0.0
3437,0.0
3438,0.0
3439,0.0
3440,0.0
3441,0.0
3442,0.0
3443,0.0
3444,0.0
3445,0.0
3446,0.0
3447,0.0
3448,0.0
3449,0.0
3450,0.0
3451,0.0
3452,0.0
3453,0.0
3454,0.0
3455,0.0
3456,0.0
3457,0.0
3458,0.0
3459,0.0
3460,0.0
3461,0.0
3462,0.0
3463,0.0
3464,0.0
3465,0.0
3466,0.0
3467,0.0
3468,0.0
3469,0.0
3470,0.0
3471,0.0
3472,0.0
3473,0.0
3474,0.0
3475,0.0
3476,0.0
3477,0.0
3478,0.0
3479,0.0
3480,0.0
3481,0.0
3482,0.0
3483,0.0
3484,0.0
3485,0.0
3486,0.0
3487,0.0
3488,0.0
3489,0.0
3490,0.0
3491,0.0
3492,0.0
3493,0.0
3494,0.0
3495,0.0
3496,0.0
3497,0.0
3498,0.0
3499,0.0
3500,0.0
3501,0.0
3502,0.0
3503,0.0
3504,0.0
3505,0.0
3506,0.0
3507,0.0
3508,0.0
3509,0.0
3510,0.0
3511,0.0
3512,0.0
3513,0.0
3514,0.0
3515,0.0
3516,3389.310302734375
3517,0.0
3518,0.0
3519,0.0
3520,0.0
3521,0.0
3522,0.0
3523,0.0
3524,0.0
3525,0.0
3526,0.0
3527,0.0
3528,0.0
3529,0.0
3530,0.0
3531,0.0
3532,0.0
3533,0.0
3534,0.0
3535,0.0
3536,0.0
3537,0.0
3538,0.0
3539,0.0
3540,0.0
3541,0.0
3542,0.0
3543,0.0
3544,0.0
3545,0.0
3546,0.0
3547,0.0
3548,0.0
3549,0.0
3550,0.0
3551,0.0
3552,0.0
3553,0.0
3554,0.0
3555,0.0
3556,0.0
3557,0.0
3558,0.0
3559,0.0
3560,0.0
3561,0.0
3562,0.0
3563,0.0
3564,0.0
3565,0.0
3566,0.0
3567,0.0
3568,0.0
3569,0.0
3570,0.0
3571,0.0
3572,0.0
3573,0.0
3574,0.0
3575,0.0
3576,0.0
3577,0.0
3578,0.0
3579,0.0
3580,0.0
3581,0.0
3582,0.0
3583,0.0
3584,3353.05810546875
3585,0.0
3586,0.0
3587,0.0
3588,0.0
3589,0.0
3590,0.0
3591,0.0
3592,0.0
3593,0.0
3594,0.0
3595,0.0
3596,0.0
3597,0.0
3598,0.0
3599,0.0
3600,0.0
3601,0.0
3602,0.0
3603,0.0
3604,0.0
3605,0.0
3606,0.0
3607,0.0
3608,0.0
3609,0.0
3610,0.0
3611,0.0
3612,0.0
3613,0.0
3614,0.0
3615,0.0
3616,0.0
3617,0.0
3618,0.0
3619,0.0
3620,0.0
3621,0.0
3622,0.0
3623,0.0
3624,0.0
3625,16979.388671875
3626,30781.365234375
3627,0.0
3628,0.0
3629,0.0
3630,0.0
3631,0.0
3632,0.0
3633,0.0
3634,7962.80224609375
3635,0.0
3636,0.0
3637,0.0
3638,0.0
3639,0.0
3640,0.0
3641,0.0
3642,0.0
3643,0.0
3644,0.0
3645,0.0
3646,0.0
3647,0.0
3648,0.0
3649,0.0
3650,0.0
3651,0.0
3652,0.0
3653,4433.8876953125
3654,0.0
3655,0.0
3656,0.0
3657,0.0
3658,0.0
3659,0.0
3660,0.0
3661,0.0
3662,0.0
3663,3139.475830078125
3664,0.0
3665,0.0
3666,0.0
3667,0.0
3668,0.0
3669,0.0
3670,0.0
3671,0.0
3672,0.0
3673,0.0
3674,0.0
3675,0.0
3676,0.0
3677,0.0
3678,0.0
3679,0.0
3680,0.0
3681,9013.7158203125
3682,0.0
3683,0.0
3684,0.0
3685,0.0
3686,0.0
3687,0.0
3688,0.0
3689,0.0
3690,0.0
3691,0.0
3692,0.0
3693,0.0
3694,0.0
3695,0.0
3696,0.0
3697,0.0
3698,9220.5458984375
3699,0.0
3700,0.0
3701,0.0
3702,0.0
3703,0.0
3704,0.0
3705,0.0
3706,0.0
3707,0.0
3708,0.0
3709,0.0
3710,0.0
3711,0.0
3712,0.0
3713,0.0
3714,0.0
3715,0.0
3716,0.0
3717,0.0
3718,0.0
3719,0.0
3720,0.0
3721,0.0
3722,0.0
3723,0.0
3724,0.0
3725,0.0
3726,0.0
3727,0.0
3728,0.0
3729,0.0
3730,0.0
3731,0.0
3732,0.0
3733,0.0
3734,0.0
3735,0.0
3736,0.0
3737,0.0
3738,0.0
3739,0.0
3740,0.0
3741,0.0
3742,0.0
3743,0.0
3744,0.0
3745,0.0
3746,0.0
3747,0.0
3748,0.0
3749,0.0
3750,0.0
3751,0.0
3752,0.0
3753,0.0
3754,0.0
3755,0.0
3756,0.0
3757,0.0
3758,0.0
3759,0.0
3760,1984.232177734375
3761,0.0
3762,0.0
3763,0.0
3764,0.0
3765,0.0
3766,0.0
3767,0.0
3768,0.0
3769,0.0
3770,0.0
3771,0.0
3772,0.0
3773,0.0
3774,4461.1259765625
3775,0.0
3776,0.0
3777,0.0
3778,0.0
3779,0.0
3780,0.0
3781,0.0
3782,0.0
3783,0.0
3784,0.0
3785,0.0
3786,0.0
3787,0.0
3788,0.0
3789,0.0
3790,0.0
3791,0.0
3792,0.0
3793,0.0
3794,0.0
3795,0.0
3796,0.0
3797,0.0
3798,0.0
3799,0.0
3800,0.0
3801,0.0
3802,0.0
3803,0.0
3804,0.0
3805,0.0
3806,0.0
3807,0.0
3808,0.0
3809,0.0
3810,0.0
3811,0.0
3812,0.0
3813,0.0
3814,0.0
3815,0.0
3816,0.0
3817,7924.396484375
3818,0.0
3819,0.0
3820,0.0
3821,0.0
3822,0.0
3823,0.0
3824,0.0
3825,0.0
3826,0.0
3827,2427.24853515625
3828,0.0
3829,0.0
3830,0.0
3831,5199.14306640625
3832,0.0
3833,0.0
3834,0.0
3835,0.0
3836,0.0
3837,0.0
3838,0.0
3839,0.0
3840,0.0
3841,0.0
3842,0.0
3843,0.0
3844,0.0
3845,0.0
3846,0.0
3847,0.0
3848,0.0
3849,0.0
3850,0.0
3851,0.0
3852,0.0
3853,0.0
3854,0.0
3855,0.0
3856,0.0
3857,0.0
3858,21018.908203125
3859,0.0
3860,0.0
3861,0.0
3862,0.0
3863,0.0
3864,0.0
3865,0.0
3866,0.0
3867,0.0
3868,0.0
3869,0.0
3870,0.0
3871,0.0
3872,5838.00634765625
3873,0.0
3874,0.0
3875,0.0
3876,0.0
3877,0.0
3878,0.0
3879,0.0
3880,0.0
3881,0.0
3882,0.0
3883,0.0
3884,0.0
3885,0.0
3886,0.0
3887,0.0
3888,0.0
3889,0.0
3890,0.0
3891,0.0
3892,0.0
3893,0.0
3894,0.0
3895,0.0
3896,0.0
3897,0.0
3898,0.0
3899,0.0
3900,0.0
3901,0.0
3902,0.0
3903,0.0
3904,0.0
3905,0.0
3906,0.0
3907,0.0
3908,0.0
3909,0.0
3910,0.0
3911,0.0
3912,0.0
3913,0.0
3914,0.0
3915,0.0
3916,0.0
3917,0.0
3918,0.0
3919,0.0
3920,0.0
3921,0.0
3922,0.0
3923,0.0
3924,0.0
3925,0.0
3926,0.0
3927,0.0
3928,0.0
3929,0.0
3930,0.0
3931,0.0
3932,0.0
3933,0.0
3934,0.0
3935,0.0
3936,0.0
3937,0.0
3938,0.0
3939,0.0
3940,0.0
3941,0.0
3942,0.0
3943,0.0
3944,0.0
3945,0.0
3946,0.0
3947,14093.8662109375
3948,0.0
3949,0.0
3950,0.0
3951,0.0
3952,0.0
3953,0.0
3954,0.0
3955,0.0
3956,0.0
3957,0.0
3958,0.0
3959,0.0
3960,0.0
3961,0.0
3962,0.0
3963,0.0
3964,0.0
3965,0.0
3966,0.0
3967,0.0
3968,0.0
3969,0.0
3970,0.0
3971,0.0
3972,0.0
3973,0.0
3974,0.0
3975,0.0
3976,0.0
3977,0.0
3978,0.0
3979,0.0
3980,0.0
3981,0.0
3982,0.0
3983,0.0
3984,0.0
3985,0.0
3986,0.0
3987,0.0
3988,0.0
3989,0.0
3990,0.0
3991,3696.601806640625
3992,16662.62109375
3993,0.0
3994,0.0
3995,0.0
3996,0.0
3997,0.0
3998,0.0
3999,0.0
4000,0.0
4001,0.0
4002,0.0
4003,0.0
4004,0.0
4005,0.0
4006,0.0
4007,0.0
4008,0.0
4009,0.0
4010,0.0
4011,0.0
4012,0.0
4013,0.0
4014,0.0
4015,0.0
4016,0.0
4017,0.0
4018,0.0
4019,0.0
4020,12318.4599609375
4021,0.0
4022,0.0
4023,0.0
4024,0.0
4025,0.0
4026,0.0
4027,0.0
4028,0.0
4029,0.0
4030,0.0
4031,0.0
4032,0.0
4033,0.0
4034,0.0
4035,0.0
4036,0.0
4037,0.0
4038,0.0
4039,0.0
4040,0.0
4041,0.0
4042,0.0
4043,0.0
4044,0.0
4045,0.0
4046,0.0
4047,0.0
4048,0.0
4049,0.0
4050,0.0
4051,0.0
4052,0.0
4053,0.0
4054,0.0
4055,0.0
4056,0.0
4057,0.0
4058,0.0
4059,0.0
4060,0.0
4061,0.0
4062,0.0
4063,0.0
4064,0.0
4065,0.0
4066,0.0
4067,0.0
4068,0.0
4069,0.0
4070,0.0
4071,0.0
4072,0.0
4073,0.0
4074,0.0
4075,0.0
4076,0.0
4077,0.0
4078,0.0
4079,0.0
4080,0.0
4081,0.0
4082,0.0
4083,0.0
4084,0.0
4085,0.0
4086,0.0
4087,0.0
4088,0.0
4089,0.0
4090,2910.699462890625
4091,0.0
4092,0.0
4093,0.0
4094,2507.155517578125
4095,0.0
4096,0.0
4097,0.0
4098,0.0
4099,0.0
4100,0.0
4101,0.0
4102,0.0
4103,0.0
4104,0.0
4105,0.0
4106,0.0
4107,0.0
4108,0.0
4109,0.0
4110,0.0
4111,0.0
4112,0.0
4113,0.0
4114,0.0
4115,0.0
4116,0.0
4117,0.0
4118,0.0
4119,0.0
4120,0.0
4121,0.0
4122,0.0
4123,0.0
4124,0.0
4125,0.0
4126,0.0
4127,0.0
4128,0.0
4129,0.0
4130,0.0
4131,0.0
4132,0.0
4133,0.0
4134,0.0
4135,0.0
4136,0.0
4137,0.0
4138,0.0
4139,0.0
4140,0.0
4141,0.0
4142,0.0
4143,0.0
4144,0.0
4145,2191.63720703125
4146,0.0
4147,0.0
4148,0.0
4149,0.0
4150,0.0
4151,0.0
4152,0.0
4153,0.0
4154,0.0
4155,0.0
4156,0.0
4157,0.0
4158,0.0
4159,0.0
4160,11306.96484375
4161,0.0
4162,0.0
4163,0.0
4164,0.0
4165,0.0
4166,0.0
4167,0.0
4168,0.0
4169,0.0
4170,0.0
4171,0.0
4172,0.0
4173,0.0
4174,0.0
4175,0.0
4176,0.0
4177,0.0
4178,0.0
4179,0.0
4180,0.0
4181,0.0
4182,0.0
4183,0.0
4184,0.0
4185,0.0
4186,0.0
4187,0.0
4188,0.0
4189,0.0
4190,0.0
4191,0.0
4192,0.0
4193,0.0
4194,0.0
4195,0.0
4196,0.0
4197,0.0
4198,0.0
4199,0.0
4200,0.0
4201,0.0
4202,0.0
4203,0.0
4204,0.0
4205,0.0
4206,0.0
4207,0.0
4208,0.0
4209,0.0
4210,0.0
4211,0.0
4212,0.0
4213,0.0
4214,0.0
4215,0.0
4216,0.0
4217,0.0
4218,0.0
4219,0.0
4220,0.0
4221,0.0
4222,0.0
4223,0.0
4224,3248.35595703125
4225,0.0
4226,0.0
4227,0.0
4228,0.0
4229,0.0
4230,0.0
4231,0.0
4232,0.0
4233,0.0
4234,0.0
4235,0.0
4236,0.0
4237,0.0
4238,0.0
4239,0.0
4240,0.0
4241,0.0
4242,0.0
4243,0.0
4244,0.0
4245,0.0
4246,0.0
4247,0.0
4248,0.0
4249,0.0
4250,0.0
4251,0.0
4252,0.0
4253,0.0
4254,0.0
4255,0.0
4256,0.0
4257,0.0
4258,0.0
4259,0.0
4260,0.0
4261,0.0
4262,0.0
4263,0.0
4264,0.0
4265,15180.841796875
4266,4859.3349609375
4267,0.0
4268,0.0
4269,0.0
4270,0.0
4271,0.0
4272,0.0
4273,0.0
4274,0.0
4275,0.0
4276,0.0
4277,0.0
4278,0.0
4279,0.0
4280,0.0
4281,4838.87939453125
4282,3376.60400390625
4283,6351.84228515625
4284,3269.708740234375
4285,5722.59423828125
4286,4501.32861328125
4287,5284.66650390625
4288,6385.31005859375
4289,5383.74072265625
4290,3372.0478515625
4291,5352.48681640625
4292,5435.6650390625
4293,4435.4736328125
4294,4801.49853515625
4295,6782.07177734375
4296,3608.493896484375
4297,6514.38525390625
4298,6162.58447265625
4299,7847.0966796875
4300,4357.72705078125
4301,7665.25390625
4302,4305.2353515625
4303,5520.54296875
4304,2873.195556640625
4305,7789.0751953125
4306,6190.69091796875
4307,9262.5400390625
4308,5976.51953125
4309,3469.0478515625
4310,4915.41259765625
4311,6442.9375
4312,6976.3740234375
4313,5053.681640625
4314,5656.345703125
4315,4915.583984375
4316,5877.5927734375
4317,2125.9609375
4318,8280.6328125
4319,5430.689453125
4320,7326.8994140625
4321,6802.7197265625
4322,3685.07470703125
4323,8973.748046875
4324,5937.2119140625
4325,3704.8408203125
4326,3749.827392578125
4327,7688.236328125
4328,9686.66015625
4329,6854.90576171875
4330,5851.3583984375
4331,8435.85546875
4332,8008.25
4333,6393.33740234375
4334,6616.140625
4335,3785.962646484375
4336,2631.602783203125
4337,4312.60791015625
4338,5991.82275390625
4339,8587.93359375
4340,7985.28173828125
4341,4072.047607421875
4342,8593.4375
4343,6153.98779296875
4344,4867.0048828125
4345,2951.5849609375
4346,9619.1279296875
4347,3457.44189453125
4348,4218.4228515625
4349,6566.87109375
4350,4698.53857421875
4351,5919.322265625
4352,3451.69482421875
4353,6153.41748046875
4354,5484.49267578125
4355,6084.0380859375
4356,9165.4130859375
4357,7206.43408203125
4358,5128.62158203125
4359,3346.4052734375
4360,7659.98779296875
4361,12729.7119140625
4362,6176.5419921875
4363,2511.017333984375
4364,7774.87353515625
4365,5967.826171875
4366,7351.8955078125
4367,9180.7099609375
4368,3220.251708984375
4369,8004.98193359375
4370,7409.5341796875
4371,6904.46435546875
4372,6978.0029296875
4373,2447.9912109375
4374,5026.50390625
4375,5276.75634765625
4376,8211.474609375
4377,7252.3876953125
4378,4873.8154296875
4379,5153.19140625
4380,7444.75830078125
4381,7326.45458984375
4382,5237.4765625
4383,5389.4248046875
4384,3892.962158203125
4385,6431.072265625
4386,5314.87939453125
4387,2955.73876953125
4388,5710.3994140625
4389,6202.9560546875
4390,6104.8740234375
4391,6778.22900390625
4392,8329.4873046875
4393,4266.92822265625
4394,8556.1943359375
4395,3109.26318359375
4396,3515.648681640625
4397,8174.6162109375
4398,7060.99267578125
4399,7199.55712890625
4400,10143.884765625
4401,7182.6513671875
4402,5601.6123046875
4403,6715.552734375
4404,7230.53515625
4405,4100.255859375
4406,2296.076171875
4407,5824.39453125
4408,4717.0615234375
4409,5470.275390625
4410,3061.376220703125
4411,5762.99462890625
4412,5635.490234375
4413,5737.3232421875
4414,6487.42578125
4415,2899.072998046875
4416,6028.54248046875
4417,7534.5537109375
4418,4140.08935546875
4419,5938.29248046875
4420,3286.7041015625
4421,5460.8486328125
4422,2232.7294921875
4423,3988.038330078125
4424,5189.9951171875
4425,7764.3662109375
4426,6960.533203125
4427,6712.59375
4428,13288.8994140625
4429,3896.35986328125
4430,5859.142578125
4431,9867.794921875
4432,6064.6748046875
4433,8125.919921875
4434,6221.96435546875
4435,5740.25341796875
4436,7170.8876953125
4437,4212.2353515625
4438,4613.1552734375
4439,7986.12939453125
4440,5284.56787109375
4441,3085.41064453125
4442,3353.751220703125
4443,7255.37255859375
4444,7683.03662109375
4445,6430.8662109375
4446,6209.98779296875
4447,4932.00732421875
4448,2531.1708984375
4449,2459.77978515625
4450,3081.56787109375
4451,5845.9658203125
4452,7568.1201171875
4453,5194.634765625
4454,7533.7919921875
4455,8488.412109375
4456,7324.67041015625
4457,7048.73046875
4458,4940.99169921875
4459,8071.15283203125
4460,9090.7587890625
4461,3749.026611328125
4462,4726.03369140625
4463,5023.7021484375
4464,6423.0244140625
4465,3244.858154296875
4466,4964.6708984375
4467,4538.58447265625
4468,8167.4921875
4469,5981.619140625
4470,7598.99169921875
4471,6748.953125
4472,4839.3671875
4473,7861.7158203125
4474,15611.69140625
4475,8318.3974609375
4476,3923.261474609375
4477,4368.0361328125
4478,6334.67041015625
4479,7104.4580078125
4480,4405.18115234375
4481,9495.142578125
4482,17482.171875
4483,5395.55859375
4484,3963.712158203125
4485,10801.357421875
4486,3674.606689453125
4487,5903.19189453125
4488,3269.85498046875
4489,5971.87890625
4490,0.0
4491,6815.11767578125
4492,6037.318359375
4493,6681.779296875
4494,9976.3701171875
4495,6432.80322265625
4496,6542.7705078125
4497,7494.3427734375
4498,5447.8828125
4499,6307.4228515625
4500,8889.14453125
4501,4660.87646484375
4502,6164.60009765625
4503,3921.81884765625
4504,4005.193115234375
4505,7478.8232421875
4506,4779.5859375
4507,5035.9501953125
4508,8874.9462890625
4509,7946.4755859375
4510,7424.55908203125
4511,4398.06005859375
4512,4830.111328125
4513,4004.249755859375
4514,5526.46484375
4515,6740.62939453125
4516,3072.160888671875
4517,5741.7021484375
4518,5994.97021484375
4519,7318.947265625
4520,5642.587890625
4521,4727.51171875
4522,3077.056396484375
4523,2496.133544921875
4524,8686.37109375
4525,5806.31396484375
4526,5877.39013671875
4527,12053.2763671875
4528,7130.7099609375
4529,4264.50927734375
4530,5735.388671875
4531,2994.748046875
4532,4447.41845703125
4533,3928.56201171875
4534,4911.984375
4535,10374.935546875
4536,5121.751953125
4537,9242.8681640625
4538,9066.9755859375
4539,5987.84765625
4540,5718.52734375
4541,4850.751953125
4542,5051.5126953125
4543,5833.412109375
4544,10164.029296875
4545,5622.26708984375
4546,6994.34326171875
4547,3754.916259765625
4548,5731.29443359375
4549,6161.10400390625
4550,8050.248046875
4551,6685.8095703125
4552,5153.3193359375
4553,7118.88916015625
4554,5543.5224609375
4555,7842.45703125
4556,6454.33740234375
4557,7160.95751953125
4558,8117.662109375
4559,6892.59130859375
4560,8595.54296875
4561,3080.75830078125
4562,6059.00244140625
4563,5854.1640625
4564,9098.7734375
4565,7144.5107421875
4566,7304.2734375
4567,6001.27392578125
4568,6509.1064453125
4569,5545.037109375
4570,6984.17822265625
4571,6321.0185546875
4572,3467.988037109375
4573,7255.26953125
4574,16992.1796875
4575,7264.20751953125
4576,6560.7236328125
4577,7140.40087890625
4578,7963.43994140625
4579,7946.49365234375
4580,3581.189208984375
4581,4415.87109375
4582,6379.66357421875
4583,8646.6318359375
4584,2750.15087890625
4585,4787.6650390625
4586,5685.859375
4587,4724.0595703125
4588,5501.556640625
4589,3632.688232421875
4590,3090.386474609375
4591,7884.02197265625
4592,4392.177734375
4593,5255.96142578125
4594,5961.00830078125
4595,5363.68798828125
4596,9636.6953125
4597,12907.69921875
4598,5426.26513671875
4599,7876.30078125
4600,6642.06787109375
4601,8543.7412109375
4602,4500.650390625
4603,2851.8125
4604,5995.404296875
4605,11344.4326171875
4606,3785.787841796875
4607,6817.65673828125
4608,1970.904541015625
4609,3575.313232421875
4610,5540.9150390625
4611,7495.07421875
4612,4922.34130859375
4613,9822.8916015625
4614,9408.33984375
4615,7567.55419921875
4616,4225.01220703125
4617,9922.7158203125
4618,2098.458984375
4619,3457.745361328125
4620,6771.02099609375
4621,5473.90185546875
4622,10587.1943359375
4623,2914.906982421875
4624,4857.701171875
4625,5547.67578125
4626,8157.578125
4627,10450.9169921875
4628,4736.130859375
4629,3734.998046875
4630,8700.5703125
4631,9540.54296875
4632,3933.491455078125
4633,5770.4599609375
4634,9635.7216796875
4635,6472.5986328125
4636,4448.62109375
4637,3862.51416015625
4638,8286.5048828125
4639,3528.72265625
4640,11303.197265625
4641,7588.03271484375
4642,14855.615234375
4643,7561.65576171875
4644,5281.525390625
4645,2115.724609375
4646,6382.23291015625
4647,6282.5078125
4648,5386.580078125
4649,8904.986328125
4650,5900.13623046875
4651,2723.032470703125
4652,6899.94482421875
4653,3820.35791015625
4654,7482.68017578125
4655,7783.33642578125
4656,6621.3056640625
4657,7862.41943359375
4658,5835.72314453125
4659,7408.2236328125
4660,6481.62890625
4661,6231.23486328125
4662,7280.1669921875
4663,3745.77197265625
4664,8563.7744140625
4665,6444.6318359375
4666,3635.20751953125
4667,4673.04443359375
4668,7074.06005859375
4669,6116.7646484375
4670,3939.892822265625
4671,5331.03564453125
4672,5245.326171875
4673,6103.18896484375
4674,5031.0087890625
4675,9338.513671875
4676,4331.9375
4677,3740.6259765625
4678,6777.17578125
4679,5611.10595703125
4680,3650.927490234375
4681,5235.74560546875
4682,8032.4228515625
4683,7369.19482421875
4684,11219.3251953125
4685,7620.75
4686,7152.845703125
4687,6038.0703125
4688,4534.728515625
4689,9369.8291015625
4690,8235.5205078125
4691,7435.26171875
4692,5227.64404296875
4693,5280.8818359375
4694,4835.26953125
4695,4022.219970703125
4696,8090.744140625
4697,7168.9775390625
4698,5665.09326171875
4699,4646.6005859375
4700,1899.4974365234375
4701,6668.8447265625
4702,6600.51611328125
4703,6125.53173828125
4704,4057.962646484375
4705,5002.88037109375
4706,5411.458984375
4707,4062.28125
4708,10521.83203125
4709,5024.51904296875
4710,4621.60498046875
4711,3689.932373046875
4712,3619.69384765625
4713,4906.93115234375
4714,13395.2734375
4715,3570.35205078125
4716,6129.4638671875
4717,5273.18359375
4718,3569.284423828125
4719,3622.859375
4720,6585.00732421875
4721,2571.420654296875
4722,8662.1328125
4723,5775.0126953125
4724,2481.17919921875
4725,7860.68896484375
4726,2003.96923828125
4727,4345.220703125
4728,9028.1708984375
4729,7405.2265625
4730,8147.6552734375
4731,2822.85693359375
4732,4571.5283203125
4733,5210.85693359375
4734,4901.5859375
4735,15326.76953125
4736,11578.59375
4737,6081.4658203125
4738,3589.054931640625
4739,6052.4130859375
4740,4404.01611328125
4741,3062.348388671875
4742,7779.31298828125
4743,4773.62109375
4744,4855.2734375
4745,6379.9208984375
4746,5221.9453125
4747,4993.30615234375
4748,5893.33984375
4749,6653.81494140625
4750,7150.31982421875
4751,3239.2998046875
4752,4897.34521484375
4753,7545.4384765625
4754,8255.537109375
4755,6139.525390625
4756,7658.63916015625
4757,2227.736572265625
4758,8815.921875
4759,5241.51123046875
4760,2616.61328125
4761,4056.444580078125
4762,4743.84765625
4763,4154.716796875
4764,7927.255859375
4765,3989.251708984375
4766,6848.55810546875
4767,5433.1279296875
4768,7454.6435546875
4769,7779.16552734375
4770,5776.716796875
4771,8567.6552734375
4772,6311.84619140625
4773,2964.405517578125
4774,11249.03515625
4775,3140.587890625
4776,3358.564208984375
4777,6192.43798828125
4778,11312.966796875
4779,10044.4326171875
4780,4352.27294921875
4781,4473.1396484375
4782,5881.74658203125
4783,6748.39501953125
4784,5466.7763671875
4785,5845.10546875
4786,3115.639404296875
4787,3882.84716796875
4788,5119.01513671875
4789,3321.10888671875
4790,3820.427978515625
4791,7668.65869140625
4792,6473.9990234375
4793,5926.38525390625
4794,5438.2314453125
4795,8069.7236328125
4796,7685.525390625
4797,4718.50341796875
4798,5080.9443359375
4799,5123.0830078125
4800,7346.21240234375
4801,5058.24267578125
4802,2289.07666015625
4803,6606.8642578125
4804,7223.93994140625
4805,6356.39599609375
4806,6175.64990234375
4807,3249.988525390625
4808,9515.37109375
4809,3364.42431640625
4810,9223.1884765625
4811,5347.73583984375
4812,4805.98876953125
4813,9287.392578125
4814,4253.6240234375
4815,4458.60791015625
4816,8126.64990234375
4817,2993.132080078125
4818,7464.8779296875
4819,9418.4326171875
4820,7230.24951171875
4821,3007.4697265625
4822,5200.14013671875
4823,3341.260009765625
4824,3128.31787109375
4825,4682.638671875
4826,6114.69921875
4827,4823.1123046875
4828,4610.37939453125
4829,4934.81103515625
4830,4039.439453125
4831,7849.92822265625
4832,6015.193359375
4833,6067.70068359375
4834,4186.36376953125
4835,5668.78173828125
4836,6393.52001953125
4837,6722.6201171875
4838,7786.720703125
4839,7248.55126953125
4840,8737.9169921875
4841,6104.1171875
4842,5229.7958984375
4843,2692.68896484375
4844,5593.32080078125
4845,8909.3671875
4846,6449.67919921875
4847,6720.89892578125
4848,14653.7392578125
4849,3230.688720703125
4850,5044.20166015625
4851,5100.2001953125
4852,8760.2314453125
4853,9464.9033203125
4854,7752.43701171875
4855,7894.296875
4856,7942.0126953125
4857,7055.14404296875
4858,6709.13818359375
4859,5689.515625
4860,3685.781982421875
4861,5517.24560546875
4862,3416.2177734375
4863,3391.364013671875
4864,7028.98095703125
4865,15043.458984375
4866,5689.36279296875
4867,3011.74462890625
4868,5533.75244140625
4869,4962.07373046875
4870,6366.36279296875
4871,3577.181640625
4872,6632.01806640625
4873,7122.83251953125
4874,3454.59326171875
4875,10710.73828125
4876,12298.1455078125
4877,4105.9658203125
4878,4590.1484375
4879,4426.75048828125
4880,4031.214111328125
4881,4484.59228515625
4882,8218.6630859375
4883,3997.656982421875
4884,4830.46142578125
4885,3477.417724609375
4886,5089.8408203125
4887,4454.83154296875
4888,6213.234375
4889,3109.46240234375
4890,8439.93359375
4891,6185.86572265625
4892,4586.60791015625
4893,4133.8037109375
4894,3935.591796875
4895,4953.03955078125
4896,4241.76416015625
4897,9443.076171875
4898,4572.7841796875
4899,3564.247802734375
4900,6738.87744140625
4901,4602.046875
4902,5886.54345703125
4903,5022.689453125
4904,5571.3916015625
4905,10380.453125
4906,6560.7412109375
4907,6264.15576171875
4908,3362.933837890625
4909,4887.13916015625
4910,5938.68017578125
4911,3950.514404296875
4912,4973.3212890625
4913,5663.095703125
4914,10674.9423828125
4915,7459.0458984375
4916,5279.3662109375
4917,5676.294921875
4918,4273.24951171875
4919,6678.13720703125
4920,6120.5673828125
4921,9062.43359375
4922,7357.60205078125
4923,5688.70654296875
4924,3874.767822265625
4925,2698.997314453125
4926,4068.133544921875
4927,18940.564453125
4928,2047.3148193359375
4929,5218.966796875
4930,6676.04541015625
4931,7133.38525390625
4932,6173.6220703125
4933,8655.9013671875
4934,5116.251953125
4935,6888.4521484375
4936,3664.466796875
4937,7917.98291015625
4938,3983.446044921875
4939,6776.55029296875
4940,8455.78125
4941,5096.44287109375
4942,7688.7021484375
4943,7510.76220703125
4944,3977.326171875
4945,8053.7744140625
4946,6835.31884765625
4947,2443.62353515625
4948,8685.0986328125
4949,6875.4755859375
4950,4750.64599609375
4951,9064.4228515625
4952,8581.9033203125
4953,7017.4140625
4954,4375.1298828125
4955,4126.119140625
4956,5333.00830078125
4957,0.0
4958,6581.5576171875
4959,3389.139404296875
4960,5175.47509765625
4961,2842.960205078125
4962,6286.091796875
4963,5280.91650390625
4964,4272.87548828125
4965,6550.88330078125
4966,8804.94921875
4967,5827.5908203125
4968,6954.98583984375
4969,5462.51123046875
4970,5824.0595703125
4971,9239.03125
4972,6503.04248046875
4973,3819.283447265625
4974,5040.80322265625
4975,5243.181640625
4976,4235.24365234375
4977,12832.0126953125
4978,6056.67578125
4979,8191.17724609375
4980,7697.7890625
4981,6789.37841796875
4982,3003.611328125
4983,15561.8994140625
4984,7791.7666015625
4985,6839.7236328125
4986,7324.0546875
4987,6850.6708984375
4988,8356.146484375
4989,5532.453125
4990,3835.164306640625
4991,3037.11181640625
4992,4018.64111328125
4993,7713.46533203125
4994,2755.03173828125
4995,7689.31640625
4996,6755.0966796875
4997,4609.9140625
4998,7314.6376953125
4999,4934.59033203125
5000,7067.49755859375
5001,3778.06787109375
5002,4705.72705078125
5003,5983.47509765625
5004,3986.949951171875
5005,5515.36474609375
5006,6578.2568359375
5007,7850.74365234375
5008,5916.55615234375
5009,4124.6767578125
5010,6157.28564453125
5011,6845.544921875
5012,6576.822265625
5013,3030.064697265625
5014,3555.67041015625
5015,8168.9306640625
5016,6333.01123046875
5017,3884.614990234375
5018,7085.2900390625
5019,7153.3857421875
5020,4601.029296875
5021,4759.77392578125
5022,1875.6593017578125
5023,7658.361328125
5024,5917.2099609375
5025,5359.65869140625
5026,9441.712890625
5027,6810.7158203125
5028,3181.2001953125
5029,5810.0791015625
5030,3640.634521484375
5031,978.8485107421875
5032,5982.693359375
5033,7528.380859375
5034,6791.064453125
5035,4256.79296875
5036,2225.84521484375
5037,4915.44677734375
5038,6161.6484375
5039,6359.30908203125
5040,8589.7216796875
5041,2922.7412109375
5042,4253.42724609375
5043,3665.541259765625
5044,6418.52392578125
5045,3038.503173828125
5046,2776.086669921875
5047,6666.548828125
5048,4315.18701171875
5049,6148.85888671875
5050,5120.49072265625
5051,5593.32861328125
5052,5136.8291015625
5053,7425.00146484375
5054,4912.3251953125
5055,3153.516845703125
5056,10601.5791015625
5057,7450.18359375
5058,6126.3701171875
5059,2521.207275390625
5060,5201.7138671875
5061,6133.16357421875
5062,4340.5380859375
5063,9064.3203125
5064,7645.83251953125
5065,6017.4970703125
5066,6116.3681640625
5067,5612.66943359375
5068,6686.3681640625
5069,10457.0390625
5070,3527.261474609375
5071,4317.6044921875
5072,5433.79931640625
5073,5182.90185546875
5074,6214.59619140625
5075,6833.11767578125
5076,5531.04052734375
5077,4771.93994140625
5078,2350.06640625
5079,6397.361328125
5080,6482.72900390625
5081,3193.150390625
5082,6245.45703125
5083,2961.058349609375
5084,6797.7822265625
5085,5557.6494140625
5086,5027.78759765625
5087,5213.85546875
5088,3744.769287109375
5089,5282.69580078125
5090,7030.97900390625
5091,4834.82421875
5092,7800.38037109375
5093,5183.462890625
5094,9328.9208984375
5095,4450.7958984375
5096,3781.7841796875
5097,8198.4306640625
5098,3094.0087890625
5099,8740.748046875
5100,5781.5673828125
5101,5178.2724609375
5102,7248.228515625
5103,3784.01904296875
5104,4489.08154296875
5105,6042.4423828125
5106,3977.575439453125
5107,4872.3349609375
5108,5999.5625
5109,6498.263671875
5110,10026.0966796875
5111,7085.2919921875
5112,5757.11474609375
5113,4761.48583984375
5114,6518.41943359375
5115,3202.112060546875
5116,9992.419921875
5117,6664.15869140625
5118,12245.185546875
5119,5410.04296875
5120,4812.93603515625
5121,10072.3095703125
5122,7244.73291015625
5123,3062.224365234375
5124,8611.3359375
5125,5373.73291015625
5126,6354.1650390625
5127,6188.8291015625
5128,4597.3330078125
5129,3585.093017578125
5130,5418.33935546875
5131,4189.7783203125
5132,3165.30419921875
5133,7616.73046875
5134,5236.447265625
5135,22836.33203125
5136,7848.1865234375
5137,3986.103271484375
5138,5285.1455078125
5139,8779.2509765625
5140,5123.43212890625
5141,5877.64453125
5142,5065.978515625
5143,6661.92333984375
5144,6284.23974609375
5145,4308.07861328125
5146,4883.9970703125
5147,5733.0234375
5148,7219.9443359375
5149,6103.82421875
5150,6693.2734375
5151,4770.904296875
5152,4401.87646484375
5153,6731.84326171875
5154,7765.51513671875
5155,8991.3984375
5156,6463.42626953125
5157,6772.4111328125
5158,4116.5400390625
5159,5680.474609375
5160,3706.166259765625
5161,6559.58935546875
5162,7218.99853515625
5163,9177.0859375
5164,4478.13427734375
5165,5062.037109375
5166,4022.417236328125
5167,6188.94287109375
5168,8330.310546875
5169,5993.8994140625
5170,4805.15185546875
5171,4548.59423828125
5172,6203.02783203125
5173,3023.647216796875
5174,6797.7177734375
5175,4568.43798828125
5176,6933.99560546875
5177,6476.697265625
5178,5237.6162109375
5179,7348.82568359375
5180,5752.2822265625
5181,4670.201171875
5182,5790.24853515625
5183,6240.09228515625
5184,8711.0380859375
5185,5624.81298828125
5186,6354.9990234375
5187,7460.87158203125
5188,8809.123046875
5189,6110.646484375
5190,8196.0986328125
5191,3955.544677734375
5192,4421.08203125
5193,4584.44482421875
5194,6190.8759765625
5195,8794.5224609375
5196,6882.62841796875
5197,4639.107421875
5198,6850.87353515625
5199,6133.72216796875
5200,7855.0
5201,3298.964111328125
5202,10771.55078125
5203,4221.7236328125
5204,5189.51611328125
5205,8002.05029296875
5206,4095.72509765625
5207,5064.75732421875
5208,5827.16943359375
5209,6722.04345703125
5210,5234.53759765625
5211,4719.283203125
5212,7422.83447265625
5213,6546.28857421875
5214,5074.16259765625
5215,3652.979248046875
5216,6994.4345703125
5217,11257.53125
5218,6293.0517578125
5219,4492.29296875
5220,6694.15380859375
5221,6077.00341796875
5222,6295.11865234375
5223,6580.92919921875
5224,4351.375
5225,6992.73583984375
5226,7782.875
5227,6687.53564453125
5228,6902.41748046875
5229,4547.38037109375
5230,4650.87109375
5231,4079.850341796875
5232,6985.693359375
5233,7826.66162109375
5234,4571.33935546875
5235,4595.4140625
5236,6621.1728515625
5237,5659.337890625
5238,5441.67529296875
5239,6237.80029296875
5240,5251.2646484375
5241,6554.87646484375
5242,5617.90478515625
5243,4223.9677734375
5244,5298.06982421875
5245,7691.81591796875
5246,6198.82666015625
5247,7134.66748046875
5248,7298.94970703125
5249,5175.3447265625
5250,8644.626953125
5251,4531.6025390625
5252,5439.08740234375
5253,7826.466796875
5254,5960.8603515625
5255,8659.888671875
5256,7544.3115234375
5257,6349.22021484375
5258,5530.98828125
5259,7287.6025390625
5260,6383.0830078125
5261,5175.580078125
5262,3153.905029296875
5263,5453.17919921875
5264,6611.86279296875
5265,5015.5869140625
5266,3759.705322265625
5267,6725.68505859375
5268,5411.673828125
5269,5862.45068359375
5270,5204.05322265625
5271,4250.669921875
5272,5692.17431640625
5273,6251.2138671875
5274,5800.5927734375
5275,5314.76904296875
5276,4777.75244140625
5277,5524.8125
5278,3217.318359375
5279,6112.89306640625
5280,4953.2080078125
5281,7547.7841796875
5282,6172.587890625
5283,5756.95166015625
5284,9209.6923828125
5285,3613.1630859375
5286,5183.35400390625
5287,8668.0322265625
5288,6110.53466796875
5289,7498.2607421875
5290,7069.18115234375
5291,5495.8837890625
5292,6267.826171875
5293,4581.2119140625
5294,6751.197265625
5295,8862.720703125
5296,5685.2724609375
5297,3060.204833984375
5298,4581.5029296875
5299,6555.27490234375
5300,7074.34033203125
5301,4911.56982421875
5302,5714.765625
5303,4357.4619140625
5304,4931.0859375
5305,3266.561767578125
5306,4305.26220703125
5307,5921.52783203125
5308,6668.4921875
5309,7051.80810546875
5310,12903.16796875
5311,9001.7119140625
5312,7771.03759765625
5313,6690.89990234375
5314,4852.1474609375
5315,8335.548828125
5316,8636.05078125
5317,4876.37939453125
5318,6184.07275390625
5319,4583.6572265625
5320,6144.14404296875
5321,3677.137451171875
5322,5745.0625
5323,4349.341796875
5324,8349.5341796875
5325,6135.6669921875
5326,7309.99755859375
5327,6863.478515625
5328,5124.2470703125
5329,6986.5927734375
5330,15341.75390625
5331,7934.2529296875
5332,4237.3505859375
5333,3526.576171875
5334,5724.34912109375
5335,6734.76025390625
5336,5477.35888671875
5337,11591.220703125
5338,18266.95703125
5339,4804.951171875
5340,4873.6474609375
5341,8145.97998046875
5342,4632.76123046875
5343,6344.826171875
5344,5255.197265625
5345,6343.333984375
5346,0.0
5347,6579.662109375
5348,5983.3447265625
5349,7960.0888671875
5350,8177.814453125
5351,6688.1015625
5352,5787.20361328125
5353,6289.7119140625
5354,4371.7099609375
5355,4771.06005859375
5356,5931.74169921875
5357,4746.00390625
5358,5151.80029296875
5359,6077.19287109375
5360,5429.765625
5361,6254.50244140625
5362,5900.1953125
5363,5699.76025390625
5364,8006.51611328125
5365,7478.8681640625
5366,7041.65869140625
5367,5231.17333984375
5368,4170.4736328125
5369,5157.70361328125
5370,6151.77978515625
5371,5494.4150390625
5372,4361.13134765625
5373,7008.19140625
5374,5553.85791015625
5375,8124.79736328125
5376,5762.79736328125
5377,5195.82568359375
5378,4230.9169921875
5379,4263.125
5380,8358.333984375
5381,5306.97509765625
5382,7157.15478515625
5383,13067.9638671875
5384,6855.21435546875
5385,5050.9130859375
5386,4956.24951171875
5387,4555.85107421875
5388,6116.466796875
5389,3523.224609375
5390,5314.935546875
5391,10310.05859375
5392,5075.720703125
5393,12372.8701171875
5394,9402.8623046875
5395,5542.21044921875
5396,5900.61328125
5397,5167.5732421875
5398,6146.89404296875
5399,5507.638671875
5400,9099.1416015625
5401,6769.89453125
5402,6898.69580078125
5403,4147.90576171875
5404,7070.25146484375
5405,5390.82958984375
5406,7778.74169921875
5407,5816.17431640625
5408,5556.7744140625
5409,6280.9072265625
5410,7274.7265625
5411,6996.82080078125
5412,8375.552734375
5413,5983.90771484375
5414,8349.5556640625
5415,6217.443359375
5416,7749.69775390625
5417,5182.64501953125
5418,3988.5673828125
5419,5378.94775390625
5420,7979.4208984375
5421,5552.99755859375
5422,6700.50634765625
5423,4952.3115234375
5424,6679.67578125
5425,5277.13134765625
5426,7050.583984375
5427,5964.71044921875
5428,3569.427978515625
5429,7848.59912109375
5430,15269.7578125
5431,5951.22412109375
5432,5866.24267578125
5433,7448.23193359375
5434,8269.943359375
5435,9262.9814453125
5436,5399.0517578125
5437,5843.14208984375
5438,6074.41845703125
5439,7838.35791015625
5440,3729.572509765625
5441,5027.61474609375
5442,4895.43408203125
5443,4719.00390625
5444,7068.70361328125
5445,4775.83056640625
5446,3540.390869140625
5447,7114.9853515625
5448,4231.2294921875
5449,4002.78466796875
5450,5274.77734375
5451,5536.96484375
5452,8357.9755859375
5453,8421.533203125
5454,6640.91357421875
5455,6181.21044921875
5456,6215.78466796875
5457,8948.9189453125
5458,5738.64111328125
5459,5049.36767578125
5460,5646.61767578125
5461,7882.9306640625
5462,4252.798828125
5463,6278.71630859375
5464,3208.912109375
5465,3451.22412109375
5466,5897.66455078125
5467,6145.53076171875
5468,5256.57080078125
5469,8380.4951171875
5470,8516.0341796875
5471,9804.6875
5472,5871.7783203125
5473,8181.21240234375
5474,2968.41650390625
5475,4915.939453125
5476,5795.8681640625
5477,3434.666748046875
5478,7575.05322265625
5479,4380.677734375
5480,4975.4755859375
5481,8287.1103515625
5482,9374.3212890625
5483,7393.8330078125
5484,4838.56494140625
5485,3884.6630859375
5486,9049.9697265625
5487,7758.2314453125
5488,4326.20703125
5489,5384.23876953125
5490,6447.20849609375
5491,7933.3173828125
5492,4254.736328125
5493,4984.90478515625
5494,7634.9072265625
5495,6685.9853515625
5496,10402.7763671875
5497,5091.9775390625
5498,12960.572265625
5499,6426.21142578125
5500,5590.90234375
5501,2751.818115234375
5502,5047.2705078125
5503,5729.4580078125
5504,5051.5966796875
5505,7646.8779296875
5506,4756.51220703125
5507,4110.892578125
5508,6390.73828125
5509,4317.64453125
5510,6313.423828125
5511,6209.40966796875
5512,6704.10888671875
5513,7499.85791015625
5514,5001.9296875
5515,8756.337890625
5516,5751.146484375
5517,5702.28759765625
5518,6318.578125
5519,4964.736328125
5520,8883.603515625
5521,5904.8701171875
5522,4317.39453125
5523,5198.05908203125
5524,7521.0244140625
5525,6325.10302734375
5526,5489.26318359375
5527,7833.2412109375
5528,4963.55224609375
5529,6990.1826171875
5530,5885.81005859375
5531,8426.4921875
5532,4734.8310546875
5533,5432.05322265625
5534,5587.36865234375
5535,4959.62255859375
5536,4105.5849609375
5537,4727.056640625
5538,7915.48291015625
5539,8268.9052734375
5540,10693.1767578125
5541,8887.0869140625
5542,7577.3505859375
5543,5683.16943359375
5544,5086.6259765625
5545,9070.84375
5546,9611.44140625
5547,6498.98681640625
5548,6883.97705078125
5549,6924.9404296875
5550,4983.01171875
5551,5201.1181640625
5552,7013.42529296875
5553,6289.82568359375
5554,5127.14501953125
5555,5592.462890625
5556,1662.5579833984375
5557,7866.42578125
5558,5957.5146484375
5559,6117.64013671875
5560,5908.51123046875
5561,4538.01025390625
5562,6054.63330078125
5563,5738.173828125
5564,6720.83935546875
5565,4995.6357421875
5566,4150.97802734375
5567,3053.98681640625
5568,4426.14892578125
5569,6464.39599609375
5570,16339.173828125
5571,4132.2275390625
5572,5715.8720703125
5573,5335.8720703125
5574,5127.18994140625
5575,4470.2158203125
5576,5351.2197265625
5577,3337.354248046875
5578,6708.69384765625
5579,6488.9111328125
5580,3556.813720703125
5581,7785.24755859375
5582,4294.0185546875
5583,5248.22265625
5584,7694.8369140625
5585,6708.59521484375
5586,8929.849609375
5587,4598.56494140625
5588,5484.3798828125
5589,4436.14697265625
5590,5635.63818359375
5591,12379.9921875
5592,9722.146484375
5593,6822.6923828125
5594,4646.3515625
5595,4883.52783203125
5596,6393.99951171875
5597,4232.96728515625
5598,8316.8525390625
5599,4641.82861328125
5600,4876.3779296875
5601,6858.67578125
5602,4765.27099609375
5603,5577.8662109375
5604,5669.02392578125
5605,6555.1064453125
5606,5891.8056640625
5607,3548.53515625
5608,4604.07470703125
5609,5998.25341796875
5610,7254.3701171875
5611,7713.11669921875
5612,6770.82763671875
5613,3415.979736328125
5614,7661.11083984375
5615,4998.78076171875
5616,5123.68212890625
5617,5911.482421875
5618,6671.9716796875
5619,5356.02001953125
5620,6321.26318359375
5621,6025.1982421875
5622,5653.4853515625
5623,5604.88427734375
5624,6334.09814453125
5625,6658.0703125
5626,4218.95556640625
5627,9275.0703125
5628,5580.15625
5629,4242.04638671875
5630,10306.5478515625
5631,4610.00244140625
5632,2736.041748046875
5633,7039.47900390625
5634,9240.798828125
5635,8497.8642578125
5636,4829.69189453125
5637,5279.98193359375
5638,4977.060546875
5639,5891.85400390625
5640,5630.13671875
5641,5791.330078125
5642,4095.946533203125
5643,4820.87255859375
5644,5698.53173828125
5645,4042.388427734375
5646,6145.36962890625
5647,6454.6787109375
5648,5926.0087890625
5649,5783.2119140625
5650,7503.43701171875
5651,6108.75
5652,7291.81982421875
5653,5423.642578125
5654,5960.86572265625
5655,5985.71240234375
5656,7867.12158203125
5657,7089.880859375
5658,3540.171142578125
5659,8898.03125
5660,6249.111328125
5661,6169.86376953125
5662,5043.91162109375
5663,3724.505859375
5664,7569.3896484375
5665,5112.27587890625
5666,8047.55615234375
5667,6193.251953125
5668,4580.23486328125
5669,7627.8486328125
5670,5059.31982421875
5671,4367.96533203125
5672,6586.81103515625
5673,4663.1572265625
5674,8213.9921875
5675,9255.6953125
5676,6624.99072265625
5677,4420.08837890625
5678,4316.62548828125
5679,4016.552490234375
5680,3369.612548828125
5681,6554.21142578125
5682,5483.5048828125
5683,8209.1533203125
5684,4119.783203125
5685,4932.13671875
5686,5774.77099609375
5687,7664.146484375
5688,5732.6201171875
5689,5139.20654296875
5690,4197.21630859375
5691,6506.1337890625
5692,5197.06494140625
5693,6803.9111328125
5694,7244.18115234375
5695,7373.59033203125
5696,6849.4873046875
5697,6798.6640625
5698,5569.46630859375
5699,4214.0498046875
5700,4747.06787109375
5701,10049.150390625
5702,7828.01611328125
5703,7620.35986328125
5704,15678.3408203125
5705,4677.451171875
5706,4568.63671875
5707,6009.00830078125
5708,8113.3056640625
5709,8326.99609375
5710,6409.3984375
5711,7466.18603515625
5712,7235.857421875
5713,5774.21484375
5714,5922.92529296875
5715,5082.18896484375
5716,4950.82861328125
5717,5200.70947265625
5718,4151.57666015625
5719,4403.71630859375
5720,7030.48681640625
5721,14629.435546875
5722,5962.3994140625
5723,4427.49267578125
5724,6864.16064453125
5725,4069.08154296875
5726,6647.037109375
5727,5255.90185546875
5728,8207.9609375
5729,6141.90771484375
5730,6070.67724609375
5731,10936.330078125
5732,13215.865234375
5733,4566.25146484375
5734,6023.45556640625
5735,3858.9013671875
5736,4777.4189453125
5737,5358.80419921875
5738,7632.0
5739,5935.99951171875
5740,4704.310546875
5741,4572.08544921875
5742,5062.27587890625
5743,5851.4189453125
5744,5692.72998046875
5745,3720.841796875
5746,7080.5458984375
5747,6564.169921875
5748,5865.62353515625
5749,3688.030517578125
5750,3138.62255859375
5751,6769.1962890625
5752,3986.9560546875
5753,8702.869140625
5754,3965.860107421875
5755,4306.08349609375
5756,6203.78857421875
5757,4548.92041015625
5758,4461.73388671875
5759,4558.93115234375
5760,5019.21875
5761,9221.3173828125
5762,8337.4560546875
5763,5481.09814453125
5764,3765.38037109375
5765,5171.3818359375
5766,5553.21337890625
5767,4476.5693359375
5768,4741.71240234375
5769,5521.52587890625
5770,10348.2373046875
5771,6649.458984375
5772,6129.869140625
5773,7066.47119140625
5774,4046.7236328125
5775,9052.8173828125
5776,4765.4833984375
5777,10572.6923828125
5778,5967.40625
5779,5054.06787109375
5780,4414.16064453125
5781,4421.5107421875
5782,5525.02734375
5783,17167.763671875
5784,3344.06884765625
5785,5192.59033203125
5786,9046.59375
5787,5402.15234375
5788,6280.15283203125
5789,8101.64599609375
5790,5258.4658203125
5791,5676.18896484375
5792,4409.31494140625
5793,8470.0380859375
5794,5278.55517578125
5795,6132.7451171875
5796,6497.29638671875
5797,3685.504638671875
5798,6578.458984375
5799,7317.6396484375
5800,3910.976806640625
5801,8926.05859375
5802,9377.986328125
5803,3775.075439453125
5804,7440.91455078125
5805,6230.7138671875
5806,5080.5068359375
5807,8839.125
5808,6650.6728515625
5809,7581.02294921875
5810,4578.263671875
5811,4568.5107421875
5812,6371.2421875
5813,4078.331298828125
5814,7497.91748046875
5815,4201.38671875
5816,5444.9736328125
5817,4815.908203125
5818,5728.73388671875
5819,5290.5322265625
5820,6597.90869140625
5821,6037.45458984375
5822,8398.400390625
5823,5303.533203125
5824,6438.61083984375
5825,5062.4716796875
5826,7283.353515625
5827,8478.8037109375
5828,6430.52001953125
5829,3680.54736328125
5830,4921.7861328125
5831,6707.2841796875
5832,4806.95263671875
5833,11370.595703125
5834,4886.0966796875
5835,8304.9931640625
5836,7972.658203125
5837,6388.25244140625
5838,3785.7275390625
5839,15332.32421875
5840,8899.8828125
5841,5585.67822265625
5842,6369.36865234375
5843,8065.5302734375
5844,6524.57470703125
5845,6506.97607421875
5846,6472.7138671875
5847,4425.34375
5848,6060.09521484375
5849,6898.72607421875
5850,4019.37158203125
5851,6993.26904296875
5852,6212.65869140625
5853,5094.984375
5854,5978.97265625
5855,5785.35009765625
5856,5502.9970703125
5857,4308.41455078125
5858,6422.04443359375
5859,7367.16455078125
5860,6497.5234375
5861,5320.75732421875
5862,5837.52880859375
5863,8545.5693359375
5864,5182.22412109375
5865,4375.16162109375
5866,5290.544921875
5867,6905.37548828125
5868,5405.57470703125
5869,4343.10400390625
5870,4008.560546875
5871,6277.27392578125
5872,7917.44140625
5873,5395.80517578125
5874,6789.15185546875
5875,6528.6826171875
5876,4556.77490234375
5877,4537.72705078125
5878,2823.861572265625
5879,6242.83837890625
5880,6251.7978515625
5881,5676.45556640625
5882,8234.8662109375
5883,6806.001953125
5884,4559.69287109375
5885,6967.87255859375
5886,3869.41943359375
5887,2573.031982421875
5888,6319.67578125
5889,8544.9677734375
5890,7556.56005859375
5891,5891.22900390625
5892,3202.504150390625
5893,5771.68115234375
5894,6891.9296875
5895,4155.0712890625
5896,7150.9404296875
5897,3672.261962890625
5898,4822.3935546875
5899,4758.01025390625
5900,5350.5263671875
5901,4981.4541015625
5902,4021.658203125
5903,5273.69287109375
5904,4071.8310546875
5905,6280.697265625
5906,6177.9296875
5907,4996.978515625
5908,5433.876953125
5909,6662.92138671875
5910,4785.16015625
5911,4571.96435546875
5912,8217.263671875
5913,7361.474609375
5914,6075.32080078125
5915,3247.005615234375
5916,10334.1328125
5917,6412.19970703125
5918,4359.72998046875
5919,7313.1123046875
5920,6204.83740234375
5921,5896.33740234375
5922,5579.1142578125
5923,6569.34130859375
5924,7988.3447265625
5925,10002.029296875
5926,4185.82421875
5927,3963.0615234375
5928,5468.126953125
5929,5228.2314453125
5930,6228.1904296875
5931,6856.37646484375
5932,6923.60791015625
5933,4325.13525390625
5934,3555.318359375
5935,4633.3330078125
5936,7703.16357421875
5937,4135.9208984375
5938,5935.625
5939,3197.7119140625
5940,6542.86474609375
5941,5643.845703125
5942,5814.05078125
5943,6127.89892578125
5944,5196.5703125
5945,4176.87255859375
5946,6020.14208984375
5947,6350.21240234375
5948,6918.7490234375
5949,6316.1669921875
5950,8140.09228515625
5951,4676.78662109375
5952,4607.57861328125
5953,8970.9951171875
5954,4232.21142578125
5955,8842.4130859375
5956,6140.90771484375
5957,4309.9853515625
5958,6327.93701171875
5959,4915.62158203125
5960,7221.9345703125
5961,6927.85302734375
5962,4134.5869140625
5963,5401.13720703125
5964,5569.05517578125
5965,7127.07421875
5966,8311.4169921875
5967,5684.70263671875
5968,4898.525390625
5969,5073.71044921875
5970,6038.9560546875
5971,4216.361328125
5972,9933.689453125
5973,7836.97119140625
5974,10147.1455078125
5975,4267.2978515625
5976,5075.56689453125
5977,11717.5478515625
5978,7933.734375
5979,3638.342529296875
5980,9005.8232421875
5981,5435.23876953125
5982,5028.7841796875
5983,5005.7568359375
5984,4766.98388671875
5985,4873.80517578125
5986,4876.068359375
5987,3961.0068359375
5988,3707.551025390625
5989,7576.826171875
5990,6173.52880859375
5991,20248.11328125
5992,6143.927734375
5993,3811.45556640625
5994,5305.9462890625
5995,9466.4775390625
5996,5323.1767578125
5997,5696.54638671875
5998,5100.30078125
5999,6683.40771484375
6000,6669.71044921875
6001,3227.164794921875
6002,5109.46533203125
6003,5525.873046875
6004,6978.65673828125
6005,6251.01708984375
6006,7802.5771484375
6007,3572.615478515625
6008,3835.017822265625
6009,6426.42626953125
6010,7572.15673828125
6011,8921.337890625
6012,6354.822265625
6013,6201.2138671875
6014,4294.02685546875
6015,4946.44287109375
6016,3368.479736328125
6017,6754.49072265625
6018,7339.55615234375
6019,8144.89013671875
6020,3919.168701171875
6021,5039.78466796875
6022,4351.515625
6023,5719.61669921875
6024,7874.4326171875
6025,5590.46630859375
6026,4007.357177734375
6027,4220.54931640625
6028,6005.0390625
6029,2909.818603515625
6030,6422.8134765625
6031,3938.66357421875
6032,6686.69775390625
6033,6366.9365234375
6034,4933.97216796875
6035,6905.12939453125
6036,5461.86279296875
6037,4424.20703125
6038,5628.1826171875
6039,6444.4765625
6040,8635.8271484375
6041,5191.0947265625
6042,6541.2353515625
6043,7339.775390625
6044,8196.99609375
6045,5680.626953125
6046,7804.73876953125
6047,3492.275390625
6048,4173.12109375
6049,4778.28857421875
6050,5678.12158203125
6051,8323.3359375
6052,6549.1767578125
6053,4269.81298828125
6054,6426.0458984375
6055,5032.939453125
6056,8303.689453125
6057,3473.520751953125
6058,10307.3984375
6059,4122.94873046875
6060,4816.69091796875
6061,8128.10009765625
6062,3981.81201171875
6063,4711.1474609375
6064,5690.37451171875
6065,6717.72216796875
6066,5426.99072265625
6067,4443.146484375
6068,7190.50634765625
6069,6146.24365234375
6070,4715.84228515625
6071,3695.0634765625
6072,6841.67529296875
6073,10844.953125
6074,6045.244140625
6075,5140.83349609375
6076,6222.4052734375
6077,6013.11376953125
6078,6006.4072265625
6079,6028.18115234375
6080,4294.75537109375
6081,7017.7099609375
6082,7653.6005859375
6083,6137.00537109375
6084,7613.2470703125
6085,3686.59521484375
6086,4794.1572265625
6087,3405.54248046875
6088,7206.89404296875
6089,7250.7626953125
6090,4652.67724609375
6091,4536.8330078125
6092,6148.88037109375
6093,5493.248046875
6094,5177.12353515625
6095,5535.279296875
6096,4611.32177734375
6097,6836.5458984375
6098,4787.783203125
6099,4063.695556640625
6100,4768.4267578125
6101,7798.8828125
6102,5810.37255859375
6103,6971.033203125
6104,6605.63232421875
6105,4670.19384765625
6106,8016.8447265625
6107,4402.1669921875
6108,5583.333984375
6109,8156.9111328125
6110,5229.2744140625
6111,8635.0595703125
6112,6876.73876953125
6113,5884.75244140625
6114,5426.0302734375
6115,6725.50390625
6116,6282.74658203125
6117,4594.0517578125
6118,3182.1015625
6119,5748.81787109375
6120,6273.1806640625
6121,4983.14306640625
6122,3659.355224609375
6123,6656.244140625
6124,5121.6025390625
6125,5605.80615234375
6126,5024.58056640625
6127,4395.06005859375
6128,6199.81982421875
6129,6171.54931640625
6130,5681.67724609375
6131,4959.08984375
6132,4491.53759765625
6133,5167.908203125
6134,1976.3626708984375
6135,5449.56005859375
6136,4430.384765625
6137,7279.35205078125
6138,5611.10205078125
6139,4993.28466796875
6140,7850.95751953125
6141,3704.196533203125
6142,4603.65283203125
6143,8618.0126953125
6144,5307.87841796875
6145,7104.27978515625
6146,6899.18359375
6147,5122.77490234375
6148,5959.79248046875
6149,4337.181640625
6150,7565.310546875
6151,9376.3154296875
6152,6329.60400390625
6153,3499.75244140625
6154,4271.68115234375
6155,6575.95068359375
6156,5822.14306640625
6157,4607.2900390625
6158,5295.38525390625
6159,4373.2109375
6160,5290.8935546875
6161,3535.542236328125
6162,4059.76513671875
6163,5595.17431640625
6164,6190.462890625
6165,5319.6962890625
6166,6192.20068359375
6167,7624.4013671875
6168,7664.76220703125
6169,6255.15283203125
6170,4259.70556640625
6171,8538.58203125
6172,7858.7392578125
6173,4642.10693359375
6174,5963.365234375
6175,4293.72314453125
6176,5583.37548828125
6177,3606.21630859375
6178,5517.5986328125
6179,3964.5322265625
6180,8638.7822265625
6181,5899.04541015625
6182,6794.35546875
6183,6672.03857421875
6184,5042.6513671875
6185,6679.29736328125
6186,16315.208984375
6187,8106.42724609375
6188,4248.69580078125
6189,3037.207275390625
6190,5042.6103515625
6191,6844.81396484375
6192,5477.0322265625
6193,11595.162109375
6194,17749.6640625
6195,4125.94677734375
6196,4886.77490234375
6197,9537.08984375
6198,4761.81298828125
6199,6259.55126953125
6200,4963.37939453125
6201,6202.50732421875
6202,4851.79541015625
6203,5795.748046875
6204,5152.41943359375
6205,8187.83935546875
6206,7858.28515625
6207,5799.3486328125
6208,5398.69775390625
6209,6137.4248046875
6210,3561.366943359375
6211,4453.76904296875
6212,5878.14404296875
6213,4026.553466796875
6214,4870.75341796875
6215,5624.02490234375
6216,5666.8359375
6217,7008.52734375
6218,6407.28564453125
6219,5537.40771484375
6220,7811.17919921875
6221,6860.41455078125
6222,6541.146484375
6223,5023.92041015625
6224,3545.564697265625
6225,5162.0419921875
6226,6261.12890625
6227,5105.76611328125
6228,3799.627685546875
6229,7045.99560546875
6230,5743.98974609375
6231,7504.748046875
6232,6051.4951171875
6233,4743.31982421875
6234,4388.798828125
6235,4240.5380859375
6236,7751.0888671875
6237,4499.3701171875
6238,6751.6357421875
6239,14088.396484375
6240,6341.13720703125
6241,6285.2421875
6242,4253.83544921875
6243,4421.125
6244,5296.08837890625
6245,3849.431396484375
6246,5530.68017578125
6247,11007.8134765625
6248,5021.01025390625
6249,12830.646484375
6250,9844.5224609375
6251,4914.96337890625
6252,6141.43505859375
6253,5192.06640625
6254,5713.67919921875
6255,5740.111328125
6256,8506.1923828125
6257,5856.10595703125
6258,7497.14599609375
6259,3962.572265625
6260,6646.875
6261,5255.3642578125
6262,7261.236328125
6263,5374.62744140625
6264,5207.525390625
6265,5983.46533203125
6266,6254.16455078125
6267,6968.224609375
6268,8867.669921875
6269,5600.6591796875
6270,8105.77734375
6271,5838.5810546875
6272,8188.4580078125
6273,4461.58203125
6274,3362.882080078125
6275,5191.07861328125
6276,7613.05615234375
6277,5141.20361328125
6278,6872.650390625
6279,5182.20556640625
6280,6333.87255859375
6281,4661.4208984375
6282,7638.296875
6283,6201.2744140625
6284,3525.608154296875
6285,8286.708984375
6286,15749.9189453125
6287,5332.60791015625
6288,5324.23291015625
6289,7666.7890625
6290,8580.1005859375
6291,9577.8955078125
6292,4911.0771484375
6293,6013.3818359375
6294,5456.6181640625
6295,6874.85986328125
6296,3891.6044921875
6297,5354.71337890625
6298,4516.73876953125
6299,4386.97119140625
6300,7132.025390625
6301,4835.177734375
6302,3494.334716796875
6303,6548.25341796875
6304,3709.623291015625
6305,3171.3466796875
6306,5362.31201171875
6307,5377.11376953125
6308,7696.51708984375
6309,7204.9736328125
6310,6759.19482421875
6311,5963.6552734375
6312,5814.5048828125
6313,8877.8759765625
6314,5997.82080078125
6315,4231.408203125
6316,4855.01806640625
6317,7310.09814453125
6318,4087.5546875
6319,5706.373046875
6320,2790.317138671875
6321,4063.501953125
6322,7103.74267578125
6323,5888.81640625
6324,4781.9873046875
6325,6994.4189453125
6326,8554.75
6327,10345.8310546875
6328,5756.51416015625
6329,7740.224609375
6330,2950.378662109375
6331,4400.83642578125
6332,5382.0625
6333,2688.85498046875
6334,6848.15478515625
6335,4429.3134765625
6336,5218.76171875
6337,7810.62890625
6338,9707.1279296875
6339,8194.0546875
6340,4794.96142578125
6341,4442.39794921875
6342,9111.859375
6343,6740.80126953125
6344,4983.9990234375
6345,4217.00927734375
6346,5887.43359375
6347,7963.6298828125
6348,3512.427001953125
6349,5446.4755859375
6350,6839.31689453125
6351,6370.62060546875
6352,11677.2685546875
6353,4199.25146484375
6354,12369.263671875
6355,5812.86669921875
6356,5291.87548828125
6357,3246.0185546875
6358,4928.30615234375
6359,5496.35205078125
6360,4963.4287109375
6361,6371.4560546875
6362,4366.9833984375
6363,4291.72802734375
6364,6228.27783203125
6365,3747.20751953125
6366,5601.21826171875
6367,5408.90185546875
6368,6581.67333984375
6369,7162.8310546875
6370,4524.640625
6371,7696.13818359375
6372,4759.248046875
6373,5354.93408203125
6374,5320.2275390625
6375,3974.51953125
6376,8673.248046875
6377,6060.79736328125
6378,4420.0
6379,5731.51513671875
6380,7392.99072265625
6381,6264.46923828125
6382,5282.18408203125
6383,7029.2724609375
6384,4886.755859375
6385,5106.37646484375
6386,4995.92578125
6387,7291.421875
6388,5777.85693359375
6389,5324.92138671875
6390,4801.38623046875
6391,4990.298828125
6392,4003.71630859375
6393,4621.3544921875
6394,7243.21875
6395,8284.8359375
6396,9809.7275390625
6397,9089.3037109375
6398,6936.0986328125
6399,6023.55419921875
6400,5134.3701171875
6401,9952.8955078125
6402,9035.3203125
6403,6816.796875
6404,7082.79248046875
6405,6814.32861328125
6406,5035.99609375
6407,5397.86865234375
6408,6015.548828125
6409,6721.4306640625
6410,5626.56591796875
6411,5331.75244140625
6412,2232.985595703125
6413,8444.2041015625
6414,6687.53271484375
6415,5728.958984375
6416,4137.111328125
6417,4162.32763671875
6418,5869.98828125
6419,5996.1220703125
6420,5661.525390625
6421,5320.29833984375
6422,3949.77197265625
6423,3301.483642578125
6424,4418.68408203125
6425,6079.69287109375
6426,16202.779296875
6427,3535.443603515625
6428,5410.90380859375
6429,5454.078125
6430,4876.74072265625
6431,5828.0517578125
6432,4952.10107421875
6433,3376.572998046875
6434,6631.6015625
6435,6578.51416015625
6436,2744.76416015625
6437,7033.77392578125
6438,3587.519287109375
6439,5101.89990234375
6440,6900.203125
6441,6687.38330078125
6442,8542.955078125
6443,4666.2783203125
6444,5637.43212890625
6445,4031.068603515625
6446,5092.640625
6447,11937.6923828125
6448,9173.8369140625
6449,6626.37255859375
6450,4906.88330078125
6451,4465.56494140625
6452,5753.7451171875
6453,4825.4482421875
6454,10075.8251953125
6455,4747.37451171875
6456,4316.6943359375
6457,6670.37939453125
6458,4367.07666015625
6459,5815.64306640625
6460,5717.9306640625
6461,6120.09130859375
6462,5456.38671875
6463,3585.30712890625
6464,4375.201171875
6465,5624.0283203125
6466,7193.60986328125
6467,7097.29248046875
6468,6054.90234375
6469,2878.9814453125
6470,6899.06201171875
6471,5090.26953125
6472,4407.41455078125
6473,5817.94482421875
6474,6455.17822265625
6475,5203.5185546875
6476,6039.5615234375
6477,5716.7861328125
6478,5890.31884765625
6479,5570.24169921875
6480,6159.43359375
6481,6095.39990234375
6482,3847.80224609375
6483,8805.0224609375
6484,4838.72705078125
6485,3879.419921875
6486,9479.10546875
6487,5035.13134765625
6488,3191.573974609375
6489,6651.45556640625
6490,9687.2470703125
6491,8454.93359375
6492,4647.27392578125
6493,4944.99072265625
6494,4658.08837890625
6495,5845.12109375
6496,5396.01806640625
6497,5539.5888671875
6498,2673.63232421875
6499,5097.2177734375
6500,5899.47998046875
6501,4373.6162109375
6502,5110.6181640625
6503,6186.19580078125
6504,5959.64306640625
6505,5038.046875
6506,7565.3037109375
6507,5365.228515625
6508,7097.7861328125
6509,4526.95556640625
6510,5118.69384765625
6511,5478.90234375
6512,7459.951171875
6513,7297.63671875
6514,5294.970703125
6515,8633.953125
6516,5881.40625
6517,6477.869140625
6518,4888.61767578125
6519,3656.2421875
6520,6724.99658203125
6521,5236.109375
6522,7523.537109375
6523,5514.9853515625
6524,5153.8759765625
6525,7336.25341796875
6526,5562.20751953125
6527,4260.21337890625
6528,5664.69677734375
6529,4712.07861328125
6530,8255.2783203125
6531,8638.966796875
6532,6649.2841796875
6533,4480.3984375
6534,4055.47900390625
6535,3378.59423828125
6536,3256.78955078125
6537,6394.38037109375
6538,4624.96142578125
6539,7518.38232421875
6540,3461.746337890625
6541,4675.5234375
6542,4629.67724609375
6543,7750.81103515625
6544,4611.0830078125
6545,4593.5546875
6546,3978.14306640625
6547,6360.24853515625
6548,4346.8232421875
6549,6300.15869140625
6550,7109.330078125
6551,7458.62060546875
6552,6512.80322265625
6553,6449.8740234375
6554,5748.64111328125
6555,3880.844482421875
6556,4402.609375
6557,8566.0517578125
6558,7649.439453125
6559,7418.8017578125
6560,14004.8701171875
6561,4536.99365234375
6562,4615.5048828125
6563,6128.01806640625
6564,7405.57861328125
6565,8267.7392578125
6566,6111.40625
6567,7118.2099609375
6568,6807.556640625
6569,5475.5888671875
6570,5768.3544921875
6571,4442.8037109375
6572,4845.14111328125
6573,4496.85693359375
6574,4256.69970703125
6575,4113.69921875
6576,6767.60009765625
6577,14598.2392578125
6578,5597.4833984375
6579,4734.3125
6580,6406.60888671875
6581,3964.909423828125
6582,5874.54345703125
6583,4733.13134765625
6584,8989.7998046875
6585,5755.27734375
6586,5493.98486328125
6587,10860.2294921875
6588,11017.8603515625
6589,4751.69482421875
6590,6479.0380859375
6591,3180.135498046875
6592,4596.1474609375
6593,5439.8798828125
6594,7438.64404296875
6595,4436.91259765625
6596,3862.1123046875
6597,4169.3720703125
6598,4944.7353515625
6599,5233.30859375
6600,5149.48828125
6601,3577.397705078125
6602,5840.20556640625
6603,6223.5419921875
6604,5934.1328125
6605,3385.811279296875
6606,3095.595703125
6607,6533.09716796875
6608,3730.943359375
6609,7789.06005859375
6610,3681.338623046875
6611,3779.23486328125
6612,5748.8603515625
6613,4382.6044921875
6614,4127.39453125
6615,4807.875
6616,4994.341796875
6617,8537.4853515625
6618,7844.69140625
6619,4969.9248046875
6620,3798.300048828125
6621,4996.82861328125
6622,4693.08544921875
6623,4416.7685546875
6624,5041.03271484375
6625,5267.2470703125
6626,10131.5078125
6627,6565.71923828125
6628,6328.685546875
6629,7109.244140625
6630,3232.587890625
6631,8376.8818359375
6632,4948.2626953125
6633,11260.5244140625
6634,5403.93017578125
6635,5231.75634765625
6636,3483.9794921875
6637,4125.6396484375
6638,5790.19384765625
6639,16573.64453125
6640,3437.93701171875
6641,4330.2724609375
6642,8656.6474609375
6643,5465.5927734375
6644,6135.20849609375
6645,7148.21044921875
6646,5058.36669921875
6647,5787.9990234375
6648,4734.537109375
6649,8398.5478515625
6650,4974.0380859375
6651,6083.2802734375
6652,5828.2021484375
6653,3194.615234375
6654,6990.8916015625
6655,6563.33056640625
6656,3965.07275390625
6657,9002.103515625
6658,7930.9345703125
6659,3269.506103515625
6660,6734.16357421875
6661,5701.89892578125
6662,4731.3896484375
6663,7920.080078125
6664,6237.5390625
6665,7390.51220703125
6666,4350.5029296875
6667,4000.79345703125
6668,6105.2314453125
6669,3926.718505859375
6670,6916.15625
6671,4269.1455078125
6672,5078.50390625
6673,4197.0224609375
6674,5136.0263671875
6675,5424.7578125
6676,5942.87744140625
6677,5913.921875
6678,7161.689453125
6679,4782.67529296875
6680,6784.17578125
6681,5460.1298828125
6682,6316.83837890625
6683,7866.64208984375
6684,6667.2880859375
6685,2666.6669921875
6686,5138.228515625
6687,6799.53515625
6688,4251.22265625
6689,10235.3564453125
6690,4847.1083984375
6691,8797.8974609375
6692,8294.521484375
6693,6351.48486328125
6694,4172.3896484375
6695,15006.7685546875
6696,8566.3876953125
6697,4860.02685546875
6698,6318.3359375
6699,7867.775390625
6700,4692.18212890625
6701,6239.724609375
6702,5658.0732421875
6703,4293.54638671875
6704,5369.95947265625
6705,5889.83203125
6706,3982.557373046875
6707,5633.94189453125
6708,5714.2939453125
6709,4980.9384765625
6710,6007.828125
6711,5708.046875
6712,5566.26953125
6713,4722.1201171875
6714,5921.8974609375
6715,6707.72021484375
6716,6424.09228515625
6717,5080.61962890625
6718,5247.13720703125
6719,8212.53125
6720,4249.20703125
6721,4061.941162109375
6722,5180.552734375
6723,6606.20068359375
6724,5361.63330078125
6725,4206.33447265625
6726,3843.623779296875
6727,5316.58447265625
6728,6858.85693359375
6729,4616.31689453125
6730,6615.06640625
6731,5587.05126953125
6732,4600.62353515625
6733,4231.7783203125
6734,2939.849853515625
6735,6117.1064453125
6736,5412.5869140625
6737,5178.26611328125
6738,8315.669921875
6739,6858.97802734375
6740,4237.44140625
6741,7970.33642578125
6742,3828.730224609375
6743,3008.43017578125
6744,5860.8203125
6745,8390.384765625
6746,8102.2587890625
6747,5565.40478515625
6748,3144.195068359375
6749,5174.02978515625
6750,6647.8642578125
6751,4532.89404296875
6752,6421.931640625
6753,3703.212890625
6754,4752.74072265625
6755,3705.308349609375
6756,4633.3896484375
6757,4481.31689453125
6758,3781.07421875
6759,5708.283203125
6760,3560.06689453125
6761,5719.5810546875
6762,5841.19677734375
6763,4313.72900390625
6764,5246.2548828125
6765,5733.7275390625
6766,4561.96044921875
6767,4961.7236328125
6768,8062.970703125
6769,7117.60595703125
6770,5796.4775390625
6771,3502.109619140625
6772,9701.7314453125
6773,6182.38134765625
6774,4285.78466796875
6775,6851.90576171875
6776,6039.14990234375
6777,6080.38330078125
6778,4810.208984375
6779,6137.435546875
6780,6984.763671875
6781,11693.60546875
6782,4246.79052734375
6783,3730.42822265625
6784,5092.86328125
6785,5602.72802734375
6786,5672.03955078125
6787,7232.33837890625
6788,6840.529296875
6789,4145.3779296875
6790,3659.39208984375
6791,4616.18701171875
6792,8295.666015625
6793,3907.501953125
6794,5941.169921875
6795,3099.586669921875
6796,6196.24072265625
6797,5777.6044921875
6798,5821.4365234375
6799,6227.0244140625
6800,5137.11962890625
6801,3699.88134765625
6802,5640.560546875
6803,5619.349609375
6804,6591.60400390625
6805,6427.10498046875
6806,7145.3427734375
6807,4603.1962890625
6808,4134.37353515625
6809,8361.2705078125
6810,3744.210693359375
6811,8715.8603515625
6812,5414.6064453125
6813,3903.064453125
6814,6072.20263671875
6815,5226.25732421875
6816,8034.1474609375
6817,6910.60205078125
6818,3785.251708984375
6819,5514.3603515625
6820,5847.955078125
6821,7068.87451171875
6822,7554.57421875
6823,4944.11767578125
6824,5540.1904296875
6825,4987.4169921875
6826,5404.0166015625
6827,4069.135498046875
6828,8827.5478515625
6829,6992.10595703125
6830,9242.5576171875
6831,3698.0966796875
6832,5094.3603515625
6833,10683.0068359375
6834,7383.41455078125
6835,3628.373046875
6836,8312.94140625
6837,4949.32861328125
6838,4745.587890625
6839,4478.90869140625
6840,4082.830078125
6841,4687.08984375
6842,4041.5166015625
6843,3337.52001953125
6844,3843.26025390625
6845,7470.87646484375
6846,6217.302734375
6847,20421.6015625
6848,6034.21533203125
6849,3883.8046875
6850,5499.8505859375
6851,9259.642578125
6852,4999.283203125
6853,6044.61279296875
6854,5322.884765625
6855,7189.04248046875
6856,6385.796875
6857,3494.971435546875
6858,4539.8251953125
6859,5360.138671875
6860,6890.25927734375
6861,5727.9736328125
6862,7041.84326171875
6863,3620.166748046875
6864,3872.76953125
6865,6272.12841796875
6866,7729.34521484375
6867,9529.982421875
6868,6638.9775390625
6869,6394.71728515625
6870,4388.78955078125
6871,4873.07568359375
6872,3375.548583984375
6873,7000.69775390625
6874,7076.19189453125
6875,8990.458984375
6876,4447.61083984375
6877,4799.7236328125
6878,3842.702880859375
6879,5373.18798828125
6880,8611.240234375
6881,5320.2109375
6882,3903.421875
6883,3810.092041015625
6884,6231.15966796875
6885,3017.557861328125
6886,6430.16015625
6887,4315.06005859375
6888,5985.25341796875
6889,5468.33447265625
6890,4743.80810546875
6891,6744.435546875
6892,5169.626953125
6893,4723.31640625
6894,5550.41064453125
6895,5762.1123046875
6896,8439.318359375
6897,4328.2138671875
6898,6581.64404296875
6899,7801.0751953125
6900,8146.34619140625
6901,5609.7294921875
6902,7738.1416015625
6903,3500.1953125
6904,4262.591796875
6905,4817.06494140625
6906,5417.146484375
6907,7270.75927734375
6908,6501.33056640625
6909,3969.144775390625
6910,5868.93212890625
6911,5461.6611328125
6912,7578.85400390625
6913,3495.982177734375
6914,10668.35546875
6915,4068.7041015625
6916,5037.92333984375
6917,7699.724609375
6918,4357.22119140625
6919,5094.48974609375
6920,5569.658203125
6921,6530.70458984375
6922,4861.87646484375
6923,4720.583984375
6924,7236.396484375
6925,6224.57666015625
6926,5469.966796875
6927,3936.24072265625
6928,6686.0556640625
6929,10601.24609375
6930,5912.43310546875
6931,5414.16259765625
6932,5941.12890625
6933,6065.2041015625
6934,5282.5
6935,5775.6806640625
6936,4312.86572265625
6937,6716.740234375
6938,7856.21826171875
6939,6395.974609375
6940,9438.794921875
6941,3913.3037109375
6942,4568.4365234375
6943,4066.367919921875
6944,6853.8056640625
6945,6696.8564453125
6946,5086.65771484375
6947,4587.34765625
6948,6512.736328125
6949,5377.408203125
6950,5087.29736328125
6951,5728.62548828125
6952,5048.1650390625
6953,6875.10791015625
6954,5005.1162109375
6955,4428.8828125
6956,5089.359375
6957,7255.70361328125
6958,6130.595703125
6959,6667.8955078125
6960,6833.5078125
6961,4813.44873046875
6962,7750.94677734375
6963,4863.14599609375
6964,5180.14208984375
6965,7882.62255859375
6966,5106.1962890625
6967,8486.259765625
6968,7356.33984375
6969,5810.91162109375
6970,4802.056640625
6971,6645.36376953125
6972,5757.30029296875
6973,5211.1630859375
6974,3336.196533203125
6975,5457.7958984375
6976,6459.81689453125
6977,4684.14501953125
6978,3523.249755859375
6979,6657.208984375
6980,5130.51708984375
6981,5713.19970703125
6982,5215.75634765625
6983,4309.94873046875
6984,6042.17822265625
6985,6389.3896484375
6986,5562.30810546875
6987,4649.130859375
6988,4560.98291015625
6989,5308.42626953125
6990,1729.4453125
6991,4866.193359375
6992,3826.828857421875
6993,7237.4384765625
6994,6208.1474609375
6995,4947.78564453125
6996,7694.05908203125
6997,4268.81201171875
6998,4970.86767578125
6999,8806.2783203125
7000,5738.19873046875
7001,6712.64599609375
7002,6673.69677734375
7003,4527.90380859375
7004,6029.05810546875
7005,4201.7333984375
7006,6919.62060546875
7007,9483.4921875
7008,5375.01953125
7009,2850.14599609375
7010,4526.57763671875
7011,6538.759765625
7012,5938.0673828125
7013,4506.9892578125
7014,5415.52490234375
7015,4277.62158203125
7016,4882.853515625
7017,3566.17578125
7018,4075.839111328125
7019,5411.87158203125
7020,6354.21923828125
7021,6118.28369140625
7022,8278.943359375
7023,7458.66845703125
7024,7395.44970703125
7025,6336.92626953125
7026,4171.25537109375
7027,8403.501953125
7028,8024.87451171875
7029,4550.658203125
7030,6160.14453125
7031,4134.5810546875
7032,5684.11474609375
7033,2835.344970703125
7034,5464.81689453125
7035,3771.670166015625
7036,8873.8427734375
7037,5915.2861328125
7038,6459.3896484375
7039,6627.33837890625
7040,4579.9873046875
7041,6533.51123046875
7042,16201.3388671875
7043,7687.7294921875
7044,3984.343505859375
7045,2999.7998046875
7046,5016.68115234375
7047,6937.57177734375
7048,4650.37890625
7049,11428.830078125
7050,17470.697265625
7051,3651.253662109375
7052,4959.73681640625
7053,7373.45361328125
7054,4794.3935546875
7055,6672.953125
7056,4520.42529296875
7057,6205.37939453125
7058,0.0
7059,5577.37548828125
7060,5084.853515625
7061,7938.4345703125
7062,7335.70849609375
7063,5695.15576171875
7064,5154.3984375
7065,5896.55517578125
7066,3593.745849609375
7067,4729.7373046875
7068,5746.31298828125
7069,3938.598876953125
7070,4963.8662109375
7071,5710.9814453125
7072,5433.615234375
7073,6230.18310546875
7074,5921.46044921875
7075,5863.6162109375
7076,7483.05908203125
7077,6444.95947265625
7078,6573.318359375
7079,4993.35107421875
7080,3044.845458984375
7081,5564.4755859375
7082,6307.25634765625
7083,5542.6865234375
7084,3812.769775390625
7085,6974.4482421875
7086,5446.3505859375
7087,7574.18994140625
7088,6074.0078125
7089,4722.56982421875
7090,4148.61474609375
7091,4080.054931640625
7092,7386.982421875
7093,4262.9931640625
7094,6598.66015625
7095,13361.166015625
7096,6149.06884765625
7097,5113.21826171875
7098,3907.044189453125
7099,4249.07958984375
7100,5418.17431640625
7101,4302.54736328125
7102,5411.337890625
7103,10382.517578125
7104,4710.8701171875
7105,12501.546875
7106,9518.5830078125
7107,4433.53662109375
7108,6025.77392578125
7109,5056.07373046875
7110,5647.60302734375
7111,5584.59423828125
7112,8231.1826171875
7113,5206.826171875
7114,6938.3115234375
7115,4096.1552734375
7116,6719.8466796875
7117,4831.08349609375
7118,7376.33984375
7119,5274.69189453125
7120,5116.37353515625
7121,5717.88427734375
7122,5733.66552734375
7123,6708.31396484375
7124,8100.78564453125
7125,5664.96728515625
7126,8428.671875
7127,5746.2626953125
7128,8240.44140625
7129,4590.90625
7130,4277.55810546875
7131,4977.8291015625
7132,8116.95458984375
7133,5067.8701171875
7134,6031.40673828125
7135,4681.5205078125
7136,6290.8798828125
7137,4867.9873046875
7138,6007.56591796875
7139,5997.97119140625
7140,3606.44140625
7141,8631.9189453125
7142,14880.2109375
7143,5454.95849609375
7144,5253.69189453125
7145,6967.63037109375
7146,8664.5205078125
7147,9480.8828125
7148,5151.61328125
7149,5977.48046875
7150,5852.89306640625
7151,6743.35693359375
7152,3715.9638671875
7153,5394.06005859375
7154,4701.1953125
7155,4481.0126953125
7156,7111.73486328125
7157,5005.3515625
7158,3651.0986328125
7159,6304.25146484375
7160,3467.02197265625
7161,4180.60595703125
7162,5030.46875
7163,5722.93115234375
7164,7523.13427734375
7165,7374.4453125
7166,6362.638671875
7167,5685.7314453125
7168,5704.30029296875
7169,8380.90625
7170,6193.50439453125
7171,4392.5517578125
7172,4980.31298828125
7173,6949.86474609375
7174,4078.33251953125
7175,5835.66064453125
7176,2895.125244140625
7177,4241.4140625
7178,5362.16796875
7179,5784.3681640625
7180,3947.582275390625
7181,7363.630859375
7182,7990.57568359375
7183,10494.083984375
7184,5267.515625
7185,6741.322265625
7186,3018.8037109375
7187,4536.0146484375
7188,5622.56103515625
7189,3181.3359375
7190,6929.4677734375
7191,3576.884521484375
7192,5362.09521484375
7193,7758.296875
7194,9702.6748046875
7195,6764.21826171875
7196,4522.310546875
7197,3740.08837890625
7198,10525.2314453125
7199,7117.84375
7200,4974.1796875
7201,4296.2685546875
7202,6231.97119140625
7203,7802.57470703125
7204,3711.572265625
7205,5630.33349609375
7206,6884.2236328125
7207,6515.87548828125
7208,10963.8779296875
7209,4479.35986328125
7210,12881.7060546875
7211,5451.14013671875
7212,5196.3779296875
7213,3040.77685546875
7214,5180.42431640625
7215,4952.3466796875
7216,4682.4345703125
7217,5991.18017578125
7218,4258.2578125
7219,3885.040283203125
7220,5909.3759765625
7221,4047.58203125
7222,5654.951171875
7223,5587.01220703125
7224,6681.0126953125
7225,7095.8642578125
7226,4360.90625
7227,7749.23583984375
7228,5113.6904296875
7229,5098.3271484375
7230,5056.30419921875
7231,4688.2578125
7232,9045.6015625
7233,5994.61181640625
7234,4224.98681640625
7235,5872.47509765625
7236,7123.51171875
7237,6006.56884765625
7238,5310.55419921875
7239,7284.5322265625
7240,5035.515625
7241,5834.0498046875
7242,5362.7451171875
7243,7242.92822265625
7244,4897.5576171875
7245,5268.0693359375
7246,4527.26123046875
7247,4577.50390625
7248,3898.672119140625
7249,3760.211181640625
7250,6358.94482421875
7251,7619.5322265625
7252,9848.5908203125
7253,8413.3056640625
7254,6584.75048828125
7255,5801.7158203125
7256,4953.72802734375
7257,9744.7841796875
7258,8806.48828125
7259,4785.26904296875
7260,7026.8662109375
7261,6284.4375
7262,5064.16259765625
7263,5344.90087890625
7264,5953.3408203125
7265,6367.7041015625
7266,5994.263671875
7267,4930.4111328125
7268,1913.7337646484375
7269,8622.41015625
7270,5494.9150390625
7271,5692.8017578125
7272,4573.34716796875
7273,3971.8720703125
7274,5691.3330078125
7275,6031.9033203125
7276,5993.03466796875
7277,5211.82275390625
7278,3694.2001953125
7279,3614.99609375
7280,4417.95556640625
7281,6257.951171875
7282,16221.0869140625
7283,3811.624267578125
7284,5167.314453125
7285,5757.48876953125
7286,4552.6611328125
7287,5946.787109375
7288,4641.98681640625
7289,3297.18408203125
7290,5681.9287109375
7291,5957.29296875
7292,2773.706787109375
7293,7109.97607421875
7294,3705.64794921875
7295,4876.833984375
7296,7069.14697265625
7297,6621.03564453125
7298,9040.05078125
7299,4310.236328125
7300,5358.3115234375
7301,3854.1328125
7302,5079.7978515625
7303,12623.5634765625
7304,8419.9462890625
7305,6474.396484375
7306,4826.36767578125
7307,4108.052734375
7308,5528.484375
7309,3975.120849609375
7310,8363.986328125
7311,5291.095703125
7312,3784.09619140625
7313,6155.6953125
7314,3978.88525390625
7315,5728.40625
7316,5641.36181640625
7317,5654.30029296875
7318,5646.56787109375
7319,3551.2900390625
7320,4440.521484375
7321,4718.82861328125
7322,7283.79150390625
7323,6579.09814453125
7324,6121.78857421875
7325,3234.364990234375
7326,6801.9677734375
7327,5051.68896484375
7328,4093.135498046875
7329,5296.40673828125
7330,6167.5791015625
7331,4928.767578125
7332,6167.7216796875
7333,5512.93115234375
7334,5468.69091796875
7335,5184.439453125
7336,6240.54296875
7337,5642.158203125
7338,4683.62841796875
7339,8873.5078125
7340,4635.6005859375
7341,4087.29736328125
7342,9701.861328125
7343,5114.95947265625
7344,3274.092529296875
7345,6037.4384765625
7346,9621.7861328125
7347,8304.0556640625
7348,4357.5693359375
7349,4546.76953125
7350,4410.13037109375
7351,5898.8515625
7352,4562.13037109375
7353,5452.9404296875
7354,2289.956787109375
7355,5394.8720703125
7356,5382.42236328125
7357,4301.86572265625
7358,5176.341796875
7359,6161.9130859375
7360,6068.5849609375
7361,4830.05615234375
7362,7161.45361328125
7363,5549.49853515625
7364,7017.5771484375
7365,4378.12841796875
7366,5452.154296875
7367,5416.1669921875
7368,7000.62646484375
7369,6504.025390625
7370,3155.642333984375
7371,8888.470703125
7372,5673.94091796875
7373,5993.0634765625
7374,5306.966796875
7375,3919.27783203125
7376,7134.5341796875
7377,5168.89892578125
7378,7746.2177734375
7379,5156.07275390625
7380,4977.75439453125
7381,6384.9296875
7382,5553.3369140625
7383,4289.52392578125
7384,5555.939453125
7385,4712.091796875
7386,8188.439453125
7387,8377.265625
7388,6618.88720703125
7389,4341.8095703125
7390,3776.03759765625
7391,3254.216552734375
7392,3356.955078125
7393,5930.2646484375
7394,3845.573974609375
7395,7321.26513671875
7396,3295.439208984375
7397,4447.47998046875
7398,4641.6787109375
7399,8535.302734375
7400,4364.6328125
7401,4405.13427734375
7402,4009.900390625
7403,6353.85009765625
7404,4523.25830078125
7405,6606.41259765625
7406,6614.68603515625
7407,7493.88916015625
7408,6059.7802734375
7409,6515.20166015625
7410,4768.5
7411,3864.455810546875
7412,4211.02587890625
7413,8807.3818359375
7414,8096.28955078125
7415,7315.259765625
7416,13410.7763671875
7417,4146.8779296875
7418,4329.84423828125
7419,5819.91015625
7420,7405.80859375
7421,7883.35595703125
7422,5832.6015625
7423,6831.6494140625
7424,6742.115234375
7425,5395.30517578125
7426,5455.853515625
7427,4520.45166015625
7428,4482.47802734375
7429,4633.9541015625
7430,3457.79833984375
7431,4134.89892578125
7432,6350.7275390625
7433,14354.8603515625
7434,5519.1396484375
7435,4058.54931640625
7436,6421.8583984375
7437,3738.8642578125
7438,6022.38720703125
7439,4470.5791015625
7440,8376.4345703125
7441,5868.61669921875
7442,5389.95068359375
7443,10915.9892578125
7444,12200.791015625
7445,4892.64990234375
7446,6215.6513671875
7447,3175.136962890625
7448,4532.9267578125
7449,5348.1630859375
7450,5704.58203125
7451,4208.30810546875
7452,3791.44921875
7453,3889.801025390625
7454,4438.1181640625
7455,5647.7158203125
7456,4948.9619140625
7457,3675.1396484375
7458,6020.63818359375
7459,6320.02587890625
7460,5727.1416015625
7461,3367.389892578125
7462,3135.854248046875
7463,6489.25732421875
7464,3413.403564453125
7465,8162.01611328125
7466,3584.52734375
7467,3962.265869140625
7468,5578.908203125
7469,4132.4267578125
7470,3909.6044921875
7471,5209.58447265625
7472,4892.95458984375
7473,8959.1318359375
7474,7980.3486328125
7475,4909.1435546875
7476,3803.56494140625
7477,4974.30517578125
7478,4300.2099609375
7479,4272.08447265625
7480,4759.21728515625
7481,4932.94140625
7482,9890.7275390625
7483,5737.52197265625
7484,5304.7314453125
7485,7142.3134765625
7486,2972.429443359375
7487,8079.78955078125
7488,4411.3857421875
7489,11248.5888671875
7490,5033.62890625
7491,4346.0556640625
7492,3815.817626953125
7493,3978.767333984375
7494,5462.40576171875
7495,16273.4404296875
7496,3380.63134765625
7497,4323.73486328125
7498,7888.60107421875
7499,5460.052734375
7500,6313.93310546875
7501,7227.88037109375
7502,5208.7607421875
7503,5178.017578125
7504,4292.72412109375
7505,8428.380859375
7506,4862.78857421875
7507,6227.09521484375
7508,6554.93115234375
7509,3120.36474609375
7510,6678.94677734375
7511,6282.244140625
7512,4011.199951171875
7513,8895.8740234375
7514,7470.5166015625
7515,3823.455078125
7516,6725.38232421875
7517,5257.15966796875
7518,4346.90185546875
7519,7410.53564453125
7520,6189.53857421875
7521,6789.087890625
7522,4168.4638671875
7523,4247.57177734375
7524,6760.45263671875
7525,3685.82958984375
7526,6883.03515625
7527,4323.70556640625
7528,5241.59521484375
7529,4388.56201171875
7530,5110.978515625
7531,5659.04833984375
7532,6068.02685546875
7533,5644.92529296875
7534,6686.2470703125
7535,4790.73046875
7536,6930.83447265625
7537,5674.9072265625
7538,6577.98388671875
7539,7821.46142578125
7540,6119.77978515625
7541,2722.736572265625
7542,4444.68115234375
7543,6338.29443359375
7544,4449.64892578125
7545,9751.60546875
7546,4502.654296875
7547,7433.87939453125
7548,8069.16015625
7549,5870.4912109375
7550,3587.53271484375
7551,14517.521484375
7552,8616.826171875
7553,5353.123046875
7554,6008.1357421875
7555,7493.54833984375
7556,4611.552734375
7557,5436.64404296875
7558,5772.982421875
7559,4336.326171875
7560,4883.37451171875
7561,5978.46923828125
7562,3706.09619140625
7563,6380.3681640625
7564,5451.82275390625
7565,4998.3251953125
7566,6161.88623046875
7567,5569.85986328125
7568,5218.31396484375
7569,3680.944091796875
7570,5938.9140625
7571,6792.74462890625
7572,6165.033203125
7573,5224.1376953125
7574,5121.0849609375
7575,8032.3076171875
7576,4468.63134765625
7577,3969.2265625
7578,4628.205078125
7579,6469.09375
7580,5368.51318359375
7581,4162.33447265625
7582,3702.01513671875
7583,6296.912109375
7584,6869.89306640625
7585,4666.56591796875
7586,6576.3779296875
7587,5486.884765625
7588,5468.5478515625
7589,4229.09521484375
7590,2984.73095703125
7591,5929.6376953125
7592,5594.47705078125
7593,4708.908203125
7594,8330.6533203125
7595,7314.60693359375
7596,4385.10009765625
7597,6761.17626953125
7598,3825.3076171875
7599,2753.423583984375
7600,6185.62939453125
7601,8920.2109375
7602,7403.728515625
7603,5528.64599609375
7604,2687.932373046875
7605,5313.73046875
7606,6771.7890625
7607,4863.5126953125
7608,6109.8427734375
7609,3800.04345703125
7610,4703.59326171875
7611,3816.988525390625
7612,4529.0888671875
7613,4930.52197265625
7614,3757.932861328125
7615,4316.3369140625
7616,3516.355224609375
7617,5775.9921875
7618,6231.3037109375
7619,4462.822265625
7620,4969.86669921875
7621,5676.662109375
7622,4853.37890625
7623,4105.63134765625
7624,7408.8662109375
7625,7144.9033203125
7626,4978.04638671875
7627,3294.561279296875
7628,9482.6533203125
7629,5821.24609375
7630,4157.78466796875
7631,6519.00244140625
7632,5977.81005859375
7633,6209.2060546875
7634,4615.47509765625
7635,6268.8916015625
7636,6784.80712890625
7637,10817.3330078125
7638,3888.27490234375
7639,3965.80078125
7640,4600.2060546875
7641,5033.68408203125
7642,5296.55224609375
7643,8134.87255859375
7644,6422.7177734375
7645,4084.7392578125
7646,3278.077392578125
7647,4643.51220703125
7648,7198.0517578125
7649,3526.288330078125
7650,5235.60986328125
7651,3430.19970703125
7652,6282.9140625
7653,5835.28125
7654,5841.083984375
7655,6557.87939453125
7656,5234.00244140625
7657,3793.5224609375
7658,5198.1455078125
7659,5422.75927734375
7660,6404.41748046875
7661,6241.951171875
7662,6942.73828125
7663,4016.958984375
7664,4078.193359375
7665,8545.373046875
7666,3913.0166015625
7667,8274.1015625
7668,5068.08447265625
7669,3928.4912109375
7670,6242.92578125
7671,4899.0029296875
7672,7501.64599609375
7673,6906.08447265625
7674,3478.9951171875
7675,5066.6669921875
7676,5891.43115234375
7677,7009.44775390625
7678,7614.49951171875
7679,5221.28466796875
7680,5264.01318359375
7681,4513.26806640625
7682,5307.05126953125
7683,3598.98291015625
7684,8763.7802734375
7685,6995.18505859375
7686,9543.4208984375
7687,3899.468017578125
7688,5023.91357421875
7689,10830.689453125
7690,6608.03466796875
7691,3566.199951171875
7692,8258.5361328125
7693,4836.326171875
7694,4490.3193359375
7695,3828.24609375
7696,4293.62890625
7697,4358.37646484375
7698,4371.00146484375
7699,3837.392822265625
7700,3493.606201171875
7701,7262.51513671875
7702,6008.9482421875
7703,20505.634765625
7704,5601.19384765625
7705,4057.1513671875
7706,5984.84375
7707,10050.0068359375
7708,5126.89453125
7709,6163.04296875
7710,5490.56005859375
7711,6747.513671875
7712,6376.63232421875
7713,2861.990234375
7714,4877.94140625
7715,5563.00927734375
7716,6841.08837890625
7717,5997.54052734375
7718,6100.5595703125
7719,4104.7705078125
7720,3780.961181640625
7721,6360.44775390625
7722,7503.95556640625
7723,9343.8427734375
7724,7655.84130859375
7725,6838.677734375
7726,4196.111328125
7727,5072.6962890625
7728,3395.667724609375
7729,7205.8056640625
7730,7210.99267578125
7731,8048.60400390625
7732,4619.8447265625
7733,4971.8134765625
7734,4452.30126953125
7735,5043.12548828125
7736,7786.03515625
7737,6000.3662109375
7738,3996.192626953125
7739,4044.6650390625
7740,5734.7431640625
7741,2882.251953125
7742,6249.67724609375
7743,4213.626953125
7744,5660.046875
7745,5058.85595703125
7746,5049.81640625
7747,6792.71728515625
7748,5399.05615234375
7749,4499.75732421875
7750,6185.03076171875
7751,5578.27001953125
7752,7837.888671875
7753,5103.01123046875
7754,6046.9228515625
7755,7374.716796875
7756,8341.78125
7757,5659.9521484375
7758,7722.3671875
7759,3618.0244140625
7760,4616.3515625
7761,5059.3984375
7762,5738.99365234375
7763,7779.85009765625
7764,6509.0224609375
7765,4190.71923828125
7766,6114.11572265625
7767,5304.74365234375
7768,7009.49169921875
7769,3656.355224609375
7770,10500.7861328125
7771,3924.928466796875
7772,5026.11376953125
7773,7864.748046875
7774,4098.58154296875
7775,4917.6240234375
7776,4985.83447265625
7777,6636.263671875
7778,4715.58154296875
7779,4268.45556640625
7780,6649.81103515625
7781,6275.87255859375
7782,5073.2158203125
7783,4173.91064453125
7784,7207.3291015625
7785,10327.720703125
7786,6061.68505859375
7787,5303.4912109375
7788,5786.91357421875
7789,6092.5400390625
7790,5447.61279296875
7791,5635.5712890625
7792,4178.9599609375
7793,6869.50830078125
7794,7974.98876953125
7795,6048.34912109375
7796,8035.6142578125
7797,4354.45458984375
7798,4732.30078125
7799,3657.8798828125
7800,7153.2548828125
7801,7433.77978515625
7802,4773.50341796875
7803,4715.47998046875
7804,6150.859375
7805,5478.7998046875
7806,4934.4326171875
7807,5608.54443359375
7808,5042.130859375
7809,6986.37646484375
7810,4930.16943359375
7811,4128.83349609375
7812,5063.787109375
7813,7020.7548828125
7814,5753.8349609375
7815,6104.68017578125
7816,6540.00732421875
7817,4940.10888671875
7818,7805.62548828125
7819,4561.74755859375
7820,5047.294921875
7821,7745.015625
7822,5013.1484375
7823,8692.27734375
7824,6978.58740234375
7825,5671.01220703125
7826,4943.380859375
7827,6949.5966796875
7828,5975.88525390625
7829,5129.0166015625
7830,3335.090087890625
7831,5630.126953125
7832,6096.80322265625
7833,4649.79541015625
7834,3655.90234375
7835,6825.44384765625
7836,5021.17138671875
7837,5392.462890625
7838,5178.5341796875
7839,4323.1943359375
7840,6382.7705078125
7841,6239.3544921875
7842,5202.5107421875
7843,4664.90576171875
7844,4555.32080078125
7845,5332.1494140625
7846,1655.8853759765625
7847,6086.14990234375
7848,4292.60009765625
7849,7170.37109375
7850,5989.37109375
7851,4828.6806640625
7852,7504.0654296875
7853,3589.61669921875
7854,3818.53271484375
7855,8849.6064453125
7856,5435.94091796875
7857,6648.14501953125
7858,6706.513671875
7859,4358.27294921875
7860,6098.3515625
7861,4345.40869140625
7862,7240.60546875
7863,9278.0068359375
7864,5748.5224609375
7865,3268.662841796875
7866,4214.40478515625
7867,6500.81298828125
7868,5755.896484375
7869,4253.6396484375
7870,5756.26611328125
7871,4517.4912109375
7872,4487.345703125
7873,3592.288818359375
7874,4208.63818359375
7875,5724.0810546875
7876,5899.53076171875
7877,6167.6318359375
7878,8090.26318359375
7879,7469.828125
7880,7952.2099609375
7881,6359.06396484375
7882,3984.529541015625
7883,8550.822265625
7884,8172.0341796875
7885,4112.38671875
7886,6428.5771484375
7887,4102.955078125
7888,5745.88134765625
7889,2881.18994140625
7890,5395.19580078125
7891,3926.321533203125
7892,8815.51171875
7893,5877.802734375
7894,6668.11083984375
7895,6592.4638671875
7896,4706.1650390625
7897,6610.24560546875
7898,15935.72265625
7899,7594.662109375
7900,4400.1533203125
7901,3296.13232421875
7902,4934.650390625
7903,6913.34765625
7904,4256.15478515625
7905,11910.0283203125
7906,18340.3046875
7907,3515.623779296875
7908,5022.56298828125
7909,7372.86865234375
7910,4482.36865234375
7911,6198.3359375
7912,5152.4111328125
7913,6425.44775390625
7914,0.0
7915,5566.39111328125
7916,5058.12109375
7917,8059.7216796875
7918,7212.31005859375
7919,5519.064453125
7920,5170.359375
7921,6151.568359375
7922,3512.567626953125
7923,4604.82861328125
7924,6209.95751953125
7925,3498.58984375
7926,5107.76611328125
7927,6336.0419921875
7928,6020.0732421875
7929,5364.26220703125
7930,6121.40869140625
7931,5671.18408203125
7932,7052.251953125
7933,7871.6318359375
7934,6542.56689453125
7935,4916.98046875
7936,3418.4169921875
7937,5218.7734375
7938,6517.77099609375
7939,5377.79443359375
7940,3518.04833984375
7941,7751.97119140625
7942,5467.53173828125
7943,7424.76123046875
7944,6268.19287109375
7945,5013.29833984375
7946,4201.853515625
7947,4111.93603515625
7948,7752.69677734375
7949,4269.66455078125
7950,6840.01025390625
7951,13688.650390625
7952,6120.251953125
7953,5710.251953125
7954,3990.056396484375
7955,4225.4931640625
7956,5518.4189453125
7957,3391.887939453125
7958,5513.06005859375
7959,10422.869140625
7960,4795.85302734375
7961,13040.564453125
7962,9860.919921875
7963,4829.048828125
7964,6401.75146484375
7965,5168.41845703125
7966,5766.412109375
7967,5618.275390625
7968,8241.7275390625
7969,5505.81494140625
7970,7153.84716796875
7971,4184.22314453125
7972,6666.98876953125
7973,4935.0380859375
7974,7422.185546875
7975,5375.63720703125
7976,5016.75830078125
7977,5803.37451171875
7978,5909.10205078125
7979,6876.8486328125
7980,8152.21630859375
7981,5991.27880859375
7982,7899.9453125
7983,5466.1005859375
7984,7815.197265625
7985,4490.826171875
7986,3969.710693359375
7987,5254.15625
7988,7875.47607421875
7989,5138.17822265625
7990,6202.2568359375
7991,4844.86474609375
7992,6512.02197265625
7993,4537.72314453125
7994,7166.52197265625
7995,6312.62109375
7996,3534.182861328125
7997,8594.6923828125
7998,15191.20703125
7999,5184.53564453125
8000,5254.8447265625
8001,7375.0458984375
8002,8661.216796875
8003,8990.7197265625
8004,4966.20751953125
8005,5976.0166015625
8006,6031.4375
8007,6836.6650390625
8008,3855.002685546875
8009,5591.18798828125
8010,4655.560546875
8011,4444.232421875
8012,6834.48681640625
8013,4592.65771484375
8014,3532.034423828125
8015,6093.4404296875
8016,3282.89697265625
8017,3480.755859375
8018,5354.615234375
8019,5430.65576171875
8020,7458.576171875
8021,7423.73681640625
8022,6333.18994140625
8023,5636.47412109375
8024,5720.505859375
8025,8404.0791015625
8026,5896.064453125
8027,4299.29736328125
8028,4644.13134765625
8029,7243.3837890625
8030,4036.42041015625
8031,5691.5693359375
8032,3145.721923828125
8033,4008.67919921875
8034,6387.56884765625
8035,5359.25537109375
8036,3642.312744140625
8037,6687.0859375
8038,8113.2646484375
8039,9886.3193359375
8040,5619.51025390625
8041,7149.0166015625
8042,3101.681884765625
8043,4582.7763671875
8044,5431.41943359375
8045,2884.970703125
8046,6853.99365234375
8047,4060.247314453125
8048,5392.82421875
8049,7472.63232421875
8050,9461.044921875
8051,6842.1220703125
8052,4769.0986328125
8053,3774.186279296875
8054,9891.33984375
8055,6641.31689453125
8056,5044.44189453125
8057,4216.12060546875
8058,6357.1943359375
8059,7872.58251953125
8060,3293.790283203125
8061,5600.00390625
8062,6825.263671875
8063,5981.9091796875
8064,11547.7744140625
8065,4597.20361328125
8066,12327.0302734375
8067,5234.60498046875
8068,5127.9482421875
8069,3036.310302734375
8070,5160.32373046875
8071,4620.29833984375
8072,4673.482421875
8073,5586.52294921875
8074,4135.66162109375
8075,3976.81298828125
8076,5750.75244140625
8077,4064.778076171875
8078,5716.44873046875
8079,5517.90185546875
8080,6910.57373046875
8081,7314.2001953125
8082,4349.1416015625
8083,8071.18310546875
8084,5139.73828125
8085,5012.62548828125
8086,5319.9130859375
8087,4127.24658203125
8088,9178.775390625
8089,6285.6435546875
8090,3596.6494140625
8091,5504.33642578125
8092,6911.7880859375
8093,5875.31787109375
8094,4975.5244140625
8095,7216.94091796875
8096,5112.10498046875
8097,5574.935546875
8098,5440.33447265625
8099,6905.17919921875
8100,4258.03857421875
8101,5357.24853515625
8102,4379.07568359375
8103,4450.798828125
8104,4018.0107421875
8105,4066.343994140625
8106,6484.41845703125
8107,7971.630859375
8108,10000.5576171875
8109,8109.3466796875
8110,6661.451171875
8111,5734.56103515625
8112,5004.181640625
8113,9638.822265625
8114,8882.9013671875
8115,4790.02734375
8116,7358.05908203125
8117,7161.43115234375
8118,5134.3759765625
8119,5328.19921875
8120,5925.44140625
8121,6224.40283203125
8122,5861.14306640625
8123,5244.8857421875
8124,2178.184814453125
8125,8292.0693359375
8126,5854.36572265625
8127,6049.537109375
8128,4625.0634765625
8129,4147.3759765625
8130,6111.6142578125
8131,5644.68603515625
8132,5768.001953125
8133,5660.85400390625
8134,3795.138916015625
8135,3279.44140625
8136,4305.26025390625
8137,6374.76953125
8138,17335.04296875
8139,3726.052490234375
8140,5231.81689453125
8141,5509.5625
8142,4612.4130859375
8143,5745.048828125
8144,4688.3173828125
8145,3369.854736328125
8146,5767.23046875
8147,6287.16357421875
8148,2833.497802734375
8149,6915.70166015625
8150,3378.534423828125
8151,4837.380859375
8152,7499.98876953125
8153,6791.40380859375
8154,8753.20703125
8155,4714.6611328125
8156,5971.42919921875
8157,4098.29443359375
8158,5322.50537109375
8159,12100.845703125
8160,8201.021484375
8161,6365.63134765625
8162,4607.052734375
8163,4116.78466796875
8164,5057.93359375
8165,4226.71484375
8166,8670.83984375
8167,4488.3974609375
8168,4134.0361328125
8169,6444.90673828125
8170,4274.01025390625
8171,5540.6279296875
8172,5464.2158203125
8173,5516.66943359375
8174,5311.87548828125
8175,3671.883544921875
8176,4584.576171875
8177,4893.4501953125
8178,7394.3251953125
8179,6810.14794921875
8180,6269.8427734375
8181,3123.943359375
8182,6974.09423828125
8183,5157.78466796875
8184,3895.8115234375
8185,5664.9794921875
8186,6089.66796875
8187,5259.03173828125
8188,6174.306640625
8189,5752.427734375
8190,4994.97314453125
8191,5441.7001953125
8192,6147.5751953125
8193,5571.13720703125
8194,4160.640625
8195,8747.27734375
8196,4706.97265625
8197,4074.5927734375
8198,9626.2939453125
8199,4637.1572265625
8200,2996.538818359375
8201,6478.98828125
8202,8928.724609375
8203,8474.0771484375
8204,4140.21728515625
8205,4647.00927734375
8206,4508.7041015625
8207,5728.6533203125
8208,5220.61865234375
8209,5429.2451171875
8210,2268.846435546875
8211,4590.3271484375
8212,5433.2255859375
8213,4570.6953125
8214,5032.17822265625
8215,6564.2216796875
8216,6162.06103515625
8217,5195.9111328125
8218,7113.0205078125
8219,5208.396484375
8220,7182.443359375
8221,3998.944580078125
8222,5346.33154296875
8223,5176.568359375
8224,6795.7705078125
8225,6610.54541015625
8226,3358.42041015625
8227,9093.48046875
8228,5257.87255859375
8229,5975.236328125
8230,4706.46533203125
8231,3583.147705078125
8232,6814.7509765625
8233,4896.73291015625
8234,7674.8662109375
8235,5377.05908203125
8236,5058.4423828125
8237,6850.40771484375
8238,5938.0048828125
8239,4480.658203125
8240,5513.10302734375
8241,4331.99169921875
8242,7753.3076171875
8243,8527.736328125
8244,6901.095703125
8245,4790.09814453125
8246,3842.708251953125
8247,3463.019775390625
8248,3224.012939453125
8249,6523.2412109375
8250,4321.0380859375
8251,8119.59423828125
8252,3255.7880859375
8253,4491.11474609375
8254,5004.138671875
8255,7226.513671875
8256,4285.00537109375
8257,4632.71484375
8258,3710.69580078125
8259,6466.4404296875
8260,4476.75341796875
8261,5802.31884765625
8262,7236.53125
8263,7382.3779296875
8264,6651.09033203125
8265,6640.93994140625
8266,5166.80078125
8267,4243.11376953125
8268,4159.85546875
8269,8976.6611328125
8270,7716.44482421875
8271,7764.15185546875
8272,14837.009765625
8273,4609.83447265625
8274,4254.8681640625
8275,5831.35302734375
8276,7470.45947265625
8277,7492.79736328125
8278,6070.69580078125
8279,7320.03076171875
8280,6730.578125
8281,5302.56884765625
8282,5550.927734375
8283,4761.509765625
8284,4561.2451171875
8285,4392.17236328125
8286,4235.0400390625
8287,4052.997802734375
8288,6405.35546875
8289,13787.4580078125
8290,5173.07275390625
8291,3979.509033203125
8292,6294.5390625
8293,3480.614501953125
8294,5976.91162109375
8295,4479.46044921875
8296,8613.71484375
8297,5533.0302734375
8298,5470.28125
8299,11039.306640625
8300,12279.3681640625
8301,4577.80712890625
8302,5864.24169921875
8303,3342.7734375
8304,4440.48095703125
8305,5517.34521484375
8306,6969.31787109375
8307,4042.24609375
8308,3484.3408203125
8309,3895.1357421875
8310,4894.78857421875
8311,5887.0390625
8312,5104.57373046875
8313,3191.302978515625
8314,6433.61865234375
8315,6678.82177734375
8316,5478.06591796875
8317,3738.802490234375
8318,2999.950927734375
8319,6718.67919921875
8320,3276.588623046875
8321,8070.533203125
8322,3555.5859375
8323,4243.3291015625
8324,5444.689453125
8325,4213.08837890625
8326,3841.890869140625
8327,4009.1826171875
8328,4644.724609375
8329,9053.2373046875
8330,7878.18798828125
8331,5155.42919921875
8332,3831.705810546875
8333,5090.72607421875
8334,4537.3935546875
8335,4722.20263671875
8336,4863.6357421875
8337,5525.42431640625
8338,9522.4833984375
8339,5883.52099609375
8340,5958.0322265625
8341,7045.50830078125
8342,2928.48046875
8343,8608.3681640625
8344,4966.056640625
8345,11331.8916015625
8346,5154.802734375
8347,4838.462890625
8348,3753.353271484375
8349,4012.15087890625
8350,5967.89892578125
8351,16017.6435546875
8352,3326.644775390625
8353,4487.71826171875
8354,8320.0732421875
8355,5740.77197265625
8356,5686.45703125
8357,7237.59228515625
8358,5281.7431640625
8359,4616.6171875
8360,4844.4921875
8361,8261.9189453125
8362,4916.83203125
8363,6170.79541015625
8364,6235.56298828125
8365,3304.78564453125
8366,6883.439453125
8367,6749.4716796875
8368,3925.733154296875
8369,9430.2646484375
8370,8254.0498046875
8371,3478.13720703125
8372,6594.88623046875
8373,5152.3955078125
8374,4687.99951171875
8375,7595.40966796875
8376,6123.23876953125
8377,6751.15380859375
8378,4113.91845703125
8379,4168.982421875
8380,6458.8955078125
8381,3808.68359375
8382,6643.212890625
8383,4141.69580078125
8384,5091.1904296875
8385,4936.076171875
8386,4936.09912109375
8387,5893.48828125
8388,6451.41064453125
8389,5372.3662109375
8390,6992.97021484375
8391,4717.31787109375
8392,6383.72119140625
8393,5325.52880859375
8394,6087.84619140625
8395,7502.67236328125
8396,6168.9033203125
8397,2506.184326171875
8398,4740.9521484375
8399,6772.36572265625
8400,3956.868896484375
8401,9903.833984375
8402,4726.728515625
8403,8226.287109375
8404,7701.58740234375
8405,6375.5498046875
8406,3484.978759765625
8407,15350.2529296875
8408,8613.0908203125
8409,5299.83544921875
8410,6442.189453125
8411,8521.30859375
8412,4634.70458984375
8413,6230.23388671875
8414,5446.7958984375
8415,4215.9169921875
8416,4712.67626953125
8417,5870.8701171875
8418,3757.908935546875
8419,6478.37841796875
8420,5336.447265625
8421,5318.69189453125
8422,6291.90625
8423,5645.0400390625
8424,5332.494140625
8425,4156.82666015625
8426,5627.26611328125
8427,6808.923828125
8428,6050.7919921875
8429,5352.4296875
8430,5510.39208984375
8431,8477.4638671875
8432,4355.36083984375
8433,4069.63134765625
8434,5229.94970703125
8435,6268.97705078125
8436,5709.52783203125
8437,4107.498046875
8438,3815.65185546875
8439,4843.302734375
8440,7234.77294921875
8441,4899.51953125
8442,6565.7353515625
8443,5245.6201171875
8444,4573.74658203125
8445,4236.47705078125
8446,3015.8984375
8447,5910.2021484375
8448,5895.59716796875
8449,5471.1328125
8450,7884.3857421875
8451,6818.7607421875
8452,4425.8115234375
8453,7159.7666015625
8454,3575.031982421875
8455,3108.408203125
8456,6535.3310546875
8457,8764.828125
8458,7371.20751953125
8459,5685.78759765625
8460,3145.179931640625
8461,5715.08984375
8462,6124.71142578125
8463,4668.8994140625
8464,6472.822265625
8465,3700.29052734375
8466,4695.60107421875
8467,3945.873291015625
8468,4439.22314453125
8469,4602.720703125
8470,3824.910400390625
8471,4731.01611328125
8472,3402.608642578125
8473,5183.64013671875
8474,6697.03173828125
8475,4283.05029296875
8476,5331.03369140625
8477,5847.2666015625
8478,4259.5771484375
8479,4126.13720703125
8480,6353.453125
8481,6762.5498046875
8482,3861.229736328125
8483,3327.326171875
8484,9521.9794921875
8485,5555.72021484375
8486,4359.89794921875
8487,5855.18408203125
8488,6325.08935546875
8489,6033.13916015625
8490,4751.35400390625
8491,6311.001953125
8492,7225.7880859375
8493,9708.2607421875
8494,4446.83251953125
8495,4024.193359375
8496,4668.22412109375
8497,5063.83984375
8498,5028.330078125
8499,6672.521484375
8500,6489.11279296875
8501,4123.046875
8502,3186.374755859375
8503,4511.4794921875
8504,7378.70703125
8505,3831.431884765625
8506,5588.587890625
8507,2753.30615234375
8508,6267.39599609375
8509,5881.0380859375
8510,5738.15625
8511,6563.59814453125
8512,5003.2998046875
8513,3678.903564453125
8514,5269.6787109375
8515,5600.99365234375
8516,6834.9267578125
8517,6225.1552734375
8518,6639.3798828125
8519,4055.933349609375
8520,3959.03125
8521,8560.0888671875
8522,3716.748046875
8523,8764.02734375
8524,5083.23974609375
8525,3692.822265625
8526,6100.060546875
8527,5067.4150390625
8528,7205.94091796875
8529,6960.93310546875
8530,3526.468505859375
8531,5356.98046875
8532,6169.81298828125
8533,6899.00048828125
8534,7490.89501953125
8535,5306.2734375
8536,5247.75927734375
8537,5015.986328125
8538,5548.3203125
8539,4215.765625
8540,8864.125
8541,7224.82177734375
8542,9531.15234375
8543,3688.927490234375
8544,4968.79150390625
8545,11006.599609375
8546,6870.583984375
8547,4179.35107421875
8548,8351.6591796875
8549,4865.97607421875
8550,4998.0224609375
8551,3758.059326171875
8552,4275.599609375
8553,4923.61865234375
8554,4045.265380859375
8555,3828.39990234375
8556,3891.871337890625
8557,7158.791015625
8558,5857.36376953125
8559,20120.68359375
8560,5731.36767578125
8561,4580.52880859375
8562,5640.314453125
8563,11275.564453125
8564,5937.5126953125
8565,7375.2685546875
8566,6155.34814453125
8567,7368.9697265625
8568,6348.46435546875
8569,3494.5771484375
8570,5374.806640625
8571,6344.330078125
8572,8138.2333984375
8573,6246.966796875
8574,8149.73388671875
8575,4421.5791015625
8576,4210.46044921875
8577,6639.72314453125
8578,8455.7529296875
8579,10047.29296875
8580,7396.626953125
8581,7251.45458984375
8582,4174.0537109375
8583,5326.28564453125
8584,3886.94970703125
8585,8132.65966796875
8586,7691.6357421875
8587,9887.77734375
8588,4929.109375
8589,4557.9775390625
8590,3823.699462890625
8591,5999.0458984375
8592,9415.029296875
8593,6260.93896484375
8594,4561.20849609375
8595,4485.029296875
8596,6493.62060546875
8597,3112.543212890625
8598,6766.9873046875
8599,4930.68115234375
8600,6486.95263671875
8601,6267.8466796875
8602,5162.02587890625
8603,7560.609375
8604,6320.4306640625
8605,5663.193359375
8606,6814.9716796875
8607,6065.88525390625
8608,8439.1455078125
8609,5307.62939453125
8610,7151.255859375
8611,7854.12158203125
8612,8882.3115234375
8613,6379.30615234375
8614,7778.3994140625
8615,3783.825927734375
8616,5241.9501953125
8617,5399.5048828125
8618,6136.22705078125
8619,8682.5888671875
8620,7342.79443359375
8621,5090.107421875
8622,6909.92724609375
8623,5959.6748046875
8624,8698.1064453125
8625,4052.705078125
8626,11342.00390625
8627,3870.672607421875
8628,5399.9150390625
8629,8007.99560546875
8630,4692.068359375
8631,5327.55126953125
8632,5710.14453125
8633,7005.71337890625
8634,5392.0048828125
8635,5094.70068359375
8636,7818.763671875
8637,6653.30615234375
8638,5989.3388671875
8639,5631.1845703125
8640,7854.57373046875
8641,12300.279296875
8642,6606.2763671875
8643,5866.513671875
8644,6548.6005859375
8645,6971.8173828125
8646,6443.837890625
8647,6697.6142578125
8648,4806.98779296875
8649,7415.55908203125
8650,8623.724609375
8651,6483.076171875
8652,8929.931640625
8653,4400.97705078125
8654,5315.697265625
8655,3731.967041015625
8656,7495.19873046875
8657,7398.04443359375
8658,5518.46044921875
8659,5733.9501953125
8660,6842.19921875
8661,5782.7177734375
8662,5228.619140625
8663,6965.1064453125
8664,5012.56689453125
8665,7991.98681640625
8666,5295.3466796875
8667,4714.41162109375
8668,5335.205078125
8669,8457.73828125
8670,6708.4130859375
8671,6975.3408203125
8672,7516.41796875
8673,5428.05859375
8674,8333.0693359375
8675,5051.88037109375
8676,5887.91552734375
8677,8692.046875
8678,5766.73388671875
8679,9189.3515625
8680,7123.3251953125
8681,6691.064453125
8682,5519.24365234375
8683,7389.51318359375
8684,6446.5537109375
8685,5006.0263671875
8686,3302.50634765625
8687,5700.64306640625
8688,7184.55029296875
8689,4922.53076171875
8690,4048.849609375
8691,7617.52099609375
8692,5103.99462890625
8693,5986.29150390625
8694,5583.91796875
8695,4850.08251953125
8696,6785.92529296875
8697,7029.0751953125
8698,5908.86962890625
8699,5181.7646484375
8700,5503.7919921875
8701,6010.85791015625
8702,2082.786865234375
8703,6188.2421875
8704,5061.13623046875
8705,7696.783203125
8706,6501.0986328125
8707,5231.27734375
8708,9310.509765625
8709,4278.78759765625
8710,4710.2978515625
8711,10145.6220703125
8712,5896.76513671875
8713,7240.33642578125
8714,7607.669921875
8715,4981.31689453125
8716,6611.38720703125
8717,5030.96240234375
8718,7918.43994140625
8719,10083.4453125
8720,6429.296875
8721,3362.06640625
8722,4501.15478515625
8723,7311.494140625
8724,6775.33740234375
8725,4497.189453125
8726,6421.92626953125
8727,4954.642578125
8728,5485.2431640625
8729,3935.279541015625
8730,5275.7470703125
8731,6013.52099609375
8732,6449.88720703125
8733,6725.48046875
8734,8472.8857421875
8735,7026.77978515625
8736,7935.05322265625
8737,6805.15869140625
8738,4553.24365234375
8739,9293.095703125
8740,8697.65625
8741,5421.1875
8742,7628.04638671875
8743,4744.73876953125
8744,6428.89599609375
8745,3954.0888671875
8746,6459.39892578125
8747,4172.3203125
8748,9868.6728515625
8749,6857.68408203125
8750,6969.4375
8751,7656.365234375
8752,5216.3037109375
8753,7791.482421875
8754,16976.419921875
8755,8795.3203125
8756,5603.595703125
8757,3705.1826171875
8758,5388.32275390625
8759,7589.9404296875
8760,5075.56884765625
8761,11628.1650390625
8762,17970.740234375
8763,4423.63330078125
8764,5534.4501953125
8765,8457.1787109375
8766,5009.6630859375
8767,7158.2587890625
8768,5370.8076171875
8769,7029.43994140625
8770,0.0
8771,7257.98193359375
8772,5531.4345703125
8773,8828.138671875
8774,8220.5712890625
8775,6244.42919921875
8776,5742.41162109375
8777,6763.24609375
8778,4327.69287109375
8779,5192.8271484375
8780,7582.201171875
8781,4366.4609375
8782,5690.88134765625
8783,6439.1865234375
8784,6249.48193359375
8785,6393.77734375
8786,6157.65087890625
8787,6742.00537109375
8788,7831.12060546875
8789,9057.130859375
8790,7355.5615234375
8791,5198.69482421875
8792,3970.641845703125
8793,5259.0009765625
8794,7993.11279296875
8795,6040.22802734375
8796,4674.755859375
8797,7552.1787109375
8798,5808.5625
8799,8829.859375
8800,6859.58154296875
8801,5409.07666015625
8802,4709.9443359375
8803,4771.57080078125
8804,8521.6572265625
8805,4759.77978515625
8806,7162.86181640625
8807,15572.1279296875
8808,6839.04443359375
8809,6048.72802734375
8810,4711.08154296875
8811,5066.9365234375
8812,5976.84814453125
8813,4089.4736328125
8814,6133.591796875
8815,11527.80078125
8816,5639.544921875
8817,13025.6943359375
8818,10627.68359375
8819,5469.19482421875
8820,6948.89697265625
8821,5543.25341796875
8822,6388.94921875
8823,6539.150390625
8824,9485.2421875
8825,6196.14599609375
8826,7818.4443359375
8827,5301.1083984375
8828,7268.67724609375
8829,5991.68994140625
8830,8043.64501953125
8831,5764.06640625
8832,5761.35888671875
8833,6121.1845703125
8834,6579.00634765625
8835,7916.27099609375
8836,9170.1083984375
8837,6443.4296875
8838,8810.8662109375
8839,6423.8046875
8840,8841.9169921875
8841,4891.28662109375
8842,4539.330078125
8843,5646.0390625
8844,8021.60400390625
8845,5618.58447265625
8846,6953.365234375
8847,5878.7900390625
8848,7313.8447265625
8849,4907.00048828125
8850,7744.09228515625
8851,6597.8056640625
8852,4022.354736328125
8853,9337.7529296875
8854,16772.71484375
8855,6010.29638671875
8856,6052.6064453125
8857,8774.357421875
8858,9411.412109375
8859,10465.9794921875
8860,5942.40966796875
8861,6969.0625
8862,6392.91357421875
8863,7460.98388671875
8864,3456.62353515625
8865,6191.40185546875
8866,4820.39111328125
8867,5500.5888671875
8868,7743.21337890625
8869,5252.59228515625
8870,3758.3818359375
8871,7149.955078125
8872,4087.095703125
8873,4178.5537109375
8874,5493.9130859375
8875,5590.3662109375
8876,8344.2294921875
8877,8036.8857421875
8878,7844.9716796875
8879,6354.935546875
8880,6375.1904296875
8881,9286.65234375
8882,6794.716796875
8883,4435.501953125
8884,5684.79931640625
8885,8339.9892578125
8886,4533.96240234375
8887,6431.9765625
8888,3759.72021484375
8889,4468.822265625
8890,6269.064453125
8891,6360.8076171875
8892,4991.0517578125
8893,8847.8251953125
8894,9080.5810546875
8895,11096.8291015625
8896,6445.26708984375
8897,7788.86962890625
8898,3217.386962890625
8899,4948.75
8900,5895.28369140625
8901,3525.849609375
8902,7543.89794921875
8903,4270.1669921875
8904,5864.0048828125
8905,8523.6962890625
8906,11115.810546875
8907,7821.15380859375
8908,5092.3427734375
8909,4472.01904296875
8910,12478.408203125
8911,8249.3095703125
8912,5394.6015625
8913,4851.0849609375
8914,6613.12939453125
8915,9421.361328125
8916,4156.5341796875
8917,6349.33544921875
8918,7894.2373046875
8919,6702.31884765625
8920,12796.3818359375
8921,4893.35791015625
8922,13303.76171875
8923,6120.50146484375
8924,5713.55810546875
8925,3299.601318359375
8926,4655.52783203125
8927,5828.34765625
8928,5445.18603515625
8929,6519.11767578125
8930,4472.02978515625
8931,4220.87841796875
8932,6197.39404296875
8933,4414.4951171875
8934,5917.84375
8935,6255.09521484375
8936,7354.09326171875
8937,7686.09130859375
8938,4860.2099609375
8939,8566.3193359375
8940,5790.97802734375
8941,5646.97119140625
8942,5764.2861328125
8943,5392.8876953125
8944,10770.2421875
8945,7061.119140625
8946,4567.07470703125
8947,6243.89794921875
8948,8631.2548828125
8949,6963.58837890625
8950,6043.9130859375
8951,7795.10498046875
8952,5847.88330078125
8953,5277.12890625
8954,5614.10546875
8955,7655.353515625
8956,5275.51708984375
8957,6050.181640625
8958,5236.7255859375
8959,5223.6142578125
8960,4195.7041015625
8961,4387.27392578125
8962,7325.076171875
8963,9015.0234375
8964,10999.720703125
8965,9412.1669921875
8966,7428.79150390625
8967,6331.2626953125
8968,5767.42822265625
8969,10931.2666015625
8970,11393.60546875
8971,5486.71142578125
8972,7523.73779296875
8973,7584.14208984375
8974,5339.046875
8975,6269.5556640625
8976,7035.53662109375
8977,6588.13818359375
8978,6470.822265625
8979,5815.6259765625
8980,2197.23193359375
8981,8915.607421875
8982,5858.3203125
8983,6924.05078125
8984,5095.55517578125
8985,4963.92041015625
8986,6728.236328125
8987,6980.8994140625
8988,6611.71484375
8989,5938.07080078125
8990,4063.45849609375
8991,3479.734130859375
8992,5128.9912109375
8993,6454.43505859375
8994,17349.107421875
8995,3898.44091796875
8996,5908.33544921875
8997,6169.771484375
8998,4607.0078125
8999,6650.5927734375
9000,5322.70849609375
9001,3338.6474609375
9002,6774.3955078125
9003,6973.2900390625
9004,3303.218994140625
9005,8101.13623046875
9006,3692.1982421875
9007,5434.59521484375
9008,9131.9921875
9009,7432.0078125
9010,9650.8017578125
9011,5514.70458984375
9012,5461.71923828125
9013,4026.595458984375
9014,5763.84130859375
9015,13991.71875
9016,10091.671875
9017,7078.3818359375
9018,5550.03369140625
9019,5063.27001953125
9020,5738.40185546875
9021,4881.96875
9022,9836.9228515625
9023,4711.29638671875
9024,4818.16650390625
9025,7144.15380859375
9026,4695.2314453125
9027,6149.7822265625
9028,5952.21533203125
9029,6735.3623046875
9030,5878.3134765625
9031,4174.109375
9032,5209.4267578125
9033,5628.3681640625
9034,8301.3251953125
9035,7457.9052734375
9036,7004.47314453125
9037,3473.93212890625
9038,7844.365234375
9039,5016.662109375
9040,5131.67822265625
9041,6075.625
9042,7117.94873046875
9043,5596.57958984375
9044,6595.2646484375
9045,6501.84912109375
9046,6141.38232421875
9047,5725.09765625
9048,7146.87744140625
9049,6678.58203125
9050,4847.8095703125
9051,9021.7666015625
9052,5207.09814453125
9053,4274.0361328125
9054,10647.9423828125
9055,5420.63427734375
9056,2160.974365234375
9057,6973.90673828125
9058,9728.3125
9059,8925.505859375
9060,4642.77685546875
9061,5234.2197265625
9062,5201.24462890625
9063,6600.6845703125
9064,5627.37451171875
9065,6354.07763671875
9066,3395.064697265625
9067,5695.3701171875
9068,5985.3212890625
9069,5277.28271484375
9070,5832.44921875
9071,6881.876953125
9072,6667.67138671875
9073,5730.7333984375
9074,7565.90869140625
9075,5767.98193359375
9076,8208.4189453125
9077,4953.4599609375
9078,6158.13720703125
9079,6071.6640625
9080,7789.287109375
9081,7678.80029296875
9082,3378.51220703125
9083,8568.923828125
9084,6704.5908203125
9085,6800.35888671875
9086,5540.025390625
9087,3692.6142578125
9088,7672.154296875
9089,5062.98974609375
9090,8390.2783203125
9091,5951.4375
9092,5832.79248046875
9093,7064.73583984375
9094,7090.1533203125
9095,4773.95068359375
9096,6569.24609375
9097,5185.02099609375
9098,9005.9404296875
9099,9588.3701171875
9100,7408.24658203125
9101,4870.98291015625
9102,4575.63818359375
9103,3773.9482421875
9104,3585.78271484375
9105,7712.23583984375
9106,4913.6611328125
9107,8845.5517578125
9108,3511.82177734375
9109,4909.2587890625
9110,5316.998046875
9111,8354.4970703125
9112,5488.6826171875
9113,5270.0390625
9114,4347.85888671875
9115,6745.28271484375
9116,5442.28662109375
9117,7029.92822265625
9118,7549.01904296875
9119,8283.32421875
9120,7179.97119140625
9121,7425.0341796875
9122,5482.3271484375
9123,5073.01708984375
9124,4752.4248046875
9125,9591.869140625
9126,8166.93310546875
9127,9665.37890625
9128,14155.96484375
9129,5463.798828125
9130,4617.1640625
9131,6604.390625
9132,7733.4892578125
9133,9368.2451171875
9134,6781.2158203125
9135,7642.79541015625
9136,7579.70068359375
9137,6180.41943359375
9138,6181.88330078125
9139,4856.13525390625
9140,5379.86279296875
9141,5328.59912109375
9142,5054.93896484375
9143,4660.40771484375
9144,7039.62939453125
9145,15627.7001953125
9146,6186.51708984375
9147,5294.86572265625
9148,7327.0830078125
9149,3772.292236328125
9150,6346.3046875
9151,4696.44287109375
9152,9632.4638671875
9153,6274.34619140625
9154,6011.87646484375
9155,12172.1015625
9156,11684.4130859375
9157,5276.205078125
9158,6849.48095703125
9159,3882.063720703125
9160,5440.890625
9161,5402.01904296875
9162,7832.2080078125
9163,4597.9912109375
9164,4469.08935546875
9165,4194.3212890625
9166,5208.53955078125
9167,6029.798828125
9168,5960.453125
9169,4176.49609375
9170,6766.9462890625
9171,7530.2626953125
9172,5841.55615234375
9173,4437.90234375
9174,3599.423095703125
9175,7325.181640625
9176,3941.028076171875
9177,9005.958984375
9178,4739.9619140625
9179,4794.775390625
9180,6164.19921875
9181,4792.1474609375
9182,4322.86962890625
9183,5217.6572265625
9184,5700.42578125
9185,9724.177734375
9186,8321.455078125
9187,5375.87255859375
9188,4401.490234375
9189,5629.99853515625
9190,4869.033203125
9191,4849.767578125
9192,5756.31494140625
9193,5848.24755859375
9194,10818.068359375
9195,7402.373046875
9196,6345.708984375
9197,6874.9833984375
9198,3540.4248046875
9199,9620.9873046875
9200,5467.1162109375
9201,11525.517578125
9202,5717.552734375
9203,5388.74267578125
9204,4290.5673828125
9205,4216.61669921875
9206,6649.8076171875
9207,16539.927734375
9208,3976.251953125
9209,4763.26220703125
9210,8798.943359375
9211,6593.3583984375
9212,6353.3212890625
9213,7827.71142578125
9214,5943.1455078125
9215,5356.1904296875
9216,4542.724609375
9217,9148.3046875
9218,5595.37353515625
9219,7154.880859375
9220,6825.5166015625
9221,3388.5869140625
9222,6923.9609375
9223,7282.52734375
9224,3977.123779296875
9225,10247.5009765625
9226,8462.79296875
9227,3964.274169921875
9228,7273.28369140625
9229,6185.7578125
9230,4403.06591796875
9231,8888.189453125
9232,6727.02099609375
9233,7760.36572265625
9234,4982.43994140625
9235,4736.630859375
9236,6700.8232421875
9237,3880.82568359375
9238,8017.818359375
9239,4667.32373046875
9240,6004.083984375
9241,5175.96923828125
9242,6122.54638671875
9243,6161.96875
9244,6498.4423828125
9245,5952.35546875
9246,8667.361328125
9247,5824.35546875
9248,7749.43994140625
9249,6693.93212890625
9250,7053.4365234375
9251,8807.9306640625
9252,7000.923828125
9253,2683.310791015625
9254,5104.15869140625
9255,7529.84765625
9256,5161.61865234375
9257,11645.8017578125
9258,5937.5029296875
9259,9241.4033203125
9260,9236.2138671875
9261,6780.0673828125
9262,4148.84521484375
9263,19323.45703125
9264,9529.015625
9265,5494.47119140625
9266,6799.81103515625
9267,8449.134765625
9268,5149.6826171875
9269,6618.396484375
9270,6285.06396484375
9271,5429.7431640625
9272,6285.86572265625
9273,6826.7236328125
9274,4145.8974609375
9275,5873.7529296875
9276,5944.22998046875
9277,5922.90625
9278,6993.17626953125
9279,5986.88623046875
9280,5858.60693359375
9281,5018.3486328125
9282,6270.37744140625
9283,7385.36572265625
9284,6205.5673828125
9285,5820.37548828125
9286,6147.70849609375
9287,9226.6181640625
9288,5020.45849609375
9289,4640.4228515625
9290,5042.837890625
9291,6539.76171875
9292,5719.18994140625
9293,4517.64990234375
9294,4514.93798828125
9295,5199.15576171875
9296,6934.45556640625
9297,5725.97119140625
9298,7281.88818359375
9299,5945.76025390625
9300,5273.7568359375
9301,4716.40869140625
9302,3276.189697265625
9303,6463.349609375
9304,6164.28759765625
9305,5693.9111328125
9306,9045.119140625
9307,6974.6748046875
9308,4950.3466796875
9309,8086.25439453125
9310,3364.03515625
9311,3399.59326171875
9312,6845.78759765625
9313,10497.3125
9314,8132.26171875
9315,6704.7939453125
9316,3319.138671875
9317,6418.0966796875
9318,8351.66796875
9319,4694.46142578125
9320,6545.24658203125
9321,4605.71923828125
9322,5182.96875
9323,4451.7626953125
9324,5194.80224609375
9325,5564.49951171875
9326,4837.53369140625
9327,5339.64111328125
9328,4104.8037109375
9329,6633.453125
9330,7099.0185546875
9331,5100.6455078125
9332,5856.29638671875
9333,6161.525390625
9334,5273.92333984375
9335,5167.3974609375
9336,7635.47412109375
9337,7751.56640625
9338,5588.0107421875
9339,4007.645263671875
9340,10996.529296875
9341,6414.53173828125
9342,4989.07568359375
9343,6960.59765625
9344,7043.0791015625
9345,7148.6318359375
9346,5468.31640625
9347,7222.39599609375
9348,7452.73193359375
9349,10207.765625
9350,4535.12939453125
9351,4880.263671875
9352,5198.2841796875
9353,5902.02880859375
9354,6177.69140625
9355,7766.2255859375
9356,7285.60546875
9357,4918.18798828125
9358,3857.140625
9359,5516.74658203125
9360,8506.1630859375
9361,3774.4111328125
9362,6203.6328125
9363,3307.11865234375
9364,6814.880859375
9365,6327.84912109375
9366,6430.189453125
9367,7145.9482421875
9368,6178.4384765625
9369,3943.41796875
9370,5971.529296875
9371,6216.5966796875
9372,8119.05810546875
9373,7085.96337890625
9374,7729.54931640625
9375,5002.9462890625
9376,4566.21337890625
9377,9447.0810546875
9378,3680.038330078125
9379,9726.8193359375
9380,5327.50830078125
9381,4117.47265625
9382,6255.236328125
9383,5799.87158203125
9384,7905.056640625
9385,7203.52783203125
9386,4601.92822265625
9387,5391.5595703125
9388,6367.89404296875
9389,7874.3154296875
9390,8533.23828125
9391,5724.205078125
9392,5974.8193359375
9393,5415.39404296875
9394,6266.73486328125
9395,4506.05419921875
9396,9837.509765625
9397,8344.6201171875
9398,10683.984375
9399,4368.9404296875
9400,5776.32763671875
9401,9141.07421875
9402,8655.1728515625
9403,3789.22021484375
9404,9127.5078125
9405,5651.07080078125
9406,5331.0546875
9407,4781.5205078125
9408,4611.912109375
9409,5237.96630859375
9410,4451.962890625
9411,4831.658203125
9412,4435.7158203125
9413,7343.75830078125
9414,6340.0859375
9415,22100.267578125
9416,6638.48828125
9417,0.0
9418,0.0
9419,0.0
9420,0.0
9421,0.0
9422,0.0
9423,0.0
9424,0.0
9425,0.0
9426,0.0
9427,0.0
9428,0.0
9429,0.0
9430,0.0
9431,0.0
9432,0.0
9433,0.0
9434,0.0
9435,0.0
9436,0.0
9437,0.0
9438,0.0
9439,0.0
9440,0.0
9441,0.0
9442,0.0
9443,0.0
9444,0.0
9445,0.0
9446,0.0
9447,0.0
9448,0.0
9449,0.0
9450,0.0
9451,0.0
9452,0.0
9453,0.0
9454,0.0
9455,0.0
9456,0.0
9457,0.0
9458,0.0
9459,0.0
9460,0.0
9461,0.0
9462,0.0
9463,0.0
9464,0.0
9465,0.0
9466,0.0
9467,0.0
9468,0.0
9469,0.0
9470,0.0
9471,0.0
9472,0.0
9473,0.0
9474,0.0
9475,0.0
9476,0.0
9477,0.0
9478,0.0
9479,0.0
9480,0.0
9481,0.0
9482,0.0
9483,0.0
9484,0.0
9485,0.0
9486,0.0
9487,0.0
9488,0.0
9489,0.0
9490,0.0
9491,0.0
9492,0.0
9493,0.0
9494,0.0
9495,0.0
9496,0.0
9497,0.0
9498,0.0
9499,0.0
9500,0.0
9501,0.0
9502,0.0
9503,0.0
9504,0.0
9505,0.0
9506,0.0
9507,0.0
9508,3050.83154296875
9509,0.0
9510,0.0
9511,0.0
9512,0.0
9513,0.0
9514,0.0
9515,0.0
9516,0.0
9517,0.0
9518,0.0
9519,0.0
9520,0.0
9521,0.0
9522,0.0
9523,0.0
9524,0.0
9525,0.0
9526,0.0
9527,0.0
9528,0.0
9529,0.0
9530,0.0
9531,0.0
9532,0.0
9533,0.0
9534,0.0
9535,0.0
9536,0.0
9537,0.0
9538,0.0
9539,0.0
9540,0.0
9541,0.0
9542,0.0
9543,0.0
9544,0.0
9545,0.0
9546,0.0
9547,0.0
9548,0.0
9549,0.0
9550,0.0
9551,0.0
9552,0.0
9553,0.0
9554,0.0
9555,0.0
9556,0.0
9557,0.0
9558,0.0
9559,0.0
9560,0.0
9561,0.0
9562,0.0
9563,0.0
9564,0.0
9565,0.0
9566,0.0
9567,0.0
9568,0.0
9569,0.0
9570,0.0
9571,0.0
9572,0.0
9573,0.0
9574,0.0
9575,0.0
9576,3362.23974609375
9577,0.0
9578,0.0
9579,0.0
9580,0.0
9581,0.0
9582,0.0
9583,0.0
9584,0.0
9585,0.0
9586,0.0
9587,0.0
9588,0.0
9589,0.0
9590,0.0
9591,0.0
9592,0.0
9593,0.0
9594,0.0
9595,0.0
9596,0.0
9597,0.0
9598,0.0
9599,0.0
9600,0.0
9601,0.0
9602,0.0
9603,0.0
9604,0.0
9605,0.0
9606,0.0
9607,0.0
9608,0.0
9609,0.0
9610,0.0
9611,0.0
9612,0.0
9613,0.0
9614,0.0
9615,0.0
9616,0.0
9617,15798.609375
9618,30616.955078125
9619,0.0
9620,0.0
9621,0.0
9622,0.0
9623,0.0
9624,0.0
9625,0.0
9626,7320.75244140625
9627,0.0
9628,0.0
9629,0.0
9630,0.0
9631,0.0
9632,0.0
9633,0.0
9634,0.0
9635,0.0
9636,0.0
9637,0.0
9638,0.0
9639,0.0
9640,0.0
9641,0.0
9642,0.0
9643,0.0
9644,0.0
9645,4752.89501953125
9646,0.0
9647,0.0
9648,0.0
9649,0.0
9650,0.0
9651,0.0
9652,0.0
9653,0.0
9654,0.0
9655,2579.669921875
9656,0.0
9657,0.0
9658,0.0
9659,0.0
9660,0.0
9661,0.0
9662,0.0
9663,0.0
9664,0.0
9665,0.0
9666,0.0
9667,0.0
9668,0.0
9669,0.0
9670,0.0
9671,0.0
9672,0.0
9673,8131.97412109375
9674,0.0
9675,0.0
9676,0.0
9677,0.0
9678,0.0
9679,0.0
9680,0.0
9681,0.0
9682,0.0
9683,0.0
9684,0.0
9685,0.0
9686,0.0
9687,0.0
9688,0.0
9689,0.0
9690,9222.4140625
9691,0.0
9692,0.0
9693,0.0
9694,0.0
9695,0.0
9696,0.0
9697,0.0
9698,0.0
9699,0.0
9700,0.0
9701,0.0
9702,0.0
9703,0.0
9704,0.0
9705,0.0
9706,0.0
9707,0.0
9708,0.0
9709,0.0
9710,0.0
9711,0.0
9712,0.0
9713,0.0
9714,0.0
9715,0.0
9716,0.0
9717,0.0
9718,0.0
9719,0.0
9720,0.0
9721,0.0
9722,0.0
9723,0.0
9724,0.0
9725,0.0
9726,0.0
9727,0.0
9728,0.0
9729,0.0
9730,0.0
9731,0.0
9732,0.0
9733,0.0
9734,0.0
9735,0.0
9736,0.0
9737,0.0
9738,0.0
9739,0.0
9740,0.0
9741,0.0
9742,0.0
9743,0.0
9744,0.0
9745,0.0
9746,0.0
9747,0.0
9748,0.0
9749,0.0
9750,0.0
9751,0.0
9752,2082.243408203125
9753,0.0
9754,0.0
9755,0.0
9756,0.0
9757,0.0
9758,0.0
9759,0.0
9760,0.0
9761,0.0
9762,0.0
9763,0.0
9764,0.0
9765,0.0
9766,5509.09765625
9767,0.0
9768,0.0
9769,0.0
9770,0.0
9771,0.0
9772,0.0
9773,0.0
9774,0.0
9775,0.0
9776,0.0
9777,0.0
9778,0.0
9779,0.0
9780,0.0
9781,0.0
9782,0.0
9783,0.0
9784,0.0
9785,0.0
9786,0.0
9787,0.0
9788,0.0
9789,-0.0
9790,0.0
9791,0.0
9792,0.0
9793,0.0
9794,0.0
9795,0.0
9796,0.0
9797,0.0
9798,0.0
9799,0.0
9800,0.0
9801,0.0
9802,0.0
9803,0.0
9804,0.0
9805,0.0
9806,0.0
9807,0.0
9808,0.0
9809,7962.92724609375
9810,0.0
9811,0.0
9812,0.0
9813,0.0
9814,0.0
9815,0.0
9816,0.0
9817,0.0
9818,0.0
9819,2407.365966796875
9820,0.0
9821,0.0
9822,0.0
9823,4902.52587890625
9824,0.0
9825,0.0
9826,0.0
9827,0.0
9828,0.0
9829,0.0
9830,0.0
9831,0.0
9832,0.0
9833,0.0
9834,0.0
9835,0.0
9836,0.0
9837,0.0
9838,0.0
9839,0.0
9840,0.0
9841,0.0
9842,0.0
9843,0.0
9844,0.0
9845,0.0
9846,0.0
9847,0.0
9848,0.0
9849,0.0
9850,20370.953125
9851,0.0
9852,0.0
9853,0.0
9854,0.0
9855,0.0
9856,0.0
9857,0.0
9858,0.0
9859,0.0
9860,0.0
9861,0.0
9862,0.0
9863,0.0
9864,5566.091796875
9865,0.0
9866,0.0
9867,0.0
9868,0.0
9869,0.0
9870,0.0
9871,0.0
9872,0.0
9873,0.0
9874,0.0
9875,0.0
9876,0.0
9877,0.0
9878,0.0
9879,0.0
9880,0.0
9881,0.0
9882,0.0
9883,0.0
9884,0.0
9885,0.0
9886,0.0
9887,0.0
9888,0.0
9889,0.0
9890,0.0
9891,0.0
9892,0.0
9893,0.0
9894,0.0
9895,0.0
9896,0.0
9897,0.0
9898,0.0
9899,0.0
9900,0.0
9901,0.0
9902,0.0
9903,0.0
9904,0.0
9905,0.0
9906,0.0
9907,0.0
9908,0.0
9909,0.0
9910,0.0
9911,0.0
9912,0.0
9913,0.0
9914,0.0
9915,0.0
9916,0.0
9917,-0.0
9918,0.0
9919,0.0
9920,0.0
9921,0.0
9922,0.0
9923,0.0
9924,0.0
9925,0.0
9926,0.0
9927,0.0
9928,0.0
9929,-0.0
9930,0.0
9931,0.0
9932,0.0
9933,0.0
9934,0.0
9935,0.0
9936,0.0
9937,0.0
9938,0.0
9939,13308.568359375
9940,0.0
9941,0.0
9942,0.0
9943,0.0
9944,0.0
9945,0.0
9946,0.0
9947,0.0
9948,0.0
9949,0.0
9950,0.0
9951,0.0
9952,0.0
9953,0.0
9954,0.0
9955,0.0
9956,0.0
9957,0.0
9958,0.0
9959,0.0
9960,0.0
9961,0.0
9962,0.0
9963,0.0
9964,0.0
9965,0.0
9966,0.0
9967,0.0
9968,0.0
9969,0.0
9970,0.0
9971,0.0
9972,0.0
9973,0.0
9974,0.0
9975,0.0
9976,0.0
9977,0.0
9978,0.0
9979,0.0
9980,0.0
9981,0.0
9982,0.0
9983,3843.370361328125
9984,15716.7314453125
9985,0.0
9986,0.0
9987,0.0
9988,0.0
9989,0.0
9990,0.0
9991,0.0
9992,0.0
9993,0.0
9994,0.0
9995,0.0
9996,0.0
9997,0.0
9998,0.0
9999,0.0
10000,0.0
10001,0.0
10002,0.0
10003,0.0
10004,0.0
10005,0.0
10006,0.0
10007,0.0
10008,0.0
10009,0.0
10010,0.0
10011,0.0
10012,11823.3408203125
10013,0.0
10014,0.0
10015,0.0
10016,0.0
10017,0.0
10018,0.0
10019,0.0
10020,0.0
10021,0.0
10022,0.0
10023,0.0
10024,0.0
10025,-0.0
10026,0.0
10027,0.0
10028,0.0
10029,0.0
10030,0.0
10031,0.0
10032,0.0
10033,0.0
10034,0.0
10035,0.0
10036,0.0
10037,0.0
10038,0.0
10039,0.0
10040,0.0
10041,0.0
10042,0.0
10043,0.0
10044,0.0
10045,0.0
10046,0.0
10047,0.0
10048,0.0
10049,0.0
10050,0.0
10051,0.0
10052,0.0
10053,0.0
10054,0.0
10055,0.0
10056,0.0
10057,0.0
10058,0.0
10059,0.0
10060,0.0
10061,0.0
10062,0.0
10063,0.0
10064,0.0
10065,0.0
10066,0.0
10067,0.0
10068,0.0
10069,0.0
10070,0.0
10071,0.0
10072,0.0
10073,0.0
10074,0.0
10075,0.0
10076,0.0
10077,0.0
10078,0.0
10079,0.0
10080,0.0
10081,0.0
10082,2721.19287109375
10083,0.0
10084,0.0
10085,0.0
10086,2162.036865234375
10087,0.0
10088,0.0
10089,0.0
10090,0.0
10091,0.0
10092,0.0
10093,0.0
10094,0.0
10095,0.0
10096,0.0
10097,0.0
10098,0.0
10099,0.0
10100,0.0
10101,0.0
10102,0.0
10103,0.0
10104,0.0
10105,0.0
10106,0.0
10107,0.0
10108,0.0
10109,0.0
10110,0.0
10111,0.0
10112,0.0
10113,0.0
10114,0.0
10115,0.0
10116,0.0
10117,0.0
10118,0.0
10119,0.0
10120,0.0
10121,0.0
10122,0.0
10123,0.0
10124,0.0
10125,0.0
10126,0.0
10127,0.0
10128,0.0
10129,0.0
10130,0.0
10131,0.0
10132,0.0
10133,0.0
10134,0.0
10135,0.0
10136,0.0
10137,1980.1934814453125
10138,0.0
10139,0.0
10140,0.0
10141,0.0
10142,0.0
10143,0.0
10144,0.0
10145,0.0
10146,0.0
10147,0.0
10148,0.0
10149,-0.0
10150,0.0
10151,0.0
10152,10312.306640625
10153,0.0
10154,0.0
10155,0.0
10156,0.0
10157,0.0
10158,0.0
10159,0.0
10160,0.0
10161,0.0
10162,0.0
10163,0.0
10164,0.0
10165,0.0
10166,0.0
10167,0.0
10168,0.0
10169,0.0
10170,0.0
10171,0.0
10172,0.0
10173,0.0
10174,0.0
10175,0.0
10176,0.0
10177,0.0
10178,0.0
10179,0.0
10180,0.0
10181,0.0
10182,0.0
10183,0.0
10184,0.0
10185,0.0
10186,0.0
10187,0.0
10188,0.0
10189,0.0
10190,0.0
10191,0.0
10192,0.0
10193,0.0
10194,0.0
10195,0.0
10196,0.0
10197,0.0
10198,0.0
10199,0.0
10200,0.0
10201,0.0
10202,0.0
10203,0.0
10204,0.0
10205,0.0
10206,0.0
10207,0.0
10208,0.0
10209,0.0
10210,0.0
10211,0.0
10212,0.0
10213,0.0
10214,0.0
10215,0.0
10216,3578.50048828125
10217,0.0
10218,0.0
10219,0.0
10220,0.0
10221,0.0
10222,0.0
10223,0.0
10224,0.0
10225,0.0
10226,0.0
10227,0.0
10228,0.0
10229,0.0
10230,0.0
10231,0.0
10232,0.0
10233,0.0
10234,0.0
10235,0.0
10236,0.0
10237,0.0
10238,0.0
10239,0.0
10240,0.0
10241,0.0
10242,0.0
10243,0.0
10244,0.0
10245,0.0
10246,0.0
10247,0.0
10248,0.0
10249,0.0
10250,0.0
10251,0.0
10252,0.0
10253,0.0
10254,0.0
10255,0.0
10256,0.0
10257,15104.947265625
10258,4319.64990234375
10259,0.0
10260,0.0
10261,0.0
10262,0.0
10263,0.0
10264,0.0
10265,0.0
10266,0.0
10267,0.0
10268,0.0
10269,0.0
10270,0.0
10271,0.0
10272,0.0
10273,5131.8916015625
10274,3644.330078125
10275,6995.982421875
10276,3203.314697265625
10277,6175.6572265625
10278,4776.2568359375
10279,5639.6474609375
10280,5593.92236328125
10281,4687.177734375
10282,3218.566162109375
10283,4943.57666015625
10284,5204.25048828125
10285,4227.14697265625
10286,4547.33203125
10287,6068.048828125
10288,3246.158935546875
10289,6117.3818359375
10290,6220.08984375
10291,8033.10986328125
10292,5040.533203125
10293,7468.466796875
10294,2941.462646484375
10295,5399.2890625
10296,3122.97021484375
10297,8454.6416015625
10298,6436.2177734375
10299,9325.10546875
10300,5696.556640625
10301,3361.56591796875
10302,4266.3193359375
10303,5973.103515625
10304,6491.640625
10305,4855.26708984375
10306,5556.85888671875
10307,4092.801513671875
10308,5453.78662109375
10309,2122.173095703125
10310,7630.2587890625
10311,4974.55126953125
10312,6880.37939453125
10313,5926.83740234375
10314,4111.92333984375
10315,8657.576171875
10316,5330.748046875
10317,3558.020263671875
10318,3781.0
10319,7872.10791015625
10320,8870.583984375
10321,6731.171875
10322,4896.654296875
10323,8599.4462890625
10324,8018.58203125
10325,5825.6962890625
10326,6582.3935546875
10327,4067.878173828125
10328,2251.13916015625
10329,4227.62744140625
10330,6271.86083984375
10331,8530.5224609375
10332,7851.177734375
10333,4180.7158203125
10334,8587.755859375
10335,6508.06884765625
10336,6106.5595703125
10337,3081.985107421875
10338,10471.6318359375
10339,3217.1162109375
10340,4052.9931640625
10341,6835.4306640625
10342,4143.01416015625
10343,5389.93603515625
10344,3178.850341796875
10345,6009.1201171875
10346,4964.27587890625
10347,5476.9775390625
10348,9019.3759765625
10349,6837.5869140625
10350,5745.76904296875
10351,3236.74755859375
10352,8185.1552734375
10353,12434.8466796875
10354,6003.04736328125
10355,2964.015869140625
10356,7306.240234375
10357,6401.2744140625
10358,6526.94384765625
10359,8599.1494140625
10360,3194.01806640625
10361,7363.91748046875
10362,7196.01513671875
10363,6448.98974609375
10364,7791.64794921875
10365,2567.85107421875
10366,3787.8193359375
10367,4770.759765625
10368,7706.89990234375
10369,6916.01806640625
10370,4774.609375
10371,5070.20068359375
10372,7214.11962890625
10373,6361.5966796875
10374,4609.49755859375
10375,5468.74267578125
10376,3887.406982421875
10377,6613.8681640625
10378,4763.318359375
10379,3175.5322265625
10380,5310.150390625
10381,6706.0966796875
10382,5666.30712890625
10383,7004.51318359375
10384,8158.36474609375
10385,3786.773193359375
10386,8405.36328125
10387,3321.254150390625
10388,3506.984130859375
10389,8106.7060546875
10390,6595.5146484375
10391,7199.36865234375
10392,9799.69921875
10393,6899.37060546875
10394,5311.25390625
10395,6799.998046875
10396,7251.82568359375
10397,3710.76953125
10398,2196.000244140625
10399,5559.72216796875
10400,5211.54443359375
10401,4788.3349609375
10402,2992.944580078125
10403,6061.66650390625
10404,5164.638671875
10405,6319.9482421875
10406,6210.0625
10407,3103.26171875
10408,6174.8330078125
10409,7215.61572265625
10410,4395.41943359375
10411,5257.40087890625
10412,3536.218994140625
10413,4945.7900390625
10414,1485.2701416015625
10415,4566.75244140625
10416,4856.64892578125
10417,7609.29150390625
10418,7149.6611328125
10419,6992.33544921875
10420,12648.001953125
10421,4206.66796875
10422,5528.38427734375
10423,10351.509765625
10424,5896.427734375
10425,7981.08056640625
10426,6089.98046875
10427,5709.64794921875
10428,6652.08447265625
10429,4054.924072265625
10430,4860.47412109375
10431,8474.630859375
10432,5224.8486328125
10433,2576.6298828125
10434,3401.177001953125
10435,6653.9052734375
10436,7833.5107421875
10437,6061.98583984375
10438,5808.0888671875
10439,4452.15771484375
10440,1692.28515625
10441,2627.832763671875
10442,3509.31396484375
10443,6150.671875
10444,7101.17578125
10445,5165.447265625
10446,7265.947265625
10447,8159.49462890625
10448,7500.05908203125
10449,6943.884765625
10450,4523.89599609375
10451,8178.7939453125
10452,8728.8837890625
10453,3825.822021484375
10454,4912.34326171875
10455,4735.08837890625
10456,5850.48779296875
10457,2580.7431640625
10458,4946.24658203125
10459,4009.04931640625
10460,9182.5615234375
10461,5582.83447265625
10462,7964.02294921875
10463,6604.60986328125
10464,4761.58154296875
10465,7301.591796875
10466,15986.2666015625
10467,8197.0732421875
10468,3823.965087890625
10469,3320.998291015625
10470,6253.96923828125
10471,7416.64111328125
10472,4053.679443359375
10473,9345.283203125
10474,17174.0546875
10475,4694.31494140625
10476,3788.935302734375
10477,10218.4013671875
10478,3821.64306640625
10479,5789.8681640625
10480,3098.725830078125
10481,5983.31884765625
10482,4751.91357421875
10483,6368.74365234375
10484,5622.72509765625
10485,6655.21484375
10486,9756.34375
10487,6169.296875
10488,6060.13818359375
10489,7521.90771484375
10490,4796.60986328125
10491,6304.52783203125
10492,8492.986328125
10493,4234.81640625
10494,5756.47119140625
10495,4206.7470703125
10496,4164.50634765625
10497,5704.14990234375
10498,5026.185546875
10499,5041.94189453125
10500,8276.2001953125
10501,9322.625
10502,7150.09326171875
10503,4355.88037109375
10504,3937.685546875
10505,3845.950439453125
10506,5867.8828125
10507,6774.2333984375
10508,2959.6787109375
10509,5949.89794921875
10510,5363.70751953125
10511,7405.0625
10512,5592.36279296875
10513,4416.38916015625
10514,2650.575927734375
10515,2811.76708984375
10516,8011.94189453125
10517,5596.3935546875
10518,5398.24267578125
10519,11726.3583984375
10520,6877.74853515625
10521,3883.033203125
10522,5591.89697265625
10523,2792.0068359375
10524,3880.620361328125
10525,3502.969970703125
10526,4442.88037109375
10527,9859.94140625
10528,4644.8115234375
10529,9490.48046875
10530,8827.408203125
10531,5927.51611328125
10532,5778.8583984375
10533,4801.86865234375
10534,4952.79541015625
10535,5813.1962890625
10536,9062.064453125
10537,5378.99658203125
10538,6500.41796875
10539,2452.30712890625
10540,5689.88232421875
10541,5972.16455078125
10542,8056.63916015625
10543,6549.138671875
10544,5131.9423828125
10545,6948.50830078125
10546,5777.82177734375
10547,8053.0126953125
10548,7088.94775390625
10549,6578.5
10550,8282.75390625
10551,6589.255859375
10552,8193.3447265625
10553,3067.05908203125
10554,5877.91357421875
10555,5168.3544921875
10556,8699.5673828125
10557,7309.37890625
10558,6722.2646484375
10559,5966.64306640625
10560,7193.037109375
10561,5504.3310546875
10562,6140.6142578125
10563,6632.8134765625
10564,3186.19677734375
10565,7226.56982421875
10566,16337.2734375
10567,6683.9873046875
10568,6125.861328125
10569,7033.33642578125
10570,8166.4033203125
10571,7361.29052734375
10572,3291.602294921875
10573,4552.25146484375
10574,6179.80615234375
10575,8588.7822265625
10576,2791.86083984375
10577,4950.54638671875
10578,5496.755859375
10579,4384.6650390625
10580,5395.2578125
10581,3485.952880859375
10582,2550.793701171875
10583,7725.2001953125
10584,3974.76171875
10585,4882.228515625
10586,5612.505859375
10587,4859.78076171875
10588,9463.1259765625
10589,12219.58984375
10590,5254.7529296875
10591,7613.767578125
10592,6067.46435546875
10593,8655.2802734375
10594,4188.00390625
10595,2788.247314453125
10596,5586.32177734375
10597,11690.5224609375
10598,3741.86376953125
10599,6493.99853515625
10600,1808.43798828125
10601,3469.955078125
10602,6633.80908203125
10603,6913.91796875
10604,4503.08203125
10605,9595.6591796875
10606,9236.2978515625
10607,7713.40087890625
10608,4579.98193359375
10609,9297.197265625
10610,1812.2275390625
10611,3104.94677734375
10612,6688.64990234375
10613,4926.49560546875
10614,10569.28515625
10615,2451.409423828125
10616,4989.2177734375
10617,5955.08935546875
10618,7169.26513671875
10619,10240.17578125
10620,5126.7509765625
10621,3668.462890625
10622,9556.830078125
10623,10823.5712890625
10624,3933.609130859375
10625,5355.7822265625
10626,8656.2822265625
10627,6419.5009765625
10628,5067.20361328125
10629,3908.79931640625
10630,7963.95947265625
10631,3741.507080078125
10632,12350.662109375
10633,7049.9189453125
10634,15489.439453125
10635,7216.47802734375
10636,4632.76904296875
10637,1908.9522705078125
10638,5762.646484375
10639,5746.8623046875
10640,5316.259765625
10641,8636.927734375
10642,5518.017578125
10643,2910.105224609375
10644,6708.93359375
10645,3823.384521484375
10646,7053.78515625
10647,7311.21630859375
10648,6856.79248046875
10649,7226.32666015625
10650,4964.0634765625
10651,7084.88720703125
10652,6377.6630859375
10653,5475.48046875
10654,6585.646484375
10655,3512.56396484375
10656,7704.4482421875
10657,5809.1630859375
10658,3166.551513671875
10659,4701.38330078125
10660,6273.36376953125
10661,5869.75341796875
10662,3367.324951171875
10663,5265.32421875
10664,5387.88037109375
10665,5932.431640625
10666,4999.50244140625
10667,8836.3623046875
10668,4326.2880859375
10669,3914.064453125
10670,6038.4658203125
10671,5710.0029296875
10672,2920.397216796875
10673,4475.2958984375
10674,7934.29638671875
10675,7884.31201171875
10676,11253.4619140625
10677,7244.048828125
10678,7370.3173828125
10679,6324.61474609375
10680,4162.03076171875
10681,9384.61328125
10682,8289.3603515625
10683,6718.40234375
10684,5399.24609375
10685,5286.26611328125
10686,4800.896484375
10687,4026.46484375
10688,7707.01171875
10689,6835.54345703125
10690,5371.74755859375
10691,4675.484375
10692,1278.6165771484375
10693,7612.19873046875
10694,5081.69091796875
10695,5567.9189453125
10696,3859.113525390625
10697,5483.712890625
10698,5702.5576171875
10699,3357.15966796875
10700,9931.021484375
10701,4670.0439453125
10702,4155.365234375
10703,3577.9208984375
10704,3528.6123046875
10705,5129.8056640625
10706,13036.171875
10707,3667.61962890625
10708,6179.69482421875
10709,5369.09521484375
10710,3484.2666015625
10711,3105.01025390625
10712,6178.693359375
10713,2561.38037109375
10714,8924.83984375
10715,5461.6953125
10716,2624.65087890625
10717,7668.26708984375
10718,1534.8656005859375
10719,4316.69091796875
10720,9770.1474609375
10721,7470.89697265625
10722,8152.23291015625
10723,3035.67822265625
10724,4631.79248046875
10725,4293.39013671875
10726,4634.337890625
10727,15084.0107421875
10728,10335.6572265625
10729,6255.78369140625
10730,3551.76123046875
10731,6032.099609375
10732,4102.52099609375
10733,2894.974365234375
10734,7976.08349609375
10735,4196.42626953125
10736,4460.3623046875
10737,6049.68701171875
10738,5090.36279296875
10739,4841.0302734375
10740,5304.10595703125
10741,6529.306640625
10742,6402.5556640625
10743,3372.276611328125
10744,4513.10498046875
10745,7077.50439453125
10746,8233.5634765625
10747,5481.3271484375
10748,7408.62548828125
10749,1890.232177734375
10750,8169.1953125
10751,5487.27734375
10752,3079.734375
10753,4175.7490234375
10754,4571.759765625
10755,4113.716796875
10756,7285.68115234375
10757,4058.431396484375
10758,6487.20703125
10759,5288.8564453125
10760,7520.39794921875
10761,7717.36474609375
10762,5729.8046875
10763,8229.6083984375
10764,6009.83447265625
10765,3365.874267578125
10766,11226.1552734375
10767,3279.79443359375
10768,3187.91845703125
10769,6345.78759765625
10770,10845.62109375
10771,8709.2626953125
10772,4102.935546875
10773,4548.62939453125
10774,5584.34521484375
10775,6337.38623046875
10776,4636.322265625
10777,6376.56689453125
10778,2595.376220703125
10779,4094.89306640625
10780,4230.40625
10781,2960.978759765625
10782,4147.498046875
10783,7639.17236328125
10784,6436.68359375
10785,5899.54541015625
10786,5310.66064453125
10787,7396.99658203125
10788,7425.2841796875
10789,4682.779296875
10790,5279.24365234375
10791,4750.39990234375
10792,6975.8896484375
10793,5573.1259765625
10794,2235.46875
10795,6351.14208984375
10796,7018.40869140625
10797,6056.703125
10798,5093.55078125
10799,3206.504638671875
10800,9478.982421875
10801,3170.408203125
10802,8815.607421875
10803,4755.92626953125
10804,4721.51318359375
10805,8206.6337890625
10806,6735.5380859375
10807,4092.70947265625
10808,7607.41845703125
10809,2759.723388671875
10810,6767.765625
10811,9700.3779296875
10812,6609.58447265625
10813,2921.391845703125
10814,5415.14794921875
10815,3446.088134765625
10816,2743.048828125
10817,5649.92822265625
10818,5731.09423828125
10819,5221.6474609375
10820,3749.88330078125
10821,4501.37109375
10822,4112.10498046875
10823,7454.1611328125
10824,5859.02734375
10825,5712.05517578125
10826,3430.411376953125
10827,5380.89501953125
10828,6135.32861328125
10829,5834.2568359375
10830,7182.57861328125
10831,6908.44384765625
10832,8504.826171875
10833,5783.798828125
10834,5539.34765625
10835,2989.363037109375
10836,5821.85107421875
10837,8845.2509765625
10838,7021.97314453125
10839,7706.40869140625
10840,13293.15234375
10841,2869.811279296875
10842,4969.7236328125
10843,4734.59619140625
10844,8408.888671875
10845,9111.064453125
10846,7571.5029296875
10847,7651.2998046875
10848,7553.3486328125
10849,6640.21533203125
10850,6125.22900390625
10851,5363.8505859375
10852,3747.996337890625
10853,5060.0322265625
10854,3556.72216796875
10855,3361.22900390625
10856,6376.5556640625
10857,13326.2333984375
10858,5215.384765625
10859,3233.332763671875
10860,5084.328125
10861,4957.8984375
10862,6195.9853515625
10863,2515.119384765625
10864,5609.4990234375
10865,6764.6005859375
10866,3467.591796875
10867,10889.5615234375
10868,12163.3935546875
10869,3796.820556640625
10870,5363.654296875
10871,3638.152099609375
10872,3599.867431640625
10873,4687.75830078125
10874,7956.4521484375
10875,3326.01171875
10876,4756.66064453125
10877,2925.687255859375
10878,4988.66943359375
10879,4633.6376953125
10880,6379.23095703125
10881,3071.142578125
10882,8149.1748046875
10883,6303.33984375
10884,4122.865234375
10885,3941.430908203125
10886,3519.7958984375
10887,5053.46728515625
10888,4026.995361328125
10889,9682.4384765625
10890,4705.98876953125
10891,4191.86474609375
10892,6263.96484375
10893,4400.443359375
10894,5685.14599609375
10895,4869.34326171875
10896,5229.80859375
10897,10705.609375
10898,7028.09716796875
10899,6140.2724609375
10900,3022.6650390625
10901,5280.02001953125
10902,5983.89111328125
10903,3389.977783203125
10904,4668.5224609375
10905,5550.666015625
10906,10004.55078125
10907,7056.07666015625
10908,5506.17626953125
10909,5857.98046875
10910,3951.25244140625
10911,7844.38330078125
10912,5048.1201171875
10913,9181.1689453125
10914,6927.93505859375
10915,5524.56298828125
10916,3987.77294921875
10917,2766.455322265625
10918,4430.78466796875
10919,18663.58984375
10920,1973.5770263671875
10921,4944.93359375
10922,5875.19970703125
10923,7423.666015625
10924,5534.93701171875
10925,7965.8779296875
10926,5333.73583984375
10927,7211.29443359375
10928,3049.074951171875
10929,8066.3974609375
10930,3837.812744140625
10931,6701.4970703125
10932,8262.6484375
10933,3662.7880859375
10934,7543.9296875
10935,6929.96630859375
10936,3887.939208984375
10937,7912.4580078125
10938,6944.1455078125
10939,2065.02392578125
10940,8269.4248046875
10941,6282.95263671875
10942,4645.673828125
10943,9522.9521484375
10944,8812.74609375
10945,6458.70458984375
10946,4475.87353515625
10947,4096.8193359375
10948,5443.1708984375
10949,3115.43603515625
10950,6330.439453125
10951,2426.80712890625
10952,5465.23828125
10953,2978.389892578125
10954,5996.32568359375
10955,5432.4814453125
10956,4406.76025390625
10957,5259.6845703125
10958,8599.2822265625
10959,5938.8720703125
10960,7005.90380859375
10961,4859.22509765625
10962,5778.18896484375
10963,8496.1962890625
10964,6704.09619140625
10965,3436.32666015625
10966,4750.39306640625
10967,5506.6337890625
10968,3634.171630859375
10969,12790.505859375
10970,5506.0380859375
10971,8075.19580078125
10972,7865.53515625
10973,6905.73974609375
10974,2033.4573974609375
10975,14727.8857421875
10976,8299.1806640625
10977,5872.4375
10978,7144.5986328125
10979,6487.75634765625
10980,7626.82568359375
10981,5787.28857421875
10982,4100.87744140625
10983,2957.3408203125
10984,3623.308349609375
10985,7524.6259765625
10986,2580.024169921875
10987,7749.04443359375
10988,6460.66845703125
10989,4588.64208984375
10990,6900.43603515625
10991,4914.0576171875
10992,7087.98876953125
10993,3848.328125
10994,4232.25146484375
10995,5505.720703125
10996,4035.681640625
10997,5940.1181640625
10998,6269.380859375
10999,8362.5205078125
11000,5819.591796875
11001,4045.914306640625
11002,5625.91162109375
11003,6706.673828125
11004,6135.12158203125
11005,3155.799072265625
11006,3843.34716796875
11007,7856.7353515625
11008,6066.57470703125
11009,3692.632080078125
11010,6604.4423828125
11011,6533.783203125
11012,4595.49560546875
11013,4739.87939453125
11014,1065.703125
11015,6751.7314453125
11016,5894.671875
11017,4863.3330078125
11018,8700.869140625
11019,6451.5185546875
11020,3397.681884765625
11021,5941.962890625
11022,3260.4716796875
11023,453.70355224609375
11024,6102.939453125
11025,7348.78173828125
11026,6807.88037109375
11027,4484.54150390625
11028,1445.0771484375
11029,4932.16650390625
11030,6256.791015625
11031,5889.74267578125
11032,8067.48486328125
11033,2710.56005859375
11034,5346.5458984375
11035,2995.1767578125
11036,6443.58837890625
11037,3290.616455078125
11038,2278.097412109375
11039,5928.2060546875
11040,3978.151611328125
11041,5705.0927734375
11042,5006.11279296875
11043,4823.6171875
11044,5413.79345703125
11045,6945.9169921875
11046,4730.3857421875
11047,3290.34765625
11048,9973.7236328125
11049,5915.83251953125
11050,5846.23583984375
11051,2390.43798828125
11052,5593.158203125
11053,5699.158203125
11054,3836.052001953125
11055,8246.1669921875
11056,7040.314453125
11057,6236.978515625
11058,5678.89208984375
11059,5757.2763671875
11060,7044.314453125
11061,10080.015625
11062,3120.11865234375
11063,3726.310791015625
11064,5052.29052734375
11065,5305.02734375
11066,6076.3662109375
11067,7939.16943359375
11068,6003.09228515625
11069,4301.0556640625
11070,2483.052978515625
11071,5639.654296875
11072,7585.44970703125
11073,2931.159423828125
11074,5997.8349609375
11075,2543.53857421875
11076,6450.52294921875
11077,5728.11279296875
11078,5300.12744140625
11079,5376.16162109375
11080,3831.103515625
11081,5012.57763671875
11082,6530.7998046875
11083,4505.95068359375
11084,7748.43505859375
11085,5479.38916015625
11086,8750.443359375
11087,4210.06982421875
11088,3396.032470703125
11089,7987.7490234375
11090,2498.89013671875
11091,9085.552734375
11092,5346.2275390625
11093,4846.4052734375
11094,6113.63427734375
11095,3702.5556640625
11096,3801.052490234375
11097,5992.99951171875
11098,2703.6220703125
11099,4901.24072265625
11100,5548.2568359375
11101,6050.51416015625
11102,9856.5966796875
11103,6058.23828125
11104,4993.19091796875
11105,4033.10546875
11106,5989.2763671875
11107,3175.939208984375
11108,10719.646484375
11109,6874.59130859375
11110,10472.8505859375
11111,5314.60888671875
11112,5207.71044921875
11113,9537.611328125
11114,7615.6240234375
11115,2583.653076171875
11116,7937.857421875
11117,5232.87646484375
11118,6145.14697265625
11119,4957.431640625
11120,4214.13671875
11121,3299.56201171875
11122,4588.09912109375
11123,3576.1357421875
11124,2846.3544921875
11125,6326.05126953125
11126,5268.7255859375
11127,24724.078125
11128,7623.32958984375
11129,3885.756591796875
11130,7931.41455078125
11131,11074.470703125
11132,5388.59033203125
11133,8443.009765625
11134,5666.45947265625
11135,7872.416015625
11136,7890.130859375
11137,6349.8095703125
11138,4959.50244140625
11139,6737.24609375
11140,8038.58154296875
11141,7507.67041015625
11142,7142.19091796875
11143,6298.40673828125
11144,4616.390625
11145,6042.11572265625
11146,9733.2216796875
11147,10412.119140625
11148,10182.5439453125
11149,8409.5615234375
11150,4339.4541015625
11151,6482.2919921875
11152,4977.47998046875
11153,8240.30078125
11154,10053.7099609375
11155,10831.353515625
11156,5683.8173828125
11157,5822.11865234375
11158,4186.0029296875
11159,5596.06787109375
11160,9571.830078125
11161,7512.69189453125
11162,4823.61865234375
11163,4642.9453125
11164,8334.7333984375
11165,2831.552490234375
11166,8323.548828125
11167,5099.8115234375
11168,7758.71240234375
11169,6840.041015625
11170,6012.126953125
11171,8467.16015625
11172,6927.9404296875
11173,5106.45361328125
11174,6143.65966796875
11175,6907.9775390625
11176,12951.6328125
11177,6522.353515625
11178,7485.15966796875
11179,8051.52978515625
11180,10618.9951171875
11181,6803.88671875
11182,11754.6904296875
11183,5479.9873046875
11184,5913.3642578125
11185,5568.84130859375
11186,6182.9560546875
11187,10019.8525390625
11188,8451.4306640625
11189,5264.57275390625
11190,8413.8984375
11191,6960.3916015625
11192,11498.5234375
11193,3628.592041015625
11194,12887.6826171875
11195,4616.7451171875
11196,5722.1142578125
11197,9414.37109375
11198,4625.46435546875
11199,5923.462890625
11200,7183.642578125
11201,7874.14453125
11202,5878.4521484375
11203,5194.87890625
11204,8146.91796875
11205,7836.2236328125
11206,7799.26025390625
11207,4754.9609375
11208,7611.7294921875
11209,12752.3720703125
11210,7541.494140625
11211,4900.7353515625
11212,8000.99951171875
11213,6098.0517578125
11214,6380.8720703125
11215,7851.7138671875
11216,4648.740234375
11217,8323.8447265625
11218,6267.16845703125
11219,7325.25146484375
11220,8148.97802734375
11221,5409.10302734375
11222,5690.9150390625
11223,5795.38623046875
11224,9207.2138671875
11225,8597.8017578125
11226,5029.35595703125
11227,6007.5615234375
11228,7197.3603515625
11229,6544.08203125
11230,6621.005859375
11231,6810.5634765625
11232,6597.837890625
11233,7909.29931640625
11234,5463.1240234375
11235,4734.99072265625
11236,6597.24169921875
11237,9230.5576171875
11238,6814.3955078125
11239,9340.12890625
11240,9038.4462890625
11241,6420.9560546875
11242,10147.7421875
11243,5602.8720703125
11244,7490.27978515625
11245,9542.4033203125
11246,6568.4951171875
11247,10716.9091796875
11248,8526.8115234375
11249,7909.9951171875
11250,6408.23876953125
11251,8353.8642578125
11252,9097.62109375
11253,5763.16455078125
11254,3065.153076171875
11255,6221.263671875
11256,7987.26953125
11257,6126.525390625
11258,4553.298828125
11259,8650.623046875
11260,5428.05078125
11261,6291.8154296875
11262,6317.18505859375
11263,5267.35302734375
11264,7345.55224609375
11265,7232.755859375
11266,8096.63525390625
11267,5684.92578125
11268,5000.3935546875
11269,6486.78662109375
11270,3564.984375
11271,7785.26611328125
11272,6211.267578125
11273,9289.888671875
11274,7351.4423828125
11275,6162.65576171875
11276,12406.76171875
11277,4555.54052734375
11278,5551.2109375
11279,11368.0390625
11280,7575.93359375
11281,9157.443359375
11282,8320.4462890625
11283,6414.26953125
11284,6088.47021484375
11285,5511.82958984375
11286,7913.64013671875
11287,10998.9775390625
11288,6934.66552734375
11289,3168.571044921875
11290,5077.23046875
11291,8850.029296875
11292,7702.62109375
11293,7001.2890625
11294,6631.3603515625
11295,4796.341796875
11296,4445.646484375
11297,3605.104248046875
11298,5030.6455078125
11299,6964.43408203125
11300,7633.96728515625
11301,6421.61962890625
11302,9428.1494140625
11303,8979.62890625
11304,9989.341796875
11305,7505.89794921875
11306,5290.38525390625
11307,9777.939453125
11308,11920.775390625
11309,5845.62158203125
11310,8012.58154296875
11311,5461.75244140625
11312,6866.9091796875
11313,3863.70947265625
11314,7038.96484375
11315,5595.01806640625
11316,9333.0703125
11317,6843.02587890625
11318,9193.380859375
11319,8151.1181640625
11320,5604.48193359375
11321,9018.1748046875
11322,18606.015625
11323,10902.478515625
11324,6020.95458984375
11325,4430.08642578125
11326,6642.2958984375
11327,9114.693359375
11328,5987.62109375
11329,12542.1123046875
11330,20482.322265625
11331,5022.08154296875
11332,5608.8486328125
11333,8751.0908203125
11334,5399.138671875
11335,7561.01806640625
11336,6947.9765625
11337,8269.99609375
11338,5384.49853515625
11339,5941.75341796875
11340,6944.7060546875
11341,7278.8759765625
11342,10417.3125
11343,7080.83544921875
11344,6376.384765625
11345,7241.81591796875
11346,4790.54443359375
11347,5269.041015625
11348,7340.50390625
11349,6018.2021484375
11350,5791.46435546875
11351,7751.27587890625
11352,5928.41064453125
11353,4902.76416015625
11354,7592.46142578125
11355,7250.1630859375
11356,9230.732421875
11357,9130.6298828125
11358,7646.9169921875
11359,5634.86669921875
11360,3584.02734375
11361,6145.2236328125
11362,6950.36474609375
11363,6613.18408203125
11364,4123.10009765625
11365,8437.8994140625
11366,6724.96435546875
11367,10530.63671875
11368,7010.2666015625
11369,5752.3876953125
11370,4944.0244140625
11371,4663.91455078125
11372,10935.158203125
11373,5160.39208984375
11374,8523.9521484375
11375,15811.7802734375
11376,7477.25390625
11377,6083.87353515625
11378,5423.42529296875
11379,5907.93359375
11380,7485.49365234375
11381,4305.359375
11382,5115.89599609375
11383,9896.5654296875
11384,5351.5546875
11385,16031.201171875
11386,12251.228515625
11387,5775.97216796875
11388,7373.80810546875
11389,5926.490234375
11390,7549.92822265625
11391,6554.50439453125
11392,11915.212890625
11393,8706.0185546875
11394,9314.3681640625
11395,3715.04638671875
11396,8087.26416015625
11397,6802.2705078125
11398,8068.62744140625
11399,7249.35888671875
11400,6452.412109375
11401,7217.2587890625
11402,6669.46728515625
11403,9670.8291015625
11404,9741.0673828125
11405,7505.32275390625
11406,10660.7607421875
11407,6787.95166015625
11408,10126.8271484375
11409,5807.9921875
11410,5451.337890625
11411,6368.28125
11412,12506.279296875
11413,6501.48486328125
11414,7833.4755859375
11415,6894.02001953125
11416,8879.5712890625
11417,5592.4970703125
11418,9017.60546875
11419,6816.49658203125
11420,3904.42822265625
11421,9595.48828125
11422,18486.81640625
11423,7722.40576171875
11424,7671.77978515625
11425,9282.083984375
11426,10610.4482421875
11427,11904.9931640625
11428,6057.552734375
11429,7659.45849609375
11430,6854.53466796875
11431,9341.26953125
11432,4120.4443359375
11433,6221.91015625
11434,5989.43896484375
11435,5659.24609375
11436,7757.96337890625
11437,5320.658203125
11438,4679.423828125
11439,8266.8818359375
11440,4064.179443359375
11441,4716.05078125
11442,6214.86669921875
11443,6960.919921875
11444,10359.1806640625
11445,10029.166015625
11446,7414.04052734375
11447,7006.09423828125
11448,6577.23876953125
11449,10399.1240234375
11450,7459.189453125
11451,5877.2431640625
11452,5416.14892578125
11453,9104.8720703125
11454,4490.671875
11455,6998.328125
11456,3101.91455078125
11457,4557.958984375
11458,9035.3408203125
11459,7207.53857421875
11460,6225.58642578125
11461,9322.3486328125
11462,10110.3583984375
11463,11324.4541015625
11464,6804.896484375
11465,10073.169921875
11466,2362.192138671875
11467,5827.79052734375
11468,6698.5732421875
11469,4234.03955078125
11470,8005.9296875
11471,5594.64501953125
11472,4918.0947265625
11473,9910.40625
11474,9634.4951171875
11475,8620.671875
11476,5407.1162109375
11477,5085.146484375
11478,11009.828125
11479,8775.1337890625
11480,5764.142578125
11481,6179.94580078125
11482,7482.7314453125
11483,11121.623046875
11484,4265.6181640625
11485,5679.3154296875
11486,9246.25
11487,9329.66015625
11488,12631.236328125
11489,7508.59619140625
11490,14973.5439453125
11491,7075.029296875
11492,5534.22412109375
11493,2347.998046875
11494,5792.17919921875
11495,6731.92041015625
11496,5558.99658203125
11497,9228.6650390625
11498,5240.26708984375
11499,4583.3544921875
11500,7418.10546875
11501,4805.98095703125
11502,7221.9765625
11503,7519.50048828125
11504,7692.95166015625
11505,8946.029296875
11506,5803.65869140625
11507,10293.6630859375
11508,5674.861328125
11509,5704.96533203125
11510,6387.44970703125
11511,5708.1162109375
11512,9883.23046875
11513,6363.9326171875
11514,4648.23974609375
11515,6785.62255859375
11516,9119.2451171875
11517,7904.66748046875
11518,5669.3349609375
11519,9469.501953125
11520,5668.443359375
11521,7161.3203125
11522,6453.26416015625
11523,10254.0263671875
11524,5835.44140625
11525,6652.15185546875
11526,6200.4228515625
11527,5623.48291015625
11528,4628.912109375
11529,6044.275390625
11530,9513.2626953125
11531,9621.7197265625
11532,12642.111328125
11533,12423.27734375
11534,9570.5263671875
11535,6459.74755859375
11536,5246.134765625
11537,10806.224609375
11538,11493.828125
11539,8573.8212890625
11540,8563.60546875
11541,9461.4296875
11542,6061.7333984375
11543,2999.480712890625
11544,8500.9921875
11545,7072.69287109375
11546,7314.3955078125
11547,5265.87255859375
11548,2530.760009765625
11549,11736.009765625
11550,5070.0087890625
11551,4803.93017578125
11552,5168.85400390625
11553,5990.95703125
11554,6934.63037109375
11555,6857.7177734375
11556,7536.6796875
11557,4803.236328125
11558,4996.41455078125
11559,3505.6240234375
11560,2516.610107421875
11561,7493.60791015625
11562,17840.451171875
11563,4702.62109375
11564,6720.65771484375
11565,7265.9375
11566,5552.240234375
11567,5102.14990234375
11568,5716.90771484375
11569,3931.193115234375
11570,8176.7802734375
11571,7324.50341796875
11572,4094.7939453125
11573,9430.4482421875
11574,5414.15380859375
11575,5858.86376953125
11576,10608.4365234375
11577,7569.11328125
11578,10121.361328125
11579,5012.00244140625
11580,7188.7236328125
11581,5030.3916015625
11582,6101.4833984375
11583,14575.3720703125
11584,12130.572265625
11585,7554.6552734375
11586,5525.2412109375
11587,5934.4560546875
11588,7564.427734375
11589,4621.53857421875
11590,9736.5078125
11591,5690.2890625
11592,5390.873046875
11593,8410.14453125
11594,4548.001953125
11595,6840.38671875
11596,6686.82861328125
11597,7946.89453125
11598,7815.984375
11599,4322.5888671875
11600,5096.16552734375
11601,7766.90673828125
11602,9572.591796875
11603,9449.63671875
11604,7687.7978515625
11605,3703.95263671875
11606,8225.5205078125
11607,6061.671875
11608,5545.5849609375
11609,7267.5205078125
11610,7495.06591796875
11611,6259.28515625
11612,7365.53564453125
11613,6720.91015625
11614,5500.42822265625
11615,6301.271484375
11616,7363.81689453125
11617,8206.400390625
11618,6273.751953125
11619,10478.9755859375
11620,6412.57275390625
11621,4836.4267578125
11622,13120.181640625
11623,5749.1552734375
11624,3592.44921875
11625,8831.787109375
11626,12608.7978515625
11627,10015.443359375
11628,4704.9931640625
11629,6617.05078125
11630,5728.69677734375
11631,7037.2421875
11632,6465.37451171875
11633,7051.21728515625
11634,3678.616455078125
11635,5944.4775390625
11636,6794.52392578125
11637,5232.7119140625
11638,6901.14990234375
11639,6584.0146484375
11640,8562.013671875
11641,5513.658203125
11642,7265.22265625
11643,7548.81005859375
11644,9006.48828125
11645,5942.03173828125
11646,6447.7431640625
11647,6388.58447265625
11648,9184.4560546875
11649,9234.6826171875
11650,3556.87109375
11651,9657.4169921875
11652,7421.8369140625
11653,7765.72509765625
11654,3978.695068359375
11655,4681.802734375
11656,9503.0986328125
11657,5963.24169921875
11658,9586.8642578125
11659,7057.24365234375
11660,5683.65185546875
11661,9295.322265625
11662,7813.337890625
11663,6730.5361328125
11664,8759.1064453125
11665,6247.7412109375
11666,9625.4462890625
11667,12050.6474609375
11668,7956.7451171875
11669,5070.25390625
11670,5981.193359375
11671,4832.61083984375
11672,3979.2666015625
11673,8694.857421875
11674,6008.29541015625
11675,9867.7041015625
11676,4648.87109375
11677,6926.119140625
11678,6212.0556640625
11679,9407.2548828125
11680,7284.72509765625
11681,5361.3369140625
11682,5865.21240234375
11683,7680.8623046875
11684,5360.3427734375
11685,8550.1572265625
11686,8280.94140625
11687,7968.673828125
11688,8565.494140625
11689,7355.7705078125
11690,6680.888671875
11691,4537.35400390625
11692,5541.591796875
11693,11693.880859375
11694,10636.025390625
11695,8566.5771484375
11696,16337.2373046875
11697,6199.96875
11698,4794.66943359375
11699,7246.7041015625
11700,9647.06640625
11701,10737.7509765625
11702,7795.57275390625
11703,8469.5986328125
11704,8700.380859375
11705,6447.5458984375
11706,7509.47900390625
11707,5724.83837890625
11708,5015.4169921875
11709,5578.22265625
11710,4685.7841796875
11711,5705.974609375
11712,8851.1982421875
11713,16400.80078125
11714,6857.005859375
11715,4936.5966796875
11716,8746.6474609375
11717,4714.07470703125
11718,7690.6494140625
11719,4963.27001953125
11720,9996.267578125
11721,7118.68359375
11722,7181.02294921875
11723,14315.669921875
11724,14606.19921875
11725,6489.05712890625
11726,6452.5947265625
11727,3683.96875
11728,4930.01611328125
11729,5647.9248046875
11730,8868.8955078125
11731,4438.37548828125
11732,5269.814453125
11733,5431.18408203125
11734,5751.44677734375
11735,7124.53564453125
11736,7437.48291015625
11737,3197.923828125
11738,8132.04443359375
11739,8084.60498046875
11740,8123.06591796875
11741,5391.369140625
11742,4878.3095703125
11743,8750.4990234375
11744,4209.64892578125
11745,10311.7470703125
11746,4819.14892578125
11747,5850.548828125
11748,7485.00537109375
11749,6591.33251953125
11750,4566.67529296875
11751,7369.6865234375
11752,6814.94873046875
11753,9409.4677734375
11754,9663.841796875
11755,6608.71240234375
11756,3651.3828125
11757,4784.7080078125
11758,6857.166015625
11759,4579.00146484375
11760,6902.99365234375
11761,7422.8935546875
11762,11604.99609375
11763,8386.751953125
11764,8051.6005859375
11765,7687.556640625
11766,4430.3115234375
11767,10017.236328125
11768,5947.0458984375
11769,11877.412109375
11770,7145.6220703125
11771,6607.74951171875
11772,5309.8232421875
11773,5395.30224609375
11774,7167.93896484375
11775,18834.248046875
11776,4141.458984375
11777,5426.37158203125
11778,10522.0771484375
11779,6883.82568359375
11780,6381.21875
11781,9011.564453125
11782,6534.927734375
11783,6626.1787109375
11784,4533.6337890625
11785,9875.748046875
11786,6434.36669921875
11787,7315.98486328125
11788,7473.373046875
11789,4519.12744140625
11790,7218.7314453125
11791,9337.5458984375
11792,3676.8134765625
11793,8979.6767578125
11794,10551.330078125
11795,4409.541015625
11796,8410.8037109375
11797,7634.5986328125
11798,5441.3388671875
11799,10530.77734375
11800,7454.361328125
11801,8307.9599609375
11802,4807.7939453125
11803,4689.66357421875
11804,6976.8935546875
11805,3548.484619140625
11806,8440.0888671875
11807,4589.99462890625
11808,6162.0576171875
11809,5135.92919921875
11810,6638.46484375
11811,6140.6318359375
11812,8000.25927734375
11813,6862.50537109375
11814,9330.783203125
11815,6261.728515625
11816,7717.63232421875
11817,5788.5126953125
11818,9943.4736328125
11819,9735.87890625
11820,7498.82958984375
11821,3419.40576171875
11822,5588.63671875
11823,7477.14453125
11824,2866.197509765625
11825,12647.2021484375
11826,5539.7509765625
11827,10820.9833984375
11828,9476.228515625
11829,7907.45166015625
11830,3858.09619140625
11831,14981.6630859375
11832,11250.9921875
11833,5437.5703125
11834,8993.791015625
11835,9417.6826171875
11836,8254.6240234375
11837,7505.69921875
11838,7708.8984375
11839,5098.52783203125
11840,7641.603515625
11841,8292.541015625
11842,4492.326171875
11843,7860.5947265625
11844,7837.53271484375
11845,6368.06640625
11846,8290.7744140625
11847,6220.83056640625
11848,6389.66552734375
11849,4646.7373046875
11850,7415.7998046875
11851,7434.7138671875
11852,7432.6298828125
11853,6606.3681640625
11854,7858.068359375
11855,9756.5625
11856,6251.7451171875
11857,5061.2890625
11858,6767.88720703125
11859,7599.8115234375
11860,6117.01025390625
11861,4921.68115234375
11862,4477.37646484375
11863,6934.158203125
11864,8537.7578125
11865,6094.78076171875
11866,8776.4716796875
11867,6344.5908203125
11868,5737.2109375
11869,5447.28076171875
11870,2607.6689453125
11871,7449.94287109375
11872,7580.6611328125
11873,7224.373046875
11874,9640.16796875
11875,8789.7490234375
11876,4988.74658203125
11877,7464.28955078125
11878,4135.6103515625
11879,2280.55078125
11880,8177.68359375
11881,11313.6396484375
11882,8329.3984375
11883,7476.0859375
11884,4067.615478515625
11885,7081.95263671875
11886,8855.9228515625
11887,5081.42822265625
11888,7881.38037109375
11889,4480.3984375
11890,5186.349609375
11891,3933.626953125
11892,5976.63427734375
11893,6210.30224609375
11894,4918.48681640625
11895,6467.267578125
11896,4117.6005859375
11897,7055.77392578125
11898,7900.9150390625
11899,5695.052734375
11900,6289.7197265625
11901,7660.5751953125
11902,6351.32421875
11903,5214.32763671875
11904,9078.6552734375
11905,7420.67724609375
11906,5666.47998046875
11907,4062.3583984375
11908,12767.9794921875
11909,7729.0693359375
11910,5901.154296875
11911,8531.7021484375
11912,8113.00830078125
11913,7746.33154296875
11914,6173.9658203125
11915,6889.6396484375
11916,11341.357421875
11917,12466.921875
11918,5453.25634765625
11919,5438.95556640625
11920,6238.875
11921,6604.44482421875
11922,6705.73583984375
11923,9101.0166015625
11924,9112.8935546875
11925,4867.568359375
11926,4037.168701171875
11927,5839.185546875
11928,9124.228515625
11929,5662.06103515625
11930,7496.6650390625
11931,4451.5908203125
11932,8542.8349609375
11933,7898.9296875
11934,7085.18408203125
11935,8320.8720703125
11936,7037.62158203125
11937,4438.52099609375
11938,6690.0419921875
11939,8204.095703125
11940,8632.8603515625
11941,8044.2509765625
11942,8624.787109375
11943,5857.099609375
11944,4803.1806640625
11945,10910.978515625
11946,4122.41650390625
11947,10186.53515625
11948,6549.32568359375
11949,5099.84423828125
11950,7388.7021484375
11951,5877.77392578125
11952,7730.45654296875
11953,8540.83984375
11954,4680.53564453125
11955,5427.95166015625
11956,7469.0634765625
11957,9054.228515625
11958,9898.388671875
11959,6771.96728515625
11960,5788.89501953125
11961,6060.2763671875
11962,6631.79296875
11963,5285.0576171875
11964,10967.322265625
11965,9977.6982421875
11966,10378.8740234375
11967,4921.5390625
11968,6237.73583984375
11969,11455.09375
11970,9192.033203125
11971,5233.38720703125
11972,10688.8193359375
11973,6291.373046875
11974,6118.55615234375
11975,4860.470703125
11976,6430.45556640625
11977,5008.47509765625
11978,5682.314453125
11979,4626.818359375
11980,4046.376953125
11981,8999.6796875
11982,6871.138671875
11983,23158.453125
11984,8313.658203125
11985,4955.92138671875
11986,7588.27490234375
11987,11250.35546875
11988,6593.86474609375
11989,8174.58935546875
11990,7332.87109375
11991,8391.3017578125
11992,9006.0908203125
11993,5719.94775390625
11994,5718.5205078125
11995,6446.37646484375
11996,8079.3955078125
11997,8161.189453125
11998,8853.681640625
11999,6120.751953125
12000,4765.71337890625
12001,6799.36865234375
12002,9122.9912109375
12003,11640.5537109375
12004,9017.4150390625
12005,8354.3349609375
12006,3963.141845703125
12007,6691.76904296875
12008,4658.5126953125
12009,8369.095703125
12010,10707.640625
12011,10923.166015625
12012,5614.599609375
12013,6391.57373046875
12014,5013.43603515625
12015,5956.17138671875
12016,9702.419921875
12017,7947.1259765625
12018,5201.4189453125
12019,5138.216796875
12020,9175.3818359375
12021,3332.222412109375
12022,8443.3271484375
12023,5604.49169921875
12024,7810.1025390625
12025,7770.08349609375
12026,6805.78955078125
12027,8144.384765625
12028,7168.94580078125
12029,5856.7841796875
12030,6786.79345703125
12031,7462.970703125
12032,13015.138671875
12033,6731.62890625
12034,8116.5986328125
12035,8345.9921875
12036,9299.423828125
12037,6591.66748046875
12038,11932.83984375
12039,5606.9951171875
12040,6457.86279296875
12041,6212.224609375
12042,5980.64013671875
12043,9781.48828125
12044,8586.2021484375
12045,5455.15087890625
12046,7787.10595703125
12047,6609.09521484375
12048,12076.6904296875
12049,4263.0146484375
12050,13297.0712890625
12051,5475.095703125
12052,6031.837890625
12053,9788.8486328125
12054,5408.73974609375
12055,7233.80322265625
12056,7516.208984375
12057,8374.53125
12058,6236.173828125
12059,4621.2646484375
12060,7525.296875
12061,7554.69921875
12062,7551.142578125
12063,4857.56494140625
12064,9429.8310546875
12065,12542.087890625
12066,7440.537109375
12067,5574.8759765625
12068,8127.1123046875
12069,6311.80615234375
12070,5793.73779296875
12071,7581.24267578125
12072,4995.85595703125
12073,8509.2685546875
12074,6751.7822265625
12075,7602.32763671875
12076,8073.66015625
12077,4896.1201171875
12078,6198.0888671875
12079,5139.03271484375
12080,9653.5888671875
12081,8864.154296875
12082,5711.72216796875
12083,6625.44189453125
12084,7630.3359375
12085,6660.212890625
12086,6506.0986328125
12087,6584.48779296875
12088,6644.84326171875
12089,8435.2939453125
12090,5035.56787109375
12091,4906.29443359375
12092,6707.2578125
12093,8719.80078125
12094,7645.83837890625
12095,8792.74609375
12096,8776.4150390625
12097,6217.4013671875
12098,9875.6513671875
12099,6322.44384765625
12100,7725.74609375
12101,9930.8095703125
12102,6884.025390625
12103,11101.17578125
12104,8751.5751953125
12105,7836.02783203125
12106,6636.79638671875
12107,8298.22265625
12108,8585.2783203125
12109,6041.39404296875
12110,3915.574462890625
12111,6676.759765625
12112,7832.28125
12113,6254.48486328125
12114,4887.76806640625
12115,9216.2646484375
12116,5848.3984375
12117,6448.72216796875
12118,6821.27734375
12119,5740.55517578125
12120,8651.0234375
12121,7810.654296875
12122,8054.857421875
12123,5233.158203125
12124,6978.646484375
12125,6422.666015625
12126,3747.80224609375
12127,7202.43359375
12128,6271.7431640625
12129,9265.93359375
12130,7605.2783203125
12131,6542.50439453125
12132,11764.4521484375
12133,5433.84228515625
12134,5871.92919921875
12135,12116.439453125
12136,7456.29345703125
12137,8949.0888671875
12138,8548.5498046875
12139,6274.71533203125
12140,6333.1298828125
12141,5720.07470703125
12142,9320.7373046875
12143,11968.26171875
12144,7485.630859375
12145,3734.7294921875
12146,5389.09814453125
12147,9136.013671875
12148,7139.271484375
12149,6759.7099609375
12150,7778.10595703125
12151,5514.009765625
12152,5026.12255859375
12153,4366.50439453125
12154,5332.0078125
12155,7032.27294921875
12156,7900.837890625
12157,6849.21142578125
12158,8881.8603515625
12159,8997.494140625
12160,10533.333984375
12161,8127.84912109375
12162,5746.09423828125
12163,9895.2568359375
12164,11376.16015625
12165,6783.87744140625
12166,8598.1640625
12167,5881.9384765625
12168,6967.12109375
12169,4550.318359375
12170,7493.5712890625
12171,6066.11328125
12172,9769.9462890625
12173,7267.6552734375
12174,9080.6376953125
12175,8619.01171875
12176,5903.00927734375
12177,9320.8974609375
12178,20079.84375
12179,11824.2451171875
12180,6959.453125
12181,3438.504150390625
12182,6934.39697265625
12183,9132.53125
12184,5698.5849609375
12185,13248.748046875
12186,19010.205078125
12187,5373.2197265625
12188,5879.84033203125
12189,10814.0595703125
12190,6143.02734375
12191,7470.74755859375
12192,7105.33984375
12193,8627.5693359375
12194,6156.751953125
12195,6113.07861328125
12196,7003.578125
12197,7863.255859375
12198,10498.580078125
12199,6682.501953125
12200,6124.61962890625
12201,7593.5087890625
12202,4938.5546875
12203,5129.75634765625
12204,7133.16552734375
12205,6113.95556640625
12206,6239.025390625
12207,7917.2373046875
12208,6356.09375
12209,5368.24365234375
12210,7938.16796875
12211,7676.220703125
12212,8824.8916015625
12213,8818.361328125
12214,7683.8759765625
12215,5893.01904296875
12216,3158.1240234375
12217,6910.25146484375
12218,8061.71337890625
12219,5963.8984375
12220,4784.69384765625
12221,9203.11328125
12222,8477.197265625
12223,10227.607421875
12224,7461.81640625
12225,6155.0400390625
12226,5334.7578125
12227,5361.021484375
12228,11346.2998046875
12229,5206.056640625
12230,7761.68603515625
12231,17114.4453125
12232,7865.6201171875
12233,8335.4169921875
12234,5621.6923828125
12235,5968.10888671875
12236,6901.48193359375
12237,4732.11962890625
12238,6183.86083984375
12239,11434.6240234375
12240,6087.3857421875
12241,17360.443359375
12242,13766.568359375
12243,5759.251953125
12244,7479.345703125
12245,6124.5283203125
12246,7657.0263671875
12247,7186.427734375
12248,11194.111328125
12249,8499.9677734375
12250,10926.1689453125
12251,4104.59423828125
12252,8126.150390625
12253,6430.59423828125
12254,8344.4248046875
12255,7312.5322265625
12256,7238.01904296875
12257,7020.4580078125
12258,7305.64208984375
12259,8973.4814453125
12260,13230.9248046875
12261,7695.5224609375
12262,11139.1064453125
12263,6770.98779296875
12264,10647.5927734375
12265,5629.11083984375
12266,5428.9169921875
12267,6746.04833984375
12268,12227.3427734375
12269,6872.603515625
12270,9349.123046875
12271,7282.57666015625
12272,8633.54296875
12273,5290.34228515625
12274,10390.14453125
12275,8006.00390625
12276,4224.96484375
12277,11177.412109375
12278,19349.84765625
12279,7636.9755859375
12280,7555.236328125
12281,10004.6845703125
12282,11322.3212890625
12283,12421.9658203125
12284,7408.2392578125
12285,8251.2001953125
12286,7216.5625
12287,9259.232421875
12288,4856.62939453125
12289,6978.1162109375
12290,5827.537109375
12291,5835.078125
12292,8204.517578125
12293,5514.330078125
12294,5048.216796875
12295,8775.0087890625
12296,4159.20703125
12297,4718.0341796875
12298,6921.35400390625
12299,6958.22705078125
12300,9967.791015625
12301,9228.9033203125
12302,7983.99560546875
12303,6807.0322265625
12304,7015.08447265625
12305,11229.1865234375
12306,7842.98779296875
12307,5364.86865234375
12308,5912.7177734375
12309,8204.140625
12310,4708.9619140625
12311,7542.65478515625
12312,3919.621826171875
12313,5549.22412109375
12314,10344.0537109375
12315,6997.63134765625
12316,6357.8486328125
12317,8487.845703125
12318,10614.6572265625
12319,12501.3984375
12320,7445.86474609375
12321,8861.453125
12322,3412.000244140625
12323,6010.82958984375
12324,6985.609375
12325,4644.95947265625
12326,8160.85498046875
12327,5988.42578125
12328,6118.07470703125
12329,9830.6572265625
12330,10444.9794921875
12331,10921.5810546875
12332,6037.794921875
12333,6273.08837890625
12334,11417.2958984375
12335,8725.7646484375
12336,7022.9345703125
12337,6050.54443359375
12338,7143.0400390625
12339,11744.783203125
12340,4350.00244140625
12341,6855.0341796875
12342,9098.7451171875
12343,8471.52734375
12344,14359.7109375
12345,5651.73095703125
12346,15681.138671875
12347,7300.703125
12348,5611.708984375
12349,3423.859130859375
12350,6284.3681640625
12351,6772.84716796875
12352,5784.65283203125
12353,8562.923828125
12354,5473.87841796875
12355,5675.54345703125
12356,7817.27685546875
12357,4813.3505859375
12358,7590.2548828125
12359,6882.8076171875
12360,8244.978515625
12361,9490.3984375
12362,6108.37353515625
12363,10137.392578125
12364,5832.47509765625
12365,6213.0009765625
12366,6512.72705078125
12367,5997.40771484375
12368,10612.091796875
12369,7326.771484375
12370,4943.5322265625
12371,7695.2958984375
12372,9666.72265625
12373,8501.2958984375
12374,5656.99462890625
12375,9607.794921875
12376,6441.87451171875
12377,6446.14599609375
12378,6565.25146484375
12379,9584.1904296875
12380,7049.36181640625
12381,7283.92822265625
12382,6171.02587890625
12383,5956.7861328125
12384,4079.80322265625
12385,6221.52001953125
12386,8940.4599609375
12387,10153.021484375
12388,12301.2919921875
12389,12639.1083984375
12390,9336.8154296875
12391,6752.3779296875
12392,5594.54443359375
12393,11808.802734375
12394,11689.0126953125
12395,7927.80126953125
12396,9511.68359375
12397,8910.18359375
12398,5996.39404296875
12399,4027.803466796875
12400,8395.50390625
12401,8157.5517578125
12402,7332.3759765625
12403,5841.623046875
12404,2123.57666015625
12405,12538.18359375
12406,6107.6025390625
12407,5943.599609375
12408,5279.6513671875
12409,5637.02685546875
12410,7810.06591796875
12411,7733.4013671875
12412,7117.66259765625
12413,4894.66259765625
12414,5088.7197265625
12415,4383.5341796875
12416,3224.4677734375
12417,7653.58935546875
12418,17823.375
12419,5375.0595703125
12420,6818.17431640625
12421,7375.11767578125
12422,6109.0439453125
12423,5861.25146484375
12424,6024.74951171875
12425,4786.716796875
12426,8029.63720703125
12427,8087.927734375
12428,4492.82275390625
12429,9246.830078125
12430,6305.1376953125
12431,5537.974609375
12432,10813.9228515625
12433,7893.08837890625
12434,10716.630859375
12435,5689.279296875
12436,8314.2783203125
12437,4302.306640625
12438,6906.78369140625
12439,15126.2412109375
12440,11826.466796875
12441,7641.8994140625
12442,6541.484375
12443,5983.40576171875
12444,6516.47314453125
12445,6190.50390625
12446,13160.029296875
12447,6306.0244140625
12448,5408.04443359375
12449,8698.5615234375
12450,4868.4619140625
12451,7082.8486328125
12452,7238.30908203125
12453,8222.8916015625
12454,7636.4921875
12455,4830.7451171875
12456,5361.47265625
12457,6941.6611328125
12458,9740.7021484375
12459,8427.62890625
12460,7395.859375
12461,3255.490478515625
12462,7442.9755859375
12463,6970.173828125
12464,5591.4404296875
12465,7805.521484375
12466,7720.8701171875
12467,6975.39794921875
12468,7221.9521484375
12469,7414.275390625
12470,6245.8984375
12471,6296.5771484375
12472,7834.73291015625
12473,8049.41552734375
12474,6367.18994140625
12475,10367.7216796875
12476,6149.44775390625
12477,5110.3603515625
12478,13296.927734375
12479,6156.26953125
12480,3571.482421875
12481,9293.384765625
12482,12735.0068359375
12483,11857.08203125
12484,5316.529296875
12485,6775.0107421875
12486,5854.87060546875
12487,7551.650390625
12488,6518.6240234375
12489,7910.14453125
12490,3584.86328125
12491,6272.53857421875
12492,7341.8271484375
12493,5786.96923828125
12494,6940.61962890625
12495,7070.6455078125
12496,9458.716796875
12497,5980.6416015625
12498,7898.9638671875
12499,6968.34375
12500,9346.8681640625
12501,5912.68896484375
12502,6733.81640625
12503,6869.37744140625
12504,9090.830078125
12505,9655.404296875
12506,6171.513671875
12507,9719.025390625
12508,7747.9892578125
12509,8370.072265625
12510,4222.07861328125
12511,4624.74169921875
12512,9517.0458984375
12513,6693.4033203125
12514,9591.294921875
12515,6780.6806640625
12516,6054.7607421875
12517,8973.2421875
12518,8103.205078125
12519,7587.90185546875
12520,8738.58203125
12521,7038.91015625
12522,10533.556640625
12523,12202.0927734375
12524,8292.4189453125
12525,5897.45166015625
12526,6768.4951171875
12527,4973.40478515625
12528,4151.4765625
12529,9164.01171875
12530,5488.2412109375
12531,9474.517578125
12532,4736.5009765625
12533,6375.05859375
12534,6035.1103515625
12535,10379.3671875
12536,7016.810546875
12537,5805.3515625
12538,6299.9951171875
12539,7908.6064453125
12540,5213.35205078125
12541,8604.646484375
12542,7593.388671875
12543,8625.1025390625
12544,8664.3603515625
12545,7530.9892578125
12546,6154.82470703125
12547,4585.3828125
12548,6192.68505859375
12549,11069.501953125
12550,10840.005859375
12551,9169.55859375
12552,15826.6484375
12553,6195.93798828125
12554,5588.4345703125
12555,8348.3017578125
12556,8720.603515625
12557,10842.54296875
12558,7514.52978515625
12559,8936.982421875
12560,8665.263671875
12561,6593.49658203125
12562,7596.6435546875
12563,6429.4755859375
12564,4952.60302734375
12565,5972.09716796875
12566,5599.1298828125
12567,6515.6748046875
12568,9237.958984375
12569,15780.9951171875
12570,7001.33837890625
12571,5367.69287109375
12572,9259.521484375
12573,4685.2587890625
12574,7537.95263671875
12575,4637.46435546875
12576,10180.1044921875
12577,6862.564453125
12578,6797.35986328125
12579,14744.0107421875
12580,12633.82421875
12581,7430.1376953125
12582,6714.93505859375
12583,3606.332275390625
12584,5376.021484375
12585,6349.89794921875
12586,8597.0185546875
12587,5645.1318359375
12588,5608.1904296875
12589,6119.8125
12590,6030.63818359375
12591,7346.4326171875
12592,7682.49755859375
12593,3445.74658203125
12594,7758.35888671875
12595,8401.513671875
12596,8820.8271484375
12597,5470.267578125
12598,5000.8779296875
12599,8592.2451171875
12600,4524.74609375
12601,10409.310546875
12602,5125.99658203125
12603,5247.26025390625
12604,7546.435546875
12605,6703.98193359375
12606,4890.50439453125
12607,7245.1025390625
12608,7183.80712890625
12609,9307.3232421875
12610,10381.1865234375
12611,6200.33642578125
12612,4204.07177734375
12613,5241.416015625
12614,6754.044921875
12615,5068.01416015625
12616,7250.18994140625
12617,7744.44970703125
12618,11414.2470703125
12619,8566.1337890625
12620,8132.75244140625
12621,8531.0810546875
12622,4498.5283203125
12623,10601.095703125
12624,6345.013671875
12625,12714.7939453125
12626,6775.236328125
12627,6420.54736328125
12628,5034.19921875
12629,5384.44384765625
12630,7977.58642578125
12631,15876.8046875
12632,4465.6845703125
12633,5156.333984375
12634,10953.3525390625
12635,6769.65966796875
12636,6987.64111328125
12637,8613.96875
12638,6688.669921875
12639,7266.98095703125
12640,5079.56689453125
12641,10024.828125
12642,6217.36865234375
12643,7993.80615234375
12644,7953.462890625
12645,4507.29296875
12646,7681.0703125
12647,8579.15625
12648,3802.294677734375
12649,9859.84375
12650,9832.091796875
12651,4170.541015625
12652,8331.3662109375
12653,7427.13623046875
12654,5094.6142578125
12655,10301.6259765625
12656,7173.07763671875
12657,8348.22265625
12658,4940.146484375
12659,4892.76953125
12660,7628.7646484375
12661,3558.187255859375
12662,8502.11328125
12663,5162.49755859375
12664,5855.4462890625
12665,5330.9892578125
12666,6708.79443359375
12667,6777.19091796875
12668,8131.96923828125
12669,7553.6162109375
12670,8546.22265625
12671,6410.99072265625
12672,8208.548828125
12673,6336.4755859375
12674,8999.1416015625
12675,9614.41796875
12676,8037.4736328125
12677,2982.190185546875
12678,6121.1884765625
12679,8300.8623046875
12680,3021.960205078125
12681,11790.9423828125
12682,6204.78271484375
12683,11299.6484375
12684,9608.318359375
12685,7677.49853515625
12686,3974.543212890625
12687,13986.400390625
12688,11499.7470703125
12689,5742.76171875
12690,9477.333984375
12691,9655.1904296875
12692,6955.701171875
12693,6606.00634765625
12694,6992.9775390625
12695,5563.2626953125
12696,7601.38525390625
12697,7699.9521484375
12698,5128.767578125
12699,6458.0048828125
12700,7875.87939453125
12701,6825.74853515625
12702,8425.07421875
12703,7085.3154296875
12704,6624.51708984375
12705,5716.35205078125
12706,7760.50439453125
12707,7650.6044921875
12708,7754.90869140625
12709,6812.095703125
12710,7698.8466796875
12711,10293.546875
12712,5919.7705078125
12713,5632.30859375
12714,6667.17822265625
12715,7481.93994140625
12716,6599.47607421875
12717,5323.361328125
12718,5167.56884765625
12719,6439.41455078125
12720,7926.091796875
12721,5973.59716796875
12722,8699.1162109375
12723,6698.26123046875
12724,6677.22119140625
12725,5223.91845703125
12726,3814.236083984375
12727,7154.35595703125
12728,7006.0380859375
12729,7159.4853515625
12730,9994.0546875
12731,9413.306640625
12732,5140.55810546875
12733,8024.09423828125
12734,4510.453125
12735,2909.802001953125
12736,8410.271484375
12737,11877.216796875
12738,9290.7080078125
12739,7699.5986328125
12740,4806.95361328125
12741,6996.02197265625
12742,8361.23828125
12743,6127.22314453125
12744,8055.9853515625
12745,5246.84423828125
12746,5564.287109375
12747,4457.7353515625
12748,5812.63525390625
12749,5894.20654296875
12750,5775.41552734375
12751,6120.015625
12752,4550.5859375
12753,6988.50146484375
12754,8070.68310546875
12755,4706.796875
12756,6480.77001953125
12757,7578.50537109375
12758,6822.04052734375
12759,5676.1005859375
12760,9358.20703125
12761,7992.5126953125
12762,5621.478515625
12763,4367.15283203125
12764,12791.0166015625
12765,7429.64794921875
12766,5931.6533203125
12767,8765.537109375
12768,8592.6513671875
12769,8472.62890625
12770,5906.3173828125
12771,7311.34326171875
12772,10031.86328125
12773,13825.85546875
12774,5549.8828125
12775,5263.13525390625
12776,6363.38037109375
12777,7671.7919921875
12778,6596.16796875
12779,8231.5048828125
12780,9498.833984375
12781,4708.76318359375
12782,4610.37353515625
12783,6203.712890625
12784,9570.1591796875
12785,5169.423828125
12786,7957.40869140625
12787,4345.3515625
12788,8138.48193359375
12789,8483.7080078125
12790,7314.65234375
12791,9128.150390625
12792,7034.1240234375
12793,4344.4931640625
12794,6769.83642578125
12795,7011.53662109375
12796,8715.4892578125
12797,8256.7353515625
12798,8685.978515625
12799,6087.10546875
12800,4913.33837890625
12801,10963.234375
12802,4299.0166015625
12803,10160.33203125
12804,5950.345703125
12805,5042.82666015625
12806,7713.615234375
12807,6734.7392578125
12808,8586.8056640625
12809,9199.474609375
12810,5238.78955078125
12811,4939.03076171875
12812,8677.1728515625
12813,9170.3505859375
12814,9722.154296875
12815,6626.267578125
12816,6459.50537109375
12817,6600.92529296875
12818,6842.708984375
12819,6011.70703125
12820,10782.20703125
12821,9858.6025390625
12822,10576.326171875
12823,5175.9453125
12824,6161.50537109375
12825,12000.33203125
12826,9238.822265625
12827,5828.40478515625
12828,11042.3505859375
12829,6571.4794921875
12830,6748.4326171875
12831,5648.0537109375
12832,7173.97265625
12833,5227.83984375
12834,5903.63720703125
12835,4923.0234375
12836,5030.3046875
12837,9533.896484375
12838,7339.42822265625
12839,24049.271484375
12840,7273.5859375
12841,5124.42529296875
12842,9443.6943359375
12843,11595.47265625
12844,7299.814453125
12845,9039.2646484375
12846,7540.708984375
12847,9944.0380859375
12848,9689.6650390625
12849,5928.90966796875
12850,6045.33251953125
12851,7814.14453125
12852,8847.951171875
12853,7886.9658203125
12854,8456.6279296875
12855,5686.5830078125
12856,5090.04150390625
12857,6940.3857421875
12858,10994.8369140625
12859,12976.80859375
12860,11159.951171875
12861,9457.0205078125
12862,4679.8212890625
12863,7191.81396484375
12864,5048.28369140625
12865,9768.787109375
12866,11669.8876953125
12867,11334.4150390625
12868,7117.1435546875
12869,6963.1962890625
12870,4859.45556640625
12871,6685.79052734375
12872,11419.779296875
12873,8575.353515625
12874,5425.62158203125
12875,5656.001953125
12876,9345.4013671875
12877,3911.188232421875
12878,8754.6171875
12879,6712.20556640625
12880,7971.275390625
12881,8083.078125
12882,7101.70166015625
12883,8079.3701171875
12884,8139.09130859375
12885,6604.29248046875
12886,7830.015625
12887,7790.95263671875
12888,13308.013671875
12889,6655.09814453125
12890,8763.86328125
12891,9274.8330078125
12892,10923.9609375
12893,7455.09033203125
12894,11707.484375
12895,5948.94970703125
12896,7120.47314453125
12897,7220.55078125
12898,7372.23779296875
12899,10608.904296875
12900,9481.60546875
12901,6125.84521484375
12902,8637.998046875
12903,6602.14306640625
12904,11790.8916015625
12905,4595.6923828125
12906,16853.6875
12907,5858.8173828125
12908,5858.76025390625
12909,10645.4033203125
12910,5966.7421875
12911,7839.18115234375
12912,7600.70166015625
12913,8975.52734375
12914,6973.82275390625
12915,4944.48095703125
12916,8434.2890625
12917,8266.4091796875
12918,8223.654296875
12919,4830.748046875
12920,9651.0283203125
12921,12955.4091796875
12922,8138.267578125
12923,6161.1435546875
12924,8702.541015625
12925,6733.9443359375
12926,6138.70947265625
12927,7786.16357421875
12928,5741.0234375
12929,9561.6435546875
12930,7605.5517578125
12931,8098.19677734375
12932,9456.4599609375
12933,5563.81005859375
12934,7248.13525390625
12935,6584.3095703125
12936,10156.224609375
12937,9046.0947265625
12938,6484.4638671875
12939,7655.1689453125
12940,8313.9970703125
12941,7231.18359375
12942,7240.35595703125
12943,7103.45849609375
12944,7453.12939453125
12945,8784.25390625
12946,5119.8203125
12947,5701.20068359375
12948,7933.64306640625
12949,8791.779296875
12950,8501.35546875
12951,10295.3916015625
12952,10065.154296875
12953,6905.84716796875
12954,10629.4111328125
12955,7651.9169921875
12956,8833.8291015625
12957,10839.7626953125
12958,7560.00146484375
12959,12104.828125
12960,9539.3408203125
12961,8895.662109375
12962,6994.171875
12963,8556.6884765625
12964,9135.0498046875
12965,7324.1923828125
12966,5006.56640625
12967,7513.12939453125
12968,8828.3896484375
12969,7007.0087890625
12970,5285.02392578125
12971,10087.9443359375
12972,6452.20703125
12973,6771.30126953125
12974,7710.36474609375
12975,6831.6220703125
12976,9404.7724609375
12977,9124.6953125
12978,8902.9501953125
12979,5848.5029296875
12980,8059.4736328125
12981,7487.2880859375
12982,4432.98779296875
12983,7535.6728515625
12984,6831.255859375
12985,10536.181640625
12986,7787.49365234375
12987,6697.8095703125
12988,11517.498046875
12989,6957.05029296875
12990,6399.3232421875
12991,12867.2412109375
12992,9034.8173828125
12993,9698.9208984375
12994,9657.5341796875
12995,5997.59521484375
12996,7204.61572265625
12997,5594.87939453125
12998,9332.98828125
12999,13736.794921875
13000,7315.97314453125
13001,3400.07275390625
13002,6883.4306640625
13003,10550.84375
13004,8445.9130859375
13005,6562.60595703125
13006,8181.490234375
13007,6027.8623046875
13008,4818.439453125
13009,4575.3408203125
13010,5951.24951171875
13011,7792.609375
13012,8855.3935546875
13013,7322.404296875
13014,10226.7529296875
13015,9613.6884765625
13016,11549.5927734375
13017,9389.7724609375
13018,6300.04150390625
13019,10600.12890625
13020,14314.34765625
13021,7169.16162109375
13022,9435.880859375
13023,6151.095703125
13024,7828.05712890625
13025,4755.94140625
13026,8936.9462890625
13027,6643.958984375
13028,10633.7099609375
13029,8638.8994140625
13030,9965.6875
13031,9563.5771484375
13032,6551.94873046875
13033,10200.4560546875
13034,20296.84375
13035,12110.365234375
13036,7831.4638671875
13037,3406.073974609375
13038,7633.72021484375
13039,9491.87890625
13040,6708.318359375
13041,12928.3447265625
13042,19781.798828125
13043,6078.8779296875
13044,6594.8466796875
13045,9804.6357421875
13046,6935.5634765625
13047,9918.0888671875
13048,7531.3291015625
13049,9529.9287109375
13050,6693.9658203125
13051,6801.13623046875
13052,7641.5546875
13053,8546.26953125
13054,11418.2392578125
13055,6294.94091796875
13056,6942.5859375
13057,7956.6484375
13058,6059.1376953125
13059,5852.16552734375
13060,7701.09033203125
13061,6288.96484375
13062,6438.38671875
13063,9252.0751953125
13064,6966.43408203125
13065,5713.974609375
13066,8244.7509765625
13067,8473.654296875
13068,9857.4931640625
13069,9160.5
13070,8055.15234375
13071,6595.193359375
13072,3834.567626953125
13073,7703.05810546875
13074,8073.6689453125
13075,6602.21923828125
13076,5239.96826171875
13077,10853.8349609375
13078,8934.9931640625
13079,10225.3349609375
13080,7735.640625
13081,6903.15478515625
13082,6218.4990234375
13083,5748.2109375
13084,11994.3896484375
13085,6046.13037109375
13086,8102.45166015625
13087,17770.099609375
13088,8102.0322265625
13089,7982.21240234375
13090,6015.974609375
13091,6423.54345703125
13092,6986.26708984375
13093,3873.52685546875
13094,5900.15576171875
13095,11927.5263671875
13096,5736.5927734375
13097,18960.341796875
13098,14597.8798828125
13099,5383.2021484375
13100,8737.70703125
13101,6324.32861328125
13102,8567.880859375
13103,7969.84033203125
13104,11057.97265625
13105,9024.8212890625
13106,12438.1025390625
13107,4749.95263671875
13108,9100.6611328125
13109,6282.22314453125
13110,9420.79296875
13111,7935.62646484375
13112,7885.88232421875
13113,7596.68017578125
13114,7647.06787109375
13115,10317.69921875
13116,12733.4638671875
13117,8320.205078125
13118,12384.41796875
13119,7419.0341796875
13120,10667.09375
13121,5005.99853515625
13122,6364.31494140625
13123,7554.74609375
13124,13490.587890625
13125,7304.818359375
13126,9174.5322265625
13127,8067.54638671875
13128,9437.37109375
13129,6016.04248046875
13130,11470.0673828125
13131,8200.8212890625
13132,4745.94775390625
13133,11143.908203125
13134,18984.6953125
13135,8217.2529296875
13136,8753.0703125
13137,9867.1826171875
13138,12601.88671875
13139,13387.2001953125
13140,7398.1357421875
13141,9426.2705078125
13142,8134.46240234375
13143,9550.01171875
13144,5270.58154296875
13145,7228.78515625
13146,7155.2197265625
13147,6761.44873046875
13148,9118.240234375
13149,6086.5458984375
13150,5910.17626953125
13151,8759.1591796875
13152,4623.193359375
13153,5585.1328125
13154,7455.29736328125
13155,8137.919921875
13156,10954.185546875
13157,10573.6435546875
13158,8715.2744140625
13159,7562.6064453125
13160,7161.73095703125
13161,12094.8623046875
13162,8692.8046875
13163,6629.19775390625
13164,6524.39794921875
13165,8497.5888671875
13166,5287.39013671875
13167,8333.4599609375
13168,4269.47314453125
13169,6251.02099609375
13170,10452.9677734375
13171,6768.9482421875
13172,6063.75439453125
13173,9541.333984375
13174,10984.4482421875
13175,13191.943359375
13176,7770.85009765625
13177,9073.8623046875
13178,4227.8662109375
13179,6291.4697265625
13180,7890.64306640625
13181,5337.087890625
13182,8773.236328125
13183,6199.9326171875
13184,6660.08544921875
13185,11128.2275390625
13186,12929.7509765625
13187,8680.6455078125
13188,6619.19873046875
13189,5734.06884765625
13190,13627.646484375
13191,9645.158203125
13192,7432.681640625
13193,6343.7314453125
13194,8213.392578125
13195,12723.8154296875
13196,5138.60107421875
13197,7651.158203125
13198,10013.1708984375
13199,10189.61328125
13200,14979.5048828125
13201,8348.72265625
13202,17016.033203125
13203,7689.212890625
13204,6778.369140625
13205,3751.626220703125
13206,6599.20947265625
13207,6565.85205078125
13208,6670.20068359375
13209,8247.53125
13210,6385.09716796875
13211,5959.4580078125
13212,8073.73291015625
13213,5750.52099609375
13214,8578.9736328125
13215,7432.75537109375
13216,8528.58203125
13217,10814.2802734375
13218,6791.4580078125
13219,10863.9482421875
13220,7085.8037109375
13221,6702.38134765625
13222,6831.599609375
13223,6531.38232421875
13224,10641.373046875
13225,7594.1982421875
13226,5904.21484375
13227,8782.0654296875
13228,10454.3603515625
13229,8866.970703125
13230,7367.64111328125
13231,10615.568359375
13232,6999.7890625
13233,7515.857421875
13234,7796.1953125
13235,10121.310546875
13236,6672.19091796875
13237,7181.49951171875
13238,7131.787109375
13239,6541.3740234375
13240,4005.4052734375
13241,5243.22607421875
13242,9360.1943359375
13243,10734.2265625
13244,14059.630859375
13245,13486.1455078125
13246,10095.2587890625
13247,7649.85498046875
13248,6286.3603515625
13249,12431.8505859375
13250,12267.099609375
13251,7589.13134765625
13252,10268.9619140625
13253,9731.841796875
13254,6412.6787109375
13255,4831.53466796875
13256,9409.94140625
13257,8472.3369140625
13258,8129.73681640625
13259,6737.49609375
13260,2956.8046875
13261,12442.2744140625
13262,6202.7265625
13263,5571.66748046875
13264,5512.654296875
13265,6831.76953125
13266,8663.93359375
13267,9605.1064453125
13268,7660.501953125
13269,6529.20263671875
13270,4945.2734375
13271,5538.20654296875
13272,3423.642822265625
13273,8421.6064453125
13274,18525.63671875
13275,5740.091796875
13276,7523.05615234375
13277,8732.693359375
13278,6309.376953125
13279,6810.1376953125
13280,6717.56787109375
13281,4973.0771484375
13282,7963.52880859375
13283,8697.458984375
13284,4712.7529296875
13285,10248.9375
13286,6875.64990234375
13287,5545.830078125
13288,11497.6669921875
13289,9328.7607421875
13290,11514.4931640625
13291,6344.43359375
13292,7553.8671875
13293,4927.7978515625
13294,8037.384765625
13295,17787.05859375
13296,11951.607421875
13297,8369.8837890625
13298,7276.609375
13299,6566.94677734375
13300,6479.29736328125
13301,5716.7578125
13302,11252.5263671875
13303,7112.98388671875
13304,6096.42822265625
13305,9447.853515625
13306,5834.48046875
13307,6488.587890625
13308,8032.3271484375
13309,8774.7294921875
13310,8281.4765625
13311,5545.0390625
13312,5515.03955078125
13313,7171.1689453125
13314,10253.6962890625
13315,8710.673828125
13316,8303.1962890625
13317,4829.90234375
13318,8249.4521484375
13319,7838.244140625
13320,6245.89208984375
13321,8383.4404296875
13322,8032.11767578125
13323,7259.642578125
13324,7808.474609375
13325,8094.634765625
13326,7017.1181640625
13327,6502.73095703125
13328,8392.8017578125
13329,8830.33984375
13330,7608.810546875
13331,11129.490234375
13332,6723.03515625
13333,6093.8759765625
13334,14753.466796875
13335,6076.732421875
13336,3976.142578125
13337,9806.3759765625
13338,14248.1513671875
13339,12977.4736328125
13340,5693.64599609375
13341,7488.09814453125
13342,5999.90283203125
13343,8446.5341796875
13344,6826.482421875
13345,8527.8828125
13346,3402.041748046875
13347,7422.197265625
13348,8018.990234375
13349,6344.6845703125
13350,7446.75537109375
13351,7828.46630859375
13352,10370.818359375
13353,5629.03515625
13354,9579.7763671875
13355,7205.10009765625
13356,10326.3876953125
13357,6390.5146484375
13358,7715.62548828125
13359,7917.52685546875
13360,9215.7919921875
13361,9459.16796875
13362,4914.2705078125
13363,9804.908203125
13364,8149.42822265625
13365,9147.279296875
13366,5041.4990234375
13367,5179.87646484375
13368,10377.712890625
13369,7447.9443359375
13370,10513.6943359375
13371,7016.794921875
13372,7136.18017578125
13373,9345.033203125
13374,8704.2158203125
13375,8157.03515625
13376,9188.7109375
13377,7467.7216796875
13378,10545.2041015625
13379,12856.44140625
13380,9368.197265625
13381,6354.95361328125
13382,6670.90673828125
13383,4639.48291015625
13384,4465.33251953125
13385,10030.9677734375
13386,4953.24169921875
13387,10768.8095703125
13388,4984.77978515625
13389,6790.61083984375
13390,6675.5927734375
13391,12285.0576171875
13392,7640.9853515625
13393,6373.4462890625
13394,7313.24267578125
13395,8108.51123046875
13396,5806.7890625
13397,9624.2958984375
13398,7005.35546875
13399,9621.5791015625
13400,9109.9375
13401,8274.8095703125
13402,6724.69384765625
13403,5293.1708984375
13404,6398.435546875
13405,12640.693359375
13406,11228.3720703125
13407,9710.078125
13408,16888.646484375
13409,6353.369140625
13410,6048.13330078125
13411,8826.5205078125
13412,9595.9912109375
13413,11493.6630859375
13414,8160.56591796875
13415,9551.482421875
13416,10045.15625
13417,7044.5830078125
13418,7883.0927734375
13419,6701.580078125
13420,5503.63916015625
13421,6175.8134765625
13422,5648.0771484375
13423,7193.064453125
13424,8971.20703125
13425,17641.580078125
13426,7555.04248046875
13427,5739.81884765625
13428,9653.408203125
13429,4816.76318359375
13430,8471.9013671875
13431,4454.06494140625
13432,9432.841796875
13433,7567.7197265625
13434,7459.6171875
13435,16112.46875
13436,15052.103515625
13437,8285.384765625
13438,7318.93896484375
13439,4680.53076171875
13440,5125.65478515625
13441,6883.830078125
13442,7846.7646484375
13443,5972.37939453125
13444,5572.779296875
13445,5812.86474609375
13446,6563.43212890625
13447,8177.56982421875
13448,8295.166015625
13449,3674.80078125
13450,8535.9541015625
13451,9450.8203125
13452,9568.142578125
13453,6152.52392578125
13454,5277.4375
13455,9458.6533203125
13456,4176.98486328125
13457,11332.8349609375
13458,5427.45751953125
13459,6376.3349609375
13460,8378.380859375
13461,6652.4560546875
13462,5506.77490234375
13463,7065.65673828125
13464,8058.2763671875
13465,10411.2685546875
13466,12602.8603515625
13467,7125.34326171875
13468,4450.52783203125
13469,5453.29736328125
13470,6552.9658203125
13471,5463.81396484375
13472,6987.46630859375
13473,7958.45263671875
13474,11841.4560546875
13475,8527.7275390625
13476,8180.66259765625
13477,9422.1533203125
13478,5333.9755859375
13479,10570.837890625
13480,6230.6201171875
13481,14031.7705078125
13482,7219.44677734375
13483,5776.947265625
13484,5206.56689453125
13485,5583.9794921875
13486,8208.380859375
13487,18998.12890625
13488,5652.54248046875
13489,5993.9150390625
13490,11767.9560546875
13491,8156.62939453125
13492,6925.4306640625
13493,9311.4736328125
13494,7789.57373046875
13495,6965.314453125
13496,5398.41357421875
13497,10590.2001953125
13498,6898.08056640625
13499,8572.9111328125
13500,7696.88427734375
13501,5160.41357421875
13502,7803.87158203125
13503,9673.0322265625
13504,3996.180419921875
13505,10401.751953125
13506,10188.19140625
13507,5169.62451171875
13508,9236.400390625
13509,8300.3447265625
13510,5698.45947265625
13511,10027.0537109375
13512,7743.9853515625
13513,8362.1201171875
13514,5127.888671875
13515,5113.43994140625
13516,9152.2607421875
13517,4542.52099609375
13518,9136.2099609375
13519,5926.2626953125
13520,6575.23583984375
13521,5797.82275390625
13522,7137.1904296875
13523,7210.130859375
13524,8360.8076171875
13525,7311.0302734375
13526,8788.0791015625
13527,7007.9248046875
13528,9783.607421875
13529,7584.87939453125
13530,10560.201171875
13531,10243.1240234375
13532,7970.689453125
13533,3380.416015625
13534,5938.03662109375
13535,8765.1689453125
13536,4461.41357421875
13537,12788.2353515625
13538,6701.5888671875
13539,10999.6591796875
13540,10989.8955078125
13541,8000.4072265625
13542,4731.2880859375
13543,14683.078125
13544,12189.4853515625
13545,6868.9892578125
13546,10129.7744140625
13547,10277.130859375
13548,7534.29052734375
13549,7460.05224609375
13550,7748.6796875
13551,6184.09228515625
13552,8089.16748046875
13553,8396.662109375
13554,5697.0986328125
13555,7778.7685546875
13556,9005.861328125
13557,7710.5341796875
13558,9748.2373046875
13559,8044.39599609375
13560,7667.43603515625
13561,5897.35107421875
13562,8032.333984375
13563,8761.513671875
13564,8058.517578125
13565,7482.9765625
13566,8035.6787109375
13567,10509.482421875
13568,6914.78515625
13569,5889.71533203125
13570,7213.32958984375
13571,8362.7666015625
13572,7704.05322265625
13573,5363.310546875
13574,4648.11962890625
13575,8808.615234375
13576,8000.93212890625
13577,6175.99267578125
13578,9570.7783203125
13579,6795.79443359375
13580,8026.23779296875
13581,5455.6123046875
13582,3978.943603515625
13583,8058.9541015625
13584,8055.64306640625
13585,8070.4580078125
13586,11428.5732421875
13587,11033.05859375
13588,5737.7294921875
13589,8405.498046875
13590,4885.29443359375
13591,3278.78759765625
13592,9975.7490234375
13593,13182.36328125
13594,9470.3330078125
13595,8599.20703125
13596,5111.654296875
13597,7721.39990234375
13598,9843.537109375
13599,7122.20849609375
13600,8184.48095703125
13601,5507.4306640625
13602,6015.36328125
13603,4726.171875
13604,6994.45263671875
13605,7109.0068359375
13606,6191.29736328125
13607,5919.26171875
13608,4385.55078125
13609,7965.66943359375
13610,8811.115234375
13611,5616.5390625
13612,7304.51220703125
13613,8576.6171875
13614,7530.7431640625
13615,5360.1904296875
13616,10539.9912109375
13617,9165.0771484375
13618,6344.490234375
13619,4547.6923828125
13620,14194.01171875
13621,7597.66748046875
13622,6719.86328125
13623,9925.77734375
13624,8898.1650390625
13625,9501.3671875
13626,7045.04833984375
13627,7551.94482421875
13628,10716.9814453125
13629,14528.1640625
13630,6154.73876953125
13631,6278.51416015625
13632,6773.107421875
13633,8030.34375
13634,7334.48828125
13635,9628.564453125
13636,9547.2705078125
13637,5890.591796875
13638,5220.34765625
13639,6998.703125
13640,9954.626953125
13641,5891.72998046875
13642,8434.025390625
13643,4434.173828125
13644,8055.5146484375
13645,8979.2900390625
13646,8167.259765625
13647,9973.1796875
13648,8018.5107421875
13649,5359.9267578125
13650,7278.5927734375
13651,7301.65673828125
13652,9985.2509765625
13653,9108.1572265625
13654,9327.94921875
13655,6252.349609375
13656,5831.31201171875
13657,11802.9609375
13658,4863.07666015625
13659,11112.4873046875
13660,6984.85009765625
13661,6175.54150390625
13662,8213.22265625
13663,6407.94970703125
13664,8975.3583984375
13665,10016.1318359375
13666,4960.267578125
13667,4751.30078125
13668,9237.02734375
13669,9988.3037109375
13670,10594.6513671875
13671,7303.2783203125
13672,7127.37158203125
13673,7690.84130859375
13674,7258.00830078125
13675,6281.93017578125
13676,11683.09765625
13677,10492.7421875
13678,11008.4912109375
13679,5672.208984375
13680,5916.00830078125
13681,12181.943359375
13682,9722.3515625
13683,6898.62548828125
13684,11724.958984375
13685,7321.71142578125
13686,6795.5830078125
13687,5500.3193359375
13688,7384.158203125
13689,5481.73779296875
13690,7745.84423828125
13691,5409.236328125
13692,5336.884765625
13693,9756.5595703125
13694,7891.2373046875
13695,26228.015625
13696,7571.65234375
13697,5176.44482421875
13698,9612.2841796875
13699,13142.1572265625
13700,7432.77099609375
13701,8863.2705078125
13702,7656.28564453125
13703,9185.9404296875
13704,10237.04296875
13705,5845.001953125
13706,6591.96875
13707,8183.95654296875
13708,8893.4404296875
13709,7234.96875
13710,8030.45849609375
13711,6800.27490234375
13712,5075.7939453125
13713,7690.88134765625
13714,10894.7060546875
13715,14780.3974609375
13716,12357.46484375
13717,9767.859375
13718,5439.654296875
13719,6200.0361328125
13720,5392.80615234375
13721,9851.90234375
13722,12343.7802734375
13723,10360.283203125
13724,7432.7978515625
13725,7468.705078125
13726,5966.208984375
13727,6321.28515625
13728,11490.740234375
13729,8935.625
13730,5663.9033203125
13731,7136.05615234375
13732,9351.814453125
13733,3849.242431640625
13734,9019.7626953125
13735,6295.4833984375
13736,8314.6728515625
13737,9127.34765625
13738,7275.62646484375
13739,7858.42724609375
13740,8318.6513671875
13741,6393.4755859375
13742,8385.9599609375
13743,8137.8720703125
13744,13211.5419921875
13745,6099.896484375
13746,9275.109375
13747,7686.5185546875
13748,11398.5947265625
13749,8069.82470703125
13750,11367.4248046875
13751,6602.0009765625
13752,7734.30615234375
13753,7849.57080078125
13754,6793.23193359375
13755,10779.4150390625
13756,9766.9921875
13757,6552.0439453125
13758,8910.5576171875
13759,6766.685546875
13760,13465.86328125
13761,4767.49169921875
13762,16674.6640625
13763,6218.97998046875
13764,6082.6962890625
13765,11621.4833984375
13766,6075.91455078125
13767,8534.3056640625
13768,8133.921875
13769,9411.9951171875
13770,6907.0703125
13771,3880.564697265625
13772,8307.2509765625
13773,7683.58447265625
13774,7819.8974609375
13775,4583.96875
13776,9925.546875
13777,13076.3408203125
13778,8676.443359375
13779,6339.0380859375
13780,8453.7373046875
13781,6928.25146484375
13782,6202.017578125
13783,7980.77490234375
13784,6011.9873046875
13785,9885.626953125
13786,7904.00439453125
13787,8224.7900390625
13788,9715.91015625
13789,6439.87353515625
13790,7813.07275390625
13791,6401.98974609375
13792,10381.517578125
13793,10477.2412109375
13794,6356.69384765625
13795,7548.47412109375
13796,8816.37109375
13797,7955.935546875
13798,7261.41552734375
13799,7767.9140625
13800,7505.5625
13801,8069.8447265625
13802,4866.4599609375
13803,5878.47998046875
13804,8159.259765625
13805,8721.072265625
13806,9822.5703125
13807,8517.1015625
13808,9903.263671875
13809,7359.15576171875
13810,11746.93359375
13811,7590.7109375
13812,9656.283203125
13813,10306.2705078125
13814,8243.080078125
13815,13115.3681640625
13816,9120.298828125
13817,9667.4462890625
13818,6760.91259765625
13819,9058.369140625
13820,9288.310546875
13821,7182.6220703125
13822,4921.80126953125
13823,7315.07177734375
13824,9381.6025390625
13825,7489.6357421875
13826,6441.34814453125
13827,10894.2841796875
13828,6500.03076171875
13829,7494.68212890625
13830,7996.3642578125
13831,7506.12158203125
13832,10439.0146484375
13833,9399.5244140625
13834,9365.4736328125
13835,5146.8818359375
13836,10020.75
13837,7859.3125
13838,4929.1962890625
13839,8964.6533203125
13840,7300.03564453125
13841,10491.470703125
13842,7898.5546875
13843,7836.15478515625
13844,11895.0654296875
13845,7092.70654296875
13846,6242.8505859375
13847,13202.91796875
13848,9139.986328125
13849,8565.7978515625
13850,9683.376953125
13851,5143.73583984375
13852,7363.76953125
13853,5833.85498046875
13854,10352.3994140625
13855,14514.7490234375
13856,8462.7724609375
13857,3443.57958984375
13858,6028.03271484375
13859,10691.580078125
13860,9234.1806640625
13861,7318.93408203125
13862,9171.453125
13863,6306.8173828125
13864,4570.1259765625
13865,4797.33935546875
13866,6303.81982421875
13867,7431.03125
13868,8381.068359375
13869,7908.5
13870,10279.8330078125
13871,10064.44921875
13872,11978.50390625
13873,9243.8916015625
13874,7045.7392578125
13875,11640.0771484375
13876,14670.1787109375
13877,7444.201171875
13878,10133.755859375
13879,5927.13037109375
13880,7787.396484375
13881,4726.57373046875
13882,10208.55078125
13883,7077.1279296875
13884,10216.8193359375
13885,9038.5859375
13886,10417.8896484375
13887,10130.9404296875
13888,5959.47802734375
13889,11202.7978515625
13890,21804.341796875
13891,13005.0263671875
13892,8031.1279296875
13893,3239.650390625
13894,8757.5
13895,9903.4501953125
13896,7012.85302734375
13897,13070.6689453125
13898,19349.208984375
13899,5976.736328125
13900,7330.03076171875
13901,10619.6552734375
13902,6564.74169921875
13903,10705.9970703125
13904,8961.6083984375
13905,9835.97265625
13906,6685.4814453125
13907,7489.8916015625
13908,7754.77099609375
13909,8448.3701171875
13910,11107.1171875
13911,5868.96142578125
13912,6258.40576171875
13913,8466.0234375
13914,6014.3330078125
13915,5904.6591796875
13916,7996.591796875
13917,5386.93798828125
13918,6621.23486328125
13919,10361.1455078125
13920,7339.75830078125
13921,5840.1767578125
13922,8964.0478515625
13923,8709.4130859375
13924,9813.6669921875
13925,9109.1396484375
13926,9529.1865234375
13927,6059.41064453125
13928,3235.447509765625
13929,8378.9072265625
13930,8913.603515625
13931,6173.94091796875
13932,5129.716796875
13933,11632.3232421875
13934,9305.14453125
13935,9999.6630859375
13936,8218.107421875
13937,6899.2958984375
13938,6575.49560546875
13939,5357.21875
13940,12911.36328125
13941,6768.1904296875
13942,7496.93115234375
13943,19313.95703125
13944,8323.873046875
13945,8685.54296875
13946,5883.806640625
13947,7184.9560546875
13948,6869.26171875
13949,4168.7578125
13950,6253.4111328125
13951,12594.6552734375
13952,5105.12744140625
13953,19938.984375
13954,15545.544921875
13955,5197.48828125
13956,8985.7568359375
13957,6351.67138671875
13958,8862.83203125
13959,8594.3544921875
13960,12052.2265625
13961,9052.755859375
13962,13064.7685546875
13963,6188.021484375
13964,8974.28125
13965,5487.24658203125
13966,10726.34375
13967,8237.439453125
13968,7872.8876953125
13969,6267.62451171875
13970,7778.5546875
13971,10555.4453125
13972,13728.0146484375
13973,7887.71533203125
13974,13047.318359375
13975,7280.18994140625
13976,10812.2041015625
13977,5229.67822265625
13978,6556.64794921875
13979,7414.8681640625
13980,13509.185546875
13981,7239.94921875
13982,9810.00390625
13983,8441.728515625
13984,9950.5341796875
13985,5316.34765625
13986,13490.65234375
13987,8622.5830078125
13988,5315.84765625
13989,11749.0048828125
13990,18571.095703125
13991,8278.7255859375
13992,9180.4619140625
13993,11144.8056640625
13994,13245.4541015625
13995,13464.814453125
13996,8336.6669921875
13997,9682.083984375
13998,8347.373046875
13999,10026.248046875
14000,5566.287109375
14001,8377.9736328125
14002,7208.86962890625
14003,7223.0458984375
14004,9147.845703125
14005,6049.59423828125
14006,6307.5302734375
14007,8645.353515625
14008,4766.48388671875
14009,5561.8642578125
14010,7984.755859375
14011,8000.4375
14012,11303.095703125
14013,10678.482421875
14014,8087.58837890625
14015,7273.82763671875
14016,7142.1455078125
14017,12819.958984375
14018,9146.2373046875
14019,6912.7880859375
14020,7023.4990234375
14021,7935.1806640625
14022,4829.85009765625
14023,7780.7353515625
14024,4333.36181640625
14025,6450.9736328125
14026,12415.7509765625
14027,6723.02685546875
14028,6042.40234375
14029,9322.322265625
14030,11048.6845703125
14031,14370.501953125
14032,8659.11328125
14033,9659.4814453125
14034,3883.302734375
14035,6760.83642578125
14036,8125.3486328125
14037,5230.2275390625
14038,8971.625
14039,6962.220703125
14040,6964.26806640625
14041,10955.1005859375
14042,13273.376953125
14043,9053.15234375
14044,7013.08642578125
14045,6110.2392578125
14046,12848.9619140625
14047,9269.12109375
14048,7848.5703125
14049,6385.2431640625
14050,8174.79833984375
14051,13767.75390625
14052,5187.15283203125
14053,7760.25390625
14054,9749.322265625
14055,9758.314453125
14056,16576.1796875
14057,8381.599609375
14058,17751.95703125
14059,7419.82275390625
14060,6784.09619140625
14061,4303.8671875
14062,7521.7470703125
14063,6795.81689453125
14064,6672.29638671875
14065,8604.6962890625
14066,6160.4248046875
14067,6521.60791015625
14068,8892.27734375
14069,5958.98779296875
14070,9578.7158203125
14071,6646.7509765625
14072,9434.69140625
14073,11505.234375
14074,6624.4384765625
14075,11200.21484375
14076,6614.5810546875
14077,6705.619140625
14078,6240.65478515625
14079,6460.75146484375
14080,12147.384765625
14081,7723.96435546875
14082,5940.578125
14083,9201.55078125
14084,10770.4326171875
14085,8998.52734375
14086,7672.19970703125
14087,10839.345703125
14088,7205.30615234375
14089,7859.43798828125
14090,8562.55859375
14091,9828.3193359375
14092,5947.64208984375
14093,7715.63671875
14094,6967.78515625
14095,6442.10986328125
14096,3906.66357421875
14097,5009.61279296875
14098,9628.0693359375
14099,10577.806640625
14100,14196.5087890625
14101,14211.4345703125
14102,9950.4931640625
14103,7097.32861328125
14104,6239.16796875
14105,12417.388671875
14106,12697.9267578125
14107,7971.1826171875
14108,11054.6181640625
14109,11347.2890625
14110,7162.50830078125
14111,5146.27734375
14112,10415.66015625
14113,8744.546875
14114,8850.12890625
14115,7072.49267578125
14116,3452.747314453125
14117,14088.9736328125
14118,5399.82177734375
14119,6265.19873046875
14120,5212.17138671875
14121,5699.78271484375
14122,10136.9990234375
14123,8770.857421875
14124,7495.05078125
14125,6174.1259765625
14126,5090.4306640625
14127,5270.5546875
14128,3760.56005859375
14129,9044.67578125
14130,18969.4375
14131,6309.02294921875
14132,7723.90478515625
14133,8651.8759765625
14134,7201.0087890625
14135,7344.201171875
14136,6531.31494140625
14137,5573.326171875
14138,8632.3740234375
14139,8804.1474609375
14140,5430.79052734375
14141,10410.6484375
14142,7688.06787109375
14143,5043.52294921875
14144,11987.923828125
14145,10894.3974609375
14146,11789.03515625
14147,7027.8662109375
14148,9199.9931640625
14149,4249.53173828125
14150,8570.435546875
14151,17645.3828125
14152,11609.4677734375
14153,8554.5859375
14154,6906.07861328125
14155,6263.505859375
14156,6077.72119140625
14157,6068.11279296875
14158,12093.70703125
14159,6614.16162109375
14160,7307.494140625
14161,10083.82421875
14162,5867.0126953125
14163,7090.63525390625
14164,9555.7734375
14165,9227.2412109375
14166,8853.8798828125
14167,5917.85400390625
14168,5896.96337890625
14169,7701.2294921875
14170,10866.390625
14171,8381.23828125
14172,8520.7216796875
14173,5379.544921875
14174,8495.2529296875
14175,8033.3671875
14176,5607.3583984375
14177,9224.3515625
14178,8296.5029296875
14179,7347.4453125
14180,7821.15185546875
14181,8992.8515625
14182,7431.4013671875
14183,6015.8154296875
14184,8539.84375
14185,8401.4013671875
14186,8043.8984375
14187,11467.4580078125
14188,7139.4296875
14189,6412.794921875
14190,14639.736328125
14191,5836.4375
14192,2890.422119140625
14193,12137.2646484375
14194,12982.666015625
14195,14314.2333984375
14196,5839.23193359375
14197,7616.81787109375
14198,6378.7412109375
14199,8792.33203125
14200,7838.53271484375
14201,8829.8369140625
14202,4213.09033203125
14203,7537.52099609375
14204,8043.005859375
14205,6901.5146484375
14206,7642.5546875
14207,6905.10107421875
14208,11530.1259765625
14209,5976.8603515625
14210,10533.9033203125
14211,7729.8701171875
14212,10442.90234375
14213,6835.21875
14214,8862.7919921875
14215,8703.29296875
14216,10082.7109375
14217,10865.5390625
14218,5769.54150390625
14219,9312.578125
14220,8548.560546875
14221,9719.2001953125
14222,4597.99755859375
14223,4836.75439453125
14224,11395.443359375
14225,8081.154296875
14226,10754.759765625
14227,7730.28173828125
14228,7471.41064453125
14229,9787.9755859375
14230,9483.7177734375
14231,9757.0458984375
14232,9544.951171875
14233,7692.470703125
14234,10844.3828125
14235,13713.736328125
14236,10113.0517578125
14237,6738.2080078125
14238,7881.3759765625
14239,5694.1640625
14240,5029.51416015625
14241,11345.70703125
14242,5562.533203125
14243,11422.5380859375
14244,5694.890625
14245,7857.48095703125
14246,7907.13525390625
14247,11747.1220703125
14248,6512.35546875
14249,7384.70654296875
14250,7501.26318359375
14251,8497.8515625
14252,5943.2490234375
14253,9611.1005859375
14254,6865.5517578125
14255,10424.2802734375
14256,8685.26171875
14257,8221.064453125
14258,6644.61767578125
14259,5367.85400390625
14260,6621.63818359375
14261,14617.203125
14262,11758.349609375
14263,9613.732421875
14264,16918.3828125
14265,7188.1298828125
14266,6846.5703125
14267,8908.9267578125
14268,9974.494140625
14269,11881.970703125
14270,8917.65625
14271,10261.5927734375
14272,10281.7666015625
14273,7532.29052734375
14274,7261.1669921875
14275,7145.24658203125
14276,6285.580078125
14277,5854.91552734375
14278,6520.02880859375
14279,7288.50341796875
14280,8357.6083984375
14281,17891.0625
14282,7576.3271484375
14283,5208.8095703125
14284,10183.0966796875
14285,5069.0888671875
14286,8660.3662109375
14287,4484.47314453125
14288,10795.697265625
14289,7730.8232421875
14290,7440.8564453125
14291,16938.275390625
14292,14842.9296875
14293,8096.54248046875
14294,7874.6279296875
14295,4188.54931640625
14296,5692.95751953125
14297,7816.8369140625
14298,8741.744140625
14299,6367.6318359375
14300,4804.9091796875
14301,6581.78173828125
14302,6911.955078125
14303,9364.3359375
14304,8143.982421875
14305,3735.6904296875
14306,8609.890625
14307,10585.4306640625
14308,10102.0810546875
14309,7099.2939453125
14310,5265.92919921875
14311,9195.935546875
14312,4217.6943359375
14313,11545.8369140625
14314,5690.404296875
14315,6342.27734375
14316,8744.7822265625
14317,6651.703125
14318,5710.95263671875
14319,6929.453125
14320,8099.2080078125
14321,10159.44921875
14322,13281.642578125
14323,7068.650390625
14324,5092.2626953125
14325,5812.5458984375
14326,7272.55029296875
14327,6103.77001953125
14328,7278.95849609375
14329,7958.45458984375
14330,11833.1904296875
14331,8522.140625
14332,8812.333984375
14333,9894.1767578125
14334,5698.90625
14335,10724.4912109375
14336,6806.46875
14337,14234.8486328125
14338,7901.052734375
14339,4850.81787109375
14340,5451.41064453125
14341,6231.154296875
14342,8838.9521484375
14343,16245.9365234375
14344,5746.48046875
14345,6184.1689453125
14346,11225.6572265625
14347,8522.3974609375
14348,8371.509765625
14349,10022.634765625
14350,8073.20361328125
14351,6450.4462890625
14352,5946.5400390625
14353,11847.4306640625
14354,7901.5380859375
14355,8801.2333984375
14356,7748.26416015625
14357,5588.6728515625
14358,8230.248046875
14359,10045.0693359375
14360,3917.412353515625
14361,11298.509765625
14362,11427.236328125
14363,5261.57763671875
14364,9108.8701171875
14365,8265.1943359375
14366,6224.28076171875
14367,10016.7587890625
14368,7631.7802734375
14369,8201.53125
14370,5500.11181640625
14371,5622.41650390625
14372,8510.474609375
14373,4380.958984375
14374,9147.8779296875
14375,6180.29541015625
14376,7049.150390625
14377,6438.16552734375
14378,7584.15087890625
14379,7416.00634765625
14380,9224.3046875
14381,8122.68603515625
14382,8316.7412109375
14383,7392.6826171875
14384,9462.7939453125
14385,8437.1025390625
14386,10820.5546875
14387,10038.8642578125
14388,8016.03466796875
14389,2935.586669921875
14390,6447.044921875
14391,9320.083984375
14392,4972.0390625
14393,11330.9296875
14394,6990.3935546875
14395,12530.1728515625
14396,12379.673828125
14397,8788.9775390625
14398,5388.80126953125
14399,16609.8125
14400,12149.0205078125
14401,7200.37109375
14402,11918.7734375
14403,10805.8115234375
14404,7368.4765625
14405,8391.19140625
14406,6785.64404296875
14407,7597.58544921875
14408,7991.52099609375
14409,8257.9912109375
14410,5757.0400390625
14411,8140.7265625
14412,9167.73046875
14413,8450.873046875
14414,10827.9345703125
14415,8369.0947265625
14416,8259.0107421875
14417,5358.23046875
14418,9505.404296875
14419,9138.1513671875
14420,9286.5458984375
14421,7856.28857421875
14422,9257.3388671875
14423,11128.8388671875
14424,7214.59814453125
14425,6793.04296875
14426,8038.69482421875
14427,8041.86328125
14428,7797.96044921875
14429,5505.1162109375
14430,5462.2666015625
14431,7977.962890625
14432,7727.81396484375
14433,6647.056640625
14434,9874.0234375
14435,6888.54296875
14436,7836.98486328125
14437,5566.69287109375
14438,5166.53515625
14439,8884.1103515625
14440,8543.9013671875
14441,9505.1005859375
14442,12158.166015625
14443,11721.248046875
14444,5872.47314453125
14445,9282.537109375
14446,4824.029296875
14447,3755.330078125
14448,10659.201171875
14449,14309.2666015625
14450,9685.896484375
14451,9180.2607421875
14452,6331.84814453125
14453,8553.0322265625
14454,10477.474609375
14455,7769.80419921875
14456,9571.6474609375
14457,5934.92822265625
14458,5684.646484375
14459,5604.18701171875
14460,6486.22998046875
14461,7269.4677734375
14462,6682.25244140625
14463,7583.251953125
14464,4479.9033203125
14465,7914.36474609375
14466,10800.009765625
14467,4854.828125
14468,7969.31396484375
14469,8825.447265625
14470,6818.77197265625
14471,6241.466796875
14472,11329.884765625
14473,9250.30859375
14474,5906.2353515625
14475,5614.177734375
14476,16121.966796875
14477,5825.6025390625
14478,6112.54052734375
14479,10113.697265625
14480,9913.7734375
14481,9711.9072265625
14482,7824.81494140625
14483,7689.54248046875
14484,11615.923828125
14485,15492.11328125
14486,7357.712890625
14487,6921.54345703125
14488,6779.451171875
14489,7717.30078125
14490,7442.001953125
14491,8252.919921875
14492,10444.806640625
14493,6789.81591796875
14494,5517.2861328125
14495,8247.634765625
14496,9526.5107421875
14497,6646.08056640625
14498,9101.1025390625
14499,5460.10302734375
14500,7020.80126953125
14501,9628.8125
14502,8460.611328125
14503,10887.7578125
14504,8473.87890625
14505,5400.8203125
14506,7684.53662109375
14507,7495.6953125
14508,10931.6201171875
14509,9702.396484375
14510,9799.984375
14511,7450.3408203125
14512,5735.15087890625
14513,12767.3564453125
14514,5091.29296875
14515,11682.2353515625
14516,7468.15283203125
14517,5905.23291015625
14518,8606.78515625
14519,6651.33642578125
14520,8931.9873046875
14521,10808.486328125
14522,5444.5634765625
14523,4665.7578125
14524,9442.23046875
14525,11769.703125
14526,10514.345703125
14527,7201.5966796875
14528,8151.1337890625
14529,9704.810546875
14530,7350.5322265625
14531,7006.2236328125
14532,12107.42578125
14533,11141.5263671875
14534,12848.96875
14535,5719.51611328125
14536,6574.1162109375
14537,11571.921875
14538,9856.4970703125
14539,7474.8935546875
14540,12038.6181640625
14541,7207.2080078125
14542,6655.08935546875
14543,6676.9140625
14544,7601.41259765625
14545,6610.3271484375
14546,8825.0498046875
14547,6596.5146484375
14548,6199.1884765625
14549,11612.7939453125
14550,7679.13525390625
14551,25724.228515625
14552,6806.6044921875
14553,5314.880859375
14554,11966.544921875
14555,14040.505859375
14556,7937.1123046875
14557,11837.4013671875
14558,5606.51953125
14559,11415.669921875
14560,12862.4609375
14561,4842.9345703125
14562,8399.609375
14563,10915.666015625
14564,10688.7294921875
14565,11273.248046875
14566,10596.70703125
14567,10624.6015625
14568,8150.923828125
14569,9478.69140625
14570,15860.0595703125
14571,15073.7158203125
14572,17413.767578125
14573,12017.23046875
14574,5922.14892578125
14575,7292.2451171875
14576,4497.89111328125
14577,12064.529296875
14578,19097.046875
14579,12353.5546875
14580,10113.623046875
14581,8414.8759765625
14582,4399.6025390625
14583,8775.1796875
14584,15454.8544921875
14585,10882.34375
14586,5518.4306640625
14587,10692.8701171875
14588,11704.6826171875
14589,3589.400146484375
14590,11520.666015625
14591,6509.4736328125
14592,11181.708984375
14593,10923.5341796875
14594,7069.1572265625
14595,10692.4228515625
14596,12547.2646484375
14597,8917.6513671875
14598,7901.92138671875
14599,7557.33251953125
14600,15806.6630859375
14601,8920.251953125
14602,13310.8154296875
14603,11010.59375
14604,11601.5927734375
14605,9591.0126953125
14606,14387.2099609375
14607,9798.505859375
14608,8114.935546875
14609,8788.3505859375
14610,6727.6806640625
14611,11926.3603515625
14612,13080.59375
14613,7133.97119140625
14614,9568.2724609375
14615,8852.8154296875
14616,14159.8232421875
14617,4750.5439453125
14618,16509.59375
14619,6801.77978515625
14620,7295.8271484375
14621,13150.12890625
14622,7313.81787109375
14623,7875.01318359375
14624,9536.5439453125
14625,10591.4326171875
14626,10013.365234375
14627,9247.673828125
14628,10151.171875
14629,12781.4638671875
14630,11198.1142578125
14631,9490.9658203125
14632,8454.4306640625
14633,16358.09375
14634,8858.78515625
14635,7110.7216796875
14636,10032.1640625
14637,6494.35498046875
14638,7095.87451171875
14639,9741.333984375
14640,5317.8115234375
14641,11875.3046875
14642,9058.9990234375
14643,11982.7451171875
14644,11781.65234375
14645,5390.30029296875
14646,9393.8857421875
14647,10935.5166015625
14648,14114.54296875
14649,12389.53515625
14650,8008.86328125
14651,7875.40869140625
14652,11686.484375
14653,10325.423828125
14654,8800.5654296875
14655,10591.7119140625
14656,10796.5498046875
14657,11539.2060546875
14658,9666.37109375
14659,6215.63232421875
14660,9200.25390625
14661,9606.0654296875
14662,8913.8310546875
14663,14017.173828125
14664,11543.6044921875
14665,9252.6552734375
14666,12287.7578125
14667,7800.1240234375
14668,8918.44921875
14669,12056.6455078125
14670,10913.4169921875
14671,13805.7001953125
14672,8912.8818359375
14673,10224.232421875
14674,7232.21630859375
14675,10379.6083984375
14676,14286.849609375
14677,10872.1630859375
14678,5810.66552734375
14679,7009.0322265625
14680,11372.9814453125
14681,8057.8984375
14682,9566.669921875
14683,11807.7744140625
14684,7720.64404296875
14685,9997.3427734375
14686,7031.560546875
14687,8160.86962890625
14688,12787.4306640625
14689,9685.20703125
14690,13779.8056640625
14691,10770.578125
14692,6665.04443359375
14693,9409.115234375
14694,6711.44091796875
14695,8342.8759765625
14696,7582.6796875
14697,10429.6416015625
14698,10236.26171875
14699,8751.6708984375
14700,16074.2744140625
14701,7841.08251953125
14702,5674.45654296875
14703,15235.44921875
14704,9462.8095703125
14705,13122.541015625
14706,10495.087890625
14707,6592.8974609375
14708,7947.6201171875
14709,8126.69140625
14710,12480.8359375
14711,17165.0078125
14712,9429.154296875
14713,2078.05322265625
14714,6438.509765625
14715,12736.9296875
14716,11979.78515625
14717,8798.5048828125
14718,8977.5009765625
14719,5740.7626953125
14720,8399.4560546875
14721,4874.72314453125
14722,6378.88916015625
14723,7279.5234375
14724,12513.701171875
14725,8136.23876953125
14726,8800.92578125
14727,9509.265625
14728,17242.408203125
14729,10797.59765625
14730,6762.68603515625
14731,11480.9833984375
14732,18278.228515625
14733,10815.828125
14734,8566.962890625
14735,7464.54833984375
14736,9112.86328125
14737,9604.375
14738,8422.4794921875
14739,10063.833984375
14740,11823.4990234375
14741,9344.5908203125
14742,11823.3212890625
14743,10960.005859375
14744,7233.23779296875
14745,12675.375
14746,23772.025390625
14747,15269.658203125
14748,8275.8017578125
14749,6916.3408203125
14750,6252.134765625
14751,13919.162109375
14752,8923.369140625
14753,11730.916015625
14754,21040.84765625
14755,7627.0390625
14756,9568.6181640625
14757,11237.595703125
14758,7198.345703125
14759,13768.3984375
14760,11353.650390625
14761,10875.3427734375
14762,4860.546875
14763,11201.1923828125
14764,6098.6767578125
14765,11525.8349609375
14766,17811.099609375
14767,8867.322265625
14768,6911.95361328125
14769,9395.44140625
14770,8670.6513671875
14771,5843.08056640625
14772,9641.421875
14773,9452.390625
14774,7460.08251953125
14775,12036.3251953125
14776,7337.92919921875
14777,8094.04443359375
14778,8209.931640625
14779,9229.64453125
14780,10122.9462890625
14781,7773.28955078125
14782,8941.7744140625
14783,6502.7978515625
14784,7090.4345703125
14785,9131.5908203125
14786,9451.33984375
14787,9113.7431640625
14788,5775.1318359375
14789,15226.990234375
14790,8498.7783203125
14791,14197.451171875
14792,9135.763671875
14793,7699.87939453125
14794,6894.91552734375
14795,5889.9326171875
14796,16549.54296875
14797,9512.66015625
14798,10560.482421875
14799,20378.73828125
14800,9484.4052734375
14801,6591.4033203125
14802,5081.099609375
14803,6822.04931640625
14804,9944.3759765625
14805,8125.91845703125
14806,8120.08251953125
14807,13786.693359375
14808,7794.77978515625
14809,25484.935546875
14810,18532.869140625
14811,5886.0478515625
14812,11474.95703125
14813,9772.73828125
14814,9091.4697265625
14815,8328.0048828125
14816,13588.21484375
14817,11221.833984375
14818,15777.0869140625
14819,7534.86474609375
14820,9297.876953125
14821,11993.7294921875
14822,12573.1904296875
14823,11919.7451171875
14824,8013.95654296875
14825,10174.208984375
14826,5968.2392578125
14827,12938.4755859375
14828,12105.369140625
14829,8732.857421875
14830,16092.0947265625
14831,8039.56396484375
14832,12914.8154296875
14833,7075.68896484375
14834,7387.2470703125
14835,9103.908203125
14836,17791.01953125
14837,8378.611328125
14838,15284.8349609375
14839,9135.2314453125
14840,12620.5361328125
14841,9645.36328125
14842,8801.9521484375
14843,8984.3916015625
14844,5490.873046875
14845,13338.798828125
14846,21225.03515625
14847,9630.353515625
14848,12080.1123046875
14849,13923.4482421875
14850,14420.4951171875
14851,14374.111328125
14852,8171.55419921875
14853,10671.095703125
14854,9776.12109375
14855,11106.8642578125
14856,4372.40576171875
14857,7732.3564453125
14858,9782.5107421875
14859,8788.875
14860,10909.1513671875
14861,10522.017578125
14862,10223.03125
14863,8747.5078125
14864,3445.02392578125
14865,5778.162109375
14866,11221.078125
14867,10880.1708984375
14868,12691.548828125
14869,12220.841796875
14870,10647.609375
14871,10640.798828125
14872,9023.546875
14873,13157.904296875
14874,10428.654296875
14875,6890.6044921875
14876,8241.248046875
14877,12817.923828125
14878,4549.73388671875
14879,12303.5498046875
14880,4375.04248046875
14881,5942.56396484375
14882,14570.0224609375
14883,10238.0712890625
14884,9623.59375
14885,10970.33984375
14886,12563.5615234375
14887,13718.55859375
14888,8587.150390625
14889,12837.212890625
14890,4039.69091796875
14891,6008.60595703125
14892,8643.140625
14893,6044.443359375
14894,9492.708984375
14895,8911.595703125
14896,8978.9560546875
14897,12334.177734375
14898,15739.9814453125
14899,12912.083984375
14900,9055.1689453125
14901,8835.4326171875
14902,13309.2490234375
14903,8930.3935546875
14904,8118.2841796875
14905,8422.3955078125
14906,9552.833984375
14907,14968.3740234375
14908,6916.82763671875
14909,9300.2578125
14910,11018.947265625
14911,11608.552734375
14912,18590.111328125
14913,7908.025390625
14914,17753.916015625
14915,6873.6015625
14916,6503.9677734375
14917,3434.69140625
14918,7878.7529296875
14919,10135.76171875
14920,6543.494140625
14921,9188.0126953125
14922,8837.35546875
14923,7911.41064453125
14924,9224.9052734375
14925,5226.607421875
14926,10748.759765625
14927,12688.125
14928,13920.65234375
14929,15602.0029296875
14930,9779.1279296875
14931,11647.576171875
14932,8223.2177734375
14933,7000.92333984375
14934,9249.462890625
14935,6495.998046875
14936,17168.873046875
14937,9818.681640625
14938,3671.14111328125
14939,11786.2841796875
14940,13299.65234375
14941,13502.88671875
14942,12518.748046875
14943,11286.4609375
14944,7352.3330078125
14945,7762.73095703125
14946,10603.7939453125
14947,10667.197265625
14948,10336.7197265625
14949,9436.8564453125
14950,10493.09375
14951,8661.6787109375
14952,7182.07763671875
14953,9066.87109375
14954,13941.3759765625
14955,11943.8271484375
14956,14352.8974609375
14957,18807.951171875
14958,10145.146484375
14959,7792.572265625
14960,6508.05126953125
14961,15441.443359375
14962,16695.1171875
14963,15628.703125
14964,11478.19921875
14965,11635.78125
14966,9652.3994140625
14967,7912.79248046875
14968,11522.828125
14969,11754.5810546875
14970,12608.2216796875
14971,9408.439453125
14972,4601.08935546875
14973,15501.1044921875
14974,10592.5263671875
14975,6627.72021484375
14976,5045.4501953125
14977,5353.23681640625
14978,10248.9482421875
14979,16855.568359375
14980,10322.736328125
14981,6363.82470703125
14982,7731.97900390625
14983,6365.96923828125
14984,4000.80126953125
14985,10147.873046875
14986,20102.66015625
14987,5693.66259765625
14988,9143.7265625
14989,9459.1279296875
14990,6206.681640625
14991,9262.703125
14992,8141.73095703125
14993,6060.4765625
14994,10136.36328125
14995,13384.6328125
14996,6445.7509765625
14997,13031.931640625
14998,13072.0146484375
14999,8138.17529296875
15000,11896.689453125
15001,11221.08984375
15002,12700.3544921875
15003,7919.46630859375
15004,8940.2021484375
15005,8638.3466796875
15006,8296.337890625
15007,19594.634765625
15008,15932.142578125
15009,8258.337890625
15010,6014.22021484375
15011,7754.73779296875
15012,10552.373046875
15013,5888.48974609375
15014,12342.21484375
15015,7851.599609375
15016,8250.328125
15017,10871.9951171875
15018,9132.2353515625
15019,9582.4013671875
15020,12927.7646484375
15021,8687.1279296875
15022,12965.701171875
15023,5758.46435546875
15024,7882.3935546875
15025,11709.169921875
15026,12167.0791015625
15027,12228.6708984375
15028,9100.392578125
15029,6751.373046875
15030,10441.4951171875
15031,7470.09423828125
15032,5598.39794921875
15033,12528.681640625
15034,9749.00390625
15035,9255.61328125
15036,9716.3779296875
15037,10730.7333984375
15038,10101.724609375
15039,9872.0322265625
15040,9216.7919921875
15041,10713.0517578125
15042,13007.6826171875
15043,6609.71337890625
15044,7144.10498046875
15045,5876.84765625
15046,16369.37890625
15047,9555.111328125
15048,6430.05615234375
15049,10836.7080078125
15050,15932.1201171875
15051,16402.22265625
15052,4983.775390625
15053,8713.3935546875
15054,8029.64453125
15055,10067.5595703125
15056,8314.9794921875
15057,10297.30859375
15058,4765.26953125
15059,12456.5390625
15060,9985.927734375
15061,7621.8837890625
15062,8286.7958984375
15063,9300.5517578125
15064,13305.9794921875
15065,8053.12744140625
15066,12318.552734375
15067,11965.95703125
15068,12588.896484375
15069,7796.86572265625
15070,8086.9853515625
15071,8835.2548828125
15072,9237.4326171875
15073,10799.640625
15074,7902.669921875
15075,8814.13671875
15076,12146.6005859375
15077,12957.5234375
15078,7526.22265625
15079,7250.97900390625
15080,16571.677734375
15081,11124.583984375
15082,11923.3837890625
15083,8410.3916015625
15084,6962.36181640625
15085,12665.0849609375
15086,9676.2783203125
15087,14593.609375
15088,11858.1162109375
15089,11159.654296875
15090,13423.23046875
15091,18848.234375
15092,11954.62109375
15093,8000.99658203125
15094,10885.79296875
15095,5147.0654296875
15096,5484.734375
15097,10956.341796875
15098,8503.2734375
15099,13872.375
15100,8863.7578125
15101,9972.5751953125
15102,10569.466796875
15103,14031.36328125
15104,9978.8173828125
15105,9557.1220703125
15106,9830.4130859375
15107,9178.8271484375
15108,4677.54443359375
15109,9577.4619140625
15110,11139.4736328125
15111,10875.96875
15112,8267.263671875
15113,8948.0517578125
15114,6410.44921875
15115,5849.943359375
15116,8916.99609375
15117,15729.521484375
15118,12231.916015625
15119,10170.1923828125
15120,15621.67578125
15121,9049.9619140625
15122,8170.7548828125
15123,11590.0517578125
15124,11407.650390625
15125,17064.083984375
15126,9893.0263671875
15127,10881.1435546875
15128,12674.8134765625
15129,9200.7880859375
15130,12439.11328125
15131,9762.5859375
15132,7480.53369140625
15133,8066.96533203125
15134,6171.64208984375
15135,8370.3505859375
15136,14196.2421875
15137,24966.888671875
15138,9572.25
15139,7258.29833984375
15140,10774.8330078125
15141,9649.6689453125
15142,8595.4755859375
15143,6629.19189453125
15144,14099.23046875
15145,7950.09326171875
15146,8424.396484375
15147,20524.087890625
15148,13196.1435546875
15149,9198.8720703125
15150,8635.388671875
15151,3648.3671875
15152,5984.67138671875
15153,7637.814453125
15154,13361.1875
15155,8975.958984375
15156,8669.5419921875
15157,8362.51171875
15158,7963.01611328125
15159,10590.5810546875
15160,10041.48046875
15161,4082.990478515625
15162,10892.9375
15163,11461.65625
15164,11118.5712890625
15165,8179.87646484375
15166,9024.509765625
15167,10598.9677734375
15168,5907.9150390625
15169,13742.376953125
15170,5956.06689453125
15171,7712.30224609375
15172,9576.916015625
15173,10923.533203125
15174,7800.42041015625
15175,10000.212890625
15176,8817.4365234375
15177,13650.5107421875
15178,14674.68359375
15179,7674.6064453125
15180,4891.73974609375
15181,7410.05615234375
15182,8128.44873046875
15183,6524.224609375
15184,11060.9326171875
15185,8297.8740234375
15186,17653.55078125
15187,14178.0380859375
15188,7494.9619140625
15189,10241.6005859375
15190,7089.2529296875
15191,12916.3623046875
15192,7651.7744140625
15193,16655.8984375
15194,8692.3212890625
15195,12322.4111328125
15196,7739.23388671875
15197,5861.87841796875
15198,8960.7353515625
15199,23680.390625
15200,6924.5185546875
15201,7227.84130859375
15202,15892.6962890625
15203,10191.095703125
15204,12941.9970703125
15205,11489.12109375
15206,12847.7333984375
15207,8058.75
15208,8317.7724609375
15209,12832.701171875
15210,8801.2568359375
15211,9240.7119140625
15212,9900.03515625
15213,5606.9755859375
15214,10123.70703125
15215,10126.6376953125
15216,6839.5703125
15217,13380.982421875
15218,10846.009765625
15219,6599.36376953125
15220,10601.107421875
15221,6381.373046875
15222,5659.6044921875
15223,14149.8916015625
15224,8442.4423828125
15225,12432.89453125
15226,5942.58935546875
15227,6146.92822265625
15228,8247.6904296875
15229,5486.9296875
15230,10707.076171875
15231,6882.35498046875
15232,7115.8388671875
15233,5754.0087890625
15234,8461.1513671875
15235,6705.86474609375
15236,10132.853515625
15237,10265.37109375
15238,13677.7021484375
15239,10539.7734375
15240,9277.1923828125
15241,8691.8857421875
15242,12293.5888671875
15243,12097.1494140625
15244,9297.404296875
15245,3131.986083984375
15246,7787.361328125
15247,10511.1533203125
15248,5857.95947265625
15249,14571.6962890625
15250,11318.81640625
15251,12471.126953125
15252,14344.173828125
15253,8886.1240234375
15254,8082.966796875
15255,15649.9931640625
15256,13232.3369140625
15257,6724.84130859375
15258,11535.005859375
15259,13391.2578125
15260,9804.9951171875
15261,6318.40625
15262,9617.9443359375
15263,7713.49951171875
15264,9272.892578125
15265,9415.3544921875
15266,7194.0380859375
15267,9080.6875
15268,13367.8154296875
15269,10026.7490234375
15270,14009.037109375
15271,8444.6064453125
15272,9453.876953125
15273,9278.876953125
15274,11232.61328125
15275,10880.5341796875
15276,9002.091796875
15277,8170.1787109375
15278,12182.642578125
15279,12405.6015625
15280,8265.7744140625
15281,7499.787109375
15282,10111.5263671875
15283,8538.8984375
15284,10272.7822265625
15285,5077.87744140625
15286,5440.17333984375
15287,10319.2939453125
15288,7913.5400390625
15289,8526.05859375
15290,13589.7138671875
15291,7615.7412109375
15292,9516.146484375
15293,9004.587890625
15294,5079.90966796875
15295,8022.099609375
15296,8964.6982421875
15297,10102.744140625
15298,13658.880859375
15299,13048.689453125
15300,5874.19091796875
15301,14151.3916015625
15302,6324.82275390625
15303,4803.74755859375
15304,15186.6650390625
15305,15491.025390625
15306,8950.173828125
15307,11256.751953125
15308,8691.103515625
15309,9844.732421875
15310,13540.0068359375
15311,11692.4296875
15312,14144.5029296875
15313,5730.2724609375
15314,5679.7470703125
15315,6259.326171875
15316,6782.33642578125
15317,7505.63720703125
15318,9321.4208984375
15319,10327.021484375
15320,3824.7568359375
15321,9088.0712890625
15322,13274.55859375
15323,9721.1884765625
15324,8049.9111328125
15325,10148.001953125
15326,6454.7529296875
15327,7963.33251953125
15328,13005.1552734375
15329,11922.220703125
15330,9816.005859375
15331,4562.95703125
15332,23135.37109375
15333,9746.5966796875
15334,11460.109375
15335,16903.41796875
15336,10617.859375
15337,12393.0478515625
15338,8205.4111328125
15339,8195.37109375
15340,13886.775390625
15341,20224.17578125
15342,10156.4912109375
15343,7096.27490234375
15344,7362.7587890625
15345,10159.7060546875
15346,8285.4560546875
15347,13350.9970703125
15348,14633.7685546875
15349,7512.2607421875
15350,5787.06640625
15351,9839.166015625
15352,11618.2138671875
15353,6747.16357421875
15354,10332.2431640625
15355,5935.6923828125
15356,12049.5458984375
15357,11652.6591796875
15358,10624.060546875
15359,12947.1787109375
15360,7639.85791015625
15361,7639.234375
15362,8273.9521484375
15363,12488.6376953125
15364,11468.7119140625
15365,10099.189453125
15366,10068.388671875
15367,9198.8828125
15368,6080.33203125
15369,15221.755859375
15370,6363.9638671875
15371,12191.8388671875
15372,7008.265625
15373,7725.3896484375
15374,11756.87109375
15375,8493.427734375
15376,8013.79541015625
15377,12895.8740234375
15378,5832.615234375
15379,6607.97021484375
15380,13794.2685546875
15381,12968.2919921875
15382,12544.0947265625
15383,6019.34375
15384,9755.6572265625
15385,9086.9814453125
15386,8959.962890625
15387,8803.4638671875
15388,17333.564453125
15389,12160.361328125
15390,14571.5478515625
15391,6558.59326171875
15392,10086.4072265625
15393,9801.3359375
15394,13620.0126953125
15395,9371.087890625
15396,15414.1103515625
15397,9119.71875
15398,7737.08447265625
15399,7732.14892578125
15400,7959.62353515625
15401,8106.99755859375
15402,13731.5439453125
15403,8775.91796875
15404,7855.17724609375
15405,14929.4609375
15406,7432.5908203125
15407,28507.427734375
15408,12443.3779296875
15409,0.0
15410,0.0
15411,0.0
15412,0.0
15413,0.0
15414,0.0
15415,0.0
15416,0.0
15417,0.0
15418,0.0
15419,0.0
15420,0.0
15421,0.0
15422,0.0
15423,0.0
15424,0.0
15425,0.0
15426,0.0
15427,0.0
15428,0.0
15429,0.0
15430,0.0
15431,0.0
15432,0.0
15433,0.0
15434,0.0
15435,0.0
15436,0.0
15437,0.0
15438,0.0
15439,0.0
15440,0.0
15441,0.0
15442,0.0
15443,0.0
15444,0.0
15445,0.0
15446,0.0
15447,0.0
15448,0.0
15449,0.0
15450,0.0
15451,0.0
15452,0.0
15453,0.0
15454,0.0
15455,0.0
15456,0.0
15457,0.0
15458,0.0
15459,0.0
15460,0.0
15461,0.0
15462,0.0
15463,0.0
15464,0.0
15465,0.0
15466,0.0
15467,0.0
15468,0.0
15469,0.0
15470,0.0
15471,0.0
15472,0.0
15473,0.0
15474,0.0
15475,0.0
15476,0.0
15477,0.0
15478,0.0
15479,0.0
15480,0.0
15481,0.0
15482,0.0
15483,0.0
15484,0.0
15485,0.0
15486,0.0
15487,0.0
15488,0.0
15489,0.0
15490,0.0
15491,0.0
15492,0.0
15493,0.0
15494,0.0
15495,0.0
15496,0.0
15497,0.0
15498,0.0
15499,0.0
15500,4382.43310546875
15501,0.0
15502,0.0
15503,0.0
15504,0.0
15505,0.0
15506,0.0
15507,0.0
15508,0.0
15509,0.0
15510,0.0
15511,0.0
15512,0.0
15513,0.0
15514,0.0
15515,0.0
15516,0.0
15517,0.0
15518,0.0
15519,0.0
15520,0.0
15521,0.0
15522,0.0
15523,0.0
15524,0.0
15525,0.0
15526,0.0
15527,0.0
15528,0.0
15529,0.0
15530,0.0
15531,0.0
15532,0.0
15533,0.0
15534,0.0
15535,0.0
15536,0.0
15537,0.0
15538,0.0
15539,0.0
15540,0.0
15541,0.0
15542,0.0
15543,0.0
15544,0.0
15545,0.0
15546,0.0
15547,0.0
15548,0.0
15549,0.0
15550,0.0
15551,0.0
15552,0.0
15553,0.0
15554,0.0
15555,0.0
15556,0.0
15557,0.0
15558,0.0
15559,0.0
15560,0.0
15561,0.0
15562,0.0
15563,0.0
15564,0.0
15565,0.0
15566,0.0
15567,0.0
15568,4032.155517578125
15569,0.0
15570,0.0
15571,0.0
15572,0.0
15573,0.0
15574,0.0
15575,0.0
15576,0.0
15577,0.0
15578,0.0
15579,0.0
15580,0.0
15581,0.0
15582,0.0
15583,0.0
15584,0.0
15585,0.0
15586,0.0
15587,0.0
15588,0.0
15589,0.0
15590,0.0
15591,0.0
15592,0.0
15593,0.0
15594,0.0
15595,0.0
15596,0.0
15597,0.0
15598,0.0
15599,0.0
15600,0.0
15601,0.0
15602,0.0
15603,0.0
15604,0.0
15605,0.0
15606,0.0
15607,0.0
15608,0.0
15609,16158.87890625
15610,33177.921875
15611,0.0
15612,0.0
15613,0.0
15614,0.0
15615,0.0
15616,0.0
15617,0.0
15618,8069.12939453125
15619,0.0
15620,0.0
15621,0.0
15622,0.0
15623,0.0
15624,0.0
15625,0.0
15626,0.0
15627,0.0
15628,0.0
15629,0.0
15630,0.0
15631,0.0
15632,0.0
15633,0.0
15634,0.0
15635,0.0
15636,0.0
15637,4899.4287109375
15638,0.0
15639,0.0
15640,0.0
15641,0.0
15642,0.0
15643,0.0
15644,0.0
15645,0.0
15646,0.0
15647,4110.3642578125
15648,0.0
15649,0.0
15650,0.0
15651,-0.0
15652,0.0
15653,0.0
15654,0.0
15655,0.0
15656,0.0
15657,0.0
15658,0.0
15659,0.0
15660,0.0
15661,0.0
15662,0.0
15663,0.0
15664,0.0
15665,9184.8662109375
15666,0.0
15667,0.0
15668,0.0
15669,0.0
15670,0.0
15671,0.0
15672,0.0
15673,0.0
15674,0.0
15675,0.0
15676,0.0
15677,0.0
15678,0.0
15679,0.0
15680,0.0
15681,0.0
15682,9385.5830078125
15683,0.0
15684,0.0
15685,0.0
15686,0.0
15687,0.0
15688,0.0
15689,0.0
15690,0.0
15691,0.0
15692,0.0
15693,0.0
15694,0.0
15695,0.0
15696,0.0
15697,0.0
15698,0.0
15699,0.0
15700,0.0
15701,0.0
15702,0.0
15703,0.0
15704,0.0
15705,0.0
15706,0.0
15707,0.0
15708,0.0
15709,0.0
15710,0.0
15711,0.0
15712,0.0
15713,0.0
15714,0.0
15715,0.0
15716,0.0
15717,0.0
15718,0.0
15719,0.0
15720,0.0
15721,0.0
15722,0.0
15723,0.0
15724,0.0
15725,0.0
15726,0.0
15727,0.0
15728,0.0
15729,0.0
15730,0.0
15731,0.0
15732,0.0
15733,0.0
15734,0.0
15735,0.0
15736,0.0
15737,0.0
15738,0.0
15739,0.0
15740,0.0
15741,0.0
15742,0.0
15743,0.0
15744,2419.40966796875
15745,0.0
15746,0.0
15747,0.0
15748,0.0
15749,0.0
15750,0.0
15751,0.0
15752,0.0
15753,0.0
15754,0.0
15755,0.0
15756,0.0
15757,0.0
15758,5709.03076171875
15759,0.0
15760,0.0
15761,0.0
15762,0.0
15763,0.0
15764,0.0
15765,0.0
15766,0.0
15767,0.0
15768,0.0
15769,0.0
15770,0.0
15771,0.0
15772,0.0
15773,0.0
15774,0.0
15775,0.0
15776,0.0
15777,0.0
15778,0.0
15779,0.0
15780,0.0
15781,0.0
15782,0.0
15783,0.0
15784,0.0
15785,0.0
15786,0.0
15787,0.0
15788,0.0
15789,0.0
15790,0.0
15791,0.0
15792,0.0
15793,0.0
15794,0.0
15795,0.0
15796,0.0
15797,0.0
15798,0.0
15799,0.0
15800,0.0
15801,7400.10302734375
15802,0.0
15803,0.0
15804,0.0
15805,0.0
15806,0.0
15807,0.0
15808,0.0
15809,0.0
15810,0.0
15811,3544.6162109375
15812,0.0
15813,0.0
15814,0.0
15815,5681.1669921875
15816,0.0
15817,0.0
15818,0.0
15819,0.0
15820,0.0
15821,0.0
15822,0.0
15823,0.0
15824,0.0
15825,0.0
15826,0.0
15827,0.0
15828,0.0
15829,0.0
15830,0.0
15831,0.0
15832,0.0
15833,0.0
15834,0.0
15835,0.0
15836,0.0
15837,0.0
15838,0.0
15839,0.0
15840,0.0
15841,0.0
15842,21292.95703125
15843,0.0
15844,0.0
15845,0.0
15846,0.0
15847,0.0
15848,0.0
15849,0.0
15850,0.0
15851,0.0
15852,0.0
15853,0.0
15854,0.0
15855,0.0
15856,7140.29443359375
15857,0.0
15858,0.0
15859,0.0
15860,0.0
15861,0.0
15862,0.0
15863,0.0
15864,0.0
15865,0.0
15866,0.0
15867,0.0
15868,0.0
15869,0.0
15870,0.0
15871,0.0
15872,0.0
15873,0.0
15874,0.0
15875,0.0
15876,0.0
15877,0.0
15878,0.0
15879,0.0
15880,0.0
15881,0.0
15882,0.0
15883,0.0
15884,0.0
15885,0.0
15886,0.0
15887,0.0
15888,0.0
15889,0.0
15890,0.0
15891,0.0
15892,0.0
15893,0.0
15894,0.0
15895,0.0
15896,0.0
15897,0.0
15898,0.0
15899,0.0
15900,0.0
15901,0.0
15902,0.0
15903,0.0
15904,0.0
15905,0.0
15906,0.0
15907,0.0
15908,0.0
15909,0.0
15910,0.0
15911,0.0
15912,0.0
15913,0.0
15914,0.0
15915,0.0
15916,0.0
15917,0.0
15918,0.0
15919,0.0
15920,0.0
15921,0.0
15922,0.0
15923,0.0
15924,0.0
15925,0.0
15926,0.0
15927,0.0
15928,0.0
15929,0.0
15930,0.0
15931,13671.5615234375
15932,0.0
15933,0.0
15934,0.0
15935,0.0
15936,0.0
15937,0.0
15938,0.0
15939,0.0
15940,0.0
15941,0.0
15942,0.0
15943,0.0
15944,0.0
15945,0.0
15946,0.0
15947,0.0
15948,0.0
15949,0.0
15950,0.0
15951,0.0
15952,0.0
15953,0.0
15954,0.0
15955,0.0
15956,0.0
15957,0.0
15958,0.0
15959,0.0
15960,0.0
15961,0.0
15962,0.0
15963,0.0
15964,0.0
15965,0.0
15966,0.0
15967,0.0
15968,0.0
15969,0.0
15970,0.0
15971,0.0
15972,0.0
15973,0.0
15974,0.0
15975,4829.822265625
15976,16977.587890625
15977,0.0
15978,0.0
15979,0.0
15980,0.0
15981,0.0
15982,0.0
15983,0.0
15984,0.0
15985,0.0
15986,0.0
15987,0.0
15988,0.0
15989,0.0
15990,0.0
15991,0.0
15992,0.0
15993,0.0
15994,0.0
15995,0.0
15996,0.0
15997,0.0
15998,0.0
15999,0.0
16000,0.0
16001,0.0
16002,0.0
16003,0.0
16004,12595.0673828125
16005,0.0
16006,0.0
16007,0.0
16008,0.0
16009,0.0
16010,0.0
16011,0.0
16012,0.0
16013,0.0
16014,0.0
16015,0.0
16016,0.0
16017,0.0
16018,0.0
16019,0.0
16020,0.0
16021,0.0
16022,0.0
16023,0.0
16024,0.0
16025,0.0
16026,0.0
16027,0.0
16028,0.0
16029,0.0
16030,0.0
16031,0.0
16032,0.0
16033,0.0
16034,0.0
16035,0.0
16036,0.0
16037,0.0
16038,0.0
16039,0.0
16040,0.0
16041,0.0
16042,0.0
16043,0.0
16044,0.0
16045,0.0
16046,0.0
16047,0.0
16048,0.0
16049,0.0
16050,0.0
16051,0.0
16052,0.0
16053,0.0
16054,0.0
16055,0.0
16056,0.0
16057,0.0
16058,0.0
16059,0.0
16060,0.0
16061,0.0
16062,0.0
16063,0.0
16064,0.0
16065,0.0
16066,0.0
16067,0.0
16068,0.0
16069,0.0
16070,0.0
16071,0.0
16072,0.0
16073,0.0
16074,3252.981201171875
16075,0.0
16076,0.0
16077,0.0
16078,1582.294677734375
16079,0.0
16080,0.0
16081,0.0
16082,0.0
16083,0.0
16084,0.0
16085,0.0
16086,0.0
16087,0.0
16088,0.0
16089,0.0
16090,0.0
16091,0.0
16092,0.0
16093,0.0
16094,0.0
16095,0.0
16096,0.0
16097,0.0
16098,0.0
16099,0.0
16100,0.0
16101,0.0
16102,0.0
16103,0.0
16104,0.0
16105,0.0
16106,0.0
16107,0.0
16108,0.0
16109,0.0
16110,0.0
16111,0.0
16112,0.0
16113,0.0
16114,0.0
16115,0.0
16116,0.0
16117,0.0
16118,0.0
16119,0.0
16120,0.0
16121,0.0
16122,0.0
16123,0.0
16124,0.0
16125,0.0
16126,0.0
16127,0.0
16128,0.0
16129,4376.1923828125
16130,0.0
16131,0.0
16132,0.0
16133,0.0
16134,0.0
16135,0.0
16136,0.0
16137,0.0
16138,0.0
16139,0.0
16140,0.0
16141,0.0
16142,0.0
16143,0.0
16144,11375.24609375
16145,0.0
16146,0.0
16147,0.0
16148,0.0
16149,0.0
16150,0.0
16151,0.0
16152,0.0
16153,0.0
16154,0.0
16155,0.0
16156,0.0
16157,0.0
16158,0.0
16159,0.0
16160,0.0
16161,0.0
16162,0.0
16163,0.0
16164,0.0
16165,0.0
16166,0.0
16167,0.0
16168,0.0
16169,0.0
16170,0.0
16171,0.0
16172,0.0
16173,0.0
16174,0.0
16175,0.0
16176,0.0
16177,0.0
16178,0.0
16179,0.0
16180,0.0
16181,0.0
16182,0.0
16183,0.0
16184,0.0
16185,0.0
16186,0.0
16187,0.0
16188,0.0
16189,0.0
16190,0.0
16191,0.0
16192,0.0
16193,0.0
16194,0.0
16195,0.0
16196,0.0
16197,0.0
16198,0.0
16199,0.0
16200,0.0
16201,0.0
16202,0.0
16203,0.0
16204,0.0
16205,0.0
16206,0.0
16207,0.0
16208,4850.8525390625
16209,0.0
16210,0.0
16211,0.0
16212,0.0
16213,0.0
16214,0.0
16215,0.0
16216,0.0
16217,0.0
16218,0.0
16219,0.0
16220,0.0
16221,0.0
16222,0.0
16223,0.0
16224,0.0
16225,0.0
16226,0.0
16227,0.0
16228,0.0
16229,0.0
16230,0.0
16231,0.0
16232,0.0
16233,0.0
16234,0.0
16235,0.0
16236,0.0
16237,0.0
16238,0.0
16239,0.0
16240,0.0
16241,0.0
16242,0.0
16243,0.0
16244,0.0
16245,0.0
16246,0.0
16247,0.0
16248,0.0
16249,14852.5244140625
16250,5979.35107421875
16251,0.0
16252,0.0
16253,0.0
16254,0.0
16255,0.0
16256,0.0
16257,0.0
16258,0.0
16259,0.0
16260,0.0
16261,0.0
16262,0.0
16263,0.0
16264,0.0
16265,4720.58544921875
16266,3867.038818359375
16267,7054.2333984375
16268,3601.419921875
16269,6951.54248046875
16270,4493.27880859375
16271,6690.8271484375
16272,7118.1259765625
16273,4542.39990234375
16274,3598.612548828125
16275,5854.8564453125
16276,4956.22998046875
16277,4484.0703125
16278,4844.9423828125
16279,5821.4248046875
16280,5268.9375
16281,6387.7646484375
16282,7170.3564453125
16283,9120.2412109375
16284,6320.12841796875
16285,7400.9375
16286,3771.87255859375
16287,6388.46630859375
16288,1853.104248046875
16289,7950.1630859375
16290,7164.044921875
16291,10139.458984375
16292,6305.19384765625
16293,3261.8857421875
16294,4227.51953125
16295,6334.83447265625
16296,7326.64697265625
16297,3996.1474609375
16298,5650.9619140625
16299,5332.00048828125
16300,6208.86767578125
16301,2073.6513671875
16302,7658.87255859375
16303,5021.71142578125
16304,8238.0830078125
16305,5918.12646484375
16306,4379.8662109375
16307,8541.1640625
16308,6728.822265625
16309,4324.3701171875
16310,3714.37890625
16311,7899.75927734375
16312,9698.0078125
16313,6171.74267578125
16314,5441.451171875
16315,9238.73828125
16316,7924.66357421875
16317,6049.583984375
16318,6445.40771484375
16319,3907.52783203125
16320,2568.181396484375
16321,4207.81689453125
16322,6608.8369140625
16323,7436.4111328125
16324,7668.12548828125
16325,4087.96337890625
16326,8223.3125
16327,6847.72119140625
16328,4794.11376953125
16329,2837.5166015625
16330,10856.0126953125
16331,3321.912353515625
16332,4404.16357421875
16333,6863.44384765625
16334,4676.98193359375
16335,6056.84521484375
16336,2885.354248046875
16337,6052.408203125
16338,5545.0166015625
16339,5454.3974609375
16340,8011.154296875
16341,8503.33984375
16342,5738.28466796875
16343,4494.1142578125
16344,8019.45654296875
16345,12671.3134765625
16346,6039.564453125
16347,3812.398193359375
16348,5914.07763671875
16349,5890.8125
16350,6749.63671875
16351,9028.787109375
16352,3041.87158203125
16353,8275.140625
16354,6228.744140625
16355,6424.9423828125
16356,8229.4921875
16357,2926.65869140625
16358,4959.30517578125
16359,5437.7197265625
16360,7590.87939453125
16361,7670.8662109375
16362,4767.2724609375
16363,4886.8828125
16364,7529.12060546875
16365,6255.64111328125
16366,5426.45751953125
16367,4740.86865234375
16368,4117.7001953125
16369,5962.04541015625
16370,4749.46484375
16371,3085.65625
16372,5371.86962890625
16373,6064.83984375
16374,6963.119140625
16375,6455.92041015625
16376,8017.50341796875
16377,4464.75146484375
16378,8987.7509765625
16379,3040.43115234375
16380,3767.35400390625
16381,7359.40576171875
16382,6867.85546875
16383,7188.6650390625
16384,9322.2890625
16385,6633.3720703125
16386,4702.2109375
16387,6686.2333984375
16388,7033.416015625
16389,3584.87109375
16390,2728.15478515625
16391,5910.6162109375
16392,4768.9111328125
16393,5081.9228515625
16394,3298.53759765625
16395,5839.50341796875
16396,5664.1240234375
16397,6845.26806640625
16398,6339.6904296875
16399,2988.123291015625
16400,6094.48779296875
16401,7307.95458984375
16402,4151.59326171875
16403,6169.8623046875
16404,3578.9482421875
16405,5400.0224609375
16406,2363.185302734375
16407,4450.2138671875
16408,5811.8125
16409,7182.04150390625
16410,7041.82080078125
16411,7226.97900390625
16412,13168.2509765625
16413,3799.736083984375
16414,5681.234375
16415,9834.06640625
16416,5983.46337890625
16417,8035.84423828125
16418,5882.5712890625
16419,5972.76416015625
16420,5783.4130859375
16421,4469.65966796875
16422,5594.8642578125
16423,8164.7998046875
16424,6212.0126953125
16425,3128.5029296875
16426,3822.769287109375
16427,7043.5078125
16428,7866.0830078125
16429,6362.6435546875
16430,5641.33056640625
16431,4741.81640625
16432,3246.877197265625
16433,2781.240966796875
16434,2987.60498046875
16435,6444.240234375
16436,7730.119140625
16437,4866.044921875
16438,4912.36865234375
16439,8042.87939453125
16440,7558.87939453125
16441,7712.91259765625
16442,5029.912109375
16443,8831.2041015625
16444,9365.1796875
16445,3909.983642578125
16446,5306.728515625
16447,4969.55322265625
16448,6173.2724609375
16449,2748.404296875
16450,5510.15087890625
16451,5094.77197265625
16452,7645.48046875
16453,6387.5166015625
16454,7032.16748046875
16455,6431.56201171875
16456,5766.30419921875
16457,8013.55322265625
16458,17632.1015625
16459,8584.09375
16460,3682.151611328125
16461,5694.33837890625
16462,6589.62255859375
16463,8008.61572265625
16464,4605.39208984375
16465,9014.787109375
16466,18602.623046875
16467,5764.11279296875
16468,4142.55810546875
16469,11639.15234375
16470,3375.8251953125
16471,5815.3349609375
16472,3432.70556640625
16473,6186.42138671875
16474,5359.89404296875
16475,6792.88671875
16476,5315.39013671875
16477,5838.75341796875
16478,10167.86328125
16479,6448.51708984375
16480,6148.376953125
16481,7292.82080078125
16482,5339.50341796875
16483,5996.701171875
16484,8928.828125
16485,5074.15625
16486,5384.6904296875
16487,4085.615234375
16488,3993.90185546875
16489,7219.427734375
16490,5287.6337890625
16491,5446.9853515625
16492,8071.25048828125
16493,8654.4912109375
16494,7607.29248046875
16495,4600.68310546875
16496,3926.53564453125
16497,4390.46923828125
16498,5477.853515625
16499,5614.3974609375
16500,4082.02783203125
16501,6224.05126953125
16502,5979.6435546875
16503,8012.515625
16504,5668.72412109375
16505,3719.51220703125
16506,3774.92529296875
16507,3022.82177734375
16508,8547.7548828125
16509,6183.33154296875
16510,5882.74609375
16511,12828.494140625
16512,7671.2705078125
16513,4708.57666015625
16514,5853.4794921875
16515,2952.20361328125
16516,4981.12109375
16517,4478.25341796875
16518,4984.6708984375
16519,8839.841796875
16520,4438.97607421875
16521,9216.6943359375
16522,9483.822265625
16523,6057.66455078125
16524,5531.14013671875
16525,4841.9150390625
16526,5261.330078125
16527,5696.21240234375
16528,10229.953125
16529,5656.34423828125
16530,7418.62109375
16531,3761.8046875
16532,5847.6416015625
16533,6364.32763671875
16534,8840.45703125
16535,6294.90380859375
16536,5324.63134765625
16537,6826.8916015625
16538,5604.27978515625
16539,7589.08154296875
16540,7084.20751953125
16541,7234.1806640625
16542,8117.880859375
16543,6551.73193359375
16544,8709.72265625
16545,3406.206787109375
16546,6074.98583984375
16547,5791.30029296875
16548,9270.0537109375
16549,6953.92578125
16550,6851.64208984375
16551,6581.64208984375
16552,7568.849609375
16553,5826.0224609375
16554,7322.37548828125
16555,6450.28271484375
16556,3170.999755859375
16557,7506.56591796875
16558,15418.2861328125
16559,7121.83349609375
16560,6648.49853515625
16561,6712.67919921875
16562,8032.74365234375
16563,8195.5771484375
16564,3199.245849609375
16565,4407.1083984375
16566,7071.97509765625
16567,7875.06787109375
16568,3143.580322265625
16569,4134.03271484375
16570,5901.623046875
16571,4542.0712890625
16572,5666.2412109375
16573,3856.27685546875
16574,3364.093994140625
16575,7315.408203125
16576,4462.68408203125
16577,4823.421875
16578,5320.2119140625
16579,4902.0595703125
16580,9285.693359375
16581,13022.5400390625
16582,5431.90087890625
16583,7188.67919921875
16584,6856.38330078125
16585,9343.279296875
16586,4366.46826171875
16587,3534.42138671875
16588,5271.7646484375
16589,12904.453125
16590,3683.940673828125
16591,6886.994140625
16592,1616.4400634765625
16593,3232.047607421875
16594,6028.40185546875
16595,7068.0751953125
16596,5106.12646484375
16597,9735.1748046875
16598,9717.2216796875
16599,8064.916015625
16600,4774.2626953125
16601,9894.6279296875
16602,1630.79541015625
16603,3285.479736328125
16604,6766.68603515625
16605,5041.18408203125
16606,10809.3115234375
16607,3292.271484375
16608,5773.46240234375
16609,5894.9619140625
16610,8127.7783203125
16611,9866.83203125
16612,4903.85205078125
16613,3677.340087890625
16614,9737.0380859375
16615,9850.8427734375
16616,3853.216552734375
16617,5903.82177734375
16618,8293.1591796875
16619,6380.2939453125
16620,4844.22314453125
16621,3754.84814453125
16622,7122.197265625
16623,3638.067626953125
16624,10619.3662109375
16625,8442.6220703125
16626,15687.1416015625
16627,7074.95458984375
16628,5985.2138671875
16629,2209.41552734375
16630,5594.3447265625
16631,6192.90185546875
16632,4919.92919921875
16633,9764.8681640625
16634,6610.4296875
16635,2688.5888671875
16636,6872.09326171875
16637,3653.831787109375
16638,7540.2763671875
16639,8387.478515625
16640,6640.24267578125
16641,8085.7802734375
16642,5063.2548828125
16643,7452.74267578125
16644,6938.58642578125
16645,5961.48681640625
16646,6923.7978515625
16647,3560.52978515625
16648,8675.8388671875
16649,5690.984375
16650,3407.20751953125
16651,4326.31298828125
16652,7195.42529296875
16653,6231.90576171875
16654,4743.93408203125
16655,5418.1044921875
16656,5554.8681640625
16657,4789.12548828125
16658,5218.0771484375
16659,9229.3173828125
16660,5290.3447265625
16661,3739.449462890625
16662,6064.0615234375
16663,6545.078125
16664,3372.77001953125
16665,5250.294921875
16666,9095.7626953125
16667,7868.76123046875
16668,10322.8212890625
16669,9381.2744140625
16670,8068.7763671875
16671,7098.19970703125
16672,4540.533203125
16673,9772.7373046875
16674,8104.31396484375
16675,6897.6240234375
16676,5342.259765625
16677,5957.78759765625
16678,5343.72119140625
16679,4021.006103515625
16680,8781.8994140625
16681,6761.1884765625
16682,5656.76513671875
16683,4667.3134765625
16684,1108.466796875
16685,7197.19384765625
16686,6091.62939453125
16687,7244.49267578125
16688,4162.5244140625
16689,5128.873046875
16690,6614.9970703125
16691,4637.126953125
16692,9290.759765625
16693,5038.6806640625
16694,4841.60986328125
16695,3443.49560546875
16696,2787.51025390625
16697,4877.5341796875
16698,13417.6044921875
16699,3068.154052734375
16700,5621.1513671875
16701,5008.2109375
16702,3347.62939453125
16703,3340.31298828125
16704,5499.279296875
16705,2541.94921875
16706,8102.06787109375
16707,5233.67431640625
16708,2850.693603515625
16709,7668.265625
16710,2154.91064453125
16711,4526.896484375
16712,9345.744140625
16713,7495.36767578125
16714,8138.3095703125
16715,3054.6728515625
16716,4905.88671875
16717,5437.74560546875
16718,4300.0517578125
16719,14586.48046875
16720,11591.0830078125
16721,5781.75
16722,3099.954345703125
16723,5310.25537109375
16724,5181.58251953125
16725,2903.499755859375
16726,8021.55517578125
16727,5401.470703125
16728,5126.9052734375
16729,9086.787109375
16730,5368.07763671875
16731,6557.36279296875
16732,7036.501953125
16733,6023.3603515625
16734,6408.92236328125
16735,3570.294189453125
16736,5263.12744140625
16737,7294.65380859375
16738,7245.421875
16739,6281.01513671875
16740,6707.0546875
16741,2955.588134765625
16742,8575.1162109375
16743,5203.05908203125
16744,3186.7744140625
16745,4698.02001953125
16746,4907.34619140625
16747,4857.70556640625
16748,7365.66064453125
16749,3944.224609375
16750,6554.56298828125
16751,5244.798828125
16752,7941.6796875
16753,7716.19677734375
16754,6204.546875
16755,7256.025390625
16756,5865.85498046875
16757,2977.5078125
16758,10996.322265625
16759,3491.614990234375
16760,3269.92333984375
16761,7355.8916015625
16762,10196.0703125
16763,10815.7890625
16764,4862.6181640625
16765,4830.45458984375
16766,6448.42919921875
16767,6777.74169921875
16768,4576.23876953125
16769,5964.6015625
16770,2622.129150390625
16771,4819.01953125
16772,4203.0439453125
16773,2878.37060546875
16774,4102.53369140625
16775,6615.7265625
16776,6486.79296875
16777,6218.90234375
16778,5244.17431640625
16779,8320.453125
16780,7815.2998046875
16781,4843.93212890625
16782,5347.68359375
16783,5435.7421875
16784,7234.701171875
16785,5252.98779296875
16786,2631.45263671875
16787,6550.9404296875
16788,6262.64501953125
16789,6162.57470703125
16790,5671.09326171875
16791,3498.01318359375
16792,10474.560546875
16793,3345.57177734375
16794,9231.7275390625
16795,5288.84375
16796,4709.09912109375
16797,7588.404296875
16798,3537.767578125
16799,4908.64892578125
16800,8341.7978515625
16801,3759.3115234375
16802,7223.1591796875
16803,9847.13671875
16804,7041.66064453125
16805,3738.5703125
16806,5989.4501953125
16807,3514.996826171875
16808,2676.177978515625
16809,4760.2109375
16810,6029.5322265625
16811,4731.62890625
16812,5174.2783203125
16813,4856.9775390625
16814,4375.5654296875
16815,8902.6259765625
16816,5962.0439453125
16817,6609.796875
16818,4230.7314453125
16819,5438.60498046875
16820,5947.90625
16821,6938.3056640625
16822,8279.2744140625
16823,8247.9794921875
16824,8263.7265625
16825,5947.5126953125
16826,5961.02099609375
16827,3075.863037109375
16828,5742.31201171875
16829,9037.1640625
16830,6056.4287109375
16831,8071.14892578125
16832,14375.5546875
16833,3363.8828125
16834,4778.76953125
16835,4911.93359375
16836,8246.1396484375
16837,9429.5673828125
16838,7173.255859375
16839,7474.18310546875
16840,7972.5439453125
16841,7780.7939453125
16842,6234.0703125
16843,5657.32568359375
16844,3765.22607421875
16845,4819.24169921875
16846,3316.209716796875
16847,3301.7177734375
16848,6776.5859375
16849,15453.298828125
16850,5551.1044921875
16851,3104.38330078125
16852,4914.71142578125
16853,5146.01708984375
16854,6401.220703125
16855,2730.428955078125
16856,7428.88623046875
16857,7051.51513671875
16858,3963.291015625
16859,10983.353515625
16860,11349.490234375
16861,3943.548828125
16862,4974.76416015625
16863,4186.20751953125
16864,4090.933837890625
16865,4694.8466796875
16866,8103.77685546875
16867,3903.455810546875
16868,4671.8125
16869,3580.32275390625
16870,4949.62939453125
16871,4620.25830078125
16872,6515.85693359375
16873,3202.491943359375
16874,7771.5205078125
16875,6700.74853515625
16876,4589.8388671875
16877,4129.78076171875
16878,4402.31591796875
16879,4954.001953125
16880,4641.78125
16881,9436.3251953125
16882,4134.2421875
16883,3844.0888671875
16884,6798.6689453125
16885,4760.56884765625
16886,6025.68798828125
16887,5473.3515625
16888,6148.80419921875
16889,10341.5908203125
16890,6794.60791015625
16891,6129.974609375
16892,3569.13134765625
16893,5151.52978515625
16894,5820.5498046875
16895,3831.355712890625
16896,4662.34033203125
16897,5414.18994140625
16898,11378.232421875
16899,7920.4296875
16900,5154.30078125
16901,5777.388671875
16902,4766.66943359375
16903,7484.2548828125
16904,5656.99755859375
16905,9630.857421875
16906,7323.21728515625
16907,5520.59814453125
16908,4160.1103515625
16909,2646.89697265625
16910,4450.17724609375
16911,19413.99609375
16912,2137.878173828125
16913,4763.150390625
16914,6580.6064453125
16915,7330.908203125
16916,6334.88037109375
16917,8720.5234375
16918,5757.5732421875
16919,6685.93359375
16920,3037.8828125
16921,8056.9990234375
16922,4275.591796875
16923,7014.6279296875
16924,8152.77734375
16925,3986.2490234375
16926,8091.736328125
16927,7757.82568359375
16928,3851.08251953125
16929,8293.6640625
16930,7130.46728515625
16931,3315.93603515625
16932,8821.185546875
16933,6436.78076171875
16934,4953.79736328125
16935,8439.61328125
16936,8275.6533203125
16937,6694.05517578125
16938,4332.5751953125
16939,4522.85986328125
16940,5901.0751953125
16941,4189.76708984375
16942,6661.87890625
16943,3468.24072265625
16944,5018.1376953125
16945,3222.27099609375
16946,6296.4482421875
16947,5676.662109375
16948,4675.44873046875
16949,6090.6259765625
16950,8851.595703125
16951,6160.451171875
16952,7438.83349609375
16953,5492.337890625
16954,5864.97998046875
16955,8797.32421875
16956,7204.2822265625
16957,3684.540283203125
16958,5284.8828125
16959,5790.00634765625
16960,3829.115966796875
16961,13256.0771484375
16962,6078.30908203125
16963,7852.15576171875
16964,9004.2841796875
16965,6741.16064453125
16966,3350.628662109375
16967,7947.6416015625
16968,8740.25
16969,6736.0634765625
16970,7381.01416015625
16971,7447.46435546875
16972,7298.71923828125
16973,4608.62451171875
16974,3904.513671875
16975,3287.14697265625
16976,4946.19482421875
16977,7336.92236328125
16978,3561.110107421875
16979,8858.6904296875
16980,6503.7099609375
16981,4834.74609375
16982,7587.083984375
16983,5283.69775390625
16984,7558.5205078125
16985,5314.01220703125
16986,5065.52685546875
16987,6413.3525390625
16988,4183.54052734375
16989,6115.7197265625
16990,6137.05029296875
16991,8046.39794921875
16992,6390.9697265625
16993,4494.1591796875
16994,6344.47607421875
16995,6707.51806640625
16996,6798.3212890625
16997,3321.25732421875
16998,3751.089111328125
16999,8228.412109375
17000,5993.546875
17001,0.0
17002,7124.3212890625
17003,6522.8623046875
17004,5397.990234375
17005,5303.65380859375
17006,1929.69140625
17007,6255.42919921875
17008,6194.5849609375
17009,5365.33642578125
17010,9227.890625
17011,6568.98388671875
17012,3267.155517578125
17013,6893.89111328125
17014,3414.051513671875
17015,1157.95166015625
17016,6378.17138671875
17017,7918.599609375
17018,7078.31396484375
17019,4200.09765625
17020,2147.140380859375
17021,4677.4990234375
17022,6038.3740234375
17023,6682.1689453125
17024,7706.70849609375
17025,3241.807373046875
17026,4978.24951171875
17027,3611.78466796875
17028,6406.81298828125
17029,2883.016357421875
17030,3594.798828125
17031,5589.06591796875
17032,3949.58837890625
17033,6024.67626953125
17034,5309.23681640625
17035,5489.68994140625
17036,5243.296875
17037,7768.4794921875
17038,4909.08154296875
17039,3193.814697265625
17040,10710.3154296875
17041,7540.16162109375
17042,6919.80078125
17043,2204.7802734375
17044,5030.0654296875
17045,5828.0205078125
17046,4710.72412109375
17047,8602.9013671875
17048,7325.36083984375
17049,6100.22998046875
17050,6581.2001953125
17051,5754.3779296875
17052,7700.94775390625
17053,10664.7392578125
17054,3901.895751953125
17055,4494.80859375
17056,5055.16162109375
17057,5199.30126953125
17058,6292.00537109375
17059,7851.07177734375
17060,6201.388671875
17061,5477.22998046875
17062,2799.8232421875
17063,5854.6748046875
17064,7882.03076171875
17065,3297.087890625
17066,6417.076171875
17067,2745.205078125
17068,7191.32373046875
17069,7003.80859375
17070,5413.02734375
17071,5213.02392578125
17072,4016.2841796875
17073,5231.70849609375
17074,7210.30517578125
17075,6223.43359375
17076,8222.1572265625
17077,5780.5341796875
17078,8871.6220703125
17079,5196.2041015625
17080,3739.595947265625
17081,8165.302734375
17082,3300.810791015625
17083,8793.96875
17084,5992.095703125
17085,5099.07080078125
17086,7692.75
17087,3874.15478515625
17088,4317.24169921875
17089,5792.0146484375
17090,3291.46923828125
17091,3036.594970703125
17092,5771.63232421875
17093,6188.09716796875
17094,9760.689453125
17095,5588.1142578125
17096,5566.5244140625
17097,4607.7421875
17098,6835.71826171875
17099,3604.738525390625
17100,10162.68359375
17101,7771.80029296875
17102,12159.6806640625
17103,4954.9150390625
17104,4657.2841796875
17105,9620.3720703125
17106,7592.609375
17107,3259.99169921875
17108,8908.3759765625
17109,5870.37109375
17110,5523.99658203125
17111,5894.5341796875
17112,5296.25634765625
17113,3630.73486328125
17114,6602.37744140625
17115,4508.61962890625
17116,2873.54541015625
17117,7295.0634765625
17118,6078.4501953125
17119,22457.298828125
17120,8277.2509765625
17121,4128.01708984375
17122,6153.81982421875
17123,10105.68359375
17124,5229.91943359375
17125,6898.36865234375
17126,4874.65625
17127,7697.66064453125
17128,6672.744140625
17129,3936.444091796875
17130,5227.794921875
17131,6117.701171875
17132,6626.005859375
17133,6929.748046875
17134,5922.6474609375
17135,4809.990234375
17136,5981.59375
17137,6905.39892578125
17138,9060.98828125
17139,10722.91796875
17140,9142.193359375
17141,7468.45166015625
17142,4456.35595703125
17143,6173.0107421875
17144,2806.396484375
17145,8021.8642578125
17146,8469.287109375
17147,8926.43359375
17148,5588.626953125
17149,6034.30859375
17150,3816.383056640625
17151,6388.11669921875
17152,9198.146484375
17153,5925.82861328125
17154,4532.72119140625
17155,5234.46435546875
17156,7747.048828125
17157,3456.769287109375
17158,7105.4892578125
17159,4223.61767578125
17160,7225.1513671875
17161,5900.74462890625
17162,5681.359375
17163,7188.43408203125
17164,6258.2626953125
17165,4742.51806640625
17166,6403.81103515625
17167,6554.498046875
17168,10572.9326171875
17169,5902.978515625
17170,6713.86328125
17171,8450.2939453125
17172,9232.80859375
17173,5988.51904296875
17174,8450.9150390625
17175,3685.38623046875
17176,4078.64453125
17177,5695.00634765625
17178,6977.45654296875
17179,9204.2451171875
17180,6642.4072265625
17181,4665.43310546875
17182,7120.4169921875
17183,6392.6552734375
17184,8153.869140625
17185,4256.69580078125
17186,12402.4775390625
17187,4925.341796875
17188,5627.36669921875
17189,9864.3310546875
17190,4062.634765625
17191,5797.75830078125
17192,5586.42138671875
17193,7582.47607421875
17194,6650.48681640625
17195,5348.33154296875
17196,7756.3349609375
17197,8131.759765625
17198,7121.81591796875
17199,5280.431640625
17200,7518.6875
17201,11908.248046875
17202,6451.46923828125
17203,5175.53857421875
17204,6069.541015625
17205,6050.9716796875
17206,6489.91357421875
17207,6388.525390625
17208,5164.787109375
17209,6230.85400390625
17210,6400.65087890625
17211,6866.5966796875
17212,8802.931640625
17213,5992.7939453125
17214,6110.88623046875
17215,4860.9521484375
17216,7583.77587890625
17217,7667.10546875
17218,4684.88134765625
17219,4870.9375
17220,6960.55224609375
17221,6032.76318359375
17222,5024.4453125
17223,5554.88818359375
17224,5871.5625
17225,6504.9599609375
17226,6027.43505859375
17227,4946.57373046875
17228,5517.763671875
17229,7613.13525390625
17230,6376.3505859375
17231,7439.392578125
17232,8338.5048828125
17233,5219.25244140625
17234,9361.7392578125
17235,5577.44140625
17236,5282.33837890625
17237,8204.1103515625
17238,6008.3115234375
17239,8905.1513671875
17240,7402.38037109375
17241,6402.1748046875
17242,5552.66943359375
17243,7230.11474609375
17244,6955.2822265625
17245,5481.25439453125
17246,3560.0634765625
17247,6144.35107421875
17248,6944.52783203125
17249,5801.70654296875
17250,4476.70654296875
17251,7655.3125
17252,5079.2412109375
17253,6132.33642578125
17254,5818.5185546875
17255,5260.64794921875
17256,7050.54638671875
17257,6985.970703125
17258,6006.078125
17259,5592.24365234375
17260,5076.7138671875
17261,6413.37255859375
17262,2746.4990234375
17263,6839.45849609375
17264,5165.89453125
17265,7702.80029296875
17266,6825.6865234375
17267,5483.6552734375
17268,9623.806640625
17269,3999.4931640625
17270,5471.65673828125
17271,10467.34375
17272,6752.77197265625
17273,7967.12353515625
17274,7362.89794921875
17275,6107.87841796875
17276,5575.0400390625
17277,4891.45654296875
17278,8011.50732421875
17279,9543.37890625
17280,6324.93115234375
17281,2573.609130859375
17282,5246.626953125
17283,7564.3369140625
17284,7497.00341796875
17285,5268.59130859375
17286,6241.85107421875
17287,5130.01806640625
17288,4866.27392578125
17289,4317.67138671875
17290,4812.4140625
17291,6430.65966796875
17292,7188.04248046875
17293,5752.35302734375
17294,6682.74755859375
17295,7809.45263671875
17296,8532.00390625
17297,7268.00634765625
17298,4317.2568359375
17299,9185.9658203125
17300,9645.59375
17301,4614.06640625
17302,7109.54248046875
17303,5608.10009765625
17304,7253.1103515625
17305,3541.69140625
17306,6086.64990234375
17307,5047.61767578125
17308,8062.68212890625
17309,7179.85205078125
17310,7712.62841796875
17311,7269.39892578125
17312,5634.40625
17313,7015.115234375
17314,17099.349609375
17315,9336.06640625
17316,5330.109375
17317,4061.113525390625
17318,6572.30419921875
17319,8261.0927734375
17320,5679.69970703125
17321,11439.2470703125
17322,20627.244140625
17323,4452.45263671875
17324,4886.5244140625
17325,10005.779296875
17326,4424.521484375
17327,8391.71484375
17328,5262.29833984375
17329,7378.42138671875
17330,5590.052734375
17331,6512.73486328125
17332,5708.02490234375
17333,7073.80224609375
17334,9110.3740234375
17335,6354.42626953125
17336,5675.06787109375
17337,6375.3505859375
17338,4508.640625
17339,4943.271484375
17340,5919.509765625
17341,5242.4775390625
17342,5264.7197265625
17343,6460.65576171875
17344,6074.36474609375
17345,6182.51025390625
17346,5344.67041015625
17347,6346.78564453125
17348,8234.8583984375
17349,8228.8701171875
17350,8133.3818359375
17351,5103.2001953125
17352,3620.67333984375
17353,5716.63330078125
17354,7074.20166015625
17355,5585.29443359375
17356,4669.73388671875
17357,7724.20361328125
17358,5780.38818359375
17359,9106.857421875
17360,6517.35888671875
17361,5024.6103515625
17362,4797.6611328125
17363,4594.73388671875
17364,9145.427734375
17365,5271.19091796875
17366,7821.68701171875
17367,14491.23828125
17368,6963.18310546875
17369,5914.55029296875
17370,4760.130859375
17371,5674.73876953125
17372,7309.095703125
17373,4817.423828125
17374,5394.00927734375
17375,10160.0224609375
17376,5503.47021484375
17377,13779.4091796875
17378,11022.4169921875
17379,5121.052734375
17380,5847.84423828125
17381,5408.17236328125
17382,6386.60009765625
17383,6551.958984375
17384,8993.8037109375
17385,6764.23046875
17386,8266.857421875
17387,4919.14599609375
17388,7931.3701171875
17389,5609.56884765625
17390,7832.8720703125
17391,5869.9609375
17392,6194.685546875
17393,6449.419921875
17394,6928.5478515625
17395,7371.2041015625
17396,9675.8740234375
17397,5561.509765625
17398,9393.9404296875
17399,6613.0927734375
17400,9530.7373046875
17401,5403.57861328125
17402,4234.19580078125
17403,5612.0634765625
17404,8068.09619140625
17405,6263.619140625
17406,6922.43603515625
17407,5060.1357421875
17408,7689.8564453125
17409,5521.04736328125
17410,7605.80029296875
17411,6529.55908203125
17412,4040.660888671875
17413,11889.8427734375
17414,16246.0263671875
17415,6577.375
17416,7086.69580078125
17417,8622.4287109375
17418,9276.5537109375
17419,10263.9619140625
17420,6159.31640625
17421,6588.43017578125
17422,6905.44384765625
17423,7778.5322265625
17424,4589.06884765625
17425,5709.71875
17426,5806.154296875
17427,5084.3330078125
17428,7599.615234375
17429,5196.44287109375
17430,4383.41748046875
17431,6053.8427734375
17432,3459.42333984375
17433,3557.672119140625
17434,5528.39794921875
17435,6356.8583984375
17436,8501.921875
17437,8787.005859375
17438,7041.76123046875
17439,6451.484375
17440,6586.0107421875
17441,9347.9658203125
17442,6596.33740234375
17443,4911.6826171875
17444,4884.45654296875
17445,10578.5712890625
17446,3772.725341796875
17447,8009.6005859375
17448,3538.6162109375
17449,3968.78564453125
17450,6928.357421875
17451,5706.638671875
17452,5444.0185546875
17453,8817.763671875
17454,9219.2763671875
17455,10854.798828125
17456,6366.18359375
17457,8222.5400390625
17458,3300.470947265625
17459,4988.556640625
17460,7126.28076171875
17461,3363.919921875
17462,8676.8330078125
17463,4606.66552734375
17464,5554.19580078125
17465,8611.5009765625
17466,10475.6201171875
17467,6766.19384765625
17468,5087.4091796875
17469,4912.8408203125
17470,10143.0068359375
17471,7525.6845703125
17472,5550.99755859375
17473,5363.3447265625
17474,6486.568359375
17475,7883.06396484375
17476,3890.7958984375
17477,5667.80810546875
17478,7418.8994140625
17479,7170.79296875
17480,11339.328125
17481,5967.158203125
17482,14789.16015625
17483,5962.2568359375
17484,6644.05224609375
17485,2956.0439453125
17486,5859.2529296875
17487,5557.31396484375
17488,4991.7939453125
17489,7739.39013671875
17490,5717.40869140625
17491,4655.94970703125
17492,6847.013671875
17493,4196.89990234375
17494,6048.83740234375
17495,6850.3798828125
17496,7169.4970703125
17497,8750.05859375
17498,4427.57861328125
17499,8924.1708984375
17500,5101.65966796875
17501,5273.44970703125
17502,6482.70947265625
17503,4875.5419921875
17504,9308.13671875
17505,7015.91015625
17506,3712.517578125
17507,5737.2529296875
17508,8025.95361328125
17509,7399.54345703125
17510,5971.23681640625
17511,8480.03515625
17512,5477.501953125
17513,6753.80322265625
17514,6198.87841796875
17515,8522.9453125
17516,6064.78564453125
17517,5699.67236328125
17518,5586.15869140625
17519,5409.0546875
17520,4742.0478515625
17521,5034.931640625
17522,8249.9970703125
17523,9056.9267578125
17524,10806.4775390625
17525,10439.7548828125
17526,7696.1005859375
17527,7744.5791015625
17528,5766.8603515625
17529,10546.318359375
17530,10073.1708984375
17531,6753.310546875
17532,7873.255859375
17533,7816.24462890625
17534,5520.65869140625
17535,5003.365234375
17536,7003.3017578125
17537,6090.478515625
17538,6532.9931640625
17539,5329.27099609375
17540,1729.50244140625
17541,8142.55810546875
17542,6108.59814453125
17543,5565.68310546875
17544,5583.28173828125
17545,5309.408203125
17546,7413.38671875
17547,6343.76513671875
17548,6618.439453125
17549,5621.48291015625
17550,4502.34912109375
17551,3689.962890625
17552,3896.6708984375
17553,7306.7802734375
17554,17037.306640625
17555,4456.337890625
17556,6176.658203125
17557,6426.08935546875
17558,5418.0791015625
17559,5520.3291015625
17560,5238.42138671875
17561,4023.806884765625
17562,6732.61962890625
17563,6366.13916015625
17564,3529.7978515625
17565,7976.1328125
17566,4109.69921875
17567,5437.02197265625
17568,8257.7421875
17569,6981.392578125
17570,9066.0849609375
17571,4784.671875
17572,5757.4697265625
17573,4773.0556640625
17574,4884.03662109375
17575,13250.849609375
17576,9397.30078125
17577,6674.021484375
17578,3962.12939453125
17579,4868.50830078125
17580,6315.9384765625
17581,4567.56689453125
17582,9149.283203125
17583,4917.5478515625
17584,4581.5078125
17585,8881.84375
17586,4740.25048828125
17587,6163.77685546875
17588,6323.6435546875
17589,6006.53955078125
17590,5849.7548828125
17591,4051.81494140625
17592,4594.6396484375
17593,6452.5654296875
17594,7821.1591796875
17595,8595.78515625
17596,7071.8525390625
17597,3586.995361328125
17598,7401.537109375
17599,5583.92041015625
17600,5100.45849609375
17601,6745.576171875
17602,7470.08544921875
17603,5760.9912109375
17604,6425.2470703125
17605,6673.34033203125
17606,5366.90869140625
17607,5245.21923828125
17608,6774.86181640625
17609,6172.90576171875
17610,5005.21728515625
17611,7907.89892578125
17612,5811.22265625
17613,4451.60009765625
17614,10950.09765625
17615,5249.72216796875
17616,3260.2109375
17617,6812.47119140625
17618,8636.818359375
17619,9626.939453125
17620,4694.62255859375
17621,5772.21435546875
17622,4966.0458984375
17623,6951.81689453125
17624,5865.595703125
17625,7487.833984375
17626,2351.31103515625
17627,6942.52685546875
17628,5559.57373046875
17629,4888.98046875
17630,4606.46923828125
17631,6100.19970703125
17632,6843.03173828125
17633,6411.45068359375
17634,7126.58056640625
17635,6383.20703125
17636,8027.75634765625
17637,5437.23828125
17638,5278.3125
17639,6778.61083984375
17640,7287.154296875
17641,8900.103515625
17642,3618.5302734375
17643,9293.232421875
17644,6679.61279296875
17645,7161.68896484375
17646,4549.74853515625
17647,3580.84716796875
17648,8479.294921875
17649,6039.9296875
17650,9501.5654296875
17651,6155.43505859375
17652,5005.37353515625
17653,7969.69970703125
17654,5286.609375
17655,4865.99169921875
17656,6024.78369140625
17657,5524.10693359375
17658,9715.9150390625
17659,10426.8974609375
17660,6824.708984375
17661,4662.4970703125
17662,5198.29443359375
17663,2774.602783203125
17664,3598.224853515625
17665,7876.54931640625
17666,5469.68994140625
17667,9379.59765625
17668,4685.09228515625
17669,5304.54736328125
17670,5825.974609375
17671,9165.5654296875
17672,5946.40673828125
17673,5946.12939453125
17674,5009.4599609375
17675,7057.529296875
17676,4671.5703125
17677,6600.93994140625
17678,7326.76904296875
17679,8316.7685546875
17680,7228.30712890625
17681,7566.1455078125
17682,5833.1953125
17683,4779.96484375
17684,5049.25
17685,11026.5751953125
17686,7847.505859375
17687,9037.5517578125
17688,15841.3125
17689,5982.6943359375
17690,4863.13671875
17691,7379.6787109375
17692,8782.0380859375
17693,8510.8818359375
17694,6738.70458984375
17695,7620.98193359375
17696,7938.5224609375
17697,5865.44775390625
17698,5978.17333984375
17699,5673.18212890625
17700,4934.66357421875
17701,4544.59130859375
17702,4490.626953125
17703,5208.71044921875
17704,7799.255859375
17705,17049.6640625
17706,6145.48876953125
17707,5096.23095703125
17708,7488.07275390625
17709,4907.30126953125
17710,7005.046875
17711,4313.8251953125
17712,9404.435546875
17713,6332.78515625
17714,6568.8603515625
17715,12348.865234375
17716,13666.1611328125
17717,5897.22509765625
17718,7085.10888671875
17719,4184.1748046875
17720,5084.1484375
17721,5162.87451171875
17722,7858.42236328125
17723,4783.30224609375
17724,4794.1533203125
17725,4167.90771484375
17726,5180.3125
17727,7050.4697265625
17728,6444.94580078125
17729,3983.787353515625
17730,7382.35791015625
17731,7987.57763671875
17732,5757.9931640625
17733,4281.16357421875
17734,3790.422607421875
17735,7679.95947265625
17736,3816.031982421875
17737,9942.0537109375
17738,4148.05615234375
17739,5269.44287109375
17740,6159.38818359375
17741,5043.7421875
17742,4885.1025390625
17743,4832.759765625
17744,4492.30078125
17745,9603.9072265625
17746,7940.82177734375
17747,5875.0791015625
17748,4156.0966796875
17749,5666.84228515625
17750,5168.41064453125
17751,5231.22802734375
17752,4982.185546875
17753,5808.837890625
17754,10444.3828125
17755,7175.60888671875
17756,6444.92333984375
17757,7029.94677734375
17758,3881.82666015625
17759,9891.9521484375
17760,4985.12255859375
17761,12591.9951171875
17762,6240.9931640625
17763,5482.57763671875
17764,5512.45751953125
17765,4424.81591796875
17766,5980.07861328125
17767,17882.63671875
17768,4344.62890625
17769,5207.60791015625
17770,8667.876953125
17771,6934.55419921875
17772,7796.716796875
17773,8084.15625
17774,6337.2138671875
17775,5070.45703125
17776,3880.532958984375
17777,9097.08984375
17778,5160.84619140625
17779,7095.30322265625
17780,6565.40478515625
17781,4101.2861328125
17782,7292.8486328125
17783,8410.7705078125
17784,4475.20556640625
17785,9848.2880859375
17786,10478.41796875
17787,4493.6826171875
17788,8306.0869140625
17789,5858.60888671875
17790,5132.1787109375
17791,8640.091796875
17792,6859.07177734375
17793,8507.705078125
17794,4855.6474609375
17795,4764.36767578125
17796,7064.78125
17797,4291.5556640625
17798,7710.74951171875
17799,4559.31201171875
17800,5400.69580078125
17801,5878.63671875
17802,5964.4423828125
17803,5963.18359375
17804,6949.49267578125
17805,6384.5283203125
17806,8069.2451171875
17807,5553.2587890625
17808,7241.2041015625
17809,6117.02490234375
17810,7966.4619140625
17811,8315.9189453125
17812,7063.56689453125
17813,3737.077392578125
17814,4779.7744140625
17815,6946.0439453125
17816,5132.34130859375
17817,11447.6279296875
17818,5028.09765625
17819,9227.369140625
17820,10553.5087890625
17821,7545.5009765625
17822,3351.991943359375
17823,8157.12548828125
17824,9615.6025390625
17825,5908.8515625
17826,6831.4814453125
17827,8387.1533203125
17828,6236.8125
17829,6682.3603515625
17830,6760.0537109375
17831,4502.677734375
17832,6223.841796875
17833,8096.14453125
17834,4381.6982421875
17835,7228.71875
17836,7135.50341796875
17837,5938.13720703125
17838,7359.63623046875
17839,6377.60986328125
17840,6457.45751953125
17841,5320.03564453125
17842,7197.80078125
17843,8430.8876953125
17844,7444.41015625
17845,5890.41552734375
17846,5719.11328125
17847,8661.0888671875
17848,6268.85107421875
17849,4397.01953125
17850,6181.66455078125
17851,7742.16162109375
17852,6834.658203125
17853,4527.42578125
17854,3872.605712890625
17855,6710.80517578125
17856,7930.89599609375
17857,5600.9951171875
17858,7887.68017578125
17859,6413.10791015625
17860,5766.8759765625
17861,5722.8798828125
17862,3953.327392578125
17863,5399.88525390625
17864,7315.03955078125
17865,6722.13720703125
17866,8159.5908203125
17867,7265.0439453125
17868,4767.10888671875
17869,8926.0615234375
17870,3954.300537109375
17871,2405.61962890625
17872,8148.1298828125
17873,8671.0595703125
17874,8833.369140625
17875,6754.90625
17876,3352.186279296875
17877,6347.46826171875
17878,7772.36767578125
17879,5912.86572265625
17880,7339.14453125
17881,5132.14306640625
17882,4588.09033203125
17883,4334.65380859375
17884,6219.72314453125
17885,5410.1484375
17886,5028.73681640625
17887,5058.640625
17888,3371.855712890625
17889,5847.1064453125
17890,7307.5068359375
17891,5476.99755859375
17892,6185.21435546875
17893,7261.1025390625
17894,6003.1787109375
17895,4835.22607421875
17896,8931.5283203125
17897,7707.88623046875
17898,6041.00244140625
17899,4232.76953125
17900,11452.072265625
17901,6888.70263671875
17902,5649.02978515625
17903,7827.31396484375
17904,7405.0625
17905,7187.60498046875
17906,6564.365234375
17907,6233.8056640625
17908,9365.701171875
17909,9819.8203125
17910,6060.90771484375
17911,4694.10302734375
17912,5841.24560546875
17913,6558.78759765625
17914,6532.4453125
17915,7484.58642578125
17916,8122.90185546875
17917,4503.060546875
17918,4215.84228515625
17919,5266.2783203125
17920,10663.423828125
17921,4322.35400390625
17922,6788.08056640625
17923,3240.222412109375
17924,7606.439453125
17925,7025.4736328125
17926,6435.875
17927,6987.095703125
17928,4838.333984375
17929,4428.10693359375
17930,6314.82958984375
17931,8183.537109375
17932,8333.052734375
17933,7690.1904296875
17934,7649.27001953125
17935,5289.65234375
17936,5070.76416015625
17937,10655.9638671875
17938,4347.7216796875
17939,10199.6318359375
17940,6428.44677734375
17941,4732.2919921875
17942,7040.52734375
17943,5128.146484375
17944,6381.33984375
17945,7624.6875
17946,4712.9560546875
17947,3748.2119140625
17948,6296.517578125
17949,6816.990234375
17950,8108.0
17951,4979.19921875
17952,5855.45849609375
17953,5315.4736328125
17954,6476.05419921875
17955,4293.26416015625
17956,11408.908203125
17957,8369.2841796875
17958,10029.24609375
17959,3810.894287109375
17960,5682.16650390625
17961,10938.51171875
17962,8542.4296875
17963,4142.0048828125
17964,8672.150390625
17965,5205.12939453125
17966,5140.29296875
17967,5069.94775390625
17968,5409.5546875
17969,4604.1943359375
17970,5497.8896484375
17971,4562.8662109375
17972,4047.215087890625
17973,8370.576171875
17974,6560.47607421875
17975,22233.595703125
17976,6795.9580078125
17977,4149.724609375
17978,4830.380859375
17979,8781.8095703125
17980,4834.69482421875
17981,6268.09619140625
17982,4422.4873046875
17983,7011.50439453125
17984,5972.28955078125
17985,4013.901611328125
17986,4710.91357421875
17987,5177.04345703125
17988,6717.650390625
17989,5870.697265625
17990,7491.1123046875
17991,3492.96044921875
17992,4945.49951171875
17993,5784.0986328125
17994,7399.03076171875
17995,8207.392578125
17996,6860.09228515625
17997,6614.4296875
17998,3944.532958984375
17999,5245.33251953125
18000,2547.796630859375
18001,6975.818359375
18002,6990.36279296875
18003,8646.703125
18004,4292.16015625
18005,4848.2890625
18006,3788.76220703125
18007,5407.25830078125
18008,7928.29833984375
18009,5111.82958984375
18010,3738.875244140625
18011,4085.423583984375
18012,6524.99755859375
18013,3027.621337890625
18014,6323.55517578125
18015,3531.670166015625
18016,5771.14306640625
18017,5438.38134765625
18018,4789.591796875
18019,6346.95068359375
18020,5136.89892578125
18021,4220.11376953125
18022,5747.97607421875
18023,5623.43603515625
18024,8106.43701171875
18025,5657.21435546875
18026,6870.271484375
18027,7437.125
18028,7912.87890625
18029,5525.45751953125
18030,6945.5849609375
18031,3252.91552734375
18032,3831.3125
18033,4881.80224609375
18034,5856.46533203125
18035,7398.39111328125
18036,5914.68505859375
18037,4029.646484375
18038,5999.3330078125
18039,4959.748046875
18040,7146.5830078125
18041,3586.828125
18042,10914.732421875
18043,3678.863037109375
18044,4840.4970703125
18045,8265.8525390625
18046,3739.152587890625
18047,5030.8583984375
18048,4592.28125
18049,6583.74267578125
18050,4682.0576171875
18051,4485.42138671875
18052,6675.34814453125
18053,6902.17578125
18054,4482.263671875
18055,3792.793212890625
18056,6150.54296875
18057,10811.453125
18058,5485.11083984375
18059,5259.31298828125
18060,5247.1064453125
18061,5446.82177734375
18062,5007.50537109375
18063,5661.765625
18064,3936.697998046875
18065,6020.87939453125
18066,5794.24609375
18067,5718.64111328125
18068,9145.5849609375
18069,3596.23193359375
18070,4362.79638671875
18071,3247.315185546875
18072,6858.19775390625
18073,6593.580078125
18074,4349.330078125
18075,4170.7080078125
18076,5550.7861328125
18077,4934.638671875
18078,5126.9970703125
18079,4667.04150390625
18080,4326.54931640625
18081,6248.16943359375
18082,4410.44287109375
18083,3875.689697265625
18084,3855.793212890625
18085,6958.13671875
18086,5874.4384765625
18087,6386.86865234375
18088,6468.33203125
18089,4213.6015625
18090,8288.2978515625
18091,4391.95703125
18092,5440.13037109375
18093,7303.9443359375
18094,4909.3681640625
18095,8374.21484375
18096,6216.23291015625
18097,5237.1796875
18098,4890.7841796875
18099,6057.17138671875
18100,6055.94189453125
18101,4570.552734375
18102,3066.006591796875
18103,5596.45458984375
18104,5857.6396484375
18105,4453.2451171875
18106,3802.489990234375
18107,6758.59716796875
18108,4834.16455078125
18109,5304.783203125
18110,4713.07568359375
18111,4379.150390625
18112,6396.95166015625
18113,5953.33056640625
18114,4568.11181640625
18115,4233.888671875
18116,4258.92626953125
18117,5422.28955078125
18118,2554.57763671875
18119,5622.88818359375
18120,4836.29931640625
18121,6496.13623046875
18122,6011.30029296875
18123,4559.79345703125
18124,7834.0361328125
18125,3730.519775390625
18126,4708.16357421875
18127,8608.6142578125
18128,5018.1396484375
18129,6737.11962890625
18130,6066.9462890625
18131,4919.951171875
18132,4944.81201171875
18133,4218.29150390625
18134,7437.1357421875
18135,8789.103515625
18136,6080.37255859375
18137,3102.383056640625
18138,4598.3310546875
18139,6219.8974609375
18140,5826.42236328125
18141,5264.833984375
18142,5059.34521484375
18143,4315.11279296875
18144,4710.11865234375
18145,3583.228271484375
18146,3973.233154296875
18147,5231.50537109375
18148,6129.05029296875
18149,5140.326171875
18150,4841.7294921875
18151,6619.29248046875
18152,6778.9287109375
18153,6226.87744140625
18154,3778.99267578125
18155,8028.8720703125
18156,7691.56005859375
18157,3889.136962890625
18158,6295.23779296875
18159,4766.3017578125
18160,5946.6669921875
18161,3000.244140625
18162,5958.59033203125
18163,3747.704345703125
18164,7661.4169921875
18165,5859.42236328125
18166,6962.1572265625
18167,6346.9482421875
18168,4797.322265625
18169,6378.82421875
18170,15907.0869140625
18171,7947.9873046875
18172,4711.859375
18173,3051.493896484375
18174,5379.013671875
18175,6456.490234375
18176,4796.59326171875
18177,11316.515625
18178,17617.5703125
18179,3819.564208984375
18180,4456.12255859375
18181,9749.36328125
18182,3465.02587890625
18183,6066.90771484375
18184,4689.41943359375
18185,6320.3701171875
18186,4198.50244140625
18187,5696.80078125
18188,4826.65771484375
18189,6457.34521484375
18190,8079.50390625
18191,5381.1455078125
18192,4746.03369140625
18193,5871.216796875
18194,3522.680908203125
18195,3702.653564453125
18196,5782.8134765625
18197,4239.23876953125
18198,4121.62060546875
18199,5089.26318359375
18200,5319.515625
18201,6132.32080078125
18202,5229.462890625
18203,5324.2587890625
18204,6856.31201171875
18205,7464.1630859375
18206,6312.3125
18207,4675.40380859375
18208,2375.6630859375
18209,4692.49462890625
18210,5833.474609375
18211,4055.438720703125
18212,3953.627685546875
18213,6589.31689453125
18214,5049.3935546875
18215,7693.509765625
18216,6227.576171875
18217,4211.7578125
18218,4303.4697265625
18219,4494.9267578125
18220,7705.5244140625
18221,4100.7021484375
18222,6651.42724609375
18223,13000.9833984375
18224,6297.4267578125
18225,6656.70654296875
18226,3782.761962890625
18227,4416.25927734375
18228,5475.80712890625
18229,4601.61865234375
18230,5553.92333984375
18231,9476.482421875
18232,4147.0126953125
18233,11964.8857421875
18234,9711.818359375
18235,5603.89599609375
18236,5410.7646484375
18237,4892.388671875
18238,5460.45751953125
18239,5523.52294921875
18240,8656.3330078125
18241,5505.96923828125
18242,7760.3818359375
18243,4941.71484375
18244,6960.43115234375
18245,4609.76220703125
18246,7202.5419921875
18247,5136.5732421875
18248,4887.26416015625
18249,5347.63232421875
18250,5806.86865234375
18251,6130.9375
18252,7829.52880859375
18253,4994.98583984375
18254,7840.11083984375
18255,5551.6240234375
18256,8883.6767578125
18257,4174.86376953125
18258,4218.70947265625
18259,4512.84130859375
18260,7028.6435546875
18261,4959.2490234375
18262,6639.55322265625
18263,5726.982421875
18264,6448.91650390625
18265,4129.86328125
18266,7003.3701171875
18267,6274.27734375
18268,2953.36083984375
18269,8246.1728515625
18270,14633.546875
18271,4871.3369140625
18272,5354.34228515625
18273,7231.06005859375
18274,8729.4990234375
18275,9822.22265625
18276,4381.68798828125
18277,6016.2978515625
18278,5599.583984375
18279,6397.6484375
18280,3742.023193359375
18281,5471.0029296875
18282,4639.98828125
18283,4352.3251953125
18284,6914.7021484375
18285,4627.67578125
18286,3419.4306640625
18287,6089.0478515625
18288,3317.291259765625
18289,3634.6708984375
18290,5122.50732421875
18291,5047.04736328125
18292,7527.76171875
18293,7115.64990234375
18294,6439.83837890625
18295,5254.7099609375
18296,5424.1953125
18297,8918.5341796875
18298,5302.5322265625
18299,3912.90966796875
18300,4277.27978515625
18301,8056.26611328125
18302,3292.332275390625
18303,5739.28515625
18304,2860.430908203125
18305,3852.231689453125
18306,7799.76416015625
18307,5626.26708984375
18308,4399.76806640625
18309,6739.4189453125
18310,8624.3603515625
18311,10890.30859375
18312,5513.619140625
18313,8012.740234375
18314,2864.899169921875
18315,4532.81298828125
18316,5378.5712890625
18317,3391.314697265625
18318,6955.34326171875
18319,4410.47265625
18320,5085.25146484375
18321,8158.0927734375
18322,9109.251953125
18323,8409.056640625
18324,4422.55859375
18325,4343.6298828125
18326,10094.740234375
18327,6196.42724609375
18328,4788.8759765625
18329,4104.3466796875
18330,5204.23388671875
18331,7517.2333984375
18332,2997.176513671875
18333,5278.03515625
18334,6658.7685546875
18335,5781.4052734375
18336,10309.4892578125
18337,4661.8662109375
18338,11642.6787109375
18339,5688.86572265625
18340,5845.623046875
18341,3272.95751953125
18342,4744.57763671875
18343,4716.61083984375
18344,4389.8212890625
18345,6121.85888671875
18346,4711.7919921875
18347,3970.3349609375
18348,5867.2373046875
18349,3382.29931640625
18350,5830.8916015625
18351,5869.40283203125
18352,6253.40087890625
18353,6960.3740234375
18354,4042.902587890625
18355,7616.6806640625
18356,4288.74267578125
18357,5010.2041015625
18358,5420.90234375
18359,3933.9013671875
18360,7415.92431640625
18361,5267.70703125
18362,4093.856201171875
18363,5226.74169921875
18364,6957.39013671875
18365,5887.740234375
18366,5470.52392578125
18367,6970.05517578125
18368,4691.32958984375
18369,5023.251953125
18370,5152.93408203125
18371,6596.30517578125
18372,4900.97509765625
18373,5031.2490234375
18374,4577.07275390625
18375,4641.5537109375
18376,3690.4580078125
18377,4028.078857421875
18378,7101.640625
18379,8364.8232421875
18380,8537.876953125
18381,8695.9765625
18382,6053.2412109375
18383,6926.59619140625
18384,5354.8515625
18385,9195.0302734375
18386,8711.5185546875
18387,5552.09619140625
18388,6810.97119140625
18389,6372.78564453125
18390,4420.9013671875
18391,4927.443359375
18392,6063.3701171875
18393,5508.06787109375
18394,5561.51318359375
18395,4839.265625
18396,1876.1632080078125
18397,7857.2939453125
18398,5417.1337890625
18399,4430.60400390625
18400,4778.34814453125
18401,4193.8173828125
18402,5492.54541015625
18403,6351.1962890625
18404,5687.98974609375
18405,5349.919921875
18406,3606.03076171875
18407,3534.314697265625
18408,3325.195068359375
18409,5835.3095703125
18410,14703.9970703125
18411,3179.02197265625
18412,4986.24072265625
18413,5482.33642578125
18414,4089.865234375
18415,5245.5732421875
18416,4200.70849609375
18417,3526.5458984375
18418,6302.49609375
18419,5252.15478515625
18420,2903.154541015625
18421,6563.021484375
18422,3101.8427734375
18423,4312.78662109375
18424,7864.6650390625
18425,5640.32568359375
18426,7399.2353515625
18427,4235.67919921875
18428,5663.3056640625
18429,3860.597412109375
18430,4270.8505859375
18431,11301.64453125
18432,8701.029296875
18433,5574.68701171875
18434,5076.50439453125
18435,3829.75439453125
18436,5140.138671875
18437,4734.611328125
18438,9839.5478515625
18439,4987.05859375
18440,4227.19482421875
18441,7582.03662109375
18442,4185.5380859375
18443,5804.703125
18444,5950.29296875
18445,5195.857421875
18446,5259.5625
18447,3657.27880859375
18448,4293.48486328125
18449,5538.55029296875
18450,6512.50927734375
18451,6560.8056640625
18452,5714.08935546875
18453,3096.66064453125
18454,6953.9375
18455,5012.9072265625
18456,4667.98193359375
18457,5558.16845703125
18458,6523.93408203125
18459,5030.48779296875
18460,5692.77099609375
18461,4879.236328125
18462,5077.77001953125
18463,4456.37158203125
18464,5941.685546875
18465,5478.1904296875
18466,3818.340576171875
18467,7399.03466796875
18468,4573.75732421875
18469,3765.70751953125
18470,9260.921875
18471,4655.54833984375
18472,2376.76171875
18473,5927.54833984375
18474,6993.9697265625
18475,8999.6650390625
18476,4406.8486328125
18477,4672.0107421875
18478,4781.5947265625
18479,6088.1572265625
18480,4941.849609375
18481,5722.83740234375
18482,1813.1414794921875
18483,4792.1904296875
18484,5257.94140625
18485,4006.967529296875
18486,4063.752685546875
18487,5115.1162109375
18488,5438.59423828125
18489,5244.19189453125
18490,6514.35009765625
18491,5529.2451171875
18492,6675.7900390625
18493,4469.091796875
18494,4968.69384765625
18495,4583.05419921875
18496,7280.65673828125
18497,6518.5234375
18498,4905.54736328125
18499,8045.83203125
18500,5462.03759765625
18501,5895.806640625
18502,4077.131103515625
18503,3510.73291015625
18504,6946.12548828125
18505,4875.15087890625
18506,7816.58984375
18507,5399.42822265625
18508,5074.8134765625
18509,6894.04248046875
18510,5264.505859375
18511,4598.912109375
18512,6525.8525390625
18513,4896.42578125
18514,8460.6474609375
18515,8168.208984375
18516,6403.22216796875
18517,4652.658203125
18518,4652.3486328125
18519,3167.282470703125
18520,3707.07275390625
18521,6133.26708984375
18522,4270.03173828125
18523,7072.53466796875
18524,3776.229736328125
18525,4870.9931640625
18526,5020.4287109375
18527,7190.18310546875
18528,4541.9404296875
18529,3792.331787109375
18530,3938.613037109375
18531,5687.3349609375
18532,4107.3671875
18533,6273.80078125
18534,6168.64453125
18535,6796.19384765625
18536,6468.88525390625
18537,6744.75830078125
18538,4893.68603515625
18539,3346.5068359375
18540,4053.19091796875
18541,8253.9375
18542,6455.00634765625
18543,9000.123046875
18544,13980.935546875
18545,4489.04443359375
18546,4149.9541015625
18547,5665.896484375
18548,7379.9755859375
18549,7346.2216796875
18550,5397.06640625
18551,6418.85302734375
18552,6849.6484375
18553,5631.46142578125
18554,5398.3251953125
18555,4350.39013671875
18556,4135.70556640625
18557,4108.2109375
18558,4236.64990234375
18559,3762.037841796875
18560,6801.828125
18561,14320.564453125
18562,5339.95849609375
18563,4946.18505859375
18564,6168.38330078125
18565,4019.0654296875
18566,5725.15576171875
18567,4701.77197265625
18568,8504.72265625
18569,5201.07958984375
18570,5799.671875
18571,10593.638671875
18572,10590.091796875
18573,5004.09326171875
18574,5927.2509765625
18575,3637.10693359375
18576,4520.77099609375
18577,4909.2353515625
18578,6806.28857421875
18579,3919.242919921875
18580,3778.570068359375
18581,4067.343505859375
18582,4466.767578125
18583,4884.2685546875
18584,5354.548828125
18585,3158.801513671875
18586,5853.3125
18587,6360.970703125
18588,5274.83447265625
18589,3006.895751953125
18590,2884.534423828125
18591,7018.83447265625
18592,3528.244384765625
18593,8061.03955078125
18594,3114.5
18595,4808.78662109375
18596,5500.68359375
18597,4268.0859375
18598,4261.19970703125
18599,4376.193359375
18600,4966.892578125
18601,8204.5576171875
18602,7691.3408203125
18603,4722.17236328125
18604,3809.0595703125
18605,5167.27880859375
18606,4813.31884765625
18607,4269.7978515625
18608,4353.3935546875
18609,5061.82177734375
18610,9938.677734375
18611,6524.90087890625
18612,5804.80859375
18613,6149.02587890625
18614,2979.115966796875
18615,8711.78515625
18616,4926.63720703125
18617,11264.80078125
18618,5379.6298828125
18619,4630.61474609375
18620,4515.060546875
18621,3858.960205078125
18622,5225.83935546875
18623,15699.2724609375
18624,2917.435546875
18625,3706.119384765625
18626,7489.90625
18627,5467.65234375
18628,7111.2919921875
18629,6880.36572265625
18630,5153.05712890625
18631,5144.53076171875
18632,3971.608154296875
18633,7957.6044921875
18634,4653.890625
18635,6066.146484375
18636,6174.60546875
18637,3841.217529296875
18638,6854.8564453125
18639,6628.91015625
18640,3527.486083984375
18641,8365.2607421875
18642,7937.75048828125
18643,3474.632080078125
18644,7102.9326171875
18645,5219.88330078125
18646,4320.9306640625
18647,7672.962890625
18648,5950.03369140625
18649,7278.39501953125
18650,3906.24853515625
18651,3783.049560546875
18652,5865.4072265625
18653,4423.2080078125
18654,6771.3779296875
18655,4521.80712890625
18656,4679.0380859375
18657,4317.8740234375
18658,5240.63330078125
18659,5489.4072265625
18660,6194.1669921875
18661,5362.4755859375
18662,6189.9990234375
18663,4588.345703125
18664,6557.11279296875
18665,5551.99755859375
18666,6477.80322265625
18667,7600.68115234375
18668,6574.63623046875
18669,3040.435791015625
18670,5076.1513671875
18671,6159.314453125
18672,4619.16796875
18673,10281.490234375
18674,4586.61376953125
18675,8141.20947265625
18676,8295.8310546875
18677,6309.00048828125
18678,2522.6875
18679,7283.98046875
18680,8163.55615234375
18681,5210.59814453125
18682,6387.25146484375
18683,8063.005859375
18684,4934.66064453125
18685,4627.8984375
18686,5442.96044921875
18687,4359.60791015625
18688,5555.18701171875
18689,6229.568359375
18690,3947.776611328125
18691,6158.0205078125
18692,5806.61474609375
18693,5014.18212890625
18694,6411.45654296875
18695,5398.1201171875
18696,5383.52001953125
18697,5562.359375
18698,5838.03564453125
18699,6868.36572265625
18700,6618.20458984375
18701,5359.578125
18702,4489.24169921875
18703,7545.9951171875
18704,4634.49560546875
18705,3936.5078125
18706,4856.06640625
18707,6651.693359375
18708,5595.95263671875
18709,3822.8662109375
18710,3357.452392578125
18711,5430.8798828125
18712,6693.921875
18713,4600.048828125
18714,6544.63720703125
18715,5055.52685546875
18716,4592.4150390625
18717,4265.29345703125
18718,3259.046875
18719,5352.865234375
18720,5542.81298828125
18721,5444.82958984375
18722,7844.06640625
18723,6407.35986328125
18724,4159.306640625
18725,8175.41357421875
18726,3466.875244140625
18727,2260.212890625
18728,5958.74658203125
18729,8130.45556640625
18730,7650.27734375
18731,5353.53271484375
18732,2785.906494140625
18733,5130.642578125
18734,5354.2626953125
18735,5096.4638671875
18736,5554.05126953125
18737,3659.185546875
18738,4731.55224609375
18739,3549.49072265625
18740,4764.88818359375
18741,4030.279541015625
18742,4143.59130859375
18743,4464.8193359375
18744,3477.09912109375
18745,5390.89404296875
18746,5993.0185546875
18747,4271.70068359375
18748,5372.59423828125
18749,5668.7421875
18750,4767.31396484375
18751,4012.099609375
18752,8241.828125
18753,6014.32763671875
18754,5092.87060546875
18755,3277.84765625
18756,8758.5771484375
18757,5504.26513671875
18758,4542.06689453125
18759,6309.16748046875
18760,5623.4609375
18761,6178.35546875
18762,5156.0009765625
18763,5264.32080078125
18764,7350.2119140625
18765,10081.2177734375
18766,4546.1064453125
18767,3895.3388671875
18768,4758.38720703125
18769,6089.09814453125
18770,5094.673828125
18771,6424.38720703125
18772,6883.8974609375
18773,4093.193359375
18774,3470.01416015625
18775,4450.1328125
18776,10326.9287109375
18777,3473.271728515625
18778,5997.95947265625
18779,2576.691162109375
18780,6049.8759765625
18781,6557.9609375
18782,5683.5966796875
18783,5701.56640625
18784,4521.05517578125
18785,3068.011474609375
18786,5484.5673828125
18787,5954.85205078125
18788,6626.09716796875
18789,6300.69091796875
18790,6369.41650390625
18791,4734.3173828125
18792,4133.18603515625
18793,8555.890625
18794,3679.547607421875
18795,8728.8330078125
18796,4610.64306640625
18797,3475.5400390625
18798,6139.359375
18799,4652.5537109375
18800,6324.92919921875
18801,6770.361328125
18802,4021.46728515625
18803,3324.39990234375
18804,5838.12939453125
18805,6133.95703125
18806,7319.34423828125
18807,4637.18017578125
18808,4716.40625
18809,4530.537109375
18810,5461.13427734375
18811,4140.265625
18812,8362.447265625
18813,7060.38818359375
18814,9152.4072265625
18815,3190.547119140625
18816,4386.97509765625
18817,10002.615234375
18818,8515.0361328125
18819,3641.282470703125
18820,8304.091796875
18821,5424.14306640625
18822,4785.53515625
18823,4167.9658203125
18824,4697.2470703125
18825,4516.2890625
18826,4393.78125
18827,3688.915771484375
18828,3764.561767578125
18829,6999.4375
18830,5865.9111328125
18831,20789.78125
18832,5471.01513671875
18833,3858.706787109375
18834,5320.75732421875
18835,8249.30859375
18836,4155.455078125
18837,6427.40283203125
18838,4362.56005859375
18839,7578.95703125
18840,6411.4541015625
18841,3289.53466796875
18842,4438.158203125
18843,4888.08447265625
18844,6038.6572265625
18845,5609.689453125
18846,6186.96484375
18847,4064.763671875
18848,4873.83251953125
18849,5873.6201171875
18850,7596.98828125
18851,8432.357421875
18852,6754.72998046875
18853,6245.73095703125
18854,4127.90673828125
18855,5058.1806640625
18856,2634.175537109375
18857,7087.30859375
18858,6945.96484375
18859,9468.37890625
18860,4357.47119140625
18861,4547.1220703125
18862,3640.516845703125
18863,5183.822265625
18864,8236.00390625
18865,4717.54638671875
18866,3524.877685546875
18867,4217.22119140625
18868,6356.12841796875
18869,2786.69775390625
18870,5865.302734375
18871,3714.898681640625
18872,5540.90380859375
18873,4865.70458984375
18874,4903.2744140625
18875,6073.47021484375
18876,4920.11328125
18877,4793.65478515625
18878,5542.2978515625
18879,5255.90478515625
18880,7489.61181640625
18881,4761.1591796875
18882,6510.24951171875
18883,7169.03515625
18884,6995.7353515625
18885,5058.3271484375
18886,6258.30419921875
18887,3278.0234375
18888,4000.398193359375
18889,4826.30078125
18890,5498.6787109375
18891,6636.46728515625
18892,5853.63525390625
18893,3779.43896484375
18894,5318.7060546875
18895,5194.24267578125
18896,6369.15673828125
18897,3497.732421875
18898,11277.697265625
18899,3858.119384765625
18900,4482.46533203125
18901,7650.19091796875
18902,3827.98095703125
18903,5013.27587890625
18904,4261.91064453125
18905,6258.818359375
18906,4339.7138671875
18907,4694.35791015625
18908,6470.6875
18909,6165.056640625
18910,4885.765625
18911,3995.542724609375
18912,6117.064453125
18913,10324.2412109375
18914,5489.69140625
18915,4974.62451171875
18916,4989.75146484375
18917,5540.9111328125
18918,4529.31884765625
18919,5588.71484375
18920,4102.20166015625
18921,4980.2431640625
18922,6320.64208984375
18923,5639.41259765625
18924,8197.8984375
18925,3437.729248046875
18926,5203.6171875
18927,3833.468017578125
18928,6430.23974609375
18929,5755.31298828125
18930,4829.44775390625
18931,4459.2509765625
18932,5376.92724609375
18933,4431.904296875
18934,4740.40673828125
18935,4672.91259765625
18936,4950.76123046875
18937,5879.91748046875
18938,4317.56494140625
18939,4019.607666015625
18940,4203.92333984375
18941,6524.11328125
18942,5504.74365234375
18943,5074.7568359375
18944,6498.41943359375
18945,4289.37109375
18946,7600.0712890625
18947,4777.8994140625
18948,4851.0712890625
18949,6807.734375
18950,4843.974609375
18951,8008.31787109375
18952,6543.892578125
18953,4839.91015625
18954,4261.78271484375
18955,6011.314453125
18956,5537.607421875
18957,4862.72021484375
18958,3191.612060546875
18959,5570.58154296875
18960,6262.82470703125
18961,4102.14697265625
18962,3134.968505859375
18963,6482.13623046875
18964,4786.4794921875
18965,5072.26025390625
18966,4345.388671875
18967,4301.1181640625
18968,5948.8173828125
18969,5301.556640625
18970,4979.01708984375
18971,4509.39208984375
18972,4348.57177734375
18973,5256.8349609375
18974,2787.547607421875
18975,5073.5068359375
18976,4316.658203125
18977,6329.62255859375
18978,6215.68505859375
18979,4919.0517578125
18980,8511.8173828125
18981,4260.20166015625
18982,4775.41455078125
18983,8869.71484375
18984,5181.5947265625
18985,6276.06201171875
18986,5917.54736328125
18987,4140.23388671875
18988,4933.90380859375
18989,4012.205078125
18990,6709.93701171875
18991,8810.8583984375
18992,5555.24560546875
18993,2625.13330078125
18994,5082.8193359375
18995,6186.89990234375
18996,5938.326171875
18997,5033.251953125
18998,4794.5927734375
18999,3504.241455078125
19000,4524.7548828125
19001,3628.71826171875
19002,3948.71826171875
19003,5034.15283203125
19004,6025.49560546875
19005,4849.82421875
19006,5494.205078125
19007,6733.84619140625
19008,6954.79638671875
19009,6047.34130859375
19010,4173.36181640625
19011,7545.5859375
19012,7663.99462890625
19013,3465.516357421875
19014,5924.39306640625
19015,4208.3408203125
19016,5795.90673828125
19017,2614.171875
19018,5527.01123046875
19019,3582.208984375
19020,7685.578125
19021,5668.89599609375
19022,6806.33984375
19023,6216.27490234375
19024,4381.982421875
19025,6008.3662109375
19026,15950.8876953125
19027,7928.318359375
19028,4524.740234375
19029,3553.424072265625
19030,5508.3623046875
19031,6267.3896484375
19032,4327.8505859375
19033,10654.904296875
19034,17148.375
19035,4062.068115234375
19036,4372.3251953125
19037,7753.08984375
19038,3643.75830078125
19039,6530.5400390625
19040,4356.52197265625
19041,6368.21630859375
19042,4726.0205078125
19043,5946.2177734375
19044,4701.181640625
19045,6208.03369140625
19046,7191.3125
19047,4981.01025390625
19048,4284.1611328125
19049,5283.5556640625
19050,3383.669677734375
19051,3861.82080078125
19052,5444.9228515625
19053,3966.54150390625
19054,4120.67578125
19055,5016.01220703125
19056,5132.12548828125
19057,5478.4912109375
19058,5097.556640625
19059,5379.36474609375
19060,6570.60498046875
19061,7141.779296875
19062,6942.6943359375
19063,4467.197265625
19064,2494.526611328125
19065,4806.9375
19066,5297.88134765625
19067,4475.21240234375
19068,4032.966552734375
19069,5967.5693359375
19070,4557.87939453125
19071,7472.16357421875
19072,5917.89111328125
19073,4103.85498046875
19074,3812.043701171875
19075,3962.1005859375
19076,6752.25830078125
19077,3851.95166015625
19078,6132.1806640625
19079,12102.1181640625
19080,5910.01318359375
19081,5766.73583984375
19082,3230.56103515625
19083,4107.21875
19084,4942.32177734375
19085,3860.782470703125
19086,5199.74609375
19087,8575.2421875
19088,3868.158203125
19089,11926.5126953125
19090,9044.6259765625
19091,4847.89111328125
19092,5360.65576171875
19093,4638.15380859375
19094,5236.55126953125
19095,5047.0576171875
19096,7968.888671875
19097,4638.0498046875
19098,6922.826171875
19099,4085.623779296875
19100,7149.0166015625
19101,3553.340576171875
19102,7222.087890625
19103,4932.62841796875
19104,4517.2431640625
19105,4888.62451171875
19106,5659.99755859375
19107,6292.61083984375
19108,7973.390625
19109,4867.65087890625
19110,7642.92529296875
19111,5117.16259765625
19112,7767.92822265625
19113,3939.354248046875
19114,4485.38720703125
19115,4286.025390625
19116,7001.1044921875
19117,4777.17431640625
19118,5312.71484375
19119,5518.78955078125
19120,6448.61181640625
19121,3972.3857421875
19122,7375.76806640625
19123,6263.5576171875
19124,2812.037841796875
19125,8515.5712890625
19126,13258.5673828125
19127,4800.3984375
19128,5287.2353515625
19129,6542.3095703125
19130,8403.3291015625
19131,8722.798828125
19132,4177.2431640625
19133,5904.876953125
19134,5765.77685546875
19135,6142.234375
19136,3913.591064453125
19137,5484.3046875
19138,4922.357421875
19139,4194.27392578125
19140,7083.4921875
19141,4679.48095703125
19142,3073.80078125
19143,5643.00146484375
19144,3136.586181640625
19145,4366.1005859375
19146,4892.47412109375
19147,5575.76806640625
19148,7008.96044921875
19149,6971.92431640625
19150,6242.04150390625
19151,5295.20703125
19152,5544.18310546875
19153,7896.2763671875
19154,5520.955078125
19155,3357.171630859375
19156,4162.958984375
19157,7640.99755859375
19158,3285.2431640625
19159,5645.79345703125
19160,3003.94384765625
19161,4406.49609375
19162,5500.0654296875
19163,5491.2919921875
19164,4062.32861328125
19165,7399.470703125
19166,7996.7470703125
19167,10560.37890625
19168,5151.72802734375
19169,6821.84228515625
19170,3559.00146484375
19171,4439.6630859375
19172,5260.708984375
19173,3426.330078125
19174,7156.2412109375
19175,4012.5048828125
19176,5229.66943359375
19177,8069.01806640625
19178,8472.9853515625
19179,7012.16943359375
19180,3725.76416015625
19181,3727.95458984375
19182,10195.6982421875
19183,6424.1953125
19184,4918.57861328125
19185,4021.44970703125
19186,5615.63818359375
19187,8143.10888671875
19188,2864.011962890625
19189,5465.40625
19190,6474.21435546875
19191,6092.818359375
19192,10097.6943359375
19193,4803.18896484375
19194,12370.177734375
19195,5074.8203125
19196,4931.97314453125
19197,2987.037353515625
19198,5186.60302734375
19199,4535.1279296875
19200,3991.51171875
19201,5956.36376953125
19202,4585.640625
19203,3494.108154296875
19204,5191.6240234375
19205,3820.453857421875
19206,5372.0419921875
19207,5742.38818359375
19208,5912.40283203125
19209,6635.58447265625
19210,3780.267822265625
19211,8066.568359375
19212,4695.54248046875
19213,4694.54638671875
19214,5426.95751953125
19215,4741.42724609375
19216,7275.94189453125
19217,5248.6240234375
19218,3784.090087890625
19219,5184.94287109375
19220,6591.03076171875
19221,5665.28955078125
19222,5326.068359375
19223,7450.9765625
19224,4952.1826171875
19225,5305.826171875
19226,5338.326171875
19227,6635.9248046875
19228,4062.854736328125
19229,4922.75
19230,4121.857421875
19231,4348.08154296875
19232,3812.03955078125
19233,3536.414306640625
19234,6325.43603515625
19235,7800.5048828125
19236,8560.09765625
19237,8479.5908203125
19238,5806.67138671875
19239,7550.49560546875
19240,4412.19091796875
19241,9366.13671875
19242,9232.0390625
19243,5780.98828125
19244,7094.28125
19245,5847.2451171875
19246,4469.13232421875
19247,5358.0185546875
19248,5962.08642578125
19249,5545.345703125
19250,5420.65478515625
19251,4585.46484375
19252,2018.861572265625
19253,8011.962890625
19254,5241.7744140625
19255,4664.7109375
19256,4094.321533203125
19257,4656.19140625
19258,5578.8369140625
19259,6188.0830078125
19260,5606.7041015625
19261,4824.87353515625
19262,3526.807373046875
19263,3923.331787109375
19264,2999.864013671875
19265,5902.5498046875
19266,14591.2490234375
19267,3204.49609375
19268,4662.30810546875
19269,5482.17626953125
19270,3620.270263671875
19271,5509.791015625
19272,3938.83984375
19273,3312.73876953125
19274,5844.13818359375
19275,4719.90625
19276,2839.263427734375
19277,6635.62353515625
19278,3380.3994140625
19279,3893.4580078125
19280,7688.68505859375
19281,5537.2646484375
19282,8272.03515625
19283,3993.178466796875
19284,5131.3828125
19285,4132.41796875
19286,4178.44580078125
19287,12321.4580078125
19288,8764.7880859375
19289,5475.783203125
19290,4091.2978515625
19291,3737.663818359375
19292,4758.77197265625
19293,3907.001953125
19294,8131.0390625
19295,5711.95068359375
19296,3768.316650390625
19297,7462.9970703125
19298,3562.249267578125
19299,5377.7763671875
19300,5592.45703125
19301,5197.65478515625
19302,4873.02880859375
19303,3608.378662109375
19304,4265.14013671875
19305,4866.8515625
19306,6482.7568359375
19307,6490.28564453125
19308,5887.8505859375
19309,3087.66455078125
19310,6723.7099609375
19311,4860.2490234375
19312,3866.216552734375
19313,5158.47412109375
19314,6464.0400390625
19315,5092.8876953125
19316,5670.875
19317,4898.42236328125
19318,5286.5634765625
19319,4018.158935546875
19320,6009.72509765625
19321,5469.533203125
19322,4725.81591796875
19323,7249.880859375
19324,4128.33056640625
19325,3962.8896484375
19326,8944.35546875
19327,4440.55322265625
19328,3080.062744140625
19329,5692.92236328125
19330,7191.1298828125
19331,7774.99755859375
19332,4086.686767578125
19333,4283.63232421875
19334,4333.42822265625
19335,6156.7587890625
19336,4579.6748046875
19337,5502.41650390625
19338,1960.6907958984375
19339,5053.5205078125
19340,4686.6015625
19341,3794.73193359375
19342,3848.33154296875
19343,5376.8984375
19344,5451.76220703125
19345,5191.466796875
19346,6118.07763671875
19347,5368.55078125
19348,6343.0498046875
19349,4370.59375
19350,4829.06396484375
19351,4960.1640625
19352,6736.52880859375
19353,5100.3291015625
19354,2627.01708984375
19355,8261.677734375
19356,5189.6533203125
19357,5728.24609375
19358,4415.04736328125
19359,3788.79541015625
19360,7201.150390625
19361,4855.01806640625
19362,7702.13427734375
19363,5315.5703125
19364,5001.25244140625
19365,5767.23291015625
19366,5080.8291015625
19367,4425.51513671875
19368,5655.154296875
19369,4748.9853515625
19370,7654.2001953125
19371,8014.59619140625
19372,6063.77587890625
19373,4681.390625
19374,4088.899658203125
19375,2715.353759765625
19376,3824.392578125
19377,5987.64111328125
19378,3962.56982421875
19379,6535.00048828125
19380,3499.478515625
19381,4434.1484375
19382,4372.15087890625
19383,7194.17333984375
19384,4638.31201171875
19385,4036.686279296875
19386,3850.1103515625
19387,5678.91015625
19388,3735.7158203125
19389,6224.87255859375
19390,5921.2490234375
19391,6563.29296875
19392,6257.68701171875
19393,6481.2490234375
19394,4687.02587890625
19395,3635.196533203125
19396,3930.672607421875
19397,8212.4775390625
19398,6518.9814453125
19399,8028.68701171875
19400,13342.6142578125
19401,3995.952392578125
19402,3818.78271484375
19403,5083.8564453125
19404,7316.55810546875
19405,7091.779296875
19406,5145.24853515625
19407,6180.24853515625
19408,6604.94091796875
19409,5600.17041015625
19410,4757.14990234375
19411,3952.07763671875
19412,3967.842041015625
19413,3745.821044921875
19414,3452.698974609375
19415,3594.291259765625
19416,6051.7958984375
19417,14079.8125
19418,5310.234375
19419,4867.7900390625
19420,6056.10986328125
19421,3697.826171875
19422,5611.89208984375
19423,4684.892578125
19424,7818.3505859375
19425,5311.28125
19426,5607.24169921875
19427,10216.701171875
19428,11198.638671875
19429,5371.44140625
19430,5757.79345703125
19431,3346.665283203125
19432,4695.9296875
19433,4946.046875
19434,5465.56787109375
19435,3789.243408203125
19436,3745.37548828125
19437,3990.388916015625
19438,4206.001953125
19439,5324.794921875
19440,4883.9970703125
19441,3588.053955078125
19442,5492.5341796875
19443,6254.44189453125
19444,5006.28759765625
19445,2919.34619140625
19446,2978.725341796875
19447,7055.41943359375
19448,3544.205078125
19449,8248.88671875
19450,3037.01708984375
19451,3924.204833984375
19452,5268.72998046875
19453,4204.19384765625
19454,4060.33203125
19455,4898.7412109375
19456,4922.05419921875
19457,8220.373046875
19458,7586.4658203125
19459,4489.869140625
19460,3281.150390625
19461,4716.0712890625
19462,4373.80859375
19463,3907.9443359375
19464,4283.9130859375
19465,5259.369140625
19466,9691.3876953125
19467,5935.474609375
19468,4984.3203125
19469,6297.18310546875
19470,3118.877685546875
19471,8038.51220703125
19472,4675.97412109375
19473,11103.1796875
19474,4952.513671875
19475,4057.326904296875
19476,4623.1787109375
19477,3734.969970703125
19478,5359.875
19479,15679.34375
19480,3655.366943359375
19481,3847.756591796875
19482,6182.86474609375
19483,5217.07470703125
19484,6533.48974609375
19485,7032.9541015625
19486,5009.73095703125
19487,4961.20068359375
19488,3487.491455078125
19489,8069.55517578125
19490,4516.34912109375
19491,5834.95703125
19492,6328.8173828125
19493,3925.612060546875
19494,6825.38818359375
19495,6306.615234375
19496,3622.9267578125
19497,8122.18896484375
19498,7144.2470703125
19499,3647.711669921875
19500,6877.6015625
19501,5034.775390625
19502,3620.2607421875
19503,7012.17724609375
19504,5483.82080078125
19505,7231.67724609375
19506,3726.611083984375
19507,3851.944091796875
19508,6733.83837890625
19509,3994.899169921875
19510,6690.8486328125
19511,4264.0830078125
19512,4879.7021484375
19513,4296.1552734375
19514,4995.95751953125
19515,5834.2998046875
19516,6392.38427734375
19517,5052.9658203125
19518,5934.22607421875
19519,4513.55419921875
19520,6447.55712890625
19521,5393.701171875
19522,6427.91455078125
19523,7575.361328125
19524,5715.0625
19525,2964.547607421875
19526,4254.04638671875
19527,5974.16455078125
19528,4731.33447265625
19529,9641.0419921875
19530,4274.33349609375
19531,7717.27978515625
19532,8189.7431640625
19533,5651.63134765625
19534,2829.07421875
19535,8588.951171875
19536,8550.1865234375
19537,5257.20068359375
19538,5895.7724609375
19539,7461.697265625
19540,4143.84716796875
19541,4778.6611328125
19542,5737.4755859375
19543,4000.586181640625
19544,5152.9072265625
19545,6326.21435546875
19546,3946.4208984375
19547,7122.89599609375
19548,5510.248046875
19549,4970.05126953125
19550,5730.62939453125
19551,5207.92529296875
19552,4968.99609375
19553,4737.19140625
19554,5891.03515625
19555,7078.9697265625
19556,5655.4931640625
19557,5547.06201171875
19558,4563.68701171875
19559,7455.17431640625
19560,4641.361328125
19561,3707.240234375
19562,5062.2275390625
19563,6434.09228515625
19564,5513.99609375
19565,4067.76123046875
19566,3313.27783203125
19567,6720.57177734375
19568,6780.51513671875
19569,4200.02392578125
19570,6200.0595703125
19571,5098.73974609375
19572,5099.93310546875
19573,4433.12939453125
19574,2894.159423828125
19575,5303.0986328125
19576,5353.5498046875
19577,4972.64794921875
19578,7778.2939453125
19579,6941.46337890625
19580,4147.65673828125
19581,7305.9755859375
19582,3544.84619140625
19583,1898.12255859375
19584,5932.91455078125
19585,7828.32421875
19586,7597.46826171875
19587,5366.6474609375
19588,2880.325927734375
19589,5225.45458984375
19590,5550.92333984375
19591,4998.666015625
19592,5626.6435546875
19593,3330.5986328125
19594,3981.9697265625
19595,3297.225341796875
19596,4594.65087890625
19597,3978.25390625
19598,3853.19775390625
19599,3806.1708984375
19600,3302.58349609375
19601,5497.08837890625
19602,6288.87451171875
19603,4382.787109375
19604,5200.10888671875
19605,5427.69580078125
19606,4622.13330078125
19607,3747.9404296875
19608,7291.46435546875
19609,6915.041015625
19610,4752.6591796875
19611,2878.65380859375
19612,8306.8955078125
19613,4970.65576171875
19614,4250.90673828125
19615,6424.3603515625
19616,6046.888671875
19617,6281.10986328125
19618,4982.7841796875
19619,5540.025390625
19620,6755.1259765625
19621,10681.0283203125
19622,3884.8857421875
19623,3852.821044921875
19624,4706.2802734375
19625,5348.42138671875
19626,4786.9345703125
19627,7399.37451171875
19628,6220.74560546875
19629,4020.312255859375
19630,2944.44775390625
19631,4747.54248046875
19632,8882.3408203125
19633,3151.33154296875
19634,5195.447265625
19635,2437.33740234375
19636,5704.2099609375
19637,6345.93505859375
19638,5473.51708984375
19639,5755.79931640625
19640,4430.29638671875
19641,3136.899658203125
19642,5082.91162109375
19643,5946.85302734375
19644,6091.82373046875
19645,6080.2822265625
19646,6170.46484375
19647,3603.211669921875
19648,3482.39501953125
19649,8477.9873046875
19650,3411.011962890625
19651,8256.486328125
19652,4740.8955078125
19653,3415.040283203125
19654,6035.1904296875
19655,4439.19970703125
19656,6708.79833984375
19657,6710.921875
19658,3840.742431640625
19659,3029.141357421875
19660,5274.474609375
19661,5646.8154296875
19662,7290.8076171875
19663,4540.10595703125
19664,4363.611328125
19665,4162.11083984375
19666,5113.4306640625
19667,4131.28857421875
19668,8263.0400390625
19669,7459.97119140625
19670,9330.072265625
19671,2967.150146484375
19672,4416.5869140625
19673,9481.3017578125
19674,7404.30029296875
19675,3546.25244140625
19676,7216.30810546875
19677,4778.4228515625
19678,4119.54736328125
19679,3873.01708984375
19680,4586.1181640625
19681,4080.781005859375
19682,5076.91064453125
19683,4118.7783203125
19684,3720.06201171875
19685,6654.583984375
19686,5983.568359375
19687,20288.65625
19688,5291.06396484375
19689,3491.466064453125
19690,5518.2080078125
19691,9118.30078125
19692,4503.17919921875
19693,6378.65576171875
19694,4627.1650390625
19695,7036.5107421875
19696,6073.97900390625
19697,3203.109375
19698,4325.53271484375
19699,4929.21826171875
19700,6002.07275390625
19701,5753.09130859375
19702,6379.3779296875
19703,4295.9677734375
19704,4978.85888671875
19705,5366.05517578125
19706,6880.25
19707,8351.1513671875
19708,6656.033203125
19709,6451.69189453125
19710,4174.0205078125
19711,5201.53125
19712,2691.80419921875
19713,7259.58251953125
19714,6489.97021484375
19715,8911.8466796875
19716,4474.99658203125
19717,3897.78759765625
19718,3792.51220703125
19719,4499.7978515625
19720,7456.2958984375
19721,4539.78076171875
19722,3460.9169921875
19723,3669.765625
19724,6009.27734375
19725,2676.256591796875
19726,6054.60205078125
19727,3266.099853515625
19728,5402.71533203125
19729,4570.181640625
19730,4957.45458984375
19731,6024.68505859375
19732,5521.9873046875
19733,4443.38671875
19734,6060.091796875
19735,4543.41259765625
19736,7125.2216796875
19737,4750.783203125
19738,6083.275390625
19739,6992.91845703125
19740,7625.51318359375
19741,4747.94091796875
19742,6583.90771484375
19743,3363.86083984375
19744,4029.595703125
19745,4642.3701171875
19746,5411.0986328125
19747,7420.41455078125
19748,6005.41455078125
19749,3713.19970703125
19750,5333.34326171875
19751,5326.34326171875
19752,6173.06103515625
19753,3579.411376953125
19754,11480.3984375
19755,3509.35205078125
19756,5101.193359375
19757,7616.546875
19758,3561.184814453125
19759,4179.0712890625
19760,4404.65673828125
19761,6342.3916015625
19762,4250.30029296875
19763,4404.4873046875
19764,6231.419921875
19765,6263.89892578125
19766,4624.2666015625
19767,3770.079345703125
19768,6424.29248046875
19769,10287.529296875
19770,5704.60791015625
19771,4832.01953125
19772,4689.3955078125
19773,5441.3193359375
19774,4578.0380859375
19775,5808.26318359375
19776,4021.289794921875
19777,5228.41796875
19778,6338.8974609375
19779,5228.8056640625
19780,7974.26708984375
19781,3883.717529296875
19782,3695.2958984375
19783,3247.427734375
19784,6387.76123046875
19785,6616.4033203125
19786,4054.6494140625
19787,4388.22119140625
19788,5302.916015625
19789,4646.84228515625
19790,5197.27587890625
19791,4939.29443359375
19792,4390.8759765625
19793,5833.06494140625
19794,4389.99365234375
19795,3889.005615234375
19796,4033.8271484375
19797,7147.728515625
19798,5424.8798828125
19799,4948.833984375
19800,6374.9482421875
19801,3958.918701171875
19802,7292.41015625
19803,4400.27880859375
19804,4726.88232421875
19805,6660.31396484375
19806,4565.57177734375
19807,8647.1943359375
19808,5897.65234375
19809,4858.52294921875
19810,4415.189453125
19811,6718.4296875
19812,5496.990234375
19813,4690.72021484375
19814,2959.642578125
19815,5705.6982421875
19816,5997.03662109375
19817,4344.5263671875
19818,3376.938720703125
19819,6532.86376953125
19820,4707.025390625
19821,5000.82275390625
19822,3897.9521484375
19823,4272.70166015625
19824,6086.65234375
19825,5149.3134765625
19826,5064.92041015625
19827,4073.643310546875
19828,4258.1240234375
19829,5265.67236328125
19830,2890.5537109375
19831,6263.71484375
19832,4074.788330078125
19833,6148.9658203125
19834,6405.63623046875
19835,4812.69921875
19836,8076.36279296875
19837,3402.509765625
19838,4115.5283203125
19839,8906.796875
19840,4772.20703125
19841,6252.72314453125
19842,5941.775390625
19843,4525.4990234375
19844,4900.07568359375
19845,4480.548828125
19846,7034.8115234375
19847,8392.5400390625
19848,5534.6298828125
19849,2248.683349609375
19850,4478.03076171875
19851,6309.05029296875
19852,5821.89306640625
19853,4431.28125
19854,4815.548828125
19855,3300.986572265625
19856,4462.8095703125
19857,3691.793212890625
19858,4064.805419921875
19859,4966.07958984375
19860,5608.8359375
19861,4591.93994140625
19862,5691.9853515625
19863,6874.48193359375
19864,6600.140625
19865,5872.67236328125
19866,4030.347900390625
19867,7425.26025390625
19868,7742.52783203125
19869,3493.2197265625
19870,5942.47021484375
19871,3966.673095703125
19872,5436.0458984375
19873,2259.689208984375
19874,5481.171875
19875,3589.23828125
19876,7259.05908203125
19877,5392.25439453125
19878,6412.69970703125
19879,6467.05517578125
19880,4591.4384765625
19881,5912.93798828125
19882,15333.9658203125
19883,7727.88427734375
19884,4572.19287109375
19885,2981.400634765625
19886,5326.24365234375
19887,6052.2724609375
19888,4543.87646484375
19889,11116.23046875
19890,17033.509765625
19891,4089.49462890625
19892,4624.2509765625
19893,7568.3232421875
19894,2926.182861328125
19895,5967.09130859375
19896,4530.3681640625
19897,6582.69287109375
19898,4581.79638671875
19899,5790.49267578125
19900,4758.693359375
19901,6157.94091796875
19902,7068.2607421875
19903,5056.6787109375
19904,4425.1787109375
19905,6103.998046875
19906,3121.708740234375
19907,3750.320556640625
19908,5927.146484375
19909,3384.19482421875
19910,4165.154296875
19911,5646.69873046875
19912,5326.20263671875
19913,5580.57177734375
19914,5820.87451171875
19915,5259.9970703125
19916,6457.15380859375
19917,7852.24462890625
19918,6542.79150390625
19919,4262.62158203125
19920,2437.070556640625
19921,5086.720703125
19922,5316.76806640625
19923,4356.78173828125
19924,3973.11767578125
19925,6681.4853515625
19926,4695.5615234375
19927,7598.50732421875
19928,5423.20703125
19929,4221.5546875
19930,3850.886962890625
19931,4238.8994140625
19932,7421.24951171875
19933,3603.845703125
19934,6085.703125
19935,12574.7919921875
19936,5801.65087890625
19937,5946.23779296875
19938,2718.155029296875
19939,4128.78076171875
19940,4736.4697265625
19941,3908.65673828125
19942,5153.2060546875
19943,8565.6162109375
19944,4248.5283203125
19945,12140.9951171875
19946,9000.61328125
19947,5284.4619140625
19948,5344.23681640625
19949,4871.1708984375
19950,5109.19921875
19951,5591.6396484375
19952,8271.5888671875
19953,4933.42529296875
19954,6990.82373046875
19955,4442.36865234375
19956,7272.99755859375
19957,4031.82568359375
19958,7713.052734375
19959,4563.1767578125
19960,4669.13330078125
19961,4847.95849609375
19962,5552.06201171875
19963,6084.10693359375
19964,8142.4736328125
19965,4575.3154296875
19966,7813.720703125
19967,4499.00244140625
19968,7379.88916015625
19969,4148.6337890625
19970,3699.4833984375
19971,4041.51318359375
19972,6760.64453125
19973,4401.57763671875
19974,4973.8759765625
19975,5555.240234375
19976,6386.03955078125
19977,3326.648681640625
19978,8244.640625
19979,6205.0439453125
19980,2524.833740234375
19981,8843.814453125
19982,13078.59375
19983,4370.607421875
19984,5189.474609375
19985,6916.90478515625
19986,8551.8701171875
19987,8011.86767578125
19988,4401.1396484375
19989,5904.853515625
19990,5556.50048828125
19991,5609.39697265625
19992,3799.9833984375
19993,5852.94970703125
19994,4568.3662109375
19995,4657.5439453125
19996,6634.08349609375
19997,4356.9638671875
19998,3156.80126953125
19999,5650.2900390625
20000,3328.881103515625
20001,3375.283203125
20002,5012.6552734375
20003,4984.11669921875
20004,6508.9970703125
20005,6994.23681640625
20006,5927.93798828125
20007,5153.35009765625
20008,4882.9892578125
20009,7486.91796875
20010,5684.07275390625
20011,3811.0302734375
20012,4157.2294921875
20013,7633.2001953125
20014,3103.199951171875
20015,5669.74267578125
20016,3115.7041015625
20017,4133.51806640625
20018,5693.9951171875
20019,5336.1552734375
20020,3475.745361328125
20021,6516.78515625
20022,8106.0693359375
20023,9798.3037109375
20024,5374.12548828125
20025,7895.818359375
20026,3143.63916015625
20027,4431.8046875
20028,5022.234375
20029,2845.629638671875
20030,7079.1259765625
20031,2976.20947265625
20032,5099.42919921875
20033,8107.861328125
20034,8787.7421875
20035,6385.2294921875
20036,4263.15576171875
20037,4611.32763671875
20038,9548.703125
20039,5954.40869140625
20040,5126.96435546875
20041,3373.6943359375
20042,5301.45068359375
20043,7636.08642578125
20044,2495.541259765625
20045,5398.69921875
20046,5879.5478515625
20047,6010.82958984375
20048,10929.529296875
20049,4629.07373046875
20050,11930.931640625
20051,5009.64794921875
20052,4522.1474609375
20053,2846.910888671875
20054,5489.94140625
20055,4342.3076171875
20056,4184.46484375
20057,5640.58154296875
20058,4490.26220703125
20059,3655.42236328125
20060,5230.3076171875
20061,3580.96337890625
20062,5560.58740234375
20063,5423.4091796875
20064,6299.88232421875
20065,6774.91552734375
20066,3512.777587890625
20067,7434.361328125
20068,5004.49951171875
20069,4657.47119140625
20070,5259.39599609375
20071,3582.960693359375
20072,8138.84716796875
20073,4755.4814453125
20074,3828.668701171875
20075,5015.85302734375
20076,6587.693359375
20077,5710.22265625
20078,5407.8623046875
20079,7399.58837890625
20080,4750.24169921875
20081,4915.40625
20082,5103.28564453125
20083,6022.89697265625
20084,4158.26123046875
20085,5083.43017578125
20086,4042.872802734375
20087,4265.2119140625
20088,3801.387939453125
20089,3757.347900390625
20090,6382.4375
20091,8249.740234375
20092,8827.8427734375
20093,8582.8037109375
20094,5688.23388671875
20095,7209.4228515625
20096,4079.543701171875
20097,10068.9638671875
20098,8647.9677734375
20099,4963.61962890625
20100,6906.80712890625
20101,6607.53076171875
20102,4631.44384765625
20103,5354.90283203125
20104,6036.8046875
20105,5631.091796875
20106,5600.03662109375
20107,5014.45703125
20108,1349.3072509765625
20109,7901.908203125
20110,5551.26220703125
20111,4685.638671875
20112,3843.283935546875
20113,4216.93017578125
20114,5958.80517578125
20115,6249.0625
20116,5358.8564453125
20117,4506.79736328125
20118,3270.345458984375
20119,3455.662353515625
20120,3075.74462890625
20121,6086.45751953125
20122,14246.8505859375
20123,3387.710205078125
20124,4819.31005859375
20125,5385.478515625
20126,3888.84765625
20127,5258.93505859375
20128,3685.29296875
20129,3384.048095703125
20130,5867.80517578125
20131,4424.83349609375
20132,2793.37744140625
20133,6275.46826171875
20134,3260.177490234375
20135,4086.6650390625
20136,7550.6015625
20137,5799.88671875
20138,8102.30078125
20139,4153.06298828125
20140,5097.759765625
20141,3836.317626953125
20142,3918.085205078125
20143,11399.806640625
20144,8279.7568359375
20145,5395.8779296875
20146,3852.7578125
20147,3669.83935546875
20148,4793.02978515625
20149,4097.4130859375
20150,8487.724609375
20151,4800.4765625
20152,3871.476806640625
20153,7163.93212890625
20154,3761.3583984375
20155,5518.36962890625
20156,5500.55517578125
20157,4732.06201171875
20158,4751.443359375
20159,3538.082763671875
20160,4601.41943359375
20161,4958.3251953125
20162,6549.2216796875
20163,6823.87548828125
20164,5562.97265625
20165,3635.140869140625
20166,6976.36865234375
20167,4714.85400390625
20168,3603.3095703125
20169,5425.1748046875
20170,6508.33349609375
20171,5243.51611328125
20172,5309.41748046875
20173,4684.857421875
20174,4935.61279296875
20175,4428.70263671875
20176,5744.265625
20177,5021.80029296875
20178,4227.3623046875
20179,7258.212890625
20180,4566.4599609375
20181,3812.33251953125
20182,9308.2099609375
20183,4472.17041015625
20184,2831.62841796875
20185,6273.57373046875
20186,6342.6259765625
20187,8636.42578125
20188,3958.683349609375
20189,4199.75
20190,4541.25
20191,6057.7236328125
20192,4863.8427734375
20193,5241.15185546875
20194,2409.5302734375
20195,4426.3515625
20196,4544.64453125
20197,3746.58349609375
20198,3736.9072265625
20199,5339.1025390625
20200,4868.625
20201,5590.07568359375
20202,6288.89990234375
20203,5416.9814453125
20204,6325.59423828125
20205,3718.584716796875
20206,5543.140625
20207,5423.865234375
20208,6334.296875
20209,5479.42431640625
20210,2887.576416015625
20211,7897.45458984375
20212,5355.38330078125
20213,5645.19091796875
20214,3976.69384765625
20215,3308.42236328125
20216,6706.2919921875
20217,4973.53125
20218,7669.7958984375
20219,5125.58203125
20220,4936.0546875
20221,5948.8046875
20222,5413.75439453125
20223,4335.77490234375
20224,5969.2333984375
20225,4574.4033203125
20226,6898.06689453125
20227,8281.275390625
20228,6960.71630859375
20229,4625.08837890625
20230,4069.14111328125
20231,3430.2236328125
20232,3784.098876953125
20233,6449.765625
20234,3950.34912109375
20235,7613.39599609375
20236,3461.964111328125
20237,4511.462890625
20238,4969.2333984375
20239,6757.75244140625
20240,4342.33935546875
20241,3957.146728515625
20242,4153.5126953125
20243,5410.359375
20244,4150.626953125
20245,5622.57275390625
20246,5764.26953125
20247,6219.86962890625
20248,6218.9228515625
20249,6492.7158203125
20250,4461.98681640625
20251,3240.3984375
20252,3877.671630859375
20253,8445.6806640625
20254,6701.8525390625
20255,8219.09375
20256,14085.693359375
20257,4531.7529296875
20258,3594.530029296875
20259,5738.58203125
20260,7242.81201171875
20261,6861.82421875
20262,4945.65966796875
20263,6266.17578125
20264,6615.70947265625
20265,5711.89990234375
20266,4863.39794921875
20267,4129.943359375
20268,4195.3095703125
20269,3662.83740234375
20270,4026.60546875
20271,3812.879150390625
20272,6374.44921875
20273,13970.275390625
20274,5025.30224609375
20275,4428.06201171875
20276,5968.94677734375
20277,3231.709228515625
20278,5579.35888671875
20279,4918.724609375
20280,8198.8955078125
20281,5249.26318359375
20282,5916.5498046875
20283,10097.1650390625
20284,10385.306640625
20285,5145.15869140625
20286,5420.5322265625
20287,2701.301513671875
20288,3999.83837890625
20289,4750.97802734375
20290,6347.5263671875
20291,3766.94775390625
20292,3328.6220703125
20293,4284.83203125
20294,4339.78662109375
20295,5612.96875
20296,4562.70703125
20297,3276.87353515625
20298,5541.48876953125
20299,6644.0478515625
20300,4961.27294921875
20301,3112.4482421875
20302,2907.40869140625
20303,7313.84716796875
20304,3470.848388671875
20305,8201.8291015625
20306,2729.3046875
20307,3821.8017578125
20308,5279.95263671875
20309,3896.112060546875
20310,3743.1943359375
20311,4421.0791015625
20312,4729.79736328125
20313,8056.302734375
20314,7180.4287109375
20315,4691.9248046875
20316,3438.791748046875
20317,4693.537109375
20318,4606.1318359375
20319,4242.2685546875
20320,4446.21484375
20321,5085.1953125
20322,9823.4541015625
20323,5994.11669921875
20324,5584.49267578125
20325,5801.42822265625
20326,3440.36328125
20327,8807.67578125
20328,4493.896484375
20329,10618.984375
20330,5009.927734375
20331,4453.8837890625
20332,4421.45263671875
20333,3735.562744140625
20334,5368.578125
20335,15062.806640625
20336,3456.91162109375
20337,3985.6455078125
20338,7111.9970703125
20339,5393.43603515625
20340,6430.37109375
20341,6485.58642578125
20342,4866.86962890625
20343,4605.4970703125
20344,3676.302734375
20345,8183.9013671875
20346,4802.11767578125
20347,5896.505859375
20348,5962.27783203125
20349,4240.24658203125
20350,6700.78662109375
20351,6434.3662109375
20352,3600.413818359375
20353,8904.572265625
20354,8279.8828125
20355,4138.654296875
20356,6692.6357421875
20357,4880.359375
20358,3988.13671875
20359,7533.35595703125
20360,5362.2275390625
20361,7480.140625
20362,3419.4228515625
20363,3562.933837890625
20364,6174.57275390625
20365,4014.373779296875
20366,6511.67333984375
20367,4580.42822265625
20368,4568.74072265625
20369,4752.8505859375
20370,5016.89501953125
20371,5758.34423828125
20372,6885.630859375
20373,5274.7001953125
20374,5965.28662109375
20375,4429.16796875
20376,5850.60595703125
20377,5277.58837890625
20378,6269.1083984375
20379,7216.15673828125
20380,6021.13720703125
20381,2871.880126953125
20382,4859.80029296875
20383,6197.345703125
20384,4481.720703125
20385,9740.099609375
20386,4124.4189453125
20387,7920.7431640625
20388,8098.1298828125
20389,6281.33154296875
20390,2920.919189453125
20391,12659.1767578125
20392,8315.1748046875
20393,5002.806640625
20394,6031.900390625
20395,8513.3662109375
20396,4607.25634765625
20397,5028.31884765625
20398,5485.45263671875
20399,4411.01318359375
20400,5103.2392578125
20401,6121.06298828125
20402,3870.14404296875
20403,6761.3525390625
20404,5078.1337890625
20405,5051.7275390625
20406,5620.623046875
20407,5374.9462890625
20408,5125.33642578125
20409,5005.9150390625
20410,6244.8779296875
20411,7037.60595703125
20412,6084.64990234375
20413,5444.6064453125
20414,4628.21484375
20415,7739.333984375
20416,4290.232421875
20417,3672.8447265625
20418,5546.83203125
20419,6433.203125
20420,5362.4287109375
20421,4129.76708984375
20422,3433.7919921875
20423,5346.82861328125
20424,6468.13818359375
20425,4143.3076171875
20426,6227.74169921875
20427,5006.86376953125
20428,4416.3896484375
20429,4100.45703125
20430,2915.13720703125
20431,5304.033203125
20432,5694.81298828125
20433,5442.1826171875
20434,7568.548828125
20435,6262.884765625
20436,4193.70751953125
20437,7636.16748046875
20438,3382.79052734375
20439,2367.254150390625
20440,5959.94677734375
20441,8667.4228515625
20442,7351.32763671875
20443,5517.39013671875
20444,3342.60791015625
20445,5483.88134765625
20446,5628.6650390625
20447,4579.6025390625
20448,5980.97900390625
20449,3523.94091796875
20450,4033.2353515625
20451,3680.959716796875
20452,4353.27294921875
20453,4072.814208984375
20454,3993.342041015625
20455,3859.644775390625
20456,3611.71826171875
20457,5649.646484375
20458,7138.48583984375
20459,3981.732666015625
20460,5499.89404296875
20461,5263.2958984375
20462,4647.56005859375
20463,4101.404296875
20464,6602.03125
20465,6100.7021484375
20466,3751.197509765625
20467,3001.174072265625
20468,8861.2451171875
20469,5506.50048828125
20470,4434.92578125
20471,6084.39453125
20472,5916.46484375
20473,5907.0107421875
20474,4849.42822265625
20475,5618.5498046875
20476,6577.9228515625
20477,9951.212890625
20478,4390.9814453125
20479,3964.374755859375
20480,4204.595703125
20481,5667.2431640625
20482,4854.07666015625
20483,6030.4951171875
20484,6569.00439453125
20485,3824.20703125
20486,2947.9453125
20487,4221.13037109375
20488,9546.033203125
20489,3491.078857421875
20490,5219.173828125
20491,2485.381103515625
20492,5674.375
20493,6525.826171875
20494,5734.24609375
20495,5623.37255859375
20496,4639.408203125
20497,2861.415771484375
20498,4832.94677734375
20499,6108.31591796875
20500,5858.26806640625
20501,6007.52880859375
20502,5987.52099609375
20503,3877.0830078125
20504,3148.6123046875
20505,8343.923828125
20506,3464.162841796875
20507,8439.662109375
20508,5206.3828125
20509,3429.63525390625
20510,5713.44384765625
20511,4728.357421875
20512,7119.09619140625
20513,6876.80419921875
20514,3808.44287109375
20515,3021.5751953125
20516,5428.27490234375
20517,6388.63623046875
20518,7264.3330078125
20519,4148.818359375
20520,5110.34423828125
20521,5175.4521484375
20522,5229.3173828125
20523,4594.84521484375
20524,8205.7978515625
20525,7083.93798828125
20526,9638.9892578125
20527,3161.985595703125
20528,4751.04931640625
20529,9557.275390625
20530,7813.3759765625
20531,3822.734619140625
20532,7169.6201171875
20533,4945.78369140625
20534,4546.59912109375
20535,3803.349609375
20536,4039.3544921875
20537,4221.5751953125
20538,4877.41748046875
20539,4152.2900390625
20540,4006.326171875
20541,6737.865234375
20542,4986.181640625
20543,19806.296875
20544,4828.62353515625
20545,3981.957275390625
20546,4571.01611328125
20547,8796.5927734375
20548,4604.5537109375
20549,6818.60791015625
20550,4409.9208984375
20551,6960.32861328125
20552,5829.884765625
20553,3208.3232421875
20554,4912.42041015625
20555,5621.5439453125
20556,6256.62109375
20557,6182.2861328125
20558,6755.35205078125
20559,4406.3828125
20560,4015.115478515625
20561,5434.7353515625
20562,7609.8681640625
20563,10136.384765625
20564,6922.5224609375
20565,6796.9189453125
20566,3811.264892578125
20567,5149.46923828125
20568,2963.90380859375
20569,8199.556640625
20570,7467.59619140625
20571,9687.9365234375
20572,4514.1533203125
20573,4064.837158203125
20574,3637.215087890625
20575,5095.44287109375
20576,7903.37255859375
20577,4712.4521484375
20578,3486.916748046875
20579,4779.9833984375
20580,5997.92041015625
20581,2627.11083984375
20582,5989.55908203125
20583,3095.392822265625
20584,5393.404296875
20585,5543.5244140625
20586,4031.228515625
20587,6623.4365234375
20588,5574.17041015625
20589,4930.57373046875
20590,6229.43994140625
20591,5624.7373046875
20592,7903.1806640625
20593,4767.13525390625
20594,6897.93603515625
20595,7726.00244140625
20596,7754.16845703125
20597,5192.654296875
20598,6456.70703125
20599,3374.70751953125
20600,4398.61572265625
20601,5118.0341796875
20602,5533.84423828125
20603,7506.7880859375
20604,5829.5009765625
20605,4430.92333984375
20606,5487.0166015625
20607,5385.41259765625
20608,6269.42724609375
20609,3948.84765625
20610,11465.64453125
20611,3450.508056640625
20612,5166.87060546875
20613,7897.3056640625
20614,3911.7412109375
20615,4758.466796875
20616,4183.41552734375
20617,6782.71533203125
20618,4565.36083984375
20619,5279.63525390625
20620,6427.00244140625
20621,6894.43115234375
20622,4761.19873046875
20623,4162.98193359375
20624,6084.9033203125
20625,11218.689453125
20626,5804.90869140625
20627,4150.091796875
20628,5080.01025390625
20629,5772.9677734375
20630,4680.11962890625
20631,5677.6044921875
20632,4323.173828125
20633,5441.39697265625
20634,6029.80029296875
20635,5764.083984375
20636,8193.9501953125
20637,3849.231201171875
20638,4611.40576171875
20639,3508.386474609375
20640,6578.39013671875
20641,6118.212890625
20642,4552.9248046875
20643,4413.12548828125
20644,5872.29736328125
20645,4378.4345703125
20646,5042.35546875
20647,5026.19482421875
20648,5219.5087890625
20649,6068.72265625
20650,4855.85791015625
20651,4272.1787109375
20652,4403.64013671875
20653,6804.2958984375
20654,6632.53125
20655,6363.62158203125
20656,7227.203125
20657,4577.12353515625
20658,7769.29052734375
20659,4723.1884765625
20660,5210.66552734375
20661,7352.96337890625
20662,5149.42578125
20663,8829.4248046875
20664,6254.99267578125
20665,5459.87353515625
20666,4641.91259765625
20667,6834.31201171875
20668,6168.01416015625
20669,5066.732421875
20670,2927.967529296875
20671,5897.66357421875
20672,5853.9072265625
20673,4146.06591796875
20674,3739.507568359375
20675,7325.623046875
20676,4666.58984375
20677,5085.57080078125
20678,4116.84912109375
20679,4467.1474609375
20680,6419.73095703125
20681,5329.90673828125
20682,4685.88427734375
20683,4371.3583984375
20684,4536.90625
20685,6048.1669921875
20686,2690.677978515625
20687,5535.37353515625
20688,4707.634765625
20689,6279.56494140625
20690,6302.9716796875
20691,4801.4501953125
20692,8706.9033203125
20693,3967.30078125
20694,4699.80908203125
20695,9449.6708984375
20696,5049.537109375
20697,6553.29736328125
20698,6490.7119140625
20699,4298.0888671875
20700,4887.40380859375
20701,4389.76904296875
20702,7179.65966796875
20703,9048.732421875
20704,5989.9755859375
20705,2111.6650390625
20706,4454.1484375
20707,6963.044921875
20708,6481.576171875
20709,4866.3193359375
20710,5152.82763671875
20711,3631.2314453125
20712,4135.0517578125
20713,3970.954345703125
20714,4114.13916015625
20715,4889.3525390625
20716,6050.30810546875
20717,5362.25
20718,6286.92822265625
20719,6751.3134765625
20720,6845.72509765625
20721,6003.6748046875
20722,4283.69873046875
20723,8256.748046875
20724,7979.95849609375
20725,3991.509033203125
20726,6368.267578125
20727,4675.77099609375
20728,5978.181640625
20729,3419.52392578125
20730,5253.04150390625
20731,3996.48095703125
20732,7556.52490234375
20733,5921.37548828125
20734,7130.78173828125
20735,7120.71826171875
20736,4694.31298828125
20737,7014.82568359375
20738,16179.095703125
20739,8434.6923828125
20740,5478.580078125
20741,3240.71630859375
20742,6278.1982421875
20743,6308.6650390625
20744,4437.41796875
20745,11542.34375
20746,17311.5
20747,3976.88427734375
20748,4531.87744140625
20749,8758.9208984375
20750,3207.558349609375
20751,6821.38525390625
20752,4896.1171875
20753,6958.5205078125
20754,4334.81982421875
20755,6042.66650390625
20756,5250.49560546875
20757,6244.662109375
20758,8080.986328125
20759,5802.9873046875
20760,4496.2236328125
20761,6075.94091796875
20762,3189.736328125
20763,4242.65869140625
20764,6141.34326171875
20765,4254.05859375
20766,4807.94580078125
20767,5573.35009765625
20768,5515.62158203125
20769,5259.14697265625
20770,5571.7919921875
20771,5669.0595703125
20772,7022.650390625
20773,8772.142578125
20774,6290.2724609375
20775,4396.73486328125
20776,2690.1220703125
20777,4264.47900390625
20778,5782.7099609375
20779,5099.4150390625
20780,3986.472412109375
20781,6488.37451171875
20782,4724.494140625
20783,8132.04248046875
20784,5172.94775390625
20785,4252.0400390625
20786,4238.16455078125
20787,3946.24609375
20788,7817.98974609375
20789,4358.86572265625
20790,6125.9423828125
20791,13765.1435546875
20792,6193.2255859375
20793,6562.63134765625
20794,2979.478759765625
20795,4434.4697265625
20796,5831.5595703125
20797,4445.8037109375
20798,4906.50439453125
20799,8589.896484375
20800,4695.2958984375
20801,12137.798828125
20802,9094.9287109375
20803,5286.54150390625
20804,5899.740234375
20805,4850.83935546875
20806,5162.79931640625
20807,5849.591796875
20808,8869.48046875
20809,5193.12939453125
20810,7306.8583984375
20811,4711.38134765625
20812,7436.0859375
20813,4883.041015625
20814,7165.4287109375
20815,4613.4912109375
20816,4570.30712890625
20817,5479.966796875
20818,5454.70654296875
20819,7028.197265625
20820,8180.11669921875
20821,4924.3310546875
20822,7882.2431640625
20823,5314.08984375
20824,9009.0263671875
20825,4194.39111328125
20826,4211.94189453125
20827,4147.447265625
20828,6959.73095703125
20829,4565.78662109375
20830,5869.86767578125
20831,5794.4462890625
20832,7292.46826171875
20833,3722.84716796875
20834,8086.55322265625
20835,6481.7431640625
20836,2604.5302734375
20837,8855.3916015625
20838,14332.4013671875
20839,4723.91064453125
20840,6049.84033203125
20841,7272.46533203125
20842,8846.65234375
20843,9134.552734375
20844,4464.568359375
20845,6456.18505859375
20846,5863.19873046875
20847,5689.19921875
20848,3235.2314453125
20849,6081.38134765625
20850,4787.294921875
20851,4544.4697265625
20852,6807.85693359375
20853,4629.06787109375
20854,3020.10107421875
20855,5977.10205078125
20856,2883.136474609375
20857,3564.225341796875
20858,4471.54296875
20859,5576.7841796875
20860,6795.72216796875
20861,7653.8291015625
20862,5890.50927734375
20863,5716.13330078125
20864,5096.669921875
20865,7974.42041015625
20866,5540.27392578125
20867,3597.2158203125
20868,5190.56298828125
20869,8456.646484375
20870,3625.131591796875
20871,6103.0078125
20872,3650.29052734375
20873,4427.83740234375
20874,6653.50146484375
20875,5814.3330078125
20876,4384.1396484375
20877,7865.10498046875
20878,8873.7646484375
20879,10690.244140625
20880,5269.59130859375
20881,7196.37890625
20882,2869.062744140625
20883,3963.5478515625
20884,5411.31298828125
20885,2879.369140625
20886,7196.49169921875
20887,3593.3193359375
20888,5015.5029296875
20889,8781.3369140625
20890,9137.4384765625
20891,6304.22998046875
20892,4136.9658203125
20893,4617.4765625
20894,10374.9033203125
20895,6079.04052734375
20896,5273.43798828125
20897,3978.87158203125
20898,5705.32080078125
20899,7886.69287109375
20900,3988.42919921875
20901,5544.58544921875
20902,5945.91259765625
20903,6312.0703125
20904,11940.201171875
20905,4983.9833984375
20906,12124.0224609375
20907,5233.45947265625
20908,4878.84619140625
20909,3174.62646484375
20910,5224.9306640625
20911,5275.59375
20912,4600.47119140625
20913,5909.5634765625
20914,4701.42431640625
20915,3706.3701171875
20916,5472.31396484375
20917,3931.017578125
20918,5398.63330078125
20919,5979.4248046875
20920,7087.58056640625
20921,7235.43896484375
20922,3702.095703125
20923,7672.47412109375
20924,4981.23779296875
20925,5716.8095703125
20926,5199.67529296875
20927,4242.779296875
20928,8723.7666015625
20929,5288.14697265625
20930,3959.13671875
20931,5264.98828125
20932,7117.501953125
20933,6227.64013671875
20934,4520.8720703125
20935,7656.421875
20936,4623.24072265625
20937,5207.3173828125
20938,5611.29052734375
20939,6925.30517578125
20940,4548.46337890625
20941,5010.8310546875
20942,4761.60205078125
20943,4800.5791015625
20944,3999.895751953125
20945,4089.760009765625
20946,7027.13037109375
20947,8098.89599609375
20948,9516.44921875
20949,9162.5888671875
20950,6227.4609375
20951,6991.474609375
20952,4260.21337890625
20953,10922.6044921875
20954,9405.8935546875
20955,5622.0546875
20956,6706.4990234375
20957,6459.92138671875
20958,4706.6259765625
20959,5763.3466796875
20960,6641.9208984375
20961,5549.0849609375
20962,5991.71484375
20963,5174.55908203125
20964,1387.6881103515625
20965,7979.8095703125
20966,5568.24560546875
20967,5134.94384765625
20968,3972.45458984375
20969,4500.83837890625
20970,5662.6162109375
20971,5252.7158203125
20972,5865.87744140625
20973,5071.044921875
20974,3540.180908203125
20975,3352.904052734375
20976,3077.376953125
20977,5784.14453125
20978,15603.640625
20979,3183.73779296875
20980,5343.00439453125
20981,6106.19970703125
20982,3483.8115234375
20983,5524.57373046875
20984,4356.751953125
20985,3272.012939453125
20986,6085.66015625
20987,5479.67236328125
20988,2790.4443359375
20989,6817.8505859375
20990,3467.09326171875
20991,4160.69384765625
20992,7630.59912109375
20993,5946.48876953125
20994,8655.9306640625
20995,4335.2275390625
20996,5212.5908203125
20997,3552.883544921875
20998,4066.267822265625
20999,13304.0859375
21000,9466.966796875
21001,5636.8173828125
21002,4429.330078125
21003,4150.4375
21004,5419.611328125
21005,4127.931640625
21006,8931.1318359375
21007,4894.919921875
21008,4351.87939453125
21009,7558.52783203125
21010,3769.043701171875
21011,5460.97119140625
21012,5549.80810546875
21013,5195.38720703125
21014,4763.4892578125
21015,3595.758056640625
21016,4713.4638671875
21017,5466.91259765625
21018,7496.45703125
21019,7029.1865234375
21020,6029.7607421875
21021,3423.600830078125
21022,7022.95166015625
21023,4817.26611328125
21024,3719.202392578125
21025,4913.935546875
21026,7272.49169921875
21027,5606.18505859375
21028,5545.09033203125
21029,4781.48095703125
21030,5373.10009765625
21031,4798.98974609375
21032,5802.3828125
21033,5339.078125
21034,4551.609375
21035,7915.97900390625
21036,4701.20751953125
21037,3505.0087890625
21038,10193.8359375
21039,4726.3232421875
21040,2112.849609375
21041,6557.34716796875
21042,6512.09423828125
21043,8843.6298828125
21044,3944.691650390625
21045,4332.283203125
21046,4657.10302734375
21047,6609.38623046875
21048,4961.5888671875
21049,6269.013671875
21050,2094.955810546875
21051,5491.5166015625
21052,5517.11865234375
21053,4156.6748046875
21054,4169.63232421875
21055,5974.6904296875
21056,5273.849609375
21057,5100.1181640625
21058,6489.72802734375
21059,6053.35791015625
21060,7141.5478515625
21061,4054.126953125
21062,5456.30908203125
21063,5445.908203125
21064,7222.8837890625
21065,6404.78369140625
21066,2757.234619140625
21067,7578.49609375
21068,6074.671875
21069,6472.53076171875
21070,4809.12353515625
21071,2945.3642578125
21072,7806.0380859375
21073,4758.50927734375
21074,8449.7744140625
21075,5616.58740234375
21076,5151.43603515625
21077,6501.35302734375
21078,5119.1484375
21079,4791.94189453125
21080,5841.71875
21081,4502.5888671875
21082,8652.939453125
21083,8642.76953125
21084,6798.623046875
21085,4482.96728515625
21086,4603.62744140625
21087,3207.011474609375
21088,3927.360595703125
21089,6698.8896484375
21090,4006.203369140625
21091,7762.427734375
21092,3424.21826171875
21093,4826.3505859375
21094,4914.30615234375
21095,7096.89990234375
21096,4624.73046875
21097,4432.611328125
21098,4606.6953125
21099,5457.31298828125
21100,4845.17529296875
21101,5507.734375
21102,6188.2265625
21103,6637.66650390625
21104,6183.34423828125
21105,7148.98193359375
21106,4438.37255859375
21107,3525.859375
21108,3735.222412109375
21109,9175.0
21110,6824.5458984375
21111,9021.345703125
21112,14064.7353515625
21113,4404.10205078125
21114,3869.829833984375
21115,5579.4755859375
21116,7662.2900390625
21117,8621.037109375
21118,5332.5380859375
21119,6185.283203125
21120,7228.56494140625
21121,5867.39990234375
21122,5031.84375
21123,4049.203369140625
21124,4200.029296875
21125,4117.87744140625
21126,4111.23779296875
21127,3860.64990234375
21128,7018.72314453125
21129,14732.6328125
21130,5465.029296875
21131,4815.83349609375
21132,6498.25439453125
21133,3695.55029296875
21134,5479.2392578125
21135,4624.3466796875
21136,8893.9140625
21137,5314.7783203125
21138,5465.69189453125
21139,11010.140625
21140,10365.7919921875
21141,5564.5302734375
21142,5604.1689453125
21143,3242.600830078125
21144,4616.083984375
21145,4666.67138671875
21146,7066.80322265625
21147,4065.11767578125
21148,3854.6640625
21149,3900.09521484375
21150,4984.1669921875
21151,5359.6728515625
21152,5026.447265625
21153,3412.337158203125
21154,5883.5732421875
21155,6512.95703125
21156,5348.01416015625
21157,3720.1787109375
21158,2831.9111328125
21159,7937.8642578125
21160,3459.735107421875
21161,8791.4248046875
21162,3265.938232421875
21163,3919.52001953125
21164,4972.69580078125
21165,4517.419921875
21166,4432.578125
21167,4812.248046875
21168,5284.734375
21169,8177.2578125
21170,7168.4892578125
21171,4571.38623046875
21172,3876.023193359375
21173,4621.47021484375
21174,3987.18359375
21175,4379.77783203125
21176,4797.73681640625
21177,4744.47998046875
21178,9989.109375
21179,6976.1376953125
21180,5018.447265625
21181,5880.34423828125
21182,3243.3056640625
21183,8656.37890625
21184,4811.7099609375
21185,10499.427734375
21186,5170.54150390625
21187,5006.9111328125
21188,4760.79443359375
21189,3570.429931640625
21190,5553.96240234375
21191,16961.53125
21192,3541.983154296875
21193,3934.916259765625
21194,7523.9755859375
21195,5786.1806640625
21196,6153.97412109375
21197,7153.212890625
21198,5323.98681640625
21199,4873.34814453125
21200,3729.596435546875
21201,8587.126953125
21202,4667.7529296875
21203,6246.7255859375
21204,6748.365234375
21205,4081.226318359375
21206,6529.93701171875
21207,6550.1796875
21208,3365.53515625
21209,9289.76171875
21210,7879.67333984375
21211,3501.055419921875
21212,7491.99560546875
21213,5054.71728515625
21214,3618.208740234375
21215,8254.2646484375
21216,5693.193359375
21217,8423.7041015625
21218,3905.52685546875
21219,4009.939208984375
21220,5732.3330078125
21221,3427.331298828125
21222,6861.70361328125
21223,4616.44384765625
21224,5291.29052734375
21225,4818.5087890625
21226,5482.29736328125
21227,5893.43359375
21228,6566.85546875
21229,5200.00537109375
21230,6538.9150390625
21231,4597.087890625
21232,6816.62646484375
21233,5676.02587890625
21234,6430.708984375
21235,7502.6884765625
21236,6206.6982421875
21237,3113.53564453125
21238,4781.4716796875
21239,6335.39697265625
21240,4787.59326171875
21241,10524.298828125
21242,5028.36376953125
21243,8327.58984375
21244,9072.681640625
21245,6562.455078125
21246,3151.585205078125
21247,19223.46484375
21248,8449.701171875
21249,4960.197265625
21250,5917.85302734375
21251,8336.3466796875
21252,4381.10546875
21253,5670.8046875
21254,5786.6015625
21255,5121.61083984375
21256,6200.90771484375
21257,6431.3154296875
21258,4154.18798828125
21259,6223.5830078125
21260,6331.14892578125
21261,5152.8896484375
21262,6162.7060546875
21263,4861.845703125
21264,5135.35009765625
21265,4947.74267578125
21266,6682.4375
21267,6971.8623046875
21268,5565.62255859375
21269,5734.0537109375
21270,5015.640625
21271,8191.40478515625
21272,4732.38525390625
21273,3697.714111328125
21274,5605.666015625
21275,7206.54443359375
21276,5956.71826171875
21277,3508.999267578125
21278,3582.8779296875
21279,5563.63330078125
21280,6571.76513671875
21281,4624.89208984375
21282,6774.814453125
21283,5045.5810546875
21284,4707.72900390625
21285,4509.748046875
21286,2797.180419921875
21287,5501.1171875
21288,6084.0361328125
21289,5295.91015625
21290,8026.83203125
21291,6299.6455078125
21292,4364.8056640625
21293,8427.8125
21294,2911.204345703125
21295,1775.6129150390625
21296,6607.5263671875
21297,8676.306640625
21298,7540.43310546875
21299,5664.22119140625
21300,3427.62841796875
21301,5326.12451171875
21302,6391.6826171875
21303,4768.09228515625
21304,6010.3818359375
21305,3341.655517578125
21306,4323.21484375
21307,3898.9091796875
21308,4458.65478515625
21309,4615.123046875
21310,4236.95263671875
21311,4374.35009765625
21312,3548.56201171875
21313,5212.43212890625
21314,6856.62548828125
21315,4218.34912109375
21316,5361.240234375
21317,5536.16357421875
21318,4189.28125
21319,4197.234375
21320,7686.037109375
21321,6571.94970703125
21322,5216.455078125
21323,2945.642822265625
21324,9832.537109375
21325,5586.51513671875
21326,4446.6865234375
21327,6816.9755859375
21328,6142.48876953125
21329,6377.30419921875
21330,5362.51220703125
21331,5659.98583984375
21332,7141.060546875
21333,10186.724609375
21334,4180.4765625
21335,3971.461669921875
21336,4513.0419921875
21337,6110.04638671875
21338,5049.30859375
21339,7371.07421875
21340,6667.37548828125
21341,3712.57958984375
21342,3166.830078125
21343,4479.3720703125
21344,10271.4580078125
21345,3295.702880859375
21346,6048.81494140625
21347,2709.32080078125
21348,6049.71435546875
21349,6471.82177734375
21350,5868.7138671875
21351,5662.7294921875
21352,4827.1396484375
21353,3548.82373046875
21354,5235.75146484375
21355,5899.4560546875
21356,6804.66162109375
21357,6320.16650390625
21358,6152.62548828125
21359,4286.95654296875
21360,3503.09521484375
21361,9643.8935546875
21362,3346.675048828125
21363,8765.6796875
21364,5154.5791015625
21365,3509.713134765625
21366,6575.35205078125
21367,4810.50244140625
21368,7212.76806640625
21369,6875.39306640625
21370,4392.3125
21371,3185.493896484375
21372,5505.1494140625
21373,6375.33935546875
21374,7508.2568359375
21375,4650.73681640625
21376,5144.19384765625
21377,4723.486328125
21378,5360.7880859375
21379,4202.828125
21380,8242.236328125
21381,8047.533203125
21382,9263.962890625
21383,3077.742431640625
21384,4998.578125
21385,8721.896484375
21386,8207.763671875
21387,3268.29296875
21388,8159.93505859375
21389,5017.5224609375
21390,4695.7568359375
21391,4482.3134765625
21392,4769.666015625
21393,4129.73828125
21394,4897.21630859375
21395,4694.66162109375
21396,4303.90380859375
21397,7600.13134765625
21398,5708.1357421875
21399,20820.044921875
21400,5859.4140625
21401,0.0
21402,0.0
21403,0.0
21404,0.0
21405,0.0
21406,0.0
21407,0.0
21408,0.0
21409,0.0
21410,0.0
21411,0.0
21412,0.0
21413,0.0
21414,0.0
21415,0.0
21416,0.0
21417,0.0
21418,0.0
21419,0.0
21420,0.0
21421,0.0
21422,0.0
21423,0.0
21424,0.0
21425,0.0
21426,0.0
21427,0.0
21428,0.0
21429,0.0
21430,0.0
21431,0.0
21432,0.0
21433,0.0
21434,0.0
21435,0.0
21436,0.0
21437,0.0
21438,0.0
21439,0.0
21440,0.0
21441,0.0
21442,0.0
21443,0.0
21444,0.0
21445,0.0
21446,0.0
21447,0.0
21448,0.0
21449,0.0
21450,0.0
21451,0.0
21452,0.0
21453,0.0
21454,0.0
21455,0.0
21456,0.0
21457,0.0
21458,0.0
21459,0.0
21460,0.0
21461,0.0
21462,0.0
21463,0.0
21464,0.0
21465,0.0
21466,0.0
21467,0.0
21468,0.0
21469,0.0
21470,0.0
21471,0.0
21472,0.0
21473,0.0
21474,0.0
21475,0.0
21476,0.0
21477,0.0
21478,0.0
21479,0.0
21480,0.0
21481,0.0
21482,0.0
21483,0.0
21484,0.0
21485,0.0
21486,0.0
21487,0.0
21488,0.0
21489,0.0
21490,0.0
21491,0.0
21492,5162.60888671875
21493,0.0
21494,0.0
21495,0.0
21496,0.0
21497,0.0
21498,0.0
21499,0.0
21500,0.0
21501,0.0
21502,0.0
21503,0.0
21504,0.0
21505,0.0
21506,0.0
21507,0.0
21508,0.0
21509,0.0
21510,0.0
21511,0.0
21512,0.0
21513,0.0
21514,0.0
21515,0.0
21516,0.0
21517,0.0
21518,0.0
21519,0.0
21520,0.0
21521,0.0
21522,0.0
21523,0.0
21524,0.0
21525,0.0
21526,0.0
21527,0.0
21528,0.0
21529,0.0
21530,0.0
21531,0.0
21532,0.0
21533,0.0
21534,0.0
21535,0.0
21536,0.0
21537,0.0
21538,0.0
21539,0.0
21540,0.0
21541,0.0
21542,0.0
21543,0.0
21544,0.0
21545,0.0
21546,0.0
21547,0.0
21548,0.0
21549,0.0
21550,0.0
21551,0.0
21552,0.0
21553,0.0
21554,0.0
21555,0.0
21556,0.0
21557,0.0
21558,0.0
21559,0.0
21560,3835.27392578125
21561,0.0
21562,0.0
21563,0.0
21564,0.0
21565,0.0
21566,0.0
21567,0.0
21568,0.0
21569,0.0
21570,0.0
21571,0.0
21572,0.0
21573,0.0
21574,0.0
21575,0.0
21576,0.0
21577,0.0
21578,0.0
21579,0.0
21580,0.0
21581,0.0
21582,0.0
21583,0.0
21584,0.0
21585,0.0
21586,0.0
21587,0.0
21588,0.0
21589,0.0
21590,0.0
21591,0.0
21592,0.0
21593,0.0
21594,0.0
21595,0.0
21596,0.0
21597,0.0
21598,0.0
21599,0.0
21600,0.0
21601,17059.337890625
21602,31359.46484375
21603,0.0
21604,0.0
21605,0.0
21606,0.0
21607,0.0
21608,0.0
21609,0.0
21610,8111.0390625
21611,0.0
21612,0.0
21613,0.0
21614,0.0
21615,0.0
21616,0.0
21617,0.0
21618,0.0
21619,0.0
21620,0.0
21621,0.0
21622,0.0
21623,0.0
21624,0.0
21625,0.0
21626,0.0
21627,0.0
21628,0.0
21629,5473.71826171875
21630,0.0
21631,0.0
21632,0.0
21633,0.0
21634,0.0
21635,0.0
21636,0.0
21637,0.0
21638,0.0
21639,2681.543212890625
21640,0.0
21641,0.0
21642,0.0
21643,0.0
21644,0.0
21645,0.0
21646,0.0
21647,0.0
21648,0.0
21649,0.0
21650,0.0
21651,0.0
21652,0.0
21653,0.0
21654,0.0
21655,0.0
21656,0.0
21657,8117.60400390625
21658,0.0
21659,0.0
21660,0.0
21661,0.0
21662,0.0
21663,0.0
21664,0.0
21665,0.0
21666,0.0
21667,0.0
21668,0.0
21669,0.0
21670,0.0
21671,0.0
21672,0.0
21673,0.0
21674,9483.8310546875
21675,0.0
21676,0.0
21677,0.0
21678,0.0
21679,0.0
21680,0.0
21681,0.0
21682,0.0
21683,0.0
21684,0.0
21685,0.0
21686,0.0
21687,0.0
21688,0.0
21689,0.0
21690,0.0
21691,0.0
21692,0.0
21693,0.0
21694,0.0
21695,0.0
21696,0.0
21697,0.0
21698,0.0
21699,0.0
21700,0.0
21701,0.0
21702,0.0
21703,0.0
21704,0.0
21705,0.0
21706,0.0
21707,0.0
21708,0.0
21709,0.0
21710,0.0
21711,0.0
21712,0.0
21713,0.0
21714,0.0
21715,0.0
21716,0.0
21717,0.0
21718,0.0
21719,0.0
21720,0.0
21721,0.0
21722,0.0
21723,0.0
21724,0.0
21725,0.0
21726,0.0
21727,0.0
21728,0.0
21729,0.0
21730,0.0
21731,0.0
21732,0.0
21733,0.0
21734,0.0
21735,0.0
21736,2190.2666015625
21737,0.0
21738,0.0
21739,0.0
21740,0.0
21741,0.0
21742,0.0
21743,0.0
21744,0.0
21745,0.0
21746,0.0
21747,0.0
21748,0.0
21749,0.0
21750,5884.4326171875
21751,0.0
21752,0.0
21753,0.0
21754,0.0
21755,0.0
21756,0.0
21757,0.0
21758,0.0
21759,0.0
21760,0.0
21761,0.0
21762,0.0
21763,0.0
21764,0.0
21765,0.0
21766,0.0
21767,0.0
21768,0.0
21769,0.0
21770,0.0
21771,0.0
21772,0.0
21773,0.0
21774,0.0
21775,0.0
21776,0.0
21777,0.0
21778,0.0
21779,0.0
21780,0.0
21781,0.0
21782,0.0
21783,0.0
21784,0.0
21785,0.0
21786,0.0
21787,0.0
21788,0.0
21789,0.0
21790,0.0
21791,0.0
21792,0.0
21793,7257.2626953125
21794,0.0
21795,0.0
21796,0.0
21797,0.0
21798,0.0
21799,0.0
21800,0.0
21801,0.0
21802,0.0
21803,3019.25537109375
21804,0.0
21805,0.0
21806,0.0
21807,6663.3271484375
21808,0.0
21809,0.0
21810,0.0
21811,0.0
21812,0.0
21813,0.0
21814,0.0
21815,0.0
21816,0.0
21817,0.0
21818,0.0
21819,0.0
21820,0.0
21821,0.0
21822,0.0
21823,0.0
21824,0.0
21825,0.0
21826,0.0
21827,0.0
21828,0.0
21829,0.0
21830,0.0
21831,0.0
21832,0.0
21833,0.0
21834,19911.64453125
21835,0.0
21836,0.0
21837,0.0
21838,0.0
21839,0.0
21840,0.0
21841,0.0
21842,0.0
21843,0.0
21844,0.0
21845,0.0
21846,0.0
21847,0.0
21848,6024.48681640625
21849,0.0
21850,0.0
21851,0.0
21852,0.0
21853,0.0
21854,0.0
21855,0.0
21856,0.0
21857,0.0
21858,0.0
21859,0.0
21860,0.0
21861,0.0
21862,0.0
21863,0.0
21864,0.0
21865,0.0
21866,0.0
21867,0.0
21868,0.0
21869,0.0
21870,0.0
21871,0.0
21872,0.0
21873,0.0
21874,0.0
21875,0.0
21876,0.0
21877,0.0
21878,0.0
21879,0.0
21880,0.0
21881,0.0
21882,0.0
21883,0.0
21884,0.0
21885,0.0
21886,0.0
21887,0.0
21888,0.0
21889,0.0
21890,0.0
21891,0.0
21892,0.0
21893,0.0
21894,0.0
21895,0.0
21896,0.0
21897,0.0
21898,0.0
21899,0.0
21900,0.0
21901,0.0
21902,0.0
21903,0.0
21904,0.0
21905,0.0
21906,0.0
21907,0.0
21908,0.0
21909,0.0
21910,0.0
21911,0.0
21912,0.0
21913,0.0
21914,0.0
21915,0.0
21916,0.0
21917,0.0
21918,0.0
21919,0.0
21920,0.0
21921,0.0
21922,0.0
21923,12996.29296875
21924,0.0
21925,0.0
21926,0.0
21927,0.0
21928,0.0
21929,0.0
21930,0.0
21931,0.0
21932,0.0
21933,0.0
21934,0.0
21935,0.0
21936,0.0
21937,0.0
21938,0.0
21939,0.0
21940,0.0
21941,0.0
21942,0.0
21943,0.0
21944,0.0
21945,0.0
21946,0.0
21947,0.0
21948,0.0
21949,0.0
21950,0.0
21951,0.0
21952,0.0
21953,0.0
21954,0.0
21955,0.0
21956,0.0
21957,0.0
21958,0.0
21959,0.0
21960,0.0
21961,0.0
21962,0.0
21963,0.0
21964,0.0
21965,0.0
21966,0.0
21967,4915.48779296875
21968,15880.9951171875
21969,0.0
21970,0.0
21971,0.0
21972,0.0
21973,0.0
21974,0.0
21975,0.0
21976,0.0
21977,0.0
21978,0.0
21979,0.0
21980,0.0
21981,0.0
21982,0.0
21983,0.0
21984,0.0
21985,0.0
21986,0.0
21987,0.0
21988,0.0
21989,0.0
21990,0.0
21991,0.0
21992,0.0
21993,0.0
21994,0.0
21995,0.0
21996,11457.2578125
21997,0.0
21998,0.0
21999,0.0
22000,0.0
22001,0.0
22002,0.0
22003,0.0
22004,0.0
22005,0.0
22006,0.0
22007,0.0
22008,0.0
22009,-0.0
22010,0.0
22011,0.0
22012,0.0
22013,0.0
22014,0.0
22015,0.0
22016,0.0
22017,0.0
22018,0.0
22019,0.0
22020,0.0
22021,0.0
22022,0.0
22023,0.0
22024,0.0
22025,0.0
22026,0.0
22027,0.0
22028,0.0
22029,0.0
22030,0.0
22031,0.0
22032,0.0
22033,0.0
22034,0.0
22035,0.0
22036,0.0
22037,0.0
22038,0.0
22039,0.0
22040,0.0
22041,0.0
22042,0.0
22043,0.0
22044,0.0
22045,0.0
22046,0.0
22047,0.0
22048,0.0
22049,0.0
22050,0.0
22051,0.0
22052,0.0
22053,0.0
22054,0.0
22055,0.0
22056,0.0
22057,0.0
22058,0.0
22059,0.0
22060,0.0
22061,0.0
22062,0.0
22063,0.0
22064,0.0
22065,0.0
22066,2897.34326171875
22067,0.0
22068,0.0
22069,0.0
22070,2505.320556640625
22071,0.0
22072,0.0
22073,0.0
22074,0.0
22075,0.0
22076,0.0
22077,0.0
22078,0.0
22079,0.0
22080,0.0
22081,0.0
22082,0.0
22083,0.0
22084,0.0
22085,0.0
22086,0.0
22087,0.0
22088,0.0
22089,0.0
22090,0.0
22091,0.0
22092,0.0
22093,0.0
22094,0.0
22095,0.0
22096,0.0
22097,0.0
22098,0.0
22099,0.0
22100,0.0
22101,0.0
22102,0.0
22103,0.0
22104,0.0
22105,0.0
22106,0.0
22107,0.0
22108,0.0
22109,0.0
22110,0.0
22111,0.0
22112,0.0
22113,0.0
22114,0.0
22115,0.0
22116,0.0
22117,0.0
22118,0.0
22119,0.0
22120,0.0
22121,3013.840576171875
22122,0.0
22123,0.0
22124,0.0
22125,0.0
22126,0.0
22127,0.0
22128,0.0
22129,0.0
22130,0.0
22131,0.0
22132,0.0
22133,0.0
22134,0.0
22135,0.0
22136,11146.046875
22137,0.0
22138,0.0
22139,0.0
22140,0.0
22141,0.0
22142,0.0
22143,0.0
22144,0.0
22145,0.0
22146,0.0
22147,0.0
22148,0.0
22149,0.0
22150,0.0
22151,0.0
22152,0.0
22153,0.0
22154,0.0
22155,0.0
22156,0.0
22157,0.0
22158,0.0
22159,0.0
22160,0.0
22161,0.0
22162,0.0
22163,0.0
22164,0.0
22165,0.0
22166,0.0
22167,0.0
22168,0.0
22169,0.0
22170,0.0
22171,0.0
22172,0.0
22173,0.0
22174,0.0
22175,0.0
22176,0.0
22177,0.0
22178,0.0
22179,0.0
22180,0.0
22181,0.0
22182,0.0
22183,0.0
22184,0.0
22185,0.0
22186,0.0
22187,0.0
22188,0.0
22189,0.0
22190,0.0
22191,0.0
22192,0.0
22193,0.0
22194,0.0
22195,0.0
22196,0.0
22197,0.0
22198,0.0
22199,0.0
22200,4322.322265625
22201,0.0
22202,0.0
22203,0.0
22204,0.0
22205,0.0
22206,0.0
22207,0.0
22208,0.0
22209,0.0
22210,0.0
22211,0.0
22212,0.0
22213,0.0
22214,0.0
22215,0.0
22216,0.0
22217,0.0
22218,0.0
22219,0.0
22220,0.0
22221,0.0
22222,0.0
22223,0.0
22224,0.0
22225,0.0
22226,0.0
22227,0.0
22228,0.0
22229,0.0
22230,0.0
22231,0.0
22232,0.0
22233,0.0
22234,0.0
22235,0.0
22236,0.0
22237,0.0
22238,0.0
22239,0.0
22240,0.0
22241,14608.6982421875
22242,5528.880859375
22243,0.0
22244,0.0
22245,0.0
22246,0.0
22247,0.0
22248,0.0
22249,0.0
22250,0.0
22251,0.0
22252,0.0
22253,0.0
22254,0.0
22255,0.0
22256,0.0
22257,4271.49951171875
22258,3553.067138671875
22259,6442.95166015625
22260,2889.3525390625
22261,5475.8974609375
22262,4265.93505859375
22263,5488.43212890625
22264,6075.57177734375
22265,4161.412109375
22266,2891.05322265625
22267,5488.33935546875
22268,4675.3291015625
22269,4038.94189453125
22270,4265.841796875
22271,5485.90966796875
22272,4158.58837890625
22273,5874.41650390625
22274,5916.57666015625
22275,7147.24072265625
22276,4870.27197265625
22277,6867.2021484375
22278,3001.992431640625
22279,5918.54150390625
22280,2207.9052734375
22281,7366.705078125
22282,6041.64208984375
22283,9395.55078125
22284,5630.93505859375
22285,3078.30712890625
22286,4293.8193359375
22287,5531.236328125
22288,6547.1376953125
22289,3676.55712890625
22290,5326.31982421875
22291,4512.18310546875
22292,5327.962890625
22293,2025.9285888671875
22294,7318.43408203125
22295,4539.92041015625
22296,7254.0595703125
22297,6035.455078125
22298,3711.19189453125
22299,7956.9990234375
22300,5645.693359375
22301,3849.09423828125
22302,3351.361328125
22303,7467.73388671875
22304,9315.9599609375
22305,6049.9111328125
22306,5215.24365234375
22307,7872.25537109375
22308,7716.5556640625
22309,5454.18115234375
22310,4615.5400390625
22311,3290.413818359375
22312,2153.871337890625
22313,3811.591552734375
22314,5979.3857421875
22315,7920.7001953125
22316,7153.95263671875
22317,3821.49267578125
22318,7785.3203125
22319,6215.74267578125
22320,3800.218505859375
22321,2792.565185546875
22322,9761.408203125
22323,3004.64306640625
22324,3754.154296875
22325,5991.34326171875
22326,3917.520263671875
22327,4824.58837890625
22328,2224.83349609375
22329,5797.9462890625
22330,4827.2626953125
22331,5152.9033203125
22332,8250.673828125
22333,7060.06494140625
22334,4557.44482421875
22335,3025.40087890625
22336,7309.52880859375
22337,12296.904296875
22338,5098.98193359375
22339,3308.90185546875
22340,6221.52197265625
22341,5517.90771484375
22342,6024.86181640625
22343,8520.0390625
22344,2960.270751953125
22345,7286.78662109375
22346,5856.51904296875
22347,5449.908203125
22348,7568.57177734375
22349,1723.69384765625
22350,4099.06494140625
22351,4835.83154296875
22352,7409.470703125
22353,6312.216796875
22354,3659.098876953125
22355,4310.048828125
22356,6647.5380859375
22357,5989.99853515625
22358,4459.5771484375
22359,4483.61279296875
22360,4048.093505859375
22361,6158.66162109375
22362,4404.93359375
22363,2441.800537109375
22364,4848.97314453125
22365,6017.8544921875
22366,6147.22314453125
22367,6953.4267578125
22368,7547.50634765625
22369,3578.32275390625
22370,8324.8076171875
22371,2574.984130859375
22372,3235.921142578125
22373,7209.2978515625
22374,6557.45654296875
22375,6814.2080078125
22376,9228.498046875
22377,6198.9150390625
22378,4755.705078125
22379,5936.279296875
22380,6618.3134765625
22381,3354.62841796875
22382,2247.6650390625
22383,5142.03076171875
22384,4431.79541015625
22385,5060.92822265625
22386,2611.034912109375
22387,5342.98876953125
22388,5179.85400390625
22389,5629.275390625
22390,5445.0302734375
22391,2475.163330078125
22392,5574.12841796875
22393,6548.22314453125
22394,3532.44482421875
22395,4906.05908203125
22396,3120.160400390625
22397,4797.76416015625
22398,1701.642578125
22399,4067.109619140625
22400,5086.2509765625
22401,6740.015625
22402,5955.623046875
22403,6049.728515625
22404,12315.50390625
22405,3636.319580078125
22406,5406.30029296875
22407,9147.68359375
22408,5270.5419921875
22409,7642.88232421875
22410,5053.02783203125
22411,5374.52587890625
22412,5475.11572265625
22413,3844.808837890625
22414,4454.9150390625
22415,7443.80322265625
22416,5377.69921875
22417,2775.67724609375
22418,3330.72705078125
22419,7268.34814453125
22420,6986.35791015625
22421,6586.4541015625
22422,5405.45849609375
22423,4086.637451171875
22424,2636.99560546875
22425,2304.69677734375
22426,2684.825927734375
22427,5771.77197265625
22428,7195.7724609375
22429,4521.5361328125
22430,4756.7421875
22431,7791.05908203125
22432,6935.40283203125
22433,6906.31396484375
22434,4736.00341796875
22435,7525.23583984375
22436,7953.48828125
22437,2971.056884765625
22438,4621.7373046875
22439,4481.6142578125
22440,5556.203125
22441,2175.279541015625
22442,4489.47412109375
22443,4034.865966796875
22444,6993.44140625
22445,5554.447265625
22446,6490.36962890625
22447,6595.09375
22448,4729.38134765625
22449,7424.4853515625
22450,14793.9755859375
22451,8029.9228515625
22452,3551.73388671875
22453,4081.0654296875
22454,6586.96435546875
22455,5655.1552734375
22456,3745.51025390625
22457,8778.8701171875
22458,17060.353515625
22459,5223.80078125
22460,3649.589111328125
22461,10050.1982421875
22462,2584.55419921875
22463,5619.7353515625
22464,2979.741455078125
22465,5540.4052734375
22466,5036.583984375
22467,6173.39794921875
22468,5467.21435546875
22469,5164.87939453125
22470,9929.0029296875
22471,5827.2587890625
22472,5724.3681640625
22473,6769.68017578125
22474,4561.01708984375
22475,5740.91357421875
22476,8225.9013671875
22477,4174.06005859375
22478,5150.97265625
22479,3352.0908203125
22480,3272.26416015625
22481,5588.9873046875
22482,4105.216796875
22483,4720.71044921875
22484,8063.94970703125
22485,9152.8544921875
22486,7016.1123046875
22487,4256.71337890625
22488,3658.072265625
22489,3456.75244140625
22490,4843.8154296875
22491,5695.5859375
22492,2991.89208984375
22493,5415.14111328125
22494,5168.7119140625
22495,6803.93701171875
22496,4770.26953125
22497,3795.36865234375
22498,2856.8828125
22499,2502.972412109375
22500,7918.234375
22501,5216.39013671875
22502,5358.677734375
22503,11564.0283203125
22504,7132.6201171875
22505,4098.462890625
22506,4466.08837890625
22507,2476.602783203125
22508,3514.643798828125
22509,3772.68017578125
22510,4324.62353515625
22511,8460.9755859375
22512,4305.19970703125
22513,8490.3671875
22514,8647.9072265625
22515,6036.86376953125
22516,5510.98193359375
22517,4365.6982421875
22518,4840.8564453125
22519,5274.67138671875
22520,9919.6953125
22521,5029.3125
22522,6678.80419921875
22523,2979.721435546875
22524,5561.18408203125
22525,5407.24609375
22526,8066.9169921875
22527,5520.515625
22528,4766.078125
22529,6637.15966796875
22530,5428.3525390625
22531,7602.046875
22532,6179.5859375
22533,6571.6064453125
22534,7955.4296875
22535,6198.21728515625
22536,8022.73291015625
22537,2549.854248046875
22538,5347.1787109375
22539,5235.50244140625
22540,8878.9853515625
22541,7029.5908203125
22542,6316.294921875
22543,6385.12744140625
22544,6614.74609375
22545,4816.57373046875
22546,7175.28564453125
22547,6061.49658203125
22548,2690.15185546875
22549,6605.74169921875
22550,15259.828125
22551,7005.6455078125
22552,6638.26318359375
22553,6248.345703125
22554,7596.17919921875
22555,7457.0380859375
22556,2780.069580078125
22557,4051.7109375
22558,6124.49365234375
22559,7422.37109375
22560,2580.60986328125
22561,3876.903076171875
22562,5442.6494140625
22563,4348.861328125
22564,5126.419921875
22565,3056.69970703125
22566,2503.8759765625
22567,7540.35986328125
22568,4083.406494140625
22569,4449.5869140625
22570,5310.001953125
22571,4024.34814453125
22572,8773.7060546875
22573,12667.5830078125
22574,4883.5244140625
22575,7126.203125
22576,6055.73779296875
22577,8248.0322265625
22578,3972.256591796875
22579,2512.329833984375
22580,5243.826171875
22581,11373.328125
22582,3535.211669921875
22583,6198.72998046875
22584,1658.424560546875
22585,3057.2802734375
22586,6131.11474609375
22587,6856.92919921875
22588,4737.650390625
22589,9402.232421875
22590,9023.0927734375
22591,7567.978515625
22592,4239.0048828125
22593,9556.701171875
22594,1480.4073486328125
22595,2824.121337890625
22596,5956.25244140625
22597,4628.88525390625
22598,9803.6240234375
22599,1931.899169921875
22600,5233.73095703125
22601,5436.8671875
22602,7288.98046875
22603,8650.07421875
22604,4240.68212890625
22605,3604.487060546875
22606,8966.1962890625
22607,9038.810546875
22608,3415.15380859375
22609,5029.23486328125
22610,8308.91015625
22611,5866.02978515625
22612,4476.98876953125
22613,3466.775390625
22614,6700.400390625
22615,3308.724365234375
22616,10393.1318359375
22617,7156.85595703125
22618,15161.5693359375
22619,6691.71875
22620,5120.00390625
22621,1802.937255859375
22622,5057.267578125
22623,5864.89892578125
22624,4872.9423828125
22625,8472.3740234375
22626,5437.02783203125
22627,2126.564697265625
22628,6569.927734375
22629,3628.899658203125
22630,6919.17578125
22631,7135.61376953125
22632,6333.37451171875
22633,7256.37841796875
22634,4544.66796875
22635,6699.82470703125
22636,6503.32763671875
22637,5824.796875
22638,6657.0673828125
22639,3529.845703125
22640,7651.68994140625
22641,5341.6328125
22642,3210.79052734375
22643,4062.53076171875
22644,6199.26513671875
22645,5302.20068359375
22646,4162.6435546875
22647,4929.44189453125
22648,5467.4970703125
22649,4933.8076171875
22650,4771.90283203125
22651,8712.0654296875
22652,3651.989501953125
22653,3699.81494140625
22654,6222.22509765625
22655,5196.53271484375
22656,3213.360107421875
22657,5118.328125
22658,7996.13525390625
22659,7282.77685546875
22660,9931.447265625
22661,8361.5224609375
22662,7453.8642578125
22663,6694.78662109375
22664,4243.62353515625
22665,9415.982421875
22666,7424.85400390625
22667,6768.02734375
22668,4674.3994140625
22669,5083.23486328125
22670,4204.478515625
22671,4103.73291015625
22672,8078.314453125
22673,6516.4619140625
22674,5255.45849609375
22675,4344.470703125
22676,811.821533203125
22677,6550.62451171875
22678,6437.802734375
22679,7405.470703125
22680,3589.53564453125
22681,5017.5048828125
22682,5441.59375
22683,3997.15185546875
22684,9324.734375
22685,4995.72119140625
22686,4108.55908203125
22687,2969.01708984375
22688,2383.707275390625
22689,4775.3857421875
22690,12516.51171875
22691,2971.1083984375
22692,5514.3671875
22693,4672.84814453125
22694,3207.656494140625
22695,2800.710693359375
22696,5786.662109375
22697,2090.25390625
22698,8500.4560546875
22699,4618.00341796875
22700,2086.954345703125
22701,7259.68115234375
22702,1483.4515380859375
22703,4066.8857421875
22704,9104.00390625
22705,6515.9658203125
22706,7764.8564453125
22707,2449.646484375
22708,4903.19775390625
22709,4290.23876953125
22710,3822.895751953125
22711,13955.021484375
22712,11492.4697265625
22713,5502.58203125
22714,3312.339599609375
22715,5869.47119140625
22716,3985.911376953125
22717,2474.462646484375
22718,7389.06787109375
22719,4259.66064453125
22720,4510.80322265625
22721,5979.51220703125
22722,4833.97607421875
22723,4561.9404296875
22724,5522.4072265625
22725,5664.29150390625
22726,6149.36328125
22727,2894.6494140625
22728,4923.06884765625
22729,6901.1064453125
22730,7090.6201171875
22731,5028.73583984375
22732,6797.19140625
22733,2160.66943359375
22734,8249.01171875
22735,4638.4501953125
22736,2982.70654296875
22737,3835.0517578125
22738,4316.71630859375
22739,4192.3447265625
22740,6475.44775390625
22741,3423.726318359375
22742,5934.39697265625
22743,4919.61572265625
22744,7261.96240234375
22745,7217.33935546875
22746,5308.24609375
22747,7306.408203125
22748,5700.6201171875
22749,2471.2490234375
22750,10541.6962890625
22751,3028.30029296875
22752,2926.31787109375
22753,6262.4384765625
22754,9660.6494140625
22755,9576.2431640625
22756,4065.645263671875
22757,4262.771484375
22758,5842.7705078125
22759,6280.77001953125
22760,4834.33203125
22761,5890.83056640625
22762,2455.109619140625
22763,3397.518310546875
22764,3894.673095703125
22765,2434.9482421875
22766,3403.2958984375
22767,6287.06005859375
22768,5766.8193359375
22769,5769.60693359375
22770,4925.85498046875
22771,7330.5537109375
22772,7071.146484375
22773,4245.2587890625
22774,4979.5185546875
22775,4985.634765625
22776,6722.5126953125
22777,4760.67041015625
22778,1717.255126953125
22779,5690.9462890625
22780,6364.72998046875
22781,5403.08642578125
22782,5226.86083984375
22783,3086.72412109375
22784,9385.7412109375
22785,2625.633544921875
22786,8480.08203125
22787,5122.7734375
22788,4252.70947265625
22789,7656.57470703125
22790,3287.577880859375
22791,4087.491943359375
22792,7823.97119140625
22793,2765.987548828125
22794,6782.52783203125
22795,8725.810546875
22796,7052.779296875
22797,2464.363525390625
22798,4987.888671875
22799,3827.5859375
22800,2662.3583984375
22801,4269.60595703125
22802,5187.1494140625
22803,3975.6376953125
22804,4325.16064453125
22805,4360.21142578125
22806,3926.5625
22807,7251.31884765625
22808,5462.86474609375
22809,6039.45703125
22810,4024.11328125
22811,4993.080078125
22812,6409.00634765625
22813,6187.96630859375
22814,7276.63916015625
22815,6441.8916015625
22816,7973.72021484375
22817,5338.314453125
22818,5278.4716796875
22819,2213.36767578125
22820,5133.21435546875
22821,7970.5625
22822,5493.84033203125
22823,7608.40869140625
22824,13031.32421875
22825,2034.6502685546875
22826,4638.94677734375
22827,4065.1591796875
22828,8154.89013671875
22829,8878.1357421875
22830,6804.7470703125
22831,6767.4814453125
22832,7159.2568359375
22833,6954.72509765625
22834,5689.02099609375
22835,4691.60888671875
22836,3236.2041015625
22837,4592.482421875
22838,2951.446533203125
22839,3178.785400390625
22840,6291.84814453125
22841,14380.0576171875
22842,5169.8203125
22843,2933.3369140625
22844,4775.978515625
22845,4350.60693359375
22846,6120.4306640625
22847,2827.433837890625
22848,5965.1826171875
22849,6643.15478515625
22850,3710.939208984375
22851,10088.7978515625
22852,10985.89453125
22853,3603.39453125
22854,4200.47900390625
22855,3795.4658203125
22856,3587.15771484375
22857,4576.73095703125
22858,7789.7685546875
22859,3387.0703125
22860,4443.833984375
22861,2956.7451171875
22862,4466.53564453125
22863,3784.0029296875
22864,5888.8212890625
22865,2862.829833984375
22866,7431.0185546875
22867,6058.08056640625
22868,3814.47265625
22869,3581.16943359375
22870,3482.48876953125
22871,4526.13671875
22872,4279.2119140625
22873,8876.45703125
22874,3528.47802734375
22875,3394.954833984375
22876,6124.58154296875
22877,4301.36865234375
22878,5616.3583984375
22879,4539.71337890625
22880,6017.6171875
22881,9522.1884765625
22882,5921.90087890625
22883,5624.66552734375
22884,3221.708740234375
22885,4337.9814453125
22886,5637.7548828125
22887,3004.36328125
22888,3983.3212890625
22889,5255.4326171875
22890,10521.912109375
22891,6745.2294921875
22892,4571.84130859375
22893,5301.8955078125
22894,3838.788818359375
22895,6710.52685546875
22896,5502.2294921875
22897,8451.078125
22898,6454.587890625
22899,4860.55224609375
22900,3938.655517578125
22901,2645.44287109375
22902,3981.2236328125
22903,19408.91015625
22904,1827.0406494140625
22905,4471.55615234375
22906,5864.75537109375
22907,6707.00927734375
22908,5663.21435546875
22909,8060.34326171875
22910,4581.609375
22911,6217.31103515625
22912,2739.3759765625
22913,7712.75146484375
22914,3823.811767578125
22915,6586.94287109375
22916,7578.51416015625
22917,3558.885498046875
22918,7521.83544921875
22919,6798.19384765625
22920,3343.1865234375
22921,7358.87548828125
22922,6513.84619140625
22923,2735.408447265625
22924,8153.4248046875
22925,5814.00146484375
22926,4554.2578125
22927,8118.93359375
22928,7839.77734375
22929,6132.3935546875
22930,3959.111328125
22931,4617.93212890625
22932,5496.8349609375
22933,3431.422607421875
22934,6229.04443359375
22935,2897.46142578125
22936,4771.11181640625
22937,2923.64697265625
22938,5800.79541015625
22939,5186.01318359375
22940,4387.7900390625
22941,5517.32177734375
22942,7913.95751953125
22943,5148.93603515625
22944,6441.32177734375
22945,5175.279296875
22946,5241.1962890625
22947,8486.912109375
22948,6362.41259765625
22949,3363.161376953125
22950,4713.4990234375
22951,5238.10546875
22952,3940.4609375
22953,12227.9892578125
22954,5610.16259765625
22955,7543.1201171875
22956,8398.1708984375
22957,6299.92431640625
22958,2600.550537109375
22959,17092.66796875
22960,8178.27197265625
22961,6196.5029296875
22962,6898.00927734375
22963,5965.70361328125
22964,7364.4169921875
22965,4655.97216796875
22966,3777.752685546875
22967,2979.279296875
22968,4259.8662109375
22969,7288.470703125
22970,2208.92041015625
22971,7373.86083984375
22972,6285.900390625
22973,4159.46484375
22974,6899.11767578125
22975,4545.48388671875
22976,6399.28564453125
22977,3972.51318359375
22978,4606.70361328125
22979,5395.06005859375
22980,3591.00537109375
22981,5744.01025390625
22982,5750.3232421875
22983,7731.9326171875
22984,5552.7216796875
22985,3911.30029296875
22986,6009.35400390625
22987,6078.97314453125
22988,6496.56201171875
22989,2704.6162109375
22990,3519.37353515625
22991,8075.8076171875
22992,5635.86572265625
22993,3521.15478515625
22994,6318.81298828125
22995,6569.23681640625
22996,4147.23486328125
22997,4326.16650390625
22998,1403.5030517578125
22999,6204.59375
23000,5556.7255859375
23001,4590.25048828125
23002,8502.037109375
23003,6643.65234375
23004,3176.193603515625
23005,5390.27587890625
23006,2989.32177734375
23007,670.0664672851562
23008,6207.123046875
23009,7209.47705078125
23010,6174.521484375
23011,3848.137939453125
23012,1922.291259765625
23013,4371.98046875
23014,5999.3935546875
23015,5106.36865234375
23016,7433.69580078125
23017,2962.466796875
23018,4404.8076171875
23019,3062.2099609375
23020,5840.88720703125
23021,2808.2431640625
23022,2237.37353515625
23023,5106.90478515625
23024,3830.906982421875
23025,5582.22314453125
23026,4331.16943359375
23027,4631.7685546875
23028,4902.416015625
23029,6921.0078125
23030,5040.91796875
23031,2591.770263671875
23032,9732.4716796875
23033,6966.32421875
23034,6000.771484375
23035,2007.0697021484375
23036,4605.0751953125
23037,4942.732421875
23038,3515.064697265625
23039,8034.08056640625
23040,7678.2080078125
23041,5782.037109375
23042,5538.1826171875
23043,5626.294921875
23044,5934.50244140625
23045,10028.240234375
23046,3286.43310546875
23047,3864.325927734375
23048,4683.80712890625
23049,4957.72314453125
23050,5465.376953125
23051,8443.4169921875
23052,5153.19287109375
23053,4560.42041015625
23054,2324.764892578125
23055,4976.97705078125
23056,7474.56787109375
23057,2967.41162109375
23058,5966.34716796875
23059,2629.48583984375
23060,5923.20068359375
23061,5539.4501953125
23062,4848.9150390625
23063,4530.25732421875
23064,3460.260498046875
23065,4733.34228515625
23066,6604.8427734375
23067,4437.45849609375
23068,7378.41064453125
23069,5062.244140625
23070,8524.48046875
23071,4474.56005859375
23072,3264.928955078125
23073,7458.45849609375
23074,2691.03662109375
23075,8101.712890625
23076,5217.6328125
23077,4622.89013671875
23078,6822.265625
23079,3435.532470703125
23080,4517.29150390625
23081,5623.455078125
23082,3212.10205078125
23083,2066.10107421875
23084,5423.267578125
23085,5495.9833984375
23086,9652.26171875
23087,5844.03955078125
23088,4918.3232421875
23089,4197.9404296875
23090,6114.92041015625
23091,3080.4013671875
23092,8722.8330078125
23093,7094.91748046875
23094,11161.9873046875
23095,4634.27099609375
23096,4360.5302734375
23097,9076.720703125
23098,7552.86328125
23099,2361.50244140625
23100,7855.0888671875
23101,5309.19287109375
23102,5353.89501953125
23103,5512.455078125
23104,4545.07421875
23105,2993.45263671875
23106,5810.62939453125
23107,3873.50341796875
23108,2775.80322265625
23109,6517.95263671875
23110,5266.3369140625
23111,22086.658203125
23112,6737.08154296875
23113,3820.28857421875
23114,6980.07763671875
23115,12854.9404296875
23116,5421.20654296875
23117,7581.279296875
23118,5225.62109375
23119,7815.6201171875
23120,8226.2421875
23121,6143.40380859375
23122,5818.3642578125
23123,8037.83837890625
23124,7755.0908203125
23125,7451.27734375
23126,7799.88134765625
23127,7012.77197265625
23128,5212.12744140625
23129,5888.82373046875
23130,9223.3974609375
23131,9719.4501953125
23132,8706.673828125
23133,8341.4521484375
23134,5099.79736328125
23135,6996.20751953125
23136,4212.1083984375
23137,8499.76953125
23138,8624.4951171875
23139,10015.134765625
23140,5954.89697265625
23141,5389.4384765625
23142,4447.50732421875
23143,6335.47119140625
23144,9394.595703125
23145,7102.751953125
23146,5097.4794921875
23147,6396.6904296875
23148,8147.58935546875
23149,3175.895263671875
23150,8478.5966796875
23151,5038.0546875
23152,8683.423828125
23153,7765.31201171875
23154,7574.30810546875
23155,8731.666015625
23156,7502.91796875
23157,5817.517578125
23158,6522.595703125
23159,7968.7412109375
23160,12023.8359375
23161,6312.6416015625
23162,7948.111328125
23163,8291.9091796875
23164,10070.2490234375
23165,7119.46435546875
23166,9036.1943359375
23167,4869.91796875
23168,6323.22021484375
23169,5406.68115234375
23170,8171.0703125
23171,9883.7626953125
23172,9046.61328125
23173,5314.17138671875
23174,7895.43310546875
23175,7397.61962890625
23176,9884.7529296875
23177,4202.169921875
23178,12248.9140625
23179,5282.97314453125
23180,5961.20068359375
23181,9260.2470703125
23182,5064.75048828125
23183,6236.13330078125
23184,6435.0810546875
23185,7953.88623046875
23186,6052.18310546875
23187,5345.91796875
23188,8079.76806640625
23189,8528.8642578125
23190,6887.75244140625
23191,4815.4169921875
23192,7311.5869140625
23193,12796.3359375
23194,7098.62109375
23195,6549.86328125
23196,7830.75244140625
23197,6185.98828125
23198,5910.24560546875
23199,8242.314453125
23200,4859.03564453125
23201,8735.5712890625
23202,7630.2080078125
23203,7682.77294921875
23204,10760.005859375
23205,4728.7744140625
23206,5808.341796875
23207,7027.33984375
23208,8659.3974609375
23209,8917.1708984375
23210,5296.4736328125
23211,5579.1455078125
23212,7404.94580078125
23213,6407.52685546875
23214,6488.1455078125
23215,6936.267578125
23216,6432.099609375
23217,7921.63916015625
23218,6054.26611328125
23219,4471.1826171875
23220,5959.1455078125
23221,8992.6689453125
23222,7099.5400390625
23223,8787.3642578125
23224,8744.3447265625
23225,6121.59619140625
23226,10972.501953125
23227,5763.7958984375
23228,6856.1533203125
23229,9345.328125
23230,6935.6201171875
23231,9787.0302734375
23232,8837.6875
23233,7710.1591796875
23234,6949.91064453125
23235,7942.201171875
23236,10053.0576171875
23237,6748.56591796875
23238,3827.943603515625
23239,6290.53173828125
23240,7926.36865234375
23241,6522.85205078125
23242,4829.6337890625
23243,8359.71875
23244,6341.44775390625
23245,6720.0048828125
23246,6060.763671875
23247,5394.81103515625
23248,7371.78076171875
23249,6961.009765625
23250,8158.2705078125
23251,6082.31396484375
23252,4944.66455078125
23253,6816.88623046875
23254,4170.78662109375
23255,7452.966796875
23256,6866.89306640625
23257,8872.1806640625
23258,7830.9619140625
23259,6508.6689453125
23260,12659.53515625
23261,5160.5341796875
23262,5767.78125
23263,11477.9560546875
23264,7246.0322265625
23265,9278.9765625
23266,7088.27685546875
23267,5922.6669921875
23268,6582.279296875
23269,5389.37353515625
23270,7575.34228515625
23271,10440.9423828125
23272,7995.19677734375
23273,4077.814697265625
23274,6148.40673828125
23275,9391.7412109375
23276,8161.6650390625
23277,7654.59130859375
23278,6736.15234375
23279,4714.60498046875
23280,5311.6552734375
23281,4012.974365234375
23282,5373.03955078125
23283,7574.47509765625
23284,7983.9619140625
23285,7010.97705078125
23286,10467.4375
23287,8932.169921875
23288,9649.845703125
23289,8098.373046875
23290,5844.70068359375
23291,9408.2890625
23292,10521.0703125
23293,5938.23095703125
23294,7514.76953125
23295,5829.85302734375
23296,7347.2060546875
23297,4380.37646484375
23298,6983.73583984375
23299,5950.3505859375
23300,9029.3330078125
23301,6903.12646484375
23302,8638.345703125
23303,8471.04296875
23304,5870.05078125
23305,9049.58984375
23306,17654.494140625
23307,11143.9306640625
23308,5533.07568359375
23309,3957.74072265625
23310,7261.61962890625
23311,8187.08642578125
23312,6835.1279296875
23313,12686.7021484375
23314,20060.943359375
23315,5552.375
23316,6171.35107421875
23317,9923.8515625
23318,4625.92431640625
23319,8170.94091796875
23320,6509.00439453125
23321,8292.25
23322,6373.40380859375
23323,6643.02001953125
23324,7943.06396484375
23325,8394.50390625
23326,10846.064453125
23327,7277.39208984375
23328,6649.66259765625
23329,7302.62841796875
23330,5220.7607421875
23331,5453.91943359375
23332,7342.2919921875
23333,5733.85205078125
23334,5980.07763671875
23335,6938.75927734375
23336,5962.0625
23337,5210.17333984375
23338,7003.5478515625
23339,7481.38134765625
23340,9064.4375
23341,9764.09765625
23342,7642.24609375
23343,6312.9775390625
23344,4120.27978515625
23345,5487.9736328125
23346,7084.0380859375
23347,6772.716796875
23348,4810.970703125
23349,8670.939453125
23350,6810.92333984375
23351,10498.796875
23352,7181.75732421875
23353,5913.09130859375
23354,4890.42236328125
23355,5131.294921875
23356,10010.02734375
23357,5671.56396484375
23358,8803.619140625
23359,15212.8427734375
23360,7673.1669921875
23361,6360.3720703125
23362,5191.61376953125
23363,5711.90185546875
23364,7999.68408203125
23365,4870.0498046875
23366,5940.1201171875
23367,10684.328125
23368,5468.9033203125
23369,15718.837890625
23370,12433.32421875
23371,6001.48095703125
23372,8000.84228515625
23373,6181.07373046875
23374,7191.08984375
23375,6263.87548828125
23376,12084.251953125
23377,8099.0283203125
23378,10193.8486328125
23379,4984.091796875
23380,8131.38623046875
23381,6856.90234375
23382,7992.15380859375
23383,7165.68798828125
23384,6195.3369140625
23385,7322.99658203125
23386,6959.638671875
23387,9455.8251953125
23388,9902.5361328125
23389,7255.8115234375
23390,10119.490234375
23391,6944.20556640625
23392,10016.6328125
23393,5747.72119140625
23394,6461.37646484375
23395,6774.60400390625
23396,12168.556640625
23397,6764.44873046875
23398,7930.65625
23399,6949.37890625
23400,8575.6474609375
23401,5924.97119140625
23402,9431.673828125
23403,7188.4658203125
23404,3878.799072265625
23405,10585.533203125
23406,16776.439453125
23407,7695.14990234375
23408,8005.2978515625
23409,8332.2841796875
23410,9869.1689453125
23411,10876.734375
23412,6173.3330078125
23413,7282.83056640625
23414,7276.07177734375
23415,9120.57421875
23416,4103.25830078125
23417,6159.1298828125
23418,6708.57763671875
23419,5819.09033203125
23420,7464.8505859375
23421,5828.91552734375
23422,5087.76904296875
23423,8664.6279296875
23424,4758.7138671875
23425,5501.74609375
23426,6458.12841796875
23427,6767.3740234375
23428,9895.716796875
23429,9911.88671875
23430,7576.10595703125
23431,7187.0791015625
23432,7070.3310546875
23433,9420.5185546875
23434,7269.27490234375
23435,5232.1416015625
23436,5709.869140625
23437,10813.0107421875
23438,4630.0283203125
23439,7488.2548828125
23440,3996.52880859375
23441,4783.44921875
23442,9402.6435546875
23443,7294.92333984375
23444,6628.5888671875
23445,10402.7841796875
23446,10269.0
23447,11949.357421875
23448,6660.044921875
23449,10539.1884765625
23450,2718.5986328125
23451,6088.14453125
23452,6813.78759765625
23453,5275.46044921875
23454,8332.767578125
23455,5529.0625
23456,6696.01611328125
23457,9712.537109375
23458,9405.3310546875
23459,8333.4384765625
23460,5640.8916015625
23461,6211.49267578125
23462,11080.2275390625
23463,8237.671875
23464,5608.09228515625
23465,6281.83203125
23466,7274.96826171875
23467,9649.7314453125
23468,4954.23046875
23469,5894.97900390625
23470,8637.6025390625
23471,8962.412109375
23472,11241.4765625
23473,7333.07275390625
23474,15015.7373046875
23475,7585.046875
23476,5468.88134765625
23477,3214.22900390625
23478,6056.806640625
23479,6804.791015625
23480,6183.8310546875
23481,9080.2880859375
23482,6004.8251953125
23483,4582.94580078125
23484,8061.24365234375
23485,4732.7783203125
23486,7310.86962890625
23487,7809.44287109375
23488,8336.119140625
23489,9244.3916015625
23490,6102.92138671875
23491,10266.501953125
23492,6124.93896484375
23493,6259.92626953125
23494,6722.24609375
23495,6219.68115234375
23496,9645.8955078125
23497,6435.61865234375
23498,4854.5859375
23499,6655.78173828125
23500,8917.6708984375
23501,7770.41552734375
23502,7342.44677734375
23503,9363.7568359375
23504,6237.47021484375
23505,6783.6572265625
23506,7443.126953125
23507,10313.265625
23508,5969.58935546875
23509,7041.9599609375
23510,7010.6435546875
23511,6103.98876953125
23512,4876.61962890625
23513,6544.2109375
23514,9755.6572265625
23515,9494.0263671875
23516,11618.94921875
23517,12565.3662109375
23518,9544.6337890625
23519,7983.35205078125
23520,5376.18359375
23521,11071.2685546875
23522,11711.81640625
23523,9827.0244140625
23524,8178.8203125
23525,8808.5126953125
23526,5959.01220703125
23527,5407.87353515625
23528,8591.5029296875
23529,7184.990234375
23530,6613.556640625
23531,5649.53662109375
23532,2203.314208984375
23533,11327.7119140625
23534,7001.0224609375
23535,5111.4287109375
23536,5816.81201171875
23537,5714.25732421875
23538,6903.4140625
23539,8682.3583984375
23540,7936.64892578125
23541,5423.50537109375
23542,5316.70458984375
23543,3616.50146484375
23544,3274.184814453125
23545,7852.197265625
23546,16785.435546875
23547,4709.28759765625
23548,6140.32421875
23549,6711.87744140625
23550,5579.6376953125
23551,5301.189453125
23552,5948.234375
23553,3796.120361328125
23554,7798.0830078125
23555,7843.009765625
23556,4015.89990234375
23557,9271.4150390625
23558,6125.2548828125
23559,5487.4814453125
23560,11900.7197265625
23561,6862.00390625
23562,10284.697265625
23563,5048.32763671875
23564,6858.69970703125
23565,5351.20849609375
23566,5895.12109375
23567,14794.55859375
23568,11296.10546875
23569,8392.287109375
23570,5608.19384765625
23571,6378.0185546875
23572,7470.25537109375
23573,4507.9912109375
23574,10322.279296875
23575,5631.37255859375
23576,5789.29248046875
23577,8794.4052734375
23578,5212.75390625
23579,6510.73974609375
23580,7285.39697265625
23581,7802.4111328125
23582,7968.0087890625
23583,4072.1650390625
23584,5222.4873046875
23585,8991.8466796875
23586,9181.416015625
23587,8997.6474609375
23588,7824.06689453125
23589,4321.06787109375
23590,8702.76953125
23591,6086.58740234375
23592,5082.30078125
23593,7150.6162109375
23594,7667.6611328125
23595,6397.7939453125
23596,8200.966796875
23597,6176.6748046875
23598,6609.7978515625
23599,5978.720703125
23600,6957.779296875
23601,7162.63916015625
23602,7215.80517578125
23603,11329.544921875
23604,6266.72265625
23605,4677.1396484375
23606,12805.2431640625
23607,5844.1533203125
23608,3211.740234375
23609,7464.4423828125
23610,12289.76171875
23611,10951.390625
23612,4678.3134765625
23613,6737.19775390625
23614,5888.935546875
23615,7587.47900390625
23616,6829.7119140625
23617,7437.1591796875
23618,4132.9169921875
23619,5719.69482421875
23620,6943.4560546875
23621,5079.31689453125
23622,5547.9521484375
23623,6851.138671875
23624,8651.154296875
23625,5970.09521484375
23626,7997.34619140625
23627,8135.451171875
23628,9026.794921875
23629,6099.150390625
23630,7047.49365234375
23631,7200.05419921875
23632,9171.962890625
23633,8399.05078125
23634,4104.66015625
23635,8712.9326171875
23636,8246.3017578125
23637,7398.0234375
23638,4542.478515625
23639,4480.505859375
23640,9481.33203125
23641,6092.3095703125
23642,9720.4423828125
23643,7540.43701171875
23644,5999.22509765625
23645,9332.6982421875
23646,6270.26708984375
23647,7403.662109375
23648,8805.681640625
23649,6303.638671875
23650,9641.017578125
23651,11272.8115234375
23652,8508.251953125
23653,5400.77490234375
23654,6261.009765625
23655,5004.47705078125
23656,4162.48681640625
23657,8166.55224609375
23658,5941.96240234375
23659,9109.3388671875
23660,5285.08544921875
23661,7363.09375
23662,6483.291015625
23663,9589.5478515625
23664,6990.7900390625
23665,5967.37939453125
23666,5941.90576171875
23667,7280.34521484375
23668,6713.1064453125
23669,8695.7119140625
23670,8525.70703125
23671,8089.53271484375
23672,8850.3515625
23673,7456.31201171875
23674,6528.736328125
23675,4384.14599609375
23676,5417.9501953125
23677,11271.6328125
23678,9596.0703125
23679,8761.8876953125
23680,14990.1357421875
23681,5550.5439453125
23682,5722.8056640625
23683,7013.8369140625
23684,9360.896484375
23685,10634.576171875
23686,7607.40087890625
23687,8047.7646484375
23688,8478.666015625
23689,6972.11669921875
23690,7065.91845703125
23691,5740.6220703125
23692,5634.56494140625
23693,5053.01806640625
23694,4347.55419921875
23695,5519.99658203125
23696,8620.041015625
23697,16954.740234375
23698,6940.18603515625
23699,5177.2998046875
23700,8175.47119140625
23701,5284.2021484375
23702,8640.580078125
23703,4615.365234375
23704,9823.90234375
23705,7311.39599609375
23706,7713.34619140625
23707,13786.646484375
23708,13049.94140625
23709,6773.396484375
23710,7326.4345703125
23711,4288.193359375
23712,5512.57861328125
23713,5869.1728515625
23714,9081.9423828125
23715,5236.4814453125
23716,5318.58203125
23717,5762.7021484375
23718,5295.90625
23719,6956.08056640625
23720,7220.33935546875
23721,3552.4638671875
23722,7980.52001953125
23723,8088.67822265625
23724,7811.380859375
23725,5249.3583984375
23726,4558.48779296875
23727,8303.6875
23728,5083.72314453125
23729,9950.783203125
23730,4546.58837890625
23731,5737.765625
23732,8178.619140625
23733,6482.2021484375
23734,5445.390625
23735,7539.44970703125
23736,7247.80029296875
23737,9672.150390625
23738,9991.4794921875
23739,6651.63818359375
23740,3893.173095703125
23741,5643.564453125
23742,6850.78369140625
23743,4806.24755859375
23744,6479.66845703125
23745,7723.078125
23746,12131.0634765625
23747,8491.3046875
23748,7255.30615234375
23749,7339.6962890625
23750,4522.7568359375
23751,10400.83984375
23752,5963.6142578125
23753,12421.5859375
23754,7294.0380859375
23755,6208.50732421875
23756,6111.68212890625
23757,5267.67578125
23758,6901.533203125
23759,21316.603515625
23760,4478.8212890625
23761,5466.6533203125
23762,10316.8916015625
23763,6277.34716796875
23764,7734.93505859375
23765,9176.47265625
23766,5959.2529296875
23767,6142.8525390625
23768,4941.51904296875
23769,10178.6298828125
23770,6765.07177734375
23771,7188.7392578125
23772,7704.9541015625
23773,5079.595703125
23774,7768.89013671875
23775,9955.638671875
23776,4127.9580078125
23777,10361.84375
23778,10450.265625
23779,4306.54248046875
23780,8783.3779296875
23781,7904.052734375
23782,6129.509765625
23783,10697.03125
23784,7408.31884765625
23785,8478.8115234375
23786,4622.88134765625
23787,6681.10693359375
23788,6899.4912109375
23789,4513.18896484375
23790,8331.2216796875
23791,4852.654296875
23792,5924.9609375
23793,5335.1005859375
23794,6965.5283203125
23795,6036.93115234375
23796,7644.427734375
23797,7123.88720703125
23798,8665.361328125
23799,5976.357421875
23800,7177.486328125
23801,6493.7080078125
23802,10355.419921875
23803,10010.4814453125
23804,7185.953125
23805,4230.09765625
23806,5744.77880859375
23807,7489.23388671875
23808,3827.162109375
23809,12403.408203125
23810,6725.2021484375
23811,10996.763671875
23812,10670.435546875
23813,7734.595703125
23814,4820.3251953125
23815,15719.408203125
23816,10635.986328125
23817,6313.33251953125
23818,9053.443359375
23819,9689.0908203125
23820,8219.8017578125
23821,6464.17578125
23822,7232.6650390625
23823,5256.95361328125
23824,8226.6064453125
23825,8207.1240234375
23826,4251.3173828125
23827,7899.4296875
23828,8053.0693359375
23829,6660.525390625
23830,8736.861328125
23831,6342.1259765625
23832,6792.68212890625
23833,4872.51171875
23834,7655.13818359375
23835,7578.87646484375
23836,7538.37158203125
23837,6699.552734375
23838,7532.52197265625
23839,9663.9736328125
23840,6349.98486328125
23841,5467.30126953125
23842,7466.958984375
23843,8052.4365234375
23844,7077.88671875
23845,4806.56689453125
23846,5042.88623046875
23847,6991.71142578125
23848,7887.33251953125
23849,5845.75
23850,8777.865234375
23851,6608.65966796875
23852,6079.49853515625
23853,5524.26318359375
23854,2944.698486328125
23855,7562.48193359375
23856,7756.5419921875
23857,7287.16552734375
23858,10140.7470703125
23859,8768.1494140625
23860,5106.89990234375
23861,8196.3818359375
23862,4397.64599609375
23863,2332.33154296875
23864,7676.0322265625
23865,11850.2333984375
23866,7955.27197265625
23867,7359.10595703125
23868,5129.607421875
23869,6821.3115234375
23870,9037.3095703125
23871,5589.59326171875
23872,9387.19140625
23873,4586.56005859375
23874,4985.7529296875
23875,5148.587890625
23876,6106.1806640625
23877,5504.2060546875
23878,5163.8173828125
23879,7471.69580078125
23880,4403.02685546875
23881,7282.1591796875
23882,7979.384765625
23883,6218.7734375
23884,6088.08154296875
23885,7693.650390625
23886,6379.447265625
23887,5229.98681640625
23888,10265.4599609375
23889,7972.31640625
23890,6182.47021484375
23891,3821.76904296875
23892,11732.5595703125
23893,7951.92138671875
23894,5841.93603515625
23895,9748.9404296875
23896,8386.025390625
23897,8103.759765625
23898,7076.95751953125
23899,6850.2744140625
23900,10687.615234375
23901,14355.634765625
23902,5707.544921875
23903,5245.89208984375
23904,6135.65185546875
23905,6908.60791015625
23906,7136.42724609375
23907,9063.33984375
23908,8613.462890625
23909,5922.00732421875
23910,3835.42041015625
23911,5939.90771484375
23912,11054.0771484375
23913,4877.04833984375
23914,8295.0048828125
23915,4130.89111328125
23916,8481.203125
23917,7791.4697265625
23918,7286.67724609375
23919,7727.49267578125
23920,7209.6162109375
23921,4679.34423828125
23922,6999.1142578125
23923,7804.46435546875
23924,8238.701171875
23925,7789.685546875
23926,8871.955078125
23927,6123.94873046875
23928,4695.962890625
23929,10761.8994140625
23930,4549.46044921875
23931,9715.4541015625
23932,6826.01806640625
23933,5209.34423828125
23934,7409.96923828125
23935,5973.90087890625
23936,7408.59130859375
23937,8294.875
23938,4772.37548828125
23939,3969.964599609375
23940,7650.13037109375
23941,8467.0712890625
23942,10465.48046875
23943,6259.91650390625
23944,5811.6162109375
23945,7184.1904296875
23946,6931.89599609375
23947,5450.0361328125
23948,10350.294921875
23949,9508.7294921875
23950,11234.376953125
23951,5005.92333984375
23952,6266.94775390625
23953,11474.744140625
23954,9707.505859375
23955,5176.09912109375
23956,10605.7421875
23957,6802.5244140625
23958,6790.92626953125
23959,5941.94384765625
23960,6104.07421875
23961,5382.9951171875
23962,7311.919921875
23963,4948.38330078125
23964,4992.2578125
23965,9081.177734375
23966,7145.0576171875
23967,24327.69921875
23968,7744.91552734375
23969,3820.32421875
23970,7532.90966796875
23971,12044.326171875
23972,6123.912109375
23973,8344.529296875
23974,5264.9609375
23975,7982.11962890625
23976,8362.21875
23977,5085.72607421875
23978,5906.37158203125
23979,7725.37744140625
23980,7540.7099609375
23981,7613.13330078125
23982,9133.10546875
23983,5701.5791015625
23984,4426.03271484375
23985,5825.541015625
23986,8857.876953125
23987,11010.6298828125
23988,9078.8701171875
23989,8294.681640625
23990,5319.908203125
23991,6532.56005859375
23992,4128.04443359375
23993,8694.47265625
23994,8834.5322265625
23995,10066.0380859375
23996,5896.5546875
23997,5822.0380859375
23998,4828.3583984375
23999,6157.90576171875
24000,9705.048828125
24001,6632.603515625
24002,4460.51708984375
24003,5743.0478515625
24004,7763.775390625
24005,2925.28076171875
24006,7598.69677734375
24007,4916.2607421875
24008,8029.673828125
24009,7803.95458984375
24010,7114.99169921875
24011,8024.5771484375
24012,7024.0341796875
24013,6106.89501953125
24014,6922.27880859375
24015,7414.6689453125
24016,11917.0107421875
24017,6111.765625
24018,8055.01416015625
24019,8144.90673828125
24020,9619.767578125
24021,6699.4013671875
24022,9433.7734375
24023,4988.88818359375
24024,6064.6923828125
24025,6218.21923828125
24026,7458.361328125
24027,9070.58203125
24028,8301.0546875
24029,5378.66015625
24030,7623.9755859375
24031,6741.78955078125
24032,10186.1005859375
24033,4702.4189453125
24034,12601.48828125
24035,5285.18701171875
24036,5796.3876953125
24037,9779.1982421875
24038,5262.82373046875
24039,6872.14111328125
24040,6621.3564453125
24041,8256.9384765625
24042,5906.0224609375
24043,4707.35205078125
24044,7509.87890625
24045,8109.37744140625
24046,6666.24609375
24047,4972.478515625
24048,7212.984375
24049,11894.333984375
24050,6185.201171875
24051,6435.58349609375
24052,7076.16259765625
24053,6086.4296875
24054,5598.93212890625
24055,7301.25634765625
24056,4787.26025390625
24057,8643.623046875
24058,7389.4560546875
24059,7803.48388671875
24060,10924.310546875
24061,4264.56103515625
24062,5941.8857421875
24063,6365.7275390625
24064,8590.9091796875
24065,9259.609375
24066,5508.79931640625
24067,5745.04052734375
24068,7004.1181640625
24069,6407.9599609375
24070,6323.4248046875
24071,6539.80029296875
24072,6100.92919921875
24073,7938.4169921875
24074,5522.90283203125
24075,4697.3017578125
24076,6031.41748046875
24077,9872.919921875
24078,7800.6640625
24079,9378.427734375
24080,8488.06640625
24081,5793.14453125
24082,10425.4345703125
24083,6055.005859375
24084,7041.3818359375
24085,9535.73046875
24086,6789.5498046875
24087,11048.33984375
24088,7965.9990234375
24089,7279.56103515625
24090,6237.7998046875
24091,8138.927734375
24092,8480.3369140625
24093,6591.69091796875
24094,4097.6171875
24095,6097.02197265625
24096,7646.54736328125
24097,6313.33349609375
24098,4864.91015625
24099,8631.0380859375
24100,6032.60791015625
24101,5787.42822265625
24102,5751.80419921875
24103,5787.72119140625
24104,8595.1884765625
24105,6891.689453125
24106,8301.7646484375
24107,5932.63916015625
24108,4878.5732421875
24109,6879.13037109375
24110,3996.572509765625
24111,6318.99853515625
24112,6885.49658203125
24113,8371.236328125
24114,7181.5224609375
24115,6389.642578125
24116,11276.861328125
24117,5391.10498046875
24118,5346.6201171875
24119,11527.7763671875
24120,6484.953125
24121,8854.61328125
24122,7370.67333984375
24123,5686.482421875
24124,6196.11572265625
24125,5241.63427734375
24126,8557.625
24127,11114.7255859375
24128,7827.49267578125
24129,3895.77880859375
24130,5715.146484375
24131,9049.2734375
24132,6986.369140625
24133,7467.080078125
24134,7381.8720703125
24135,4662.36767578125
24136,5658.62744140625
24137,4501.00439453125
24138,5125.1708984375
24139,6808.9853515625
24140,7830.025390625
24141,7543.00390625
24142,12264.3017578125
24143,8986.21875
24144,8935.09765625
24145,7691.60302734375
24146,5803.7705078125
24147,9300.3828125
24148,10411.4248046875
24149,6277.505859375
24150,8114.2451171875
24151,5868.609375
24152,7151.2939453125
24153,4324.39013671875
24154,7353.083984375
24155,5810.24951171875
24156,9030.4423828125
24157,6831.38525390625
24158,8282.888671875
24159,8354.3544921875
24160,5463.19921875
24161,8851.033203125
24162,18711.34375
24163,10955.3076171875
24164,6130.20068359375
24165,3922.749267578125
24166,6988.59375
24167,8604.9072265625
24168,6093.42822265625
24169,12160.57421875
24170,18498.2421875
24171,5314.10302734375
24172,5938.19140625
24173,11632.0380859375
24174,4653.16259765625
24175,8222.98046875
24176,6820.16650390625
24177,8275.7626953125
24178,4836.7626953125
24179,6161.919921875
24180,7050.68505859375
24181,8342.654296875
24182,10416.4052734375
24183,7398.3037109375
24184,6067.94970703125
24185,7376.32080078125
24186,4777.85302734375
24187,5132.30810546875
24188,6863.2177734375
24189,5906.6279296875
24190,5660.8076171875
24191,7069.92578125
24192,5911.19384765625
24193,5428.96923828125
24194,7315.88818359375
24195,7302.3466796875
24196,8538.0927734375
24197,9059.951171875
24198,7165.16259765625
24199,5735.7509765625
24200,3954.4287109375
24201,5702.82470703125
24202,6907.1904296875
24203,5881.63525390625
24204,4935.4853515625
24205,8831.0947265625
24206,8446.1533203125
24207,9697.3427734375
24208,6778.86376953125
24209,5777.97314453125
24210,4987.3037109375
24211,5162.72021484375
24212,10023.623046875
24213,4906.541015625
24214,7937.966796875
24215,15277.220703125
24216,7412.4140625
24217,8042.9697265625
24218,4900.69921875
24219,5819.43017578125
24220,6857.03173828125
24221,4984.3017578125
24222,5372.3095703125
24223,11548.876953125
24224,4789.23828125
24225,16284.3134765625
24226,12679.27734375
24227,5346.671875
24228,7304.58984375
24229,6209.62255859375
24230,6831.01708984375
24231,6646.6982421875
24232,11764.072265625
24233,8100.18896484375
24234,10826.4990234375
24235,4961.41943359375
24236,8008.3330078125
24237,6253.498046875
24238,7200.43798828125
24239,7165.53662109375
24240,6019.11669921875
24241,6861.6044921875
24242,6217.99560546875
24243,9019.3740234375
24244,10151.787109375
24245,6955.46435546875
24246,10294.7744140625
24247,6655.08154296875
24248,9587.1533203125
24249,5108.74267578125
24250,6290.00439453125
24251,6208.25
24252,11924.8359375
24253,6217.98583984375
24254,8241.2265625
24255,7471.47705078125
24256,8394.4140625
24257,5108.5009765625
24258,9271.953125
24259,7707.212890625
24260,3770.332763671875
24261,10606.8935546875
24262,17238.412109375
24263,7316.2587890625
24264,7763.72119140625
24265,9178.408203125
24266,10642.3056640625
24267,11420.6962890625
24268,6147.2197265625
24269,7745.875
24270,6774.80712890625
24271,7886.0791015625
24272,4197.78564453125
24273,6496.57958984375
24274,6232.94921875
24275,5851.90234375
24276,7911.8466796875
24277,5811.421875
24278,5211.73095703125
24279,7846.375
24280,4487.79296875
24281,5090.63818359375
24282,7010.41845703125
24283,6868.62353515625
24284,9431.578125
24285,8855.4462890625
24286,7243.7685546875
24287,6491.5390625
24288,6358.00634765625
24289,10017.8115234375
24290,7442.6015625
24291,4820.67578125
24292,5318.95556640625
24293,9678.4736328125
24294,4188.3603515625
24295,6890.47998046875
24296,4010.3974609375
24297,5345.837890625
24298,9529.9267578125
24299,7020.02734375
24300,5582.5849609375
24301,8886.9228515625
24302,10427.8505859375
24303,11994.388671875
24304,6737.91650390625
24305,9026.4365234375
24306,3217.49755859375
24307,6325.33349609375
24308,6502.74951171875
24309,5276.521484375
24310,8103.2666015625
24311,5172.3818359375
24312,6309.53564453125
24313,9479.3837890625
24314,9504.490234375
24315,11435.8857421875
24316,5949.2373046875
24317,6508.51953125
24318,11248.8798828125
24319,7582.1884765625
24320,6437.130859375
24321,5155.705078125
24322,6717.7919921875
24323,10214.283203125
24324,4327.58056640625
24325,6585.02001953125
24326,8235.9619140625
24327,9240.681640625
24328,13270.1904296875
24329,6382.60205078125
24330,15042.837890625
24331,7366.052734375
24332,5139.79248046875
24333,4087.701416015625
24334,6232.60791015625
24335,7012.12646484375
24336,5836.70703125
24337,7958.2275390625
24338,5412.54931640625
24339,4972.4208984375
24340,8011.91162109375
24341,4189.60302734375
24342,6955.3388671875
24343,7222.46142578125
24344,8401.337890625
24345,9025.634765625
24346,5980.56103515625
24347,9593.3515625
24348,5867.9697265625
24349,6140.20751953125
24350,5977.70751953125
24351,5746.9755859375
24352,9579.380859375
24353,6061.787109375
24354,5430.0791015625
24355,7228.345703125
24356,8676.443359375
24357,7934.35693359375
24358,7180.16748046875
24359,9109.9248046875
24360,6147.69384765625
24361,5529.5537109375
24362,6627.7255859375
24363,8896.91015625
24364,6998.9287109375
24365,6768.5576171875
24366,6083.43115234375
24367,6057.45751953125
24368,4338.33544921875
24369,6551.111328125
24370,8826.6591796875
24371,9942.5322265625
24372,11204.8369140625
24373,11720.3427734375
24374,9037.8544921875
24375,8354.7490234375
24376,5388.79248046875
24377,11561.7197265625
24378,11546.607421875
24379,8715.5732421875
24380,9053.4267578125
24381,9000.4013671875
24382,6283.4375
24383,5434.29833984375
24384,8301.37109375
24385,7350.826171875
24386,8594.6865234375
24387,5890.35791015625
24388,2297.98876953125
24389,11951.646484375
24390,7598.38671875
24391,5106.0126953125
24392,5041.09619140625
24393,5247.79052734375
24394,6771.8408203125
24395,9231.5595703125
24396,7030.80126953125
24397,5173.36083984375
24398,5052.36083984375
24399,4094.62353515625
24400,3237.392333984375
24401,7522.3115234375
24402,16631.021484375
24403,4901.2060546875
24404,5819.5419921875
24405,6907.75390625
24406,5443.9833984375
24407,5380.380859375
24408,5345.22314453125
24409,4269.822265625
24410,7175.46044921875
24411,8073.48291015625
24412,3808.554443359375
24413,8822.65234375
24414,6414.8466796875
24415,5245.67236328125
24416,11185.712890625
24417,7304.380859375
24418,10069.5849609375
24419,5488.6064453125
24420,7024.71630859375
24421,5284.92333984375
24422,5050.41845703125
24423,15310.345703125
24424,11356.658203125
24425,8059.373046875
24426,6098.72802734375
24427,5657.32958984375
24428,6370.00537109375
24429,5644.240234375
24430,13139.201171875
24431,6272.44775390625
24432,5588.67138671875
24433,8564.302734375
24434,4964.88330078125
24435,6150.18603515625
24436,7705.34228515625
24437,7263.453125
24438,7602.68896484375
24439,4432.6279296875
24440,5225.63623046875
24441,7395.8369140625
24442,8785.4638671875
24443,8387.982421875
24444,7141.20263671875
24445,4243.9208984375
24446,7950.1162109375
24447,6710.25390625
24448,5158.271484375
24449,7311.87744140625
24450,7656.7236328125
24451,6748.5439453125
24452,7654.8671875
24453,6236.33251953125
24454,5935.322265625
24455,5981.18798828125
24456,7030.9228515625
24457,7075.9951171875
24458,7071.427734375
24459,10729.89453125
24460,5904.05810546875
24461,4720.791015625
24462,12451.0927734375
24463,6817.64697265625
24464,4587.203125
24465,8003.78125
24466,10840.841796875
24467,11894.068359375
24468,4512.87744140625
24469,6033.89208984375
24470,5533.92138671875
24471,7556.556640625
24472,6968.185546875
24473,7484.1533203125
24474,3708.08447265625
24475,5865.86669921875
24476,6742.55517578125
24477,5507.41650390625
24478,5450.0439453125
24479,6755.9111328125
24480,8081.2607421875
24481,5595.0576171875
24482,8576.04296875
24483,7666.2275390625
24484,8728.607421875
24485,5582.802734375
24486,6941.91552734375
24487,6556.80078125
24488,8734.3115234375
24489,8288.9384765625
24490,6291.13134765625
24491,7817.0517578125
24492,8382.1787109375
24493,7917.798828125
24494,5095.68896484375
24495,4672.2587890625
24496,9288.7060546875
24497,6375.3974609375
24498,9583.0859375
24499,7297.76318359375
24500,6454.61376953125
24501,8949.798828125
24502,7557.97216796875
24503,7654.28369140625
24504,8266.1474609375
24505,6895.701171875
24506,9734.64453125
24507,10962.4052734375
24508,8587.037109375
24509,5622.68212890625
24510,6269.2421875
24511,5054.12646484375
24512,4405.1826171875
24513,8086.98583984375
24514,5225.2158203125
24515,9395.8505859375
24516,4942.0537109375
24517,5855.41748046875
24518,6159.85595703125
24519,10274.3720703125
24520,5800.9326171875
24521,5507.0908203125
24522,6273.05126953125
24523,7132.5419921875
24524,5865.25244140625
24525,8124.55029296875
24526,7845.00146484375
24527,8351.3134765625
24528,7996.71337890625
24529,7745.81298828125
24530,5864.54638671875
24531,4268.4521484375
24532,5679.01416015625
24533,10642.501953125
24534,9435.572265625
24535,9252.8134765625
24536,14257.568359375
24537,6139.32958984375
24538,5585.98291015625
24539,7382.42626953125
24540,9069.9931640625
24541,10216.3896484375
24542,7028.8515625
24543,8217.21484375
24544,8350.49609375
24545,6688.3271484375
24546,6895.859375
24547,5910.72705078125
24548,5259.12109375
24549,5345.82275390625
24550,5034.86962890625
24551,5810.85595703125
24552,9234.9443359375
24553,16417.896484375
24554,6580.7578125
24555,5413.490234375
24556,8465.53515625
24557,4937.3134765625
24558,8173.169921875
24559,4428.7041015625
24560,9619.4775390625
24561,6642.91845703125
24562,6518.37109375
24563,13419.4443359375
24564,10299.6572265625
24565,7053.57470703125
24566,7264.427734375
24567,4154.14990234375
24568,5107.58544921875
24569,5576.18359375
24570,8531.990234375
24571,5131.3115234375
24572,4615.9619140625
24573,6064.18115234375
24574,5692.03173828125
24575,6668.29736328125
24576,6920.49462890625
24577,3209.001708984375
24578,7321.78369140625
24579,8115.78955078125
24580,7567.99365234375
24581,4994.67041015625
24582,4943.396484375
24583,8547.5703125
24584,4695.30078125
24585,9723.001953125
24586,4457.306640625
24587,6057.0126953125
24588,7844.7421875
24589,6374.9521484375
24590,5180.708984375
24591,6834.04541015625
24592,7565.04052734375
24593,9018.51171875
24594,10157.2373046875
24595,6039.22314453125
24596,3877.400634765625
24597,5859.95458984375
24598,6582.4033203125
24599,5030.54638671875
24600,6763.59619140625
24601,7167.2255859375
24602,11685.1162109375
24603,8770.328125
24604,7089.71484375
24605,7397.10791015625
24606,4568.72509765625
24607,10728.8798828125
24608,6250.525390625
24609,13136.4345703125
24610,6910.96533203125
24611,6038.6142578125
24612,5995.12890625
24613,4777.9677734375
24614,7166.95947265625
24615,18225.4140625
24616,4417.7353515625
24617,4679.080078125
24618,10590.7900390625
24619,6148.0263671875
24620,7396.67431640625
24621,8544.318359375
24622,5703.25048828125
24623,6023.83154296875
24624,5414.8271484375
24625,9843.654296875
24626,6560.64697265625
24627,7389.5107421875
24628,7445.0654296875
24629,5288.46142578125
24630,7741.7626953125
24631,9473.6884765625
24632,4037.5966796875
24633,9916.279296875
24634,8980.421875
24635,4588.17333984375
24636,8623.1123046875
24637,7553.88818359375
24638,5378.228515625
24639,9900.68359375
24640,6868.02685546875
24641,8184.00390625
24642,4676.58984375
24643,5728.75732421875
24644,6601.38427734375
24645,4277.57568359375
24646,8004.64013671875
24647,5197.3935546875
24648,5873.0478515625
24649,4976.4833984375
24650,6715.32861328125
24651,6298.7734375
24652,8040.59423828125
24653,7110.6845703125
24654,7953.72998046875
24655,5909.83935546875
24656,7232.98876953125
24657,7297.810546875
24658,8788.3017578125
24659,9504.4599609375
24660,7035.630859375
24661,3129.733154296875
24662,5695.734375
24663,7341.65673828125
24664,3291.373046875
24665,11521.3369140625
24666,6370.5537109375
24667,11270.2783203125
24668,10269.3349609375
24669,7790.23486328125
24670,4717.04150390625
24671,15649.2958984375
24672,11365.283203125
24673,5839.99951171875
24674,9997.529296875
24675,9879.2578125
24676,6128.673828125
24677,5474.79248046875
24678,6740.88037109375
24679,5510.01123046875
24680,7435.37255859375
24681,7211.6884765625
24682,4518.5205078125
24683,6752.28759765625
24684,7832.4921875
24685,6993.279296875
24686,8633.9560546875
24687,6132.76025390625
24688,7066.63671875
24689,5399.01171875
24690,7489.8349609375
24691,7365.201171875
24692,7041.3203125
24693,7029.46826171875
24694,6946.70166015625
24695,9663.255859375
24696,5804.51025390625
24697,5212.54248046875
24698,6954.81591796875
24699,7780.501953125
24700,7056.849609375
24701,3975.235595703125
24702,4586.1943359375
24703,6109.67529296875
24704,7019.76611328125
24705,5599.099609375
24706,8695.564453125
24707,5865.1064453125
24708,6163.54052734375
24709,5319.8212890625
24710,4121.1455078125
24711,7293.083984375
24712,6911.12548828125
24713,6851.185546875
24714,10642.1572265625
24715,8634.6689453125
24716,5147.49462890625
24717,8732.01171875
24718,4232.7490234375
24719,2572.698974609375
24720,7725.236328125
24721,11466.1357421875
24722,8713.2412109375
24723,7305.4169921875
24724,5148.57470703125
24725,6486.47900390625
24726,8058.35546875
24727,6421.8828125
24728,7916.3076171875
24729,5041.63818359375
24730,4867.99951171875
24731,5044.78955078125
24732,5635.791015625
24733,5174.48388671875
24734,5436.982421875
24735,6225.93359375
24736,4206.078125
24737,5993.21435546875
24738,7771.86376953125
24739,5760.00390625
24740,6520.13427734375
24741,6974.98876953125
24742,5811.19482421875
24743,5070.47509765625
24744,9820.3984375
24745,7554.2626953125
24746,5626.26025390625
24747,3955.17041015625
24748,11525.3173828125
24749,6689.10400390625
24750,5869.611328125
24751,8478.705078125
24752,7654.20751953125
24753,8298.345703125
24754,6263.92138671875
24755,6746.642578125
24756,9441.845703125
24757,14186.7333984375
24758,5533.8876953125
24759,5393.42333984375
24760,5998.69140625
24761,7704.96142578125
24762,6306.4580078125
24763,9725.15234375
24764,8521.1904296875
24765,5397.8935546875
24766,4068.44970703125
24767,6009.49072265625
24768,11506.556640625
24769,4391.92333984375
24770,7956.0029296875
24771,4135.2294921875
24772,7712.6357421875
24773,7882.5654296875
24774,7073.09130859375
24775,7984.19677734375
24776,6659.26318359375
24777,4195.7412109375
24778,6432.419921875
24779,7090.6123046875
24780,7757.63671875
24781,7342.24169921875
24782,8496.71875
24783,5793.01611328125
24784,4591.5068359375
24785,10514.9052734375
24786,4489.341796875
24787,9658.9052734375
24788,6550.3369140625
24789,4633.53857421875
24790,7503.501953125
24791,6054.04248046875
24792,7542.72216796875
24793,8552.7021484375
24794,5200.3935546875
24795,4307.31884765625
24796,8476.3173828125
24797,8495.3408203125
24798,9737.5205078125
24799,5555.51904296875
24800,6263.39990234375
24801,6842.029296875
24802,6544.8876953125
24803,5759.53076171875
24804,9308.140625
24805,8722.765625
24806,11219.078125
24807,4050.47119140625
24808,5855.244140625
24809,10824.494140625
24810,9136.2392578125
24811,5414.8603515625
24812,10514.431640625
24813,6413.5927734375
24814,6212.5029296875
24815,5519.70751953125
24816,6407.49951171875
24817,5069.93310546875
24818,6470.9091796875
24819,4158.4599609375
24820,5706.0419921875
24821,9193.3447265625
24822,7928.4052734375
24823,24241.173828125
24824,7808.07275390625
24825,3375.318603515625
24826,8053.671875
24827,12522.5400390625
24828,5696.65869140625
24829,8815.67578125
24830,5359.24560546875
24831,8717.111328125
24832,8984.0791015625
24833,6398.103515625
24834,6088.6513671875
24835,7581.39404296875
24836,7765.58203125
24837,8164.1650390625
24838,7472.5400390625
24839,6292.90234375
24840,4822.95849609375
24841,5803.3759765625
24842,9744.9580078125
24843,11195.541015625
24844,9070.03125
24845,8789.125
24846,5131.38818359375
24847,6455.30029296875
24848,4720.177734375
24849,9254.6806640625
24850,9436.2607421875
24851,10977.6982421875
24852,6104.3564453125
24853,6221.14306640625
24854,4872.51220703125
24855,5784.16650390625
24856,11201.9013671875
24857,7026.7080078125
24858,4388.9404296875
24859,5440.00048828125
24860,9031.7001953125
24861,3523.9052734375
24862,8217.08984375
24863,5292.55126953125
24864,8444.359375
24865,7255.06884765625
24866,7815.9892578125
24867,7984.0888671875
24868,6843.9697265625
24869,6300.57763671875
24870,7253.2216796875
24871,7041.3408203125
24872,11938.09375
24873,5643.50732421875
24874,8677.9814453125
24875,8578.4697265625
24876,9388.9912109375
24877,6958.91748046875
24878,9748.291015625
24879,5319.65283203125
24880,6353.06298828125
24881,6859.5556640625
24882,7724.828125
24883,9000.8671875
24884,8100.2763671875
24885,5323.412109375
24886,7082.09619140625
24887,6593.00048828125
24888,10220.83203125
24889,4615.87841796875
24890,15036.5654296875
24891,5842.30810546875
24892,5506.044921875
24893,9988.9345703125
24894,5360.86474609375
24895,7257.38427734375
24896,7850.3916015625
24897,8387.6494140625
24898,6276.658203125
24899,5893.88720703125
24900,7604.1513671875
24901,8436.4990234375
24902,7392.87646484375
24903,4935.64697265625
24904,7213.232421875
24905,12492.8271484375
24906,6580.2978515625
24907,7285.25048828125
24908,7186.951171875
24909,6108.66650390625
24910,6246.0068359375
24911,7496.9697265625
24912,5132.22509765625
24913,9252.4287109375
24914,7982.50537109375
24915,7398.47900390625
24916,11843.966796875
24917,4390.32568359375
24918,6067.6865234375
24919,5962.298828125
24920,8729.1025390625
24921,8963.3876953125
24922,5536.37060546875
24923,6095.91552734375
24924,7070.2001953125
24925,6101.076171875
24926,6924.609375
24927,6737.3359375
24928,6218.751953125
24929,8155.43212890625
24930,5787.58251953125
24931,4915.97314453125
24932,6477.71240234375
24933,10150.09375
24934,7618.04833984375
24935,9813.6396484375
24936,8980.7724609375
24937,5831.45751953125
24938,10855.9111328125
24939,6857.63134765625
24940,7104.7578125
24941,9703.9970703125
24942,6719.59375
24943,10989.728515625
24944,8585.5380859375
24945,7147.9619140625
24946,6082.2294921875
24947,8369.2197265625
24948,8351.392578125
24949,7256.79931640625
24950,4416.27587890625
24951,6301.04248046875
24952,8794.125
24953,6198.73486328125
24954,4254.7548828125
24955,8985.333984375
24956,6464.7216796875
24957,6287.708984375
24958,6045.9345703125
24959,6039.1015625
24960,8921.66796875
24961,6967.72705078125
24962,8831.1796875
24963,5791.03662109375
24964,5522.08251953125
24965,7322.474609375
24966,4078.881103515625
24967,6683.8896484375
24968,5915.353515625
24969,8802.65625
24970,8189.43408203125
24971,6072.51123046875
24972,11217.4921875
24973,6778.37841796875
24974,5485.64306640625
24975,12491.4248046875
24976,7170.37353515625
24977,9425.2490234375
24978,8038.90625
24979,5623.822265625
24980,6276.70361328125
24981,5361.07080078125
24982,8601.701171875
24983,12414.9560546875
24984,7625.43115234375
24985,3465.14697265625
24986,6918.578125
24987,9720.669921875
24988,8114.64208984375
24989,7280.7333984375
24990,7066.6484375
24991,4900.18212890625
24992,5703.9736328125
24993,4718.0341796875
24994,5162.447265625
24995,7072.185546875
24996,7854.2080078125
24997,7959.10888671875
24998,13045.0849609375
24999,9255.6669921875
25000,9724.052734375
25001,7892.5078125
25002,5423.4072265625
25003,9507.76171875
25004,11219.3095703125
25005,6255.27490234375
25006,7739.0234375
25007,5832.068359375
25008,7453.11474609375
25009,3930.842529296875
25010,7578.01220703125
25011,5808.3095703125
25012,9255.7890625
25013,7089.1181640625
25014,8486.0947265625
25015,8621.13671875
25016,5567.26513671875
25017,8682.79296875
25018,19536.974609375
25019,11594.630859375
25020,6892.55859375
25021,3583.361083984375
25022,7107.51708984375
25023,9651.5224609375
25024,6527.15673828125
25025,12427.140625
25026,17986.8671875
25027,5300.32373046875
25028,6265.45166015625
25029,9617.001953125
25030,5193.27587890625
25031,9057.3095703125
25032,7058.1435546875
25033,8802.8359375
25034,5495.3095703125
25035,6696.70849609375
25036,6447.8642578125
25037,8659.2255859375
25038,10555.607421875
25039,7416.0673828125
25040,5781.5576171875
25041,7184.041015625
25042,5203.5576171875
25043,5217.34130859375
25044,6899.099609375
25045,5395.3828125
25046,5448.287109375
25047,7812.05224609375
25048,6323.63037109375
25049,5797.37158203125
25050,7691.1259765625
25051,7786.83935546875
25052,8742.294921875
25053,9137.279296875
25054,7490.486328125
25055,5943.962890625
25056,4220.740234375
25057,6308.2197265625
25058,7256.939453125
25059,6636.533203125
25060,5154.25
25061,8959.3037109375
25062,7541.8251953125
25063,10104.15234375
25064,7534.61181640625
25065,5926.99365234375
25066,5691.89013671875
25067,5623.95751953125
25068,9823.822265625
25069,4659.7216796875
25070,7999.12646484375
25071,15205.05078125
25072,7118.171875
25073,7294.923828125
25074,4726.62890625
25075,5891.8330078125
25076,7326.1142578125
25077,5936.45263671875
25078,6067.517578125
25079,11123.99609375
25080,5393.7177734375
25081,17210.087890625
25082,12871.728515625
25083,5569.29931640625
25084,7937.06982421875
25085,6426.42333984375
25086,7002.38525390625
25087,6844.31640625
25088,11393.9033203125
25089,8030.857421875
25090,10833.158203125
25091,5392.89306640625
25092,8721.8203125
25093,6291.21435546875
25094,9811.8720703125
25095,6651.5859375
25096,6184.03515625
25097,6570.20166015625
25098,6127.87255859375
25099,9415.3330078125
25100,9762.94140625
25101,6810.6259765625
25102,10666.8720703125
25103,6463.62255859375
25104,10250.1962890625
25105,5469.9326171875
25106,6439.71142578125
25107,6558.318359375
25108,12575.671875
25109,6497.126953125
25110,7284.12060546875
25111,7529.90576171875
25112,8724.66015625
25113,5307.3916015625
25114,8589.4072265625
25115,8170.82080078125
25116,3681.6240234375
25117,10788.9765625
25118,16480.513671875
25119,7155.90478515625
25120,8212.7529296875
25121,8805.6220703125
25122,10858.4345703125
25123,11309.65234375
25124,6200.080078125
25125,7959.94873046875
25126,7363.88330078125
25127,8114.05126953125
25128,4658.27294921875
25129,7011.177734375
25130,6551.96484375
25131,5717.2333984375
25132,8054.88330078125
25133,6300.5478515625
25134,5291.3642578125
25135,7947.48046875
25136,4397.54833984375
25137,5460.947265625
25138,6530.60546875
25139,8268.6875
25140,9243.189453125
25141,9117.1572265625
25142,7665.287109375
25143,6425.9638671875
25144,7115.515625
25145,9869.990234375
25146,7940.99072265625
25147,5143.98046875
25148,5655.2177734375
25149,10253.1845703125
25150,4541.5517578125
25151,7153.19677734375
25152,4428.36474609375
25153,6103.63525390625
25154,9713.4345703125
25155,7525.01953125
25156,6062.9912109375
25157,9654.0390625
25158,10204.5048828125
25159,12393.046875
25160,7193.15283203125
25161,9467.50390625
25162,3923.08642578125
25163,6112.9345703125
25164,6917.61181640625
25165,5208.94140625
25166,8713.923828125
25167,5763.8564453125
25168,6760.56591796875
25169,10104.724609375
25170,10688.6953125
25171,9145.560546875
25172,5459.74267578125
25173,6166.384765625
25174,13181.76171875
25175,8204.7998046875
25176,6789.720703125
25177,5530.90478515625
25178,7037.248046875
25179,10151.6318359375
25180,5154.240234375
25181,7196.8486328125
25182,9077.2392578125
25183,9503.5869140625
25184,12615.23046875
25185,6628.55029296875
25186,16053.517578125
25187,6693.86376953125
25188,5289.50146484375
25189,3822.445068359375
25190,6785.1943359375
25191,6233.361328125
25192,5598.90185546875
25193,7735.03662109375
25194,5500.47021484375
25195,4887.3798828125
25196,7737.5478515625
25197,4684.97607421875
25198,7144.861328125
25199,7526.64990234375
25200,8447.025390625
25201,9055.2431640625
25202,5742.67333984375
25203,9695.0322265625
25204,6357.07421875
25205,6125.9677734375
25206,6081.04052734375
25207,6334.3896484375
25208,9449.67578125
25209,6392.19921875
25210,5710.619140625
25211,7837.65625
25212,9460.744140625
25213,8170.1865234375
25214,7584.5068359375
25215,9885.408203125
25216,6364.64697265625
25217,6500.6708984375
25218,6800.66259765625
25219,9554.720703125
25220,6896.43505859375
25221,7117.44384765625
25222,6239.3701171875
25223,5599.6728515625
25224,4699.9794921875
25225,5527.6220703125
25226,8183.26416015625
25227,9186.19140625
25228,11816.6796875
25229,12593.0576171875
25230,8639.4931640625
25231,8898.5048828125
25232,5608.1123046875
25233,11221.6884765625
25234,11132.7412109375
25235,8014.2265625
25236,8932.0517578125
25237,9095.19140625
25238,6183.580078125
25239,5445.951171875
25240,8323.4228515625
25241,7330.85498046875
25242,8897.658203125
25243,5551.27099609375
25244,2668.49951171875
25245,11445.06640625
25246,7340.2451171875
25247,5327.38330078125
25248,5364.75537109375
25249,5783.853515625
25250,6872.66796875
25251,10270.490234375
25252,7218.6025390625
25253,6128.96435546875
25254,4941.11572265625
25255,5127.05712890625
25256,3243.431884765625
25257,7770.26318359375
25258,16818.419921875
25259,5341.18701171875
25260,6122.38720703125
25261,7695.267578125
25262,5512.56787109375
25263,5781.005859375
25264,5221.69873046875
25265,4419.0224609375
25266,6856.07470703125
25267,8437.056640625
25268,4006.514404296875
25269,8934.6640625
25270,6482.8134765625
25271,5343.8203125
25272,11290.8544921875
25273,7628.3046875
25274,10956.0859375
25275,5514.73388671875
25276,7111.25537109375
25277,5128.1767578125
25278,5465.11279296875
25279,17058.650390625
25280,10708.087890625
25281,7918.88916015625
25282,6554.67431640625
25283,5558.93359375
25284,6825.65380859375
25285,4704.76416015625
25286,11172.734375
25287,6816.67138671875
25288,5050.09716796875
25289,8244.1279296875
25290,4801.7421875
25291,6472.431640625
25292,7862.25390625
25293,7831.3134765625
25294,7229.1416015625
25295,4776.505859375
25296,5537.38818359375
25297,7222.9599609375
25298,9265.9580078125
25299,8976.90625
25300,7117.64794921875
25301,4927.04833984375
25302,8001.357421875
25303,6473.455078125
25304,4869.0849609375
25305,6989.87353515625
25306,7947.1943359375
25307,6986.28466796875
25308,7811.9453125
25309,6314.107421875
25310,6404.69482421875
25311,5959.78466796875
25312,6855.56494140625
25313,7240.72607421875
25314,7675.521484375
25315,10718.57421875
25316,5477.77392578125
25317,5093.03173828125
25318,12782.7880859375
25319,7216.8232421875
25320,4865.10986328125
25321,7440.65771484375
25322,11067.0439453125
25323,11143.837890625
25324,4776.81005859375
25325,6138.58740234375
25326,5911.21728515625
25327,7863.21826171875
25328,6688.810546875
25329,7491.65185546875
25330,3862.3876953125
25331,6528.38671875
25332,7004.0341796875
25333,5393.80029296875
25334,5883.037109375
25335,7042.36376953125
25336,8373.4716796875
25337,5760.6669921875
25338,8751.1142578125
25339,7759.35302734375
25340,8837.8369140625
25341,5585.91748046875
25342,6797.07421875
25343,6975.31640625
25344,8509.84375
25345,7760.3203125
25346,4314.13525390625
25347,8742.416015625
25348,8104.50634765625
25349,8047.09033203125
25350,5290.9677734375
25351,5513.73583984375
25352,9510.4619140625
25353,6981.03369140625
25354,10110.587890625
25355,7022.611328125
25356,6741.900390625
25357,8656.9482421875
25358,7304.38720703125
25359,7412.216796875
25360,8527.3681640625
25361,6892.73095703125
25362,10211.115234375
25363,11093.9541015625
25364,8637.75390625
25365,5633.69189453125
25366,5684.0595703125
25367,5076.24560546875
25368,4405.47314453125
25369,8120.9375
25370,4974.033203125
25371,9889.0224609375
25372,4422.9892578125
25373,5564.6923828125
25374,5913.0439453125
25375,12511.349609375
25376,6310.1357421875
25377,4994.35009765625
25378,6489.30078125
25379,7547.6337890625
25380,5398.3125
25381,8819.671875
25382,7999.21923828125
25383,9030.1826171875
25384,7812.6806640625
25385,7763.3642578125
25386,5705.31884765625
25387,4584.37841796875
25388,5086.8115234375
25389,11148.947265625
25390,10421.11328125
25391,9467.73828125
25392,15740.296875
25393,6351.01953125
25394,5288.71728515625
25395,7640.048828125
25396,9428.2001953125
25397,9889.7861328125
25398,6957.41845703125
25399,8163.63818359375
25400,8764.20703125
25401,7253.5556640625
25402,6731.07177734375
25403,5537.263671875
25404,5619.88037109375
25405,4832.75439453125
25406,4650.66064453125
25407,6069.6962890625
25408,8733.009765625
25409,17937.2890625
25410,6986.09375
25411,5851.1796875
25412,8878.2998046875
25413,4696.140625
25414,8511.400390625
25415,4689.8359375
25416,9986.4765625
25417,6513.0390625
25418,6523.42529296875
25419,13578.587890625
25420,12542.240234375
25421,7932.7421875
25422,7444.04150390625
25423,4133.99072265625
25424,5312.0927734375
25425,6113.24267578125
25426,6720.73388671875
25427,5994.48486328125
25428,4737.80712890625
25429,6193.51953125
25430,6019.50830078125
25431,7164.0830078125
25432,7481.18017578125
25433,3813.2294921875
25434,7388.46435546875
25435,8303.771484375
25436,7790.529296875
25437,5180.9130859375
25438,5093.6806640625
25439,9062.6357421875
25440,4754.98681640625
25441,10278.1875
25442,4616.26513671875
25443,5391.5068359375
25444,7642.60009765625
25445,6227.18212890625
25446,5310.42041015625
25447,7019.91015625
25448,7775.21826171875
25449,9267.7890625
25450,11127.8251953125
25451,5892.966796875
25452,3884.68994140625
25453,5707.13818359375
25454,6510.61474609375
25455,5252.74951171875
25456,6328.349609375
25457,7592.13916015625
25458,11970.1142578125
25459,8343.5537109375
25460,6826.46533203125
25461,8176.1455078125
25462,4678.16357421875
25463,11003.083984375
25464,6309.701171875
25465,13901.251953125
25466,6745.4755859375
25467,5645.82177734375
25468,6476.6337890625
25469,5187.46728515625
25470,7206.96142578125
25471,19432.810546875
25472,5089.51220703125
25473,4633.98095703125
25474,11287.046875
25475,6845.5126953125
25476,7801.76220703125
25477,8707.7802734375
25478,5942.63623046875
25479,6020.1611328125
25480,4639.22412109375
25481,10139.7607421875
25482,6526.42919921875
25483,7449.09375
25484,7438.1142578125
25485,5353.10009765625
25486,7956.8427734375
25487,9328.2060546875
25488,4344.75
25489,9962.3408203125
25490,9219.744140625
25491,5047.103515625
25492,8752.3994140625
25493,7426.93212890625
25494,5622.42333984375
25495,9436.8720703125
25496,6515.82275390625
25497,8705.009765625
25498,4443.6025390625
25499,5724.50927734375
25500,8032.09716796875
25501,4088.020751953125
25502,8218.1826171875
25503,5521.33154296875
25504,5834.8408203125
25505,5132.28759765625
25506,6460.83251953125
25507,6456.48193359375
25508,8296.1455078125
25509,6828.216796875
25510,7968.47265625
25511,5837.3125
25512,7840.68896484375
25513,7431.63623046875
25514,10894.95703125
25515,9768.4638671875
25516,8015.04150390625
25517,3051.965087890625
25518,5759.8330078125
25519,7568.9208984375
25520,4171.37060546875
25521,11576.7626953125
25522,6335.75390625
25523,10952.0830078125
25524,10637.634765625
25525,8029.376953125
25526,4714.62646484375
25527,13768.4560546875
25528,11495.6630859375
25529,6068.3583984375
25530,9557.0732421875
25531,10041.998046875
25532,6493.08935546875
25533,5991.072265625
25534,7040.6875
25535,5914.2353515625
25536,7731.2392578125
25537,7334.6201171875
25538,4836.85009765625
25539,7401.30126953125
25540,8021.7470703125
25541,7246.5908203125
25542,8934.765625
25543,6445.8876953125
25544,7325.1201171875
25545,5164.193359375
25546,7753.9755859375
25547,7649.6298828125
25548,7328.6484375
25549,7279.0546875
25550,7027.35546875
25551,9670.189453125
25552,6003.70654296875
25553,5730.05859375
25554,6699.5966796875
25555,8380.9599609375
25556,7263.94091796875
25557,4621.11181640625
25558,5241.00048828125
25559,7476.53564453125
25560,7635.3388671875
25561,5738.3701171875
25562,9083.4052734375
25563,6048.580078125
25564,7460.33984375
25565,5803.81103515625
25566,3648.474365234375
25567,7513.0322265625
25568,7235.97216796875
25569,6939.27294921875
25570,10793.15234375
25571,9970.56640625
25572,5229.29541015625
25573,9161.75390625
25574,4877.337890625
25575,2541.283203125
25576,8298.2451171875
25577,12595.939453125
25578,8688.525390625
25579,7727.20703125
25580,5084.78076171875
25581,6831.24169921875
25582,8752.2392578125
25583,6915.31640625
25584,7909.52587890625
25585,5362.73046875
25586,4737.6162109375
25587,5008.61865234375
25588,5803.533203125
25589,5981.5849609375
25590,5580.67724609375
25591,6136.39111328125
25592,3675.23583984375
25593,7699.08251953125
25594,8664.763671875
25595,5987.14208984375
25596,6471.33056640625
25597,7198.50146484375
25598,6784.08837890625
25599,5106.794921875
25600,9594.962890625
25601,8499.232421875
25602,5893.505859375
25603,4496.87255859375
25604,12695.7568359375
25605,7188.85302734375
25606,6168.62451171875
25607,9409.1611328125
25608,8460.712890625
25609,8996.8115234375
25610,6174.99658203125
25611,6765.0234375
25612,9838.1240234375
25613,14965.771484375
25614,6004.28369140625
25615,5301.833984375
25616,6086.3359375
25617,7878.25048828125
25618,6097.2265625
25619,11427.9951171875
25620,8519.8134765625
25621,6008.53759765625
25622,4022.553466796875
25623,6143.29052734375
25624,10984.9755859375
25625,4702.91357421875
25626,7892.7587890625
25627,3770.8349609375
25628,7564.2509765625
25629,7606.8134765625
25630,7684.43603515625
25631,8938.7822265625
25632,6906.69580078125
25633,4323.32373046875
25634,6057.677734375
25635,7442.67529296875
25636,8205.9189453125
25637,7865.30615234375
25638,8233.5966796875
25639,6749.34326171875
25640,4904.3681640625
25641,11140.9833984375
25642,4744.64892578125
25643,9953.69921875
25644,6631.5595703125
25645,4908.36181640625
25646,7627.08154296875
25647,5954.330078125
25648,8003.67041015625
25649,8885.2001953125
25650,5385.61962890625
25651,3556.25927734375
25652,8243.5625
25653,9958.859375
25654,10000.1494140625
25655,5989.43017578125
25656,5867.57861328125
25657,6453.16357421875
25658,6464.77880859375
25659,6432.85205078125
25660,9763.564453125
25661,9300.580078125
25662,11280.56640625
25663,4650.91552734375
25664,5955.17822265625
25665,11344.79296875
25666,9074.412109375
25667,5409.46630859375
25668,10238.2001953125
25669,6706.6943359375
25670,5754.9833984375
25671,5023.51318359375
25672,6159.41650390625
25673,5349.34375
25674,7665.58642578125
25675,5087.60498046875
25676,5597.36181640625
25677,9456.6640625
25678,7131.9697265625
25679,24575.310546875
25680,7149.66015625
25681,4411.93359375
25682,8895.6220703125
25683,14069.1591796875
25684,6494.73193359375
25685,9008.52734375
25686,6114.794921875
25687,8085.82666015625
25688,8789.1630859375
25689,6584.54248046875
25690,6548.2431640625
25691,8351.3505859375
25692,8772.802734375
25693,8303.8671875
25694,8513.572265625
25695,7758.8408203125
25696,5100.89453125
25697,8128.18408203125
25698,9756.9033203125
25699,12589.31640625
25700,11107.0693359375
25701,9634.15234375
25702,6129.41552734375
25703,7042.296875
25704,5143.826171875
25705,9435.3837890625
25706,10718.958984375
25707,11242.4541015625
25708,7171.62744140625
25709,6673.22265625
25710,5119.3544921875
25711,6373.57666015625
25712,11260.92578125
25713,7798.96044921875
25714,4899.5107421875
25715,7338.0009765625
25716,8874.3564453125
25717,4082.591796875
25718,8783.294921875
25719,5536.55908203125
25720,8240.49609375
25721,8141.23095703125
25722,8118.73291015625
25723,8572.5224609375
25724,7588.23193359375
25725,6103.80322265625
25726,8121.26904296875
25727,7251.2236328125
25728,11703.1279296875
25729,6295.46142578125
25730,9393.7412109375
25731,8210.5166015625
25732,10682.8486328125
25733,7489.00146484375
25734,10757.9775390625
25735,6293.279296875
25736,6972.53271484375
25737,7079.2685546875
25738,8076.74072265625
25739,10384.498046875
25740,9110.697265625
25741,6527.6865234375
25742,7980.82177734375
25743,7592.68798828125
25744,10764.982421875
25745,5051.74267578125
25746,14333.6455078125
25747,5969.12353515625
25748,6544.76708984375
25749,11027.044921875
25750,5953.9443359375
25751,7057.44189453125
25752,8015.20458984375
25753,9204.7734375
25754,6275.521484375
25755,5711.142578125
25756,8326.6640625
25757,8948.681640625
25758,7934.84375
25759,5006.0732421875
25760,7917.7919921875
25761,13016.1728515625
25762,7253.30078125
25763,7748.701171875
25764,7110.74560546875
25765,6348.9111328125
25766,5970.2529296875
25767,8163.53857421875
25768,5482.466796875
25769,10387.04296875
25770,8583.1064453125
25771,7556.3251953125
25772,12411.501953125
25773,4984.162109375
25774,6203.86376953125
25775,6298.705078125
25776,9318.23046875
25777,9930.2734375
25778,5267.2509765625
25779,6851.90673828125
25780,7689.58251953125
25781,6983.97119140625
25782,7086.56591796875
25783,7698.458984375
25784,6935.57080078125
25785,8571.255859375
25786,6101.9833984375
25787,5217.92138671875
25788,7627.8828125
25789,10269.994140625
25790,8675.505859375
25791,9634.287109375
25792,9328.5283203125
25793,6576.611328125
25794,11557.2998046875
25795,6995.8466796875
25796,7871.40185546875
25797,10030.298828125
25798,7286.73388671875
25799,12980.478515625
25800,8198.1875
25801,8976.1298828125
25802,6422.1240234375
25803,8844.1875
25804,8870.81640625
25805,7332.63330078125
25806,4656.62646484375
25807,6390.50634765625
25808,9103.724609375
25809,7174.0869140625
25810,5523.93896484375
25811,9946.228515625
25812,7081.56298828125
25813,6439.44287109375
25814,6433.91943359375
25815,6549.857421875
25816,9416.822265625
25817,7871.810546875
25818,9426.6904296875
25819,6403.56298828125
25820,6204.20849609375
25821,7606.90771484375
25822,4983.6640625
25823,8536.6181640625
25824,6700.1455078125
25825,9387.818359375
25826,8441.7177734375
25827,7266.77734375
25828,13383.310546875
25829,6899.39208984375
25830,5292.44970703125
25831,12951.7919921875
25832,7243.10546875
25833,9455.20703125
25834,8140.818359375
25835,5286.69140625
25836,6822.3466796875
25837,5759.54541015625
25838,9020.6572265625
25839,13362.37109375
25840,7672.36865234375
25841,3822.2763671875
25842,6420.9580078125
25843,9829.9765625
25844,8566.517578125
25845,8323.2763671875
25846,7513.12158203125
25847,5167.71923828125
25848,6593.71875
25849,4756.36279296875
25850,6385.337890625
25851,6976.1689453125
25852,8190.55419921875
25853,9036.3935546875
25854,13531.341796875
25855,9652.6640625
25856,9758.2763671875
25857,8145.16455078125
25858,6308.44970703125
25859,11309.4736328125
25860,13385.7861328125
25861,6891.9482421875
25862,8869.884765625
25863,6244.64501953125
25864,7617.9921875
25865,4241.10009765625
25866,9569.1640625
25867,6557.3935546875
25868,9968.8486328125
25869,7669.28564453125
25870,9712.490234375
25871,9342.3408203125
25872,5531.83349609375
25873,10331.453125
25874,20469.93359375
25875,12488.62109375
25876,7253.72216796875
25877,4074.3740234375
25878,7272.74853515625
25879,10057.5400390625
25880,6612.5849609375
25881,12980.5439453125
25882,18739.4375
25883,5479.091796875
25884,7192.6015625
25885,10488.759765625
25886,5334.53759765625
25887,9766.9287109375
25888,7632.07275390625
25889,8968.9931640625
25890,6076.0205078125
25891,7674.72314453125
25892,7912.51806640625
25893,8853.67578125
25894,12122.4501953125
25895,8558.0390625
25896,5804.92333984375
25897,8195.1337890625
25898,6058.63720703125
25899,5765.40869140625
25900,7768.7060546875
25901,6603.25244140625
25902,6089.34423828125
25903,8787.859375
25904,7264.6767578125
25905,6396.91064453125
25906,8272.501953125
25907,8253.4921875
25908,9033.599609375
25909,9215.6845703125
25910,7978.62841796875
25911,5502.8076171875
25912,4550.63623046875
25913,6575.548828125
25914,7286.5576171875
25915,6753.1787109375
25916,5097.0078125
25917,9951.974609375
25918,8563.287109375
25919,10816.6240234375
25920,8309.0205078125
25921,6202.29443359375
25922,5161.85693359375
25923,5200.3671875
25924,11504.80859375
25925,5764.74609375
25926,8212.349609375
25927,14829.6689453125
25928,8020.75927734375
25929,7612.7919921875
25930,4478.32763671875
25931,6402.76513671875
25932,7644.61572265625
25933,5246.42529296875
25934,5968.4609375
25935,12938.2392578125
25936,5355.345703125
25937,17345.32421875
25938,14509.1689453125
25939,5608.7216796875
25940,8293.1181640625
25941,7179.02099609375
25942,7686.09326171875
25943,7598.21435546875
25944,12531.1650390625
25945,9094.94140625
25946,12257.255859375
25947,6687.65966796875
25948,8652.9072265625
25949,6124.537109375
25950,10289.982421875
25951,7666.09228515625
25952,6235.33984375
25953,7168.97607421875
25954,6211.59814453125
25955,10106.31640625
25956,10642.052734375
25957,7330.59130859375
25958,11701.5048828125
25959,6825.607421875
25960,10921.0380859375
25961,5879.5390625
25962,6276.05712890625
25963,7107.6787109375
25964,13059.833984375
25965,6749.35205078125
25966,8417.005859375
25967,8101.9453125
25968,9510.34765625
25969,4893.64453125
25970,10432.349609375
25971,8356.8349609375
25972,4318.85400390625
25973,11924.9853515625
25974,18511.82421875
25975,8483.162109375
25976,9095.6376953125
25977,10808.4765625
25978,12012.7666015625
25979,12524.1240234375
25980,6516.64013671875
25981,8906.087890625
25982,7632.181640625
25983,9550.96875
25984,4993.22216796875
25985,7244.18603515625
25986,7044.22998046875
25987,6773.4609375
25988,8135.66552734375
25989,6636.755859375
25990,6033.28173828125
25991,8168.1748046875
25992,4618.4228515625
25993,5356.95703125
25994,7970.59228515625
25995,8146.537109375
25996,10368.5947265625
25997,9753.8271484375
25998,8228.7958984375
25999,7068.82861328125
26000,6749.830078125
26001,11658.4091796875
26002,8990.361328125
26003,6013.0888671875
26004,5827.44873046875
26005,10417.623046875
26006,4901.77197265625
26007,7109.07470703125
26008,4338.05419921875
26009,6236.42626953125
26010,10270.4794921875
26011,7565.72900390625
26012,5812.48193359375
26013,9612.0810546875
26014,10403.337890625
26015,13886.2373046875
26016,7821.69384765625
26017,10188.5390625
26018,3628.049072265625
26019,6457.61669921875
26020,7115.0234375
26021,5357.03662109375
26022,8730.6875
26023,5812.05615234375
26024,7346.0341796875
26025,10171.6162109375
26026,11605.6328125
26027,9074.5517578125
26028,6346.5673828125
26029,7094.68359375
26030,13115.8994140625
26031,8186.556640625
26032,7368.28515625
26033,5695.5673828125
26034,8035.14892578125
26035,11530.1826171875
26036,5167.611328125
26037,7385.7578125
26038,9675.98046875
26039,10662.0341796875
26040,15065.7138671875
26041,8301.3544921875
26042,16120.78125
26043,7486.267578125
26044,5408.02099609375
26045,3834.378662109375
26046,6639.8505859375
26047,7276.56201171875
26048,6087.4912109375
26049,7915.431640625
26050,6174.61669921875
26051,5180.7119140625
26052,8060.3818359375
26053,5369.58056640625
26054,7935.85205078125
26055,8112.86865234375
26056,9019.5927734375
26057,10176.318359375
26058,6540.42529296875
26059,10211.869140625
26060,6538.88720703125
26061,6398.5693359375
26062,5983.86865234375
26063,6355.41259765625
26064,11018.8720703125
26065,6604.322265625
26066,5850.06982421875
26067,8047.50830078125
26068,9171.580078125
26069,8579.0673828125
26070,8135.0751953125
26071,9687.0390625
26072,6878.8857421875
26073,6597.50244140625
26074,7381.54052734375
26075,9015.4228515625
26076,7699.11669921875
26077,7909.169921875
26078,6794.47509765625
26079,6065.93994140625
26080,5459.068359375
26081,6338.54443359375
26082,8907.7431640625
26083,10147.955078125
26084,12493.78515625
26085,12766.43359375
26086,9266.529296875
26087,8706.513671875
26088,6136.89794921875
26089,12484.0712890625
26090,12049.6416015625
26091,8929.2333984375
26092,9892.40234375
26093,10377.50390625
26094,7183.0302734375
26095,7167.16357421875
26096,10382.4677734375
26097,8441.46875
26098,9678.0712890625
26099,6982.47900390625
26100,3573.606689453125
26101,13601.0537109375
26102,8898.703125
26103,7253.5390625
26104,5555.416015625
26105,6047.12890625
26106,8045.873046875
26107,11040.66015625
26108,7630.0859375
26109,6094.1796875
26110,5618.2763671875
26111,4621.70751953125
26112,3845.592041015625
26113,8202.4013671875
26114,17535.455078125
26115,5260.27587890625
26116,6028.89013671875
26117,7944.2890625
26118,6018.505859375
26119,5912.18212890625
26120,5318.38623046875
26121,4917.26806640625
26122,8020.7822265625
26123,8435.2822265625
26124,4537.15966796875
26125,9883.3818359375
26126,7866.826171875
26127,5908.8056640625
26128,11566.638671875
26129,8533.2744140625
26130,11625.5625
26131,6575.64599609375
26132,8399.619140625
26133,6046.7392578125
26134,5960.88037109375
26135,16656.15625
26136,10747.5283203125
26137,8555.28125
26138,6910.91650390625
26139,5660.890625
26140,7555.65625
26141,5216.61328125
26142,11874.0517578125
26143,6993.6591796875
26144,6525.5859375
26145,8487.9697265625
26146,5480.57373046875
26147,7308.10107421875
26148,8848.265625
26149,8327.7666015625
26150,7796.4658203125
26151,5028.92822265625
26152,6051.29052734375
26153,7892.916015625
26154,10848.927734375
26155,9112.5390625
26156,7871.42724609375
26157,5109.9541015625
26158,8852.412109375
26159,7073.65087890625
26160,4650.3447265625
26161,7461.978515625
26162,8300.7939453125
26163,7589.5751953125
26164,8685.392578125
26165,7206.0732421875
26166,7032.55859375
26167,7006.13427734375
26168,7680.3369140625
26169,7265.91259765625
26170,8529.3974609375
26171,11380.146484375
26172,6475.41943359375
26173,5444.6826171875
26174,13106.2568359375
26175,7508.20458984375
26176,4944.60546875
26177,8867.974609375
26178,11516.494140625
26179,13266.998046875
26180,5234.45458984375
26181,6718.4775390625
26182,6542.94189453125
26183,8196.126953125
26184,6972.33056640625
26185,7995.5634765625
26186,4077.0634765625
26187,6979.18408203125
26188,7123.07958984375
26189,6635.34765625
26190,6322.54833984375
26191,7413.88671875
26192,10184.9033203125
26193,6888.8544921875
26194,9826.263671875
26195,8600.08984375
26196,9574.6689453125
26197,6012.1435546875
26198,7671.27783203125
26199,7773.8251953125
26200,8987.8466796875
26201,7958.20361328125
26202,4886.4072265625
26203,8925.48828125
26204,9236.626953125
26205,8261.0517578125
26206,5523.37109375
26207,5342.048828125
26208,10616.498046875
26209,7248.87548828125
26210,10766.3623046875
26211,7945.701171875
26212,7254.982421875
26213,9038.14453125
26214,8493.65625
26215,9074.7783203125
26216,9368.109375
26217,7084.64306640625
26218,10749.2275390625
26219,11621.123046875
26220,9636.4755859375
26221,6224.73095703125
26222,6808.01904296875
26223,5648.142578125
26224,4822.5576171875
26225,8966.2763671875
26226,5615.78173828125
26227,10929.2275390625
26228,5678.04345703125
26229,6690.703125
26230,6853.43359375
26231,11640.234375
26232,5942.5859375
26233,5961.568359375
26234,6786.43017578125
26235,8302.93359375
26236,5818.40869140625
26237,8856.8388671875
26238,7868.74951171875
26239,9398.6533203125
26240,8310.66796875
26241,8048.34228515625
26242,6202.62060546875
26243,5115.4111328125
26244,5672.25146484375
26245,12993.2724609375
26246,10041.78125
26247,9914.6015625
26248,15891.779296875
26249,6744.04736328125
26250,6111.41015625
26251,8013.12353515625
26252,9981.544921875
26253,10964.3251953125
26254,7913.1484375
26255,9421.0595703125
26256,9306.7890625
26257,7701.677734375
26258,7290.10498046875
26259,6455.14208984375
26260,6462.10302734375
26261,5393.39990234375
26262,5592.31494140625
26263,6096.8681640625
26264,9914.4912109375
26265,18192.419921875
26266,7576.59375
26267,6219.00390625
26268,8736.3525390625
26269,5263.53564453125
26270,8624.798828125
26271,5043.58642578125
26272,11064.13671875
26273,7242.74755859375
26274,6988.3037109375
26275,15020.283203125
26276,11748.720703125
26277,7944.1689453125
26278,7630.115234375
26279,4693.06298828125
26280,5597.98388671875
26281,6849.08203125
26282,8435.7685546875
26283,5788.18212890625
26284,5184.4423828125
26285,7071.28515625
26286,6099.20751953125
26287,7704.89599609375
26288,7637.267578125
26289,4175.27978515625
26290,7942.33154296875
26291,9106.9052734375
26292,8117.40087890625
26293,6484.6337890625
26294,5557.07958984375
26295,9423.232421875
26296,5421.41552734375
26297,10843.048828125
26298,5090.771484375
26299,5823.94677734375
26300,8420.021484375
26301,7379.162109375
26302,5336.6025390625
26303,7659.43359375
26304,8090.28076171875
26305,10245.9208984375
26306,11597.447265625
26307,6473.6025390625
26308,4894.208984375
26309,6450.42041015625
26310,7781.947265625
26311,5897.77880859375
26312,7780.4365234375
26313,7994.72216796875
26314,12860.8037109375
26315,9425.9951171875
26316,7426.962890625
26317,8899.4326171875
26318,5464.978515625
26319,11349.296875
26320,7314.275390625
26321,15478.4326171875
26322,7823.88232421875
26323,6557.51025390625
26324,6645.3115234375
26325,5342.4384765625
26326,8496.37109375
26327,20033.8515625
26328,4908.57568359375
26329,5327.85888671875
26330,11022.5673828125
26331,6957.38671875
26332,8697.2431640625
26333,9427.28125
26334,6730.357421875
26335,6314.78369140625
26336,5684.9033203125
26337,11309.9873046875
26338,7258.33056640625
26339,8334.2802734375
26340,8098.30517578125
26341,6045.41455078125
26342,8401.990234375
26343,10229.7314453125
26344,4571.1083984375
26345,10814.5556640625
26346,9904.5009765625
26347,4999.63818359375
26348,9095.4951171875
26349,7658.9921875
26350,5976.55322265625
26351,10191.515625
26352,6986.17919921875
26353,8537.990234375
26354,5367.90087890625
26355,6356.91015625
26356,7682.4619140625
26357,4767.43115234375
26358,8871.1318359375
26359,5564.912109375
26360,6298.1591796875
26361,5972.5
26362,7392.33447265625
26363,6483.3330078125
26364,9092.0712890625
26365,8072.7470703125
26366,8508.6875
26367,6383.1806640625
26368,7621.947265625
26369,7562.90478515625
26370,10223.6650390625
26371,10461.583984375
26372,7813.42626953125
26373,3449.528076171875
26374,6670.3564453125
26375,8437.515625
26376,5163.15625
26377,11747.75390625
26378,7038.458984375
26379,11974.9501953125
26380,11687.2861328125
26381,8373.14453125
26382,5119.8125
26383,15291.1025390625
26384,11687.2939453125
26385,6788.31787109375
26386,11274.8681640625
26387,11753.986328125
26388,6808.37255859375
26389,6845.16748046875
26390,7868.1201171875
26391,6505.41552734375
26392,8126.73291015625
26393,8102.4111328125
26394,4893.31103515625
26395,8076.10498046875
26396,7892.36328125
26397,7603.4111328125
26398,9624.478515625
26399,6881.19140625
26400,7622.01416015625
26401,5218.466796875
26402,8255.158203125
26403,7899.6142578125
26404,7935.0625
26405,7735.1455078125
26406,8448.3583984375
26407,10911.568359375
26408,6520.84912109375
26409,6432.39111328125
26410,7855.068359375
26411,8009.7900390625
26412,8280.662109375
26413,4544.603515625
26414,5870.744140625
26415,7316.6865234375
26416,7483.42333984375
26417,6620.59130859375
26418,9460.00390625
26419,6429.73876953125
26420,7148.06982421875
26421,5823.197265625
26422,4441.16357421875
26423,8561.1767578125
26424,7678.12841796875
26425,8922.52734375
26426,11259.671875
26427,11135.1748046875
26428,5718.9580078125
26429,9285.6767578125
26430,5359.05078125
26431,3217.666748046875
26432,9009.8701171875
26433,13405.8466796875
26434,8614.1123046875
26435,8247.74609375
26436,6389.54541015625
26437,7674.65478515625
26438,9530.6484375
26439,7634.45703125
26440,9140.6474609375
26441,5421.599609375
26442,4749.96337890625
26443,5903.46923828125
26444,5863.3916015625
26445,6308.3701171875
26446,6054.08935546875
26447,6819.2060546875
26448,4511.8388671875
26449,7425.59375
26450,9611.6884765625
26451,7062.2197265625
26452,7201.07470703125
26453,7914.98828125
26454,6461.46142578125
26455,6068.509765625
26456,9964.54296875
26457,7864.05322265625
26458,5995.26123046875
26459,4282.4140625
26460,14441.1728515625
26461,7376.6328125
26462,6929.74658203125
26463,9879.6640625
26464,8828.9384765625
26465,9233.337890625
26466,6748.96337890625
26467,7451.2099609375
26468,11606.6123046875
26469,15552.6767578125
26470,6507.8408203125
26471,6550.26171875
26472,5761.5556640625
26473,7877.9580078125
26474,7732.5810546875
26475,10595.51953125
26476,9269.623046875
26477,6730.83544921875
26478,4102.37744140625
26479,7314.99072265625
26480,11641.21875
26481,5219.5166015625
26482,8607.5595703125
26483,4709.1943359375
26484,8129.0751953125
26485,8708.9833984375
26486,7499.7841796875
26487,9594.9404296875
26488,7422.50927734375
26489,4491.09326171875
26490,6868.8818359375
26491,9085.154296875
26492,9002.18359375
26493,7642.5576171875
26494,8907.1337890625
26495,6501.05712890625
26496,5217.9091796875
26497,11862.7099609375
26498,5498.4091796875
26499,10758.416015625
26500,7151.13134765625
26501,5410.25244140625
26502,8403.529296875
26503,6812.142578125
26504,8164.30322265625
26505,9368.0068359375
26506,5142.154296875
26507,4606.1318359375
26508,9530.728515625
26509,11774.2919921875
26510,10841.5126953125
26511,6552.52587890625
26512,7104.2861328125
26513,8307.5283203125
26514,7127.9306640625
26515,5926.8798828125
26516,10859.1650390625
26517,9649.396484375
26518,13011.1484375
26519,5517.06201171875
26520,6491.0458984375
26521,11352.12109375
26522,9901.5908203125
26523,6316.30517578125
26524,11362.814453125
26525,7216.90869140625
26526,6817.505859375
26527,6025.62255859375
26528,6572.10498046875
26529,5219.33837890625
26530,8685.3154296875
26531,5922.7880859375
26532,5643.80029296875
26533,11676.3984375
26534,6825.85498046875
26535,24810.380859375
26536,7859.82421875
26537,5496.03076171875
26538,9654.3310546875
26539,16028.46875
26540,8431.0771484375
26541,11788.9130859375
26542,6852.06787109375
26543,9890.8994140625
26544,10414.6015625
26545,7598.19677734375
26546,8419.8173828125
26547,10636.3779296875
26548,10431.6484375
26549,10425.544921875
26550,9469.1953125
26551,8407.5048828125
26552,7275.95068359375
26553,9120.2802734375
26554,13307.9248046875
26555,13774.95703125
26556,13082.392578125
26557,13186.802734375
26558,6435.845703125
26559,8166.42578125
26560,6524.267578125
26561,11688.052734375
26562,14561.9599609375
26563,12531.5703125
26564,9998.8349609375
26565,8698.4560546875
26566,5338.79736328125
26567,8128.9013671875
26568,13208.65625
26569,9216.25390625
26570,6513.31787109375
26571,8089.58154296875
26572,9411.0244140625
26573,4644.3056640625
26574,11459.2822265625
26575,6873.2802734375
26576,10468.7763671875
26577,10152.033203125
26578,8665.0302734375
26579,10106.4228515625
26580,10271.7734375
26581,7940.8447265625
26582,9529.2392578125
26583,10057.490234375
26584,15135.74609375
26585,8092.02197265625
26586,11580.6904296875
26587,9570.9814453125
26588,11954.50390625
26589,9930.5126953125
26590,13690.8505859375
26591,8595.4814453125
26592,8177.7060546875
26593,8912.607421875
26594,9316.306640625
26595,12883.8720703125
26596,11163.078125
26597,8289.57421875
26598,10075.88671875
26599,8390.947265625
26600,13694.7216796875
26601,6638.55126953125
26602,17601.193359375
26603,6698.337890625
26604,7443.97998046875
26605,13063.7412109375
26606,6710.12451171875
26607,9559.2939453125
26608,10873.4248046875
26609,11942.412109375
26610,7956.84814453125
26611,7564.17529296875
26612,9807.7880859375
26613,10715.9326171875
26614,9967.552734375
26615,6926.63134765625
26616,9197.6279296875
26617,16371.5068359375
26618,8719.33984375
26619,8249.7119140625
26620,9098.5322265625
26621,7289.322265625
26622,7891.578125
26623,9783.6689453125
26624,6379.0576171875
26625,12803.7041015625
26626,9832.1416015625
26627,9557.7001953125
26628,14016.599609375
26629,5359.18310546875
26630,8458.02734375
26631,8531.619140625
26632,11107.5810546875
26633,10444.3740234375
26634,6300.28173828125
26635,8450.03125
26636,9033.642578125
26637,7857.138671875
26638,8863.7333984375
26639,8517.947265625
26640,8304.982421875
26641,10051.828125
26642,7321.1357421875
26643,6275.83203125
26644,9828.0927734375
26645,11854.251953125
26646,9961.2724609375
26647,12902.5400390625
26648,12338.498046875
26649,8305.2353515625
26650,14652.697265625
26651,8863.0380859375
26652,10604.048828125
26653,13432.1416015625
26654,9399.537109375
26655,14953.9609375
26656,9130.6552734375
26657,11621.0546875
26658,8325.1298828125
26659,10663.89453125
26660,12306.53125
26661,9095.7763671875
26662,5647.564453125
26663,8170.46826171875
26664,11957.2470703125
26665,8347.26953125
26666,6750.60498046875
26667,13202.9052734375
26668,7949.556640625
26669,7762.23681640625
26670,7499.14453125
26671,8422.482421875
26672,11976.94140625
26673,9734.6953125
26674,12299.55078125
26675,8194.20703125
26676,7771.44384765625
26677,10115.734375
26678,6202.79541015625
26679,8776.6767578125
26680,8801.5087890625
26681,10972.447265625
26682,9584.787109375
26683,8008.49462890625
26684,15461.2578125
26685,8618.89453125
26686,6132.53515625
26687,15339.76171875
26688,8856.6982421875
26689,12687.60546875
26690,9184.8662109375
26691,7037.021484375
26692,8604.9560546875
26693,7759.328125
26694,10865.0732421875
26695,17208.875
26696,9708.0166015625
26697,3717.808837890625
26698,7607.041015625
26699,12497.943359375
26700,11394.306640625
26701,9959.6806640625
26702,9556.216796875
26703,5624.9267578125
26704,6579.55224609375
26705,5552.9912109375
26706,7463.46044921875
26707,8749.61328125
26708,9956.66796875
26709,9936.384765625
26710,15056.8876953125
26711,11779.732421875
26712,12896.673828125
26713,10091.5615234375
26714,7735.42578125
26715,12482.4560546875
26716,17854.3984375
26717,9319.4443359375
26718,9968.6806640625
26719,8258.6884765625
26720,9478.310546875
26721,7219.4033203125
26722,10757.0537109375
26723,9054.009765625
26724,11483.0771484375
26725,9731.4072265625
26726,12342.205078125
26727,10805.296875
26728,6775.61865234375
26729,13722.6787109375
26730,23653.068359375
26731,16230.232421875
26732,9964.982421875
26733,5726.75830078125
26734,9093.7197265625
26735,12518.1845703125
26736,8243.3671875
26737,12599.5146484375
26738,21033.01953125
26739,6612.25634765625
26740,8579.0556640625
26741,13218.4423828125
26742,7017.49853515625
26743,13663.99609375
26744,9988.6025390625
26745,11815.2421875
26746,5506.1640625
26747,9492.9150390625
26748,9187.3310546875
26749,10544.6357421875
26750,15383.65234375
26751,8980.171875
26752,7519.83447265625
26753,9010.2685546875
26754,7298.037109375
26755,6788.1240234375
26756,8784.7119140625
26757,9209.802734375
26758,8348.2763671875
26759,11109.513671875
26760,8310.203125
26761,8770.1474609375
26762,9303.662109375
26763,10114.447265625
26764,11898.796875
26765,12006.9970703125
26766,7995.275390625
26767,6858.3994140625
26768,5611.6357421875
26769,8832.1083984375
26770,8824.9541015625
26771,9496.7421875
26772,5647.77587890625
26773,12159.0986328125
26774,11230.62890625
26775,13268.376953125
26776,8919.26953125
26777,8536.490234375
26778,7187.37744140625
26779,6218.494140625
26780,15065.380859375
26781,7641.140625
26782,9597.2734375
26783,19520.212890625
26784,9829.6904296875
26785,9107.9130859375
26786,6574.94287109375
26787,7577.8212890625
26788,9846.298828125
26789,6782.29296875
26790,6424.09228515625
26791,13711.5849609375
26792,7404.7724609375
26793,20702.42578125
26794,17496.19921875
26795,8750.517578125
26796,9173.447265625
26797,7586.95654296875
26798,9057.435546875
26799,8602.17578125
26800,13939.1142578125
26801,10840.1259765625
26802,13228.1484375
26803,7587.365234375
26804,10297.0283203125
26805,9772.7001953125
26806,12400.53125
26807,9508.2470703125
26808,8374.3203125
26809,9340.59375
26810,6271.8837890625
26811,13060.1884765625
26812,12140.8779296875
26813,10160.2294921875
26814,15870.111328125
26815,8234.6376953125
26816,13257.689453125
26817,5814.5234375
26818,7474.580078125
26819,9263.27734375
26820,17519.4453125
26821,8817.2822265625
26822,11339.7412109375
26823,10613.4873046875
26824,12053.2646484375
26825,6279.1044921875
26826,10633.05859375
26827,9931.90625
26828,5532.685546875
26829,13244.181640625
26830,20894.748046875
26831,10522.259765625
26832,11574.0302734375
26833,12923.3466796875
26834,15080.7470703125
26835,14267.498046875
26836,8363.1025390625
26837,11888.63671875
26838,10017.1513671875
26839,11352.9560546875
26840,5881.53955078125
26841,9288.9873046875
26842,8282.1279296875
26843,8267.5947265625
26844,10513.185546875
26845,7490.73095703125
26846,8388.2568359375
26847,10256.962890625
26848,5682.72509765625
26849,6301.2578125
26850,8359.0048828125
26851,10204.3916015625
26852,12891.203125
26853,11702.044921875
26854,9012.1728515625
26855,8376.6416015625
26856,8703.037109375
26857,13253.2880859375
26858,10071.0712890625
26859,8065.71533203125
26860,7142.142578125
26861,12926.767578125
26862,5861.97900390625
26863,9213.0224609375
26864,5309.2705078125
26865,7731.60205078125
26866,13443.3427734375
26867,8760.865234375
26868,7861.3359375
26869,12468.7890625
26870,12787.6640625
26871,15026.888671875
26872,8252.04296875
26873,12723.4482421875
26874,5046.447265625
26875,7182.552734375
26876,8697.5498046875
26877,6316.431640625
26878,9914.677734375
26879,7768.2880859375
26880,9334.55078125
26881,12682.3984375
26882,14439.734375
26883,11939.5888671875
26884,7622.2080078125
26885,8504.865234375
26886,15372.458984375
26887,9667.447265625
26888,8906.6240234375
26889,6979.85498046875
26890,9662.185546875
26891,13750.9697265625
26892,6593.07275390625
26893,9792.431640625
26894,11697.51171875
26895,12295.828125
26896,17750.646484375
26897,9968.2236328125
26898,18762.083984375
26899,9434.341796875
26900,6609.41357421875
26901,5121.173828125
26902,8725.025390625
26903,9595.474609375
26904,8226.3486328125
26905,9285.474609375
26906,7065.13427734375
26907,6898.73388671875
26908,9889.32421875
26909,6716.748046875
26910,8723.8671875
26911,10232.6416015625
26912,10878.857421875
26913,12359.94921875
26914,8134.95947265625
26915,11423.6630859375
26916,7383.56103515625
26917,8051.19287109375
26918,7796.8134765625
26919,7125.1142578125
26920,13812.4697265625
26921,8115.43994140625
26922,6809.1328125
26923,10609.4013671875
26924,12109.794921875
26925,10764.05078125
26926,9364.439453125
26927,11925.986328125
26928,7785.572265625
26929,6902.54248046875
26930,8844.923828125
26931,11466.603515625
26932,9747.5849609375
26933,9314.791015625
26934,8830.41796875
26935,7755.0400390625
26936,6892.10791015625
26937,7205.12060546875
26938,11216.6669921875
26939,11781.11328125
26940,14744.2265625
26941,16391.583984375
26942,11472.470703125
26943,9068.5927734375
26944,6453.37109375
26945,14069.923828125
26946,15016.439453125
26947,11905.8447265625
26948,11445.70703125
26949,11968.8857421875
26950,7782.76416015625
26951,7803.3154296875
26952,10886.072265625
26953,9953.775390625
26954,12217.609375
26955,8015.904296875
26956,4271.263671875
26957,16158.140625
26958,10093.427734375
26959,8922.560546875
26960,5733.81982421875
26961,7399.8486328125
26962,8567.1982421875
26963,12714.0458984375
26964,8131.43310546875
26965,6625.654296875
26966,6976.90380859375
26967,6275.9345703125
26968,4088.45166015625
26969,10339.7099609375
26970,19026.736328125
26971,6074.74560546875
26972,8106.677734375
26973,10488.2802734375
26974,5927.70166015625
26975,7308.4501953125
26976,6276.2451171875
26977,6326.46630859375
26978,9770.291015625
26979,10950.2880859375
26980,5370.97119140625
26981,12313.3193359375
26982,10479.2275390625
26983,6645.05517578125
26984,14841.31640625
26985,11174.8076171875
26986,12936.05078125
26987,8338.9794921875
26988,9696.251953125
26989,7036.806640625
26990,7175.5830078125
26991,19645.794921875
26992,14951.697265625
26993,9635.5927734375
26994,8447.591796875
26995,7003.3876953125
26996,8313.27734375
26997,6653.38623046875
26998,13414.498046875
26999,6814.54736328125
27000,7198.79345703125
27001,10173.8681640625
27002,7145.83203125
27003,8419.8076171875
27004,9861.4013671875
27005,10540.7041015625
27006,9918.4619140625
27007,7117.36376953125
27008,7802.908203125
27009,10238.302734375
27010,13642.5322265625
27011,11217.7060546875
27012,9574.1455078125
27013,6174.68798828125
27014,9839.7861328125
27015,8101.68701171875
27016,5451.298828125
27017,9274.2529296875
27018,10497.3408203125
27019,9712.5361328125
27020,10343.142578125
27021,8334.55859375
27022,8744.6923828125
27023,8006.12744140625
27024,8911.353515625
27025,9271.39453125
27026,10818.05078125
27027,12800.943359375
27028,7783.38818359375
27029,7068.5869140625
27030,16418.94140625
27031,9219.5888671875
27032,6108.26904296875
27033,10078.0849609375
27034,12547.7158203125
27035,15391.466796875
27036,5900.3427734375
27037,8559.7998046875
27038,7514.86474609375
27039,10331.5849609375
27040,8826.982421875
27041,9957.080078125
27042,4179.6474609375
27043,8142.708984375
27044,9782.734375
27045,8098.189453125
27046,7807.33349609375
27047,9778.181640625
27048,12999.025390625
27049,7815.40625
27050,10582.599609375
27051,10883.1005859375
27052,12501.115234375
27053,7657.02099609375
27054,8696.482421875
27055,8613.3955078125
27056,11289.943359375
27057,10507.62109375
27058,6356.90673828125
27059,8880.1982421875
27060,10932.1240234375
27061,10795.5107421875
27062,6419.3974609375
27063,5621.16259765625
27064,13774.2021484375
27065,9072.9716796875
27066,12529.9462890625
27067,9538.4013671875
27068,8196.990234375
27069,11643.25
27070,10163.8310546875
27071,12289.3134765625
27072,10338.7255859375
27073,9522.279296875
27074,11908.3212890625
27075,15424.521484375
27076,10809.3857421875
27077,7295.08984375
27078,9082.4267578125
27079,7107.17919921875
27080,5882.6728515625
27081,11402.1162109375
27082,6733.8583984375
27083,13491.6005859375
27084,7155.86181640625
27085,7323.23193359375
27086,7674.904296875
27087,13643.646484375
27088,8088.89794921875
27089,6922.3505859375
27090,8841.9482421875
27091,9508.5830078125
27092,7524.576171875
27093,9781.697265625
27094,9599.8310546875
27095,11142.2177734375
27096,10071.4560546875
27097,9992.60546875
27098,7531.69921875
27099,6248.1298828125
27100,6646.7763671875
27101,15590.5947265625
27102,12858.1025390625
27103,11950.9541015625
27104,16498.392578125
27105,8577.2802734375
27106,6951.97900390625
27107,9716.6162109375
27108,12272.5673828125
27109,14766.6767578125
27110,10070.87109375
27111,10932.908203125
27112,12286.6884765625
27113,8976.640625
27114,10059.728515625
27115,8166.7978515625
27116,7537.89111328125
27117,6980.12548828125
27118,6868.15771484375
27119,8859.00390625
27120,12726.15234375
27121,21576.4140625
27122,9274.005859375
27123,6903.38623046875
27124,10624.30859375
27125,7344.44921875
27126,11153.4150390625
27127,4890.08154296875
27128,12365.0478515625
27129,8621.8994140625
27130,8767.4345703125
27131,19065.376953125
27132,12476.89453125
27133,10033.5673828125
27134,9721.71484375
27135,4855.4140625
27136,6355.794921875
27137,7577.37890625
27138,10898.2294921875
27139,7948.6865234375
27140,6779.45361328125
27141,7517.85498046875
27142,6864.65234375
27143,9165.6328125
27144,10270.359375
27145,4083.6787109375
27146,10363.1708984375
27147,11194.080078125
27148,12250.4384765625
27149,8639.64453125
27150,7365.177734375
27151,11341.0693359375
27152,5953.3134765625
27153,13153.6552734375
27154,6520.56982421875
27155,8092.5419921875
27156,9896.8310546875
27157,8493.1328125
27158,6410.26318359375
27159,9286.80078125
27160,10857.357421875
27161,12978.3583984375
27162,14536.5908203125
27163,8185.18896484375
27164,5448.08837890625
27165,7339.517578125
27166,7701.3955078125
27167,6694.53369140625
27168,9784.1708984375
27169,9082.302734375
27170,15001.166015625
27171,11996.2158203125
27172,8340.6962890625
27173,10097.6005859375
27174,5980.5224609375
27175,13326.98828125
27176,7556.4921875
27177,16006.0009765625
27178,9434.435546875
27179,8383.1435546875
27180,8267.5986328125
27181,6137.88916015625
27182,9123.9287109375
27183,24028.6328125
27184,6874.79443359375
27185,6657.69384765625
27186,13289.140625
27187,8895.4189453125
27188,10349.962890625
27189,11015.0126953125
27190,8920.63671875
27191,6853.17724609375
27192,6369.8359375
27193,13062.955078125
27194,8650.220703125
27195,9276.1240234375
27196,9136.90625
27197,6522.29296875
27198,10276.537109375
27199,11067.7646484375
27200,5420.173828125
27201,12307.982421875
27202,11505.8154296875
27203,5384.3486328125
27204,11053.677734375
27205,9796.6474609375
27206,7811.224609375
27207,12388.5302734375
27208,8865.501953125
27209,10765.068359375
27210,6709.77490234375
27211,7723.35205078125
27212,8400.7919921875
27213,5754.802734375
27214,10431.6689453125
27215,6485.7158203125
27216,8143.3671875
27217,6943.01904296875
27218,9024.8408203125
27219,7350.39453125
27220,10653.8447265625
27221,10266.25
27222,10704.0751953125
27223,8281.5712890625
27224,9610.220703125
27225,8150.47998046875
27226,12475.384765625
27227,12123.8720703125
27228,9027.8564453125
27229,4515.505859375
27230,7610.0107421875
27231,10773.3466796875
27232,5264.76171875
27233,14878.51171875
27234,9538.4814453125
27235,13762.2568359375
27236,12791.9306640625
27237,9060.810546875
27238,6247.30517578125
27239,18939.0546875
27240,13730.89453125
27241,7585.1845703125
27242,12039.724609375
27243,12988.8115234375
27244,9093.34765625
27245,7522.646484375
27246,9874.8896484375
27247,7671.9189453125
27248,8943.4541015625
27249,9567.4716796875
27250,6824.7353515625
27251,7688.72900390625
27252,10891.0654296875
27253,10097.8486328125
27254,13361.267578125
27255,8227.9453125
27256,9122.466796875
27257,7045.263671875
27258,9918.6806640625
27259,9854.9873046875
27260,8779.806640625
27261,9335.5458984375
27262,10063.0263671875
27263,13158.259765625
27264,8627.8076171875
27265,7382.95556640625
27266,9233.65625
27267,9999.509765625
27268,9756.8525390625
27269,5451.49755859375
27270,6281.53466796875
27271,7889.10302734375
27272,7413.0244140625
27273,8179.22900390625
27274,11718.6259765625
27275,8055.03564453125
27276,8690.322265625
27277,7750.74853515625
27278,5571.28369140625
27279,10358.001953125
27280,9641.8203125
27281,10005.5517578125
27282,13938.048828125
27283,12419.9931640625
27284,6614.2314453125
27285,11619.8876953125
27286,5289.38330078125
27287,3918.478271484375
27288,11842.1923828125
27289,14340.326171875
27290,10928.08984375
27291,10866.1962890625
27292,7651.322265625
27293,9953.54296875
27294,12443.6806640625
27295,9319.41796875
27296,10971.486328125
27297,6853.55126953125
27298,6129.52587890625
27299,6535.2041015625
27300,7633.7958984375
27301,7646.16162109375
27302,8269.1826171875
27303,8664.3017578125
27304,5044.06494140625
27305,8359.4873046875
27306,10898.626953125
27307,8536.111328125
27308,8905.25390625
27309,10013.666015625
27310,7300.1015625
27311,7836.95947265625
27312,12766.384765625
27313,10281.1005859375
27314,8847.8798828125
27315,6151.5078125
27316,18796.73046875
27317,9646.3935546875
27318,9446.771484375
27319,13196.1181640625
27320,10047.337890625
27321,12595.8388671875
27322,8629.2353515625
27323,8284.2880859375
27324,13904.7958984375
27325,20231.646484375
27326,8762.71875
27327,8238.439453125
27328,7647.232421875
27329,10164.7626953125
27330,9991.044921875
27331,12286.1337890625
27332,13204.0009765625
27333,6597.58642578125
27334,5560.46630859375
27335,8733.3447265625
27336,14244.77734375
27337,6958.8369140625
27338,10914.892578125
27339,5035.72021484375
27340,10638.5859375
27341,9664.578125
27342,10464.400390625
27343,11447.56640625
27344,8999.0478515625
27345,6878.6708984375
27346,8621.7265625
27347,10995.3408203125
27348,11016.8564453125
27349,9929.806640625
27350,10790.255859375
27351,8546.341796875
27352,6557.84619140625
27353,13575.826171875
27354,5360.12841796875
27355,12584.0029296875
27356,8192.14453125
27357,6712.96142578125
27358,11077.6484375
27359,7953.68017578125
27360,10378.197265625
27361,11023.0849609375
27362,6148.23681640625
27363,6275.64990234375
27364,11842.5673828125
27365,13388.6513671875
27366,12023.701171875
27367,7852.07373046875
27368,8514.7587890625
27369,10399.384765625
27370,8977.244140625
27371,7275.2900390625
27372,15535.041015625
27373,12651.1455078125
27374,13159.4365234375
27375,6009.267578125
27376,8547.244140625
27377,9343.720703125
27378,12061.8623046875
27379,7905.94970703125
27380,14334.5810546875
27381,8271.224609375
27382,8223.2578125
27383,7892.7802734375
27384,9083.564453125
27385,6828.82373046875
27386,10638.77734375
27387,7701.1103515625
27388,7597.9462890625
27389,15575.884765625
27390,7338.41748046875
27391,26557.017578125
27392,10822.2265625
27393,0.0
27394,0.0
27395,0.0
27396,0.0
27397,0.0
27398,0.0
27399,0.0
27400,0.0
27401,0.0
27402,0.0
27403,0.0
27404,0.0
27405,0.0
27406,0.0
27407,0.0
27408,0.0
27409,0.0
27410,0.0
27411,0.0
27412,0.0
27413,0.0
27414,0.0
27415,0.0
27416,0.0
27417,0.0
27418,0.0
27419,0.0
27420,0.0
27421,0.0
27422,0.0
27423,0.0
27424,0.0
27425,0.0
27426,0.0
27427,0.0
27428,0.0
27429,0.0
27430,0.0
27431,0.0
27432,0.0
27433,0.0
27434,0.0
27435,0.0
27436,0.0
27437,0.0
27438,0.0
27439,0.0
27440,0.0
27441,0.0
27442,0.0
27443,0.0
27444,0.0
27445,0.0
27446,0.0
27447,0.0
27448,0.0
27449,0.0
27450,0.0
27451,0.0
27452,0.0
27453,0.0
27454,0.0
27455,0.0
27456,0.0
27457,0.0
27458,0.0
27459,0.0
27460,0.0
27461,0.0
27462,0.0
27463,0.0
27464,0.0
27465,0.0
27466,0.0
27467,0.0
27468,0.0
27469,0.0
27470,0.0
27471,0.0
27472,0.0
27473,0.0
27474,0.0
27475,0.0
27476,0.0
27477,0.0
27478,0.0
27479,0.0
27480,0.0
27481,0.0
27482,0.0
27483,0.0
27484,5367.97900390625
27485,0.0
27486,0.0
27487,0.0
27488,0.0
27489,0.0
27490,0.0
27491,0.0
27492,0.0
27493,0.0
27494,0.0
27495,0.0
27496,0.0
27497,0.0
27498,0.0
27499,0.0
27500,0.0
27501,0.0
27502,0.0
27503,0.0
27504,0.0
27505,0.0
27506,0.0
27507,0.0
27508,0.0
27509,0.0
27510,0.0
27511,0.0
27512,0.0
27513,0.0
27514,0.0
27515,0.0
27516,0.0
27517,0.0
27518,0.0
27519,0.0
27520,0.0
27521,0.0
27522,0.0
27523,0.0
27524,0.0
27525,0.0
27526,0.0
27527,0.0
27528,0.0
27529,0.0
27530,0.0
27531,0.0
27532,0.0
27533,0.0
27534,0.0
27535,0.0
27536,0.0
27537,0.0
27538,0.0
27539,0.0
27540,0.0
27541,0.0
27542,0.0
27543,0.0
27544,0.0
27545,0.0
27546,0.0
27547,0.0
27548,0.0
27549,0.0
27550,0.0
27551,0.0
27552,3455.597412109375
27553,0.0
27554,0.0
27555,0.0
27556,0.0
27557,0.0
27558,0.0
27559,0.0
27560,0.0
27561,0.0
27562,0.0
27563,0.0
27564,0.0
27565,0.0
27566,0.0
27567,0.0
27568,0.0
27569,0.0
27570,0.0
27571,0.0
27572,0.0
27573,0.0
27574,0.0
27575,0.0
27576,0.0
27577,0.0
27578,0.0
27579,0.0
27580,0.0
27581,0.0
27582,0.0
27583,0.0
27584,0.0
27585,0.0
27586,0.0
27587,0.0
27588,0.0
27589,0.0
27590,0.0
27591,0.0
27592,0.0
27593,17126.8984375
27594,32013.87109375
27595,0.0
27596,0.0
27597,0.0
27598,0.0
27599,0.0
27600,0.0
27601,0.0
27602,8435.88671875
27603,0.0
27604,0.0
27605,0.0
27606,0.0
27607,0.0
27608,0.0
27609,0.0
27610,0.0
27611,0.0
27612,0.0
27613,0.0
27614,0.0
27615,0.0
27616,0.0
27617,0.0
27618,0.0
27619,0.0
27620,0.0
27621,6136.24853515625
27622,0.0
27623,0.0
27624,0.0
27625,0.0
27626,0.0
27627,0.0
27628,0.0
27629,0.0
27630,0.0
27631,2753.66455078125
27632,0.0
27633,0.0
27634,0.0
27635,0.0
27636,0.0
27637,0.0
27638,0.0
27639,0.0
27640,0.0
27641,0.0
27642,0.0
27643,0.0
27644,0.0
27645,0.0
27646,0.0
27647,0.0
27648,0.0
27649,8824.080078125
27650,0.0
27651,0.0
27652,0.0
27653,0.0
27654,0.0
27655,0.0
27656,0.0
27657,0.0
27658,0.0
27659,0.0
27660,0.0
27661,0.0
27662,0.0
27663,0.0
27664,0.0
27665,0.0
27666,9077.232421875
27667,0.0
27668,0.0
27669,0.0
27670,0.0
27671,0.0
27672,0.0
27673,0.0
27674,0.0
27675,0.0
27676,0.0
27677,0.0
27678,0.0
27679,0.0
27680,0.0
27681,0.0
27682,0.0
27683,0.0
27684,0.0
27685,0.0
27686,0.0
27687,0.0
27688,0.0
27689,0.0
27690,0.0
27691,0.0
27692,0.0
27693,0.0
27694,0.0
27695,0.0
27696,0.0
27697,0.0
27698,0.0
27699,0.0
27700,0.0
27701,0.0
27702,0.0
27703,0.0
27704,0.0
27705,0.0
27706,0.0
27707,0.0
27708,0.0
27709,0.0
27710,0.0
27711,0.0
27712,0.0
27713,0.0
27714,0.0
27715,0.0
27716,0.0
27717,0.0
27718,0.0
27719,0.0
27720,0.0
27721,0.0
27722,0.0
27723,0.0
27724,0.0
27725,0.0
27726,0.0
27727,0.0
27728,2164.094482421875
27729,0.0
27730,0.0
27731,0.0
27732,0.0
27733,0.0
27734,0.0
27735,0.0
27736,0.0
27737,0.0
27738,0.0
27739,0.0
27740,0.0
27741,0.0
27742,6531.18505859375
27743,0.0
27744,0.0
27745,0.0
27746,0.0
27747,0.0
27748,0.0
27749,0.0
27750,0.0
27751,0.0
27752,0.0
27753,0.0
27754,0.0
27755,0.0
27756,0.0
27757,0.0
27758,0.0
27759,0.0
27760,0.0
27761,0.0
27762,0.0
27763,0.0
27764,0.0
27765,0.0
27766,0.0
27767,0.0
27768,0.0
27769,0.0
27770,0.0
27771,0.0
27772,0.0
27773,0.0
27774,0.0
27775,0.0
27776,0.0
27777,0.0
27778,0.0
27779,0.0
27780,0.0
27781,0.0
27782,0.0
27783,0.0
27784,0.0
27785,7673.0458984375
27786,0.0
27787,0.0
27788,0.0
27789,0.0
27790,0.0
27791,0.0
27792,0.0
27793,0.0
27794,0.0
27795,2451.046630859375
27796,0.0
27797,0.0
27798,0.0
27799,6503.970703125
27800,0.0
27801,0.0
27802,0.0
27803,0.0
27804,0.0
27805,0.0
27806,0.0
27807,0.0
27808,0.0
27809,0.0
27810,0.0
27811,0.0
27812,0.0
27813,0.0
27814,0.0
27815,0.0
27816,0.0
27817,0.0
27818,0.0
27819,0.0
27820,0.0
27821,0.0
27822,0.0
27823,0.0
27824,0.0
27825,0.0
27826,20914.115234375
27827,0.0
27828,0.0
27829,0.0
27830,0.0
27831,0.0
27832,0.0
27833,0.0
27834,0.0
27835,0.0
27836,0.0
27837,0.0
27838,0.0
27839,0.0
27840,6662.68994140625
27841,0.0
27842,0.0
27843,0.0
27844,0.0
27845,0.0
27846,0.0
27847,0.0
27848,0.0
27849,0.0
27850,0.0
27851,0.0
27852,0.0
27853,0.0
27854,0.0
27855,0.0
27856,0.0
27857,0.0
27858,0.0
27859,0.0
27860,0.0
27861,0.0
27862,0.0
27863,0.0
27864,0.0
27865,0.0
27866,0.0
27867,0.0
27868,0.0
27869,0.0
27870,0.0
27871,0.0
27872,0.0
27873,0.0
27874,0.0
27875,0.0
27876,0.0
27877,0.0
27878,0.0
27879,0.0
27880,0.0
27881,0.0
27882,0.0
27883,0.0
27884,0.0
27885,0.0
27886,0.0
27887,0.0
27888,0.0
27889,0.0
27890,0.0
27891,0.0
27892,0.0
27893,0.0
27894,0.0
27895,0.0
27896,0.0
27897,0.0
27898,0.0
27899,0.0
27900,0.0
27901,0.0
27902,0.0
27903,0.0
27904,0.0
27905,0.0
27906,0.0
27907,0.0
27908,0.0
27909,0.0
27910,0.0
27911,0.0
27912,0.0
27913,0.0
27914,0.0
27915,13373.80078125
27916,0.0
27917,0.0
27918,0.0
27919,0.0
27920,0.0
27921,0.0
27922,0.0
27923,0.0
27924,0.0
27925,0.0
27926,0.0
27927,0.0
27928,0.0
27929,0.0
27930,0.0
27931,0.0
27932,0.0
27933,0.0
27934,0.0
27935,0.0
27936,0.0
27937,0.0
27938,0.0
27939,0.0
27940,0.0
27941,0.0
27942,0.0
27943,0.0
27944,0.0
27945,0.0
27946,0.0
27947,0.0
27948,0.0
27949,0.0
27950,0.0
27951,0.0
27952,0.0
27953,0.0
27954,0.0
27955,0.0
27956,0.0
27957,0.0
27958,0.0
27959,5999.30859375
27960,17510.953125
27961,0.0
27962,0.0
27963,0.0
27964,0.0
27965,0.0
27966,0.0
27967,0.0
27968,0.0
27969,0.0
27970,0.0
27971,0.0
27972,0.0
27973,0.0
27974,0.0
27975,0.0
27976,0.0
27977,0.0
27978,0.0
27979,0.0
27980,0.0
27981,0.0
27982,0.0
27983,0.0
27984,0.0
27985,0.0
27986,0.0
27987,0.0
27988,11528.9599609375
27989,0.0
27990,0.0
27991,0.0
27992,0.0
27993,0.0
27994,0.0
27995,0.0
27996,0.0
27997,0.0
27998,0.0
27999,0.0
28000,0.0
28001,0.0
28002,0.0
28003,0.0
28004,0.0
28005,0.0
28006,0.0
28007,0.0
28008,0.0
28009,0.0
28010,0.0
28011,0.0
28012,0.0
28013,0.0
28014,0.0
28015,0.0
28016,0.0
28017,0.0
28018,0.0
28019,0.0
28020,0.0
28021,0.0
28022,0.0
28023,0.0
28024,0.0
28025,0.0
28026,0.0
28027,0.0
28028,0.0
28029,0.0
28030,0.0
28031,0.0
28032,0.0
28033,0.0
28034,0.0
28035,0.0
28036,0.0
28037,0.0
28038,0.0
28039,0.0
28040,0.0
28041,0.0
28042,0.0
28043,0.0
28044,0.0
28045,0.0
28046,0.0
28047,0.0
28048,0.0
28049,0.0
28050,0.0
28051,0.0
28052,0.0
28053,0.0
28054,0.0
28055,0.0
28056,0.0
28057,0.0
28058,3143.198974609375
28059,0.0
28060,0.0
28061,0.0
28062,2872.765380859375
28063,0.0
28064,0.0
28065,0.0
28066,0.0
28067,0.0
28068,0.0
28069,0.0
28070,0.0
28071,0.0
28072,0.0
28073,0.0
28074,0.0
28075,0.0
28076,0.0
28077,0.0
28078,0.0
28079,0.0
28080,0.0
28081,0.0
28082,0.0
28083,0.0
28084,0.0
28085,0.0
28086,0.0
28087,0.0
28088,0.0
28089,0.0
28090,0.0
28091,0.0
28092,0.0
28093,0.0
28094,0.0
28095,0.0
28096,0.0
28097,0.0
28098,0.0
28099,0.0
28100,0.0
28101,0.0
28102,0.0
28103,0.0
28104,0.0
28105,0.0
28106,0.0
28107,0.0
28108,0.0
28109,0.0
28110,0.0
28111,0.0
28112,0.0
28113,2965.862060546875
28114,0.0
28115,0.0
28116,0.0
28117,0.0
28118,0.0
28119,0.0
28120,0.0
28121,0.0
28122,0.0
28123,0.0
28124,0.0
28125,0.0
28126,0.0
28127,0.0
28128,11253.5615234375
28129,0.0
28130,0.0
28131,0.0
28132,0.0
28133,0.0
28134,0.0
28135,0.0
28136,0.0
28137,0.0
28138,0.0
28139,0.0
28140,0.0
28141,0.0
28142,0.0
28143,0.0
28144,0.0
28145,0.0
28146,0.0
28147,0.0
28148,0.0
28149,0.0
28150,0.0
28151,0.0
28152,0.0
28153,0.0
28154,0.0
28155,0.0
28156,0.0
28157,0.0
28158,0.0
28159,0.0
28160,0.0
28161,0.0
28162,0.0
28163,0.0
28164,0.0
28165,0.0
28166,0.0
28167,0.0
28168,0.0
28169,0.0
28170,0.0
28171,0.0
28172,0.0
28173,0.0
28174,0.0
28175,0.0
28176,0.0
28177,0.0
28178,0.0
28179,0.0
28180,0.0
28181,0.0
28182,0.0
28183,0.0
28184,0.0
28185,0.0
28186,0.0
28187,0.0
28188,0.0
28189,0.0
28190,0.0
28191,0.0
28192,4678.46923828125
28193,0.0
28194,0.0
28195,0.0
28196,0.0
28197,0.0
28198,0.0
28199,0.0
28200,0.0
28201,0.0
28202,0.0
28203,0.0
28204,0.0
28205,0.0
28206,0.0
28207,0.0
28208,0.0
28209,0.0
28210,0.0
28211,0.0
28212,0.0
28213,0.0
28214,0.0
28215,0.0
28216,0.0
28217,0.0
28218,0.0
28219,0.0
28220,0.0
28221,0.0
28222,0.0
28223,0.0
28224,0.0
28225,0.0
28226,0.0
28227,0.0
28228,0.0
28229,0.0
28230,0.0
28231,0.0
28232,0.0
28233,14715.748046875
28234,5485.66796875
28235,0.0
28236,0.0
28237,0.0
28238,0.0
28239,0.0
28240,0.0
28241,0.0
28242,0.0
28243,0.0
28244,0.0
28245,0.0
28246,0.0
28247,0.0
28248,0.0
28249,4631.6484375
28250,3700.6279296875
28251,7219.95263671875
28252,2973.447021484375
28253,6264.44775390625
28254,4710.564453125
28255,5746.9296875
28256,6460.02294921875
28257,0.0
28258,2837.718017578125
28259,6228.52880859375
28260,5293.95263671875
28261,3998.394287109375
28262,0.0
28263,5745.19775390625
28264,0.0
28265,6134.52197265625
28266,6773.3623046875
28267,8007.32275390625
28268,5341.75927734375
28269,7401.12060546875
28270,3665.223876953125
28271,5596.63037109375
28272,0.0
28273,8095.4462890625
28274,7603.3984375
28275,0.0
28276,5969.3408203125
28277,3076.296875
28278,4792.89013671875
28279,0.0
28280,7067.46533203125
28281,4310.005859375
28282,5548.0712890625
28283,0.0
28284,6122.583984375
28285,2284.03662109375
28286,7910.68505859375
28287,5221.37744140625
28288,0.0
28289,0.0
28290,4022.06298828125
28291,8646.75390625
28292,5120.1376953125
28293,3778.77587890625
28294,3695.979248046875
28295,7703.36181640625
28296,10431.4970703125
28297,6544.61767578125
28298,5719.08837890625
28299,8153.3974609375
28300,7591.8193359375
28301,5902.49853515625
28302,5883.62646484375
28303,2374.809326171875
28304,2491.558349609375
28305,4320.947265625
28306,6244.41064453125
28307,6398.828125
28308,7653.8671875
28309,4155.14501953125
28310,8560.796875
28311,0.0
28312,4856.2275390625
28313,2909.0234375
28314,10017.361328125
28315,3421.012451171875
28316,0.0
28317,6821.21240234375
28318,4165.2060546875
28319,5523.35986328125
28320,2611.181640625
28321,5677.82568359375
28322,5224.994140625
28323,0.0
28324,0.0
28325,7143.2353515625
28326,5367.28662109375
28327,3402.312744140625
28328,7629.7412109375
28329,0.0
28330,5497.79931640625
28331,3474.1171875
28332,6052.7451171875
28333,5750.31005859375
28334,0.0
28335,0.0
28336,2941.859375
28337,7893.1494140625
28338,6715.578125
28339,5350.86328125
28340,8515.1611328125
28341,2263.446044921875
28342,4235.80126953125
28343,4870.93212890625
28344,7751.830078125
28345,0.0
28346,4158.53564453125
28347,5054.49462890625
28348,0.0
28349,6595.97900390625
28350,0.0
28351,0.0
28352,0.0
28353,6320.62939453125
28354,4570.666015625
28355,3062.932373046875
28356,5405.68603515625
28357,0.0
28358,0.0
28359,7931.97119140625
28360,8123.26416015625
28361,0.0
28362,9167.9921875
28363,3015.184326171875
28364,3680.666259765625
28365,7661.77001953125
28366,6086.85595703125
28367,7567.97802734375
28368,9648.0625
28369,5156.27783203125
28370,4914.81884765625
28371,6666.1416015625
28372,6971.97216796875
28373,4016.107421875
28374,0.0
28375,5253.6982421875
28376,4682.20263671875
28377,5433.7763671875
28378,2639.538818359375
28379,5525.0751953125
28380,0.0
28381,0.0
28382,6294.12255859375
28383,2800.028076171875
28384,6122.72509765625
28385,7139.5419921875
28386,2395.9130859375
28387,5174.35302734375
28388,0.0
28389,5261.11181640625
28390,0.0
28391,4145.7265625
28392,5718.689453125
28393,7435.91259765625
28394,0.0
28395,0.0
28396,0.0
28397,3992.06591796875
28398,5482.13232421875
28399,9655.6318359375
28400,5767.169921875
28401,8086.69580078125
28402,6240.08642578125
28403,5379.7744140625
28404,6369.95703125
28405,0.0
28406,4258.73046875
28407,7962.1962890625
28408,5769.537109375
28409,3267.3681640625
28410,3576.141845703125
28411,7505.03857421875
28412,7897.0478515625
28413,0.0
28414,5803.6650390625
28415,4647.6708984375
28416,0.0
28417,2616.719482421875
28418,3354.0068359375
28419,5911.53125
28420,7542.07275390625
28421,4950.5556640625
28422,4986.095703125
28423,8043.07373046875
28424,7429.52978515625
28425,7384.12255859375
28426,0.0
28427,8045.2451171875
28428,8840.173828125
28429,3546.297607421875
28430,4877.76904296875
28431,4945.24072265625
28432,6244.85302734375
28433,3071.416748046875
28434,3872.429931640625
28435,4806.75439453125
28436,8616.37890625
28437,6288.73681640625
28438,7712.40087890625
28439,6670.67236328125
28440,4619.97705078125
28441,8117.40185546875
28442,15392.4677734375
28443,8953.5205078125
28444,3738.742431640625
28445,4562.4765625
28446,6526.32470703125
28447,6298.56689453125
28448,0.0
28449,9510.03515625
28450,18001.81640625
28451,0.0
28452,3693.431640625
28453,10700.7060546875
28454,3335.398193359375
28455,5615.0419921875
28456,3640.9736328125
28457,6062.2685546875
28458,5304.18798828125
28459,0.0
28460,0.0
28461,6046.53759765625
28462,8951.30859375
28463,6142.1533203125
28464,6343.39013671875
28465,0.0
28466,0.0
28467,6173.66455078125
28468,0.0
28469,0.0
28470,5838.7138671875
28471,3943.752685546875
28472,3585.0771484375
28473,5980.3779296875
28474,4769.16357421875
28475,4925.70556640625
28476,0.0
28477,9517.26171875
28478,7410.89453125
28479,4665.556640625
28480,4113.80908203125
28481,4109.8125
28482,5354.21484375
28483,6075.05029296875
28484,0.0
28485,5693.70654296875
28486,5388.314453125
28487,7159.43701171875
28488,5583.7744140625
28489,4328.09130859375
28490,3282.290771484375
28491,2725.2412109375
28492,8505.1953125
28493,0.0
28494,5499.9111328125
28495,11814.537109375
28496,7296.87890625
28497,4003.132568359375
28498,5401.4580078125
28499,2827.391845703125
28500,3819.2177734375
28501,3712.0478515625
28502,4598.3330078125
28503,9513.2880859375
28504,4497.912109375
28505,8647.630859375
28506,9087.357421875
28507,6661.74462890625
28508,5116.4365234375
28509,4535.9345703125
28510,5212.1865234375
28511,5603.3544921875
28512,0.0
28513,5416.93212890625
28514,6616.07421875
28515,0.0
28516,5911.16064453125
28517,5867.619140625
28518,0.0
28519,6678.09130859375
28520,5029.84765625
28521,6800.86279296875
28522,5001.33740234375
28523,8138.060546875
28524,6563.11181640625
28525,6812.40576171875
28526,8101.69384765625
28527,6915.20947265625
28528,8422.169921875
28529,2878.3408203125
28530,0.0
28531,5772.1630859375
28532,9502.3720703125
28533,7727.06201171875
28534,6749.2294921875
28535,6907.96044921875
28536,7078.869140625
28537,5380.208984375
28538,6985.31884765625
28539,6491.43359375
28540,3271.0283203125
28541,6462.67724609375
28542,16525.4453125
28543,0.0
28544,6411.09619140625
28545,6564.48779296875
28546,7869.51318359375
28547,8098.07763671875
28548,2714.111083984375
28549,4408.59423828125
28550,6534.35107421875
28551,8359.9580078125
28552,2948.06787109375
28553,4120.91796875
28554,5507.5185546875
28555,0.0
28556,5420.30908203125
28557,3135.497802734375
28558,2948.33251953125
28559,7909.12841796875
28560,0.0
28561,4569.50146484375
28562,5867.9873046875
28563,4862.8603515625
28564,9421.794921875
28565,0.0
28566,0.0
28567,7543.43798828125
28568,6656.46533203125
28569,8626.169921875
28570,4267.31298828125
28571,2602.831298828125
28572,0.0
28573,11593.201171875
28574,3784.88623046875
28575,6424.361328125
28576,1963.7861328125
28577,3236.923583984375
28578,5629.84814453125
28579,0.0
28580,0.0
28581,0.0
28582,9453.6572265625
28583,7767.6201171875
28584,4273.07373046875
28585,0.0
28586,1975.217529296875
28587,3681.093994140625
28588,6481.24169921875
28589,4816.95556640625
28590,10150.5087890625
28591,2307.584716796875
28592,5150.298828125
28593,5822.935546875
28594,7900.0234375
28595,9653.5419921875
28596,4679.0146484375
28597,3341.61865234375
28598,9751.232421875
28599,9418.53125
28600,3948.86083984375
28601,0.0
28602,8954.6572265625
28603,6300.56591796875
28604,4816.8310546875
28605,3801.6396484375
28606,7227.265625
28607,4068.234619140625
28608,11204.41796875
28609,7487.81494140625
28610,11505.732421875
28611,0.0
28612,5158.47265625
28613,1963.8348388671875
28614,5870.09521484375
28615,0.0
28616,5371.017578125
28617,8459.2373046875
28618,0.0
28619,2195.07763671875
28620,6852.37451171875
28621,3779.20947265625
28622,0.0
28623,7321.89794921875
28624,5280.74609375
28625,7558.544921875
28626,4861.13330078125
28627,7344.041015625
28628,0.0
28629,5795.76611328125
28630,0.0
28631,0.0
28632,8616.0048828125
28633,6106.68505859375
28634,3317.2373046875
28635,4239.609375
28636,6346.77197265625
28637,5517.49755859375
28638,4804.84521484375
28639,5132.6240234375
28640,5751.6083984375
28641,6662.76171875
28642,0.0
28643,9003.546875
28644,3773.176025390625
28645,3794.764892578125
28646,5245.61474609375
28647,5418.96240234375
28648,3421.723388671875
28649,5161.58056640625
28650,6646.10693359375
28651,7017.39892578125
28652,10251.0087890625
28653,8281.486328125
28654,7385.15966796875
28655,6923.00830078125
28656,4438.1357421875
28657,8762.3125
28658,7988.2890625
28659,6041.92626953125
28660,5078.96875
28661,5477.8310546875
28662,4519.60595703125
28663,4243.54296875
28664,0.0
28665,0.0
28666,5963.70263671875
28667,0.0
28668,1318.35693359375
28669,7125.45458984375
28670,0.0
28671,8525.11328125
28672,3860.537841796875
28673,5401.6982421875
28674,5411.177734375
28675,4795.85205078125
28676,9978.625
28677,5069.55908203125
28678,0.0
28679,3194.507080078125
28680,2606.87939453125
28681,4883.2578125
28682,13366.7587890625
28683,3237.487060546875
28684,5801.56201171875
28685,5071.3681640625
28686,3666.980224609375
28687,3055.88623046875
28688,6671.18798828125
28689,2416.78369140625
28690,0.0
28691,5324.296875
28692,0.0
28693,8065.6376953125
28694,336.54180908203125
28695,4232.7392578125
28696,9912.115234375
28697,7059.140625
28698,8322.583984375
28699,2734.041748046875
28700,4617.806640625
28701,5212.67138671875
28702,4027.56103515625
28703,15310.0439453125
28704,0.0
28705,5896.72021484375
28706,3437.229248046875
28707,5853.84912109375
28708,4152.70458984375
28709,2681.10888671875
28710,8388.9453125
28711,4909.51806640625
28712,0.0
28713,5954.92822265625
28714,5699.53271484375
28715,4720.67822265625
28716,5649.25927734375
28717,0.0
28718,6977.43408203125
28719,3184.42724609375
28720,0.0
28721,6811.0439453125
28722,7820.16943359375
28723,5351.0244140625
28724,7380.77685546875
28725,0.0
28726,0.0
28727,5047.0712890625
28728,3048.837890625
28729,3736.652587890625
28730,4917.83837890625
28731,4437.57763671875
28732,8709.2607421875
28733,3881.706298828125
28734,0.0
28735,5338.13818359375
28736,7668.6865234375
28737,0.0
28738,4650.12109375
28739,0.0
28740,0.0
28741,2745.040283203125
28742,11098.7177734375
28743,3444.53271484375
28744,3014.539306640625
28745,6257.3681640625
28746,0.0
28747,10357.166015625
28748,0.0
28749,4675.36767578125
28750,0.0
28751,6588.3837890625
28752,4831.7861328125
28753,6182.52392578125
28754,2506.2138671875
28755,3661.929931640625
28756,4065.425048828125
28757,2682.536376953125
28758,0.0
28759,7029.73193359375
28760,6459.80126953125
28761,6113.36474609375
28762,4610.17578125
28763,7398.36376953125
28764,7485.8076171875
28765,0.0
28766,0.0
28767,0.0
28768,7168.875
28769,4768.2783203125
28770,1854.9732666015625
28771,6724.2548828125
28772,0.0
28773,5681.69384765625
28774,5708.66748046875
28775,2968.73095703125
28776,0.0
28777,2716.4462890625
28778,8916.1923828125
28779,5418.68896484375
28780,4184.41796875
28781,8201.94921875
28782,3313.774169921875
28783,4328.93798828125
28784,0.0
28785,2861.631103515625
28786,7128.419921875
28787,9189.0068359375
28788,7217.40966796875
28789,2623.986572265625
28790,0.0
28791,0.0
28792,2337.514892578125
28793,4583.7705078125
28794,0.0
28795,5323.18896484375
28796,0.0
28797,4304.60888671875
28798,0.0
28799,7594.31494140625
28800,5816.8759765625
28801,0.0
28802,4007.289306640625
28803,5485.23828125
28804,0.0
28805,6256.0185546875
28806,7493.61767578125
28807,7061.0732421875
28808,8454.607421875
28809,5978.8974609375
28810,5310.82421875
28811,2476.327392578125
28812,5900.45654296875
28813,8606.5068359375
28814,5982.298828125
28815,8498.171875
28816,14476.541015625
28817,2370.96337890625
28818,0.0
28819,4273.51123046875
28820,8841.6982421875
28821,0.0
28822,7311.96044921875
28823,7249.0341796875
28824,7696.14013671875
28825,0.0
28826,6258.505859375
28827,5437.94287109375
28828,3329.085205078125
28829,0.0
28830,3318.945068359375
28831,3191.950927734375
28832,6310.90283203125
28833,15025.6357421875
28834,5446.1435546875
28835,3257.272705078125
28836,5011.29248046875
28837,4894.83935546875
28838,6641.55224609375
28839,2939.03369140625
28840,6479.9853515625
28841,0.0
28842,3609.8994140625
28843,10747.375
28844,11487.3037109375
28845,3453.0185546875
28846,0.0
28847,4124.921875
28848,3965.021484375
28849,4503.146484375
28850,0.0
28851,3513.843505859375
28852,4650.5576171875
28853,0.0
28854,4981.9794921875
28855,4304.521484375
28856,6327.1357421875
28857,3199.529052734375
28858,8133.796875
28859,6491.95556640625
28860,4498.78076171875
28861,4007.000244140625
28862,3551.529052734375
28863,4908.64892578125
28864,0.0
28865,9267.03125
28866,3917.453125
28867,3759.626708984375
28868,6321.51123046875
28869,6003.7568359375
28870,0.0
28871,0.0
28872,0.0
28873,10366.212890625
28874,6790.16015625
28875,5789.78173828125
28876,3422.34765625
28877,4778.0859375
28878,0.0
28879,3392.442138671875
28880,4405.46240234375
28881,5453.958984375
28882,0.0
28883,6895.525390625
28884,4681.35986328125
28885,5587.2373046875
28886,0.0
28887,6936.99267578125
28888,5591.0078125
28889,8886.19921875
28890,7225.6015625
28891,5602.1826171875
28892,4212.86767578125
28893,2541.02490234375
28894,3967.898193359375
28895,0.0
28896,1820.869873046875
28897,5215.978515625
28898,6060.84375
28899,6548.279296875
28900,5625.59619140625
28901,8294.1318359375
28902,5121.1015625
28903,0.0
28904,2747.279052734375
28905,7639.5
28906,4005.1484375
28907,6988.51318359375
28908,8184.87890625
28909,0.0
28910,0.0
28911,7781.974609375
28912,3350.893310546875
28913,8227.2939453125
28914,6664.0498046875
28915,2756.166015625
28916,8436.3798828125
28917,6750.27001953125
28918,4685.65087890625
28919,8550.1943359375
28920,8081.81201171875
28921,6072.115234375
28922,4233.81103515625
28923,4973.41064453125
28924,5487.4833984375
28925,0.0
28926,6499.85595703125
28927,2965.541015625
28928,4837.376953125
28929,2769.91748046875
28930,0.0
28931,5309.15478515625
28932,4658.9814453125
28933,6438.28564453125
28934,8158.03955078125
28935,0.0
28936,6342.6435546875
28937,0.0
28938,5529.447265625
28939,8831.9580078125
28940,6300.9091796875
28941,3943.661865234375
28942,0.0
28943,5370.3359375
28944,0.0
28945,0.0
28946,0.0
28947,7955.20703125
28948,7994.134765625
28949,6471.25146484375
28950,2631.2705078125
28951,0.0
28952,7786.634765625
28953,6461.85107421875
28954,7275.9560546875
28955,6259.10595703125
28956,0.0
28957,5323.3408203125
28958,4017.36376953125
28959,0.0
28960,0.0
28961,7541.3212890625
28962,2510.841064453125
28963,7764.74658203125
28964,6208.01513671875
28965,5551.35400390625
28966,6904.68603515625
28967,4821.0048828125
28968,6960.7275390625
28969,4318.3984375
28970,3962.97900390625
28971,5741.36962890625
28972,3768.1904296875
28973,5897.73974609375
28974,6286.04638671875
28975,8168.1640625
28976,5914.9208984375
28977,0.0
28978,6246.52001953125
28979,6481.62548828125
28980,6823.03271484375
28981,2747.670166015625
28982,3313.668212890625
28983,7496.1552734375
28984,6006.8271484375
28985,3770.7255859375
28986,6595.24951171875
28987,0.0
28988,4539.75439453125
28989,4369.6943359375
28990,1900.532958984375
28991,7836.1640625
28992,5700.95263671875
28993,4971.41845703125
28994,8713.33203125
28995,6826.99658203125
28996,3275.712646484375
28997,5430.38525390625
28998,3113.763427734375
28999,607.9320068359375
29000,5656.59326171875
29001,0.0
29002,6473.421875
29003,4185.80859375
29004,1426.1302490234375
29005,4728.7373046875
29006,6741.724609375
29007,5728.2978515625
29008,7952.67626953125
29009,3384.5712890625
29010,4152.73095703125
29011,0.0
29012,6175.61474609375
29013,3095.173095703125
29014,2525.98046875
29015,5757.97412109375
29016,3820.6953125
29017,0.0
29018,4522.94775390625
29019,0.0
29020,5117.2822265625
29021,7345.41259765625
29022,4542.78271484375
29023,0.0
29024,10474.623046875
29025,6767.099609375
29026,0.0
29027,1835.8902587890625
29028,4577.4228515625
29029,5785.82958984375
29030,3377.053955078125
29031,8126.68212890625
29032,8388.357421875
29033,6105.74951171875
29034,5956.61572265625
29035,5602.7275390625
29036,6203.068359375
29037,9700.8876953125
29038,3327.210693359375
29039,4009.751953125
29040,4996.3212890625
29041,5165.76171875
29042,0.0
29043,8212.349609375
29044,5435.53076171875
29045,0.0
29046,2431.8681640625
29047,5561.99853515625
29048,8118.65673828125
29049,3245.268798828125
29050,6386.15673828125
29051,0.0
29052,5980.41748046875
29053,5734.13134765625
29054,4943.96484375
29055,4908.64306640625
29056,3733.29052734375
29057,4691.4814453125
29058,7072.91015625
29059,4276.48583984375
29060,7997.26318359375
29061,5213.0888671875
29062,8822.55859375
29063,4833.01806640625
29064,3503.80517578125
29065,7892.0849609375
29066,0.0
29067,8463.703125
29068,0.0
29069,4929.12353515625
29070,7532.5234375
29071,3487.583251953125
29072,4007.6552734375
29073,5819.0302734375
29074,3485.904296875
29075,2380.160888671875
29076,5543.53759765625
29077,6045.0322265625
29078,0.0
29079,6446.9921875
29080,5624.3779296875
29081,4214.47021484375
29082,6480.31787109375
29083,2734.735107421875
29084,9867.8798828125
29085,6767.64990234375
29086,0.0
29087,0.0
29088,4517.541015625
29089,9710.189453125
29090,7671.43017578125
29091,2523.861328125
29092,8463.5673828125
29093,0.0
29094,5497.42724609375
29095,0.0
29096,4680.44140625
29097,3094.8310546875
29098,5171.49609375
29099,0.0
29100,2568.322021484375
29101,7056.18994140625
29102,5377.11669921875
29103,22679.68359375
29104,7113.7431640625
29105,4222.58056640625
29106,5436.380859375
29107,9940.7783203125
29108,5097.86669921875
29109,6666.35302734375
29110,5358.923828125
29111,7172.30810546875
29112,6286.4365234375
29113,4759.8193359375
29114,4567.18896484375
29115,6734.95947265625
29116,7298.96484375
29117,5825.74560546875
29118,7057.14697265625
29119,5120.828125
29120,5716.83740234375
29121,6746.58056640625
29122,7956.6865234375
29123,9228.4052734375
29124,7110.12939453125
29125,6857.712890625
29126,3873.932373046875
29127,5705.19140625
29128,3613.815185546875
29129,7286.005859375
29130,8430.6240234375
29131,9649.58203125
29132,4807.33642578125
29133,4724.6494140625
29134,3820.019775390625
29135,6126.3701171875
29136,8536.826171875
29137,5759.416015625
29138,4796.7490234375
29139,4205.90380859375
29140,7113.97021484375
29141,3078.80078125
29142,7606.50146484375
29143,5593.41748046875
29144,6926.39794921875
29145,6141.86181640625
29146,5735.75634765625
29147,7400.2841796875
29148,6508.22509765625
29149,4606.69140625
29150,5973.2529296875
29151,6493.4814453125
29152,9713.365234375
29153,5870.38671875
29154,6491.91162109375
29155,8079.35400390625
29156,8758.025390625
29157,6426.49658203125
29158,7434.9091796875
29159,4023.813232421875
29160,4460.314453125
29161,4938.00439453125
29162,7051.54296875
29163,9670.943359375
29164,7164.08251953125
29165,4765.03173828125
29166,7148.0146484375
29167,6752.5126953125
29168,7745.0390625
29169,3660.586669921875
29170,11372.271484375
29171,4636.4296875
29172,5782.603515625
29173,8478.572265625
29174,3969.78662109375
29175,4975.99853515625
29176,5310.388671875
29177,6548.0009765625
29178,5291.46630859375
29179,4721.78955078125
29180,8329.0947265625
29181,7044.15673828125
29182,5382.54345703125
29183,4073.62646484375
29184,7070.958984375
29185,11926.291015625
29186,6377.71923828125
29187,5064.732421875
29188,6505.6943359375
29189,6134.8076171875
29190,6491.42529296875
29191,7223.06298828125
29192,4337.3271484375
29193,7402.98681640625
29194,7228.91552734375
29195,6272.52490234375
29196,8988.009765625
29197,4554.48974609375
29198,4523.64892578125
29199,4615.1513671875
29200,7364.74560546875
29201,7804.30419921875
29202,4468.6328125
29203,4860.50390625
29204,6831.3994140625
29205,5891.48876953125
29206,5404.41845703125
29207,7974.943359375
29208,5809.68310546875
29209,6667.76806640625
29210,5478.32421875
29211,4503.44580078125
29212,5499.86083984375
29213,7913.0771484375
29214,7005.650390625
29215,7202.82373046875
29216,7534.65576171875
29217,5228.57373046875
29218,8988.46875
29219,4606.05810546875
29220,5193.74658203125
29221,8259.9599609375
29222,6174.43212890625
29223,9160.369140625
29224,8772.9609375
29225,6457.7529296875
29226,5830.490234375
29227,7380.16650390625
29228,6962.984375
29229,5786.68994140625
29230,3677.978759765625
29231,5456.40771484375
29232,7034.92138671875
29233,5355.9716796875
29234,3679.52197265625
29235,6803.12060546875
29236,6256.82177734375
29237,5542.87646484375
29238,5396.43359375
29239,4430.4345703125
29240,6266.91162109375
29241,6217.55419921875
29242,6390.3173828125
29243,5241.044921875
29244,4780.24267578125
29245,5765.1669921875
29246,2946.978515625
29247,6316.25146484375
29248,5712.99853515625
29249,8051.64599609375
29250,6621.45263671875
29251,6145.85302734375
29252,10395.5478515625
29253,3928.044189453125
29254,5502.99609375
29255,8982.7373046875
29256,6490.8564453125
29257,7947.61474609375
29258,7224.80029296875
29259,5454.8505859375
29260,5900.6787109375
29261,5014.2060546875
29262,6801.392578125
29263,9386.9150390625
29264,6795.03955078125
29265,3032.9599609375
29266,4691.3037109375
29267,7259.091796875
29268,7539.65380859375
29269,5784.45166015625
29270,5605.63525390625
29271,4404.306640625
29272,4768.46435546875
29273,3601.88525390625
29274,4395.0068359375
29275,6422.4306640625
29276,7028.48095703125
29277,5483.08642578125
29278,5781.36572265625
29279,7648.55322265625
29280,8134.89306640625
29281,7232.77001953125
29282,5138.92041015625
29283,8373.5537109375
29284,8851.873046875
29285,4565.1865234375
29286,6273.8642578125
29287,4837.3583984375
29288,6364.5478515625
29289,3606.569091796875
29290,5648.07177734375
29291,4310.1630859375
29292,8524.5595703125
29293,6752.4267578125
29294,7976.390625
29295,7599.38525390625
29296,5328.91943359375
29297,7260.92724609375
29298,15452.5556640625
29299,9325.767578125
29300,4592.93701171875
29301,3969.337890625
29302,5686.1123046875
29303,6565.0048828125
29304,6097.16552734375
29305,12331.8056640625
29306,19203.08203125
29307,4518.89306640625
29308,5553.35888671875
29309,8998.55859375
29310,4413.20458984375
29311,7344.8818359375
29312,5661.73046875
29313,6737.546875
29314,6105.19287109375
29315,7106.5888671875
29316,6561.28515625
29317,7510.787109375
29318,8703.73046875
29319,6452.4658203125
29320,6194.8134765625
29321,6581.00927734375
29322,4380.77490234375
29323,4660.97265625
29324,6396.3564453125
29325,4929.17529296875
29326,5554.3798828125
29327,6145.1357421875
29328,5384.896484375
29329,4897.14599609375
29330,7249.41943359375
29331,5584.6005859375
29332,8316.2265625
29333,9087.7841796875
29334,7160.525390625
29335,5506.9326171875
29336,4309.37841796875
29337,5143.88916015625
29338,6117.6494140625
29339,5209.95166015625
29340,4944.4853515625
29341,7144.1767578125
29342,5415.3935546875
29343,8127.0703125
29344,5934.2822265625
29345,5142.7080078125
29346,4260.1357421875
29347,5048.1064453125
29348,8500.41015625
29349,5772.052734375
29350,7586.6953125
29351,13658.3369140625
29352,7061.5556640625
29353,5446.46923828125
29354,5188.45458984375
29355,4702.66064453125
29356,6322.427734375
29357,3740.595947265625
29358,5395.83984375
29359,10119.0224609375
29360,5091.61865234375
29361,12736.2646484375
29362,9831.318359375
29363,7683.87939453125
29364,5983.5263671875
29365,5284.701171875
29366,6193.9873046875
29367,5749.455078125
29368,9794.80859375
29369,6643.77880859375
29370,7358.2666015625
29371,4562.0849609375
29372,7498.9794921875
29373,5428.9375
29374,8147.25439453125
29375,6026.9931640625
29376,5233.92236328125
29377,6616.666015625
29378,6844.48779296875
29379,7794.0009765625
29380,8756.931640625
29381,5708.66748046875
29382,8421.6513671875
29383,6655.85595703125
29384,8189.46630859375
29385,5139.45703125
29386,4360.91845703125
29387,5822.48828125
29388,9107.1171875
29389,6319.39794921875
29390,6587.68212890625
29391,7421.61376953125
29392,6961.28369140625
29393,5296.23828125
29394,7811.6767578125
29395,6364.24462890625
29396,3774.908935546875
29397,8764.3388671875
29398,15218.83984375
29399,6233.2861328125
29400,6215.88916015625
29401,7376.6357421875
29402,8382.8310546875
29403,9876.0693359375
29404,4773.28466796875
29405,6066.7216796875
29406,6731.75
29407,8273.7509765625
29408,3956.230224609375
29409,5201.50244140625
29410,5553.28369140625
29411,4918.99365234375
29412,7267.82861328125
29413,4750.1630859375
29414,3563.773193359375
29415,7321.341796875
29416,4543.009765625
29417,4081.59326171875
29418,5530.98193359375
29419,5676.4677734375
29420,8668.537109375
29421,8695.07421875
29422,6712.74462890625
29423,6405.99853515625
29424,6863.83251953125
29425,8966.427734375
29426,5726.42822265625
29427,4438.513671875
29428,5391.810546875
29429,9074.7451171875
29430,4291.302734375
29431,6350.12353515625
29432,3564.291748046875
29433,3721.6533203125
29434,7128.0556640625
29435,6306.35009765625
29436,5233.71923828125
29437,9608.0888671875
29438,9000.7783203125
29439,10306.7880859375
29440,6100.63818359375
29441,9553.2294921875
29442,3251.541015625
29443,5907.99072265625
29444,5999.845703125
29445,3777.9248046875
29446,8058.22265625
29447,4040.4306640625
29448,5765.32177734375
29449,8930.537109375
29450,9107.0751953125
29451,7316.8388671875
29452,5091.12109375
29453,4639.72802734375
29454,11261.87109375
29455,7855.125
29456,4612.0224609375
29457,5457.39013671875
29458,6578.404296875
29459,7612.57861328125
29460,5888.833984375
29461,5208.251953125
29462,7780.6484375
29463,6828.0009765625
29464,10834.5517578125
29465,6466.03125
29466,10648.3935546875
29467,6702.8212890625
29468,5698.26123046875
29469,2804.993408203125
29470,5567.33251953125
29471,5540.54345703125
29472,5526.830078125
29473,7637.33935546875
29474,5018.34130859375
29475,3915.2158203125
29476,6885.01806640625
29477,4538.35009765625
29478,6484.41162109375
29479,6094.50634765625
29480,7809.27099609375
29481,7534.47412109375
29482,4647.912109375
29483,9166.142578125
29484,5994.63671875
29485,5712.30810546875
29486,6796.50830078125
29487,5219.923828125
29488,8381.05859375
29489,6372.7841796875
29490,4351.36865234375
29491,5183.587890625
29492,7650.20068359375
29493,6188.515625
29494,6252.5419921875
29495,8184.59228515625
29496,5370.8427734375
29497,7266.58544921875
29498,6274.99462890625
29499,8687.6708984375
29500,4756.1044921875
29501,5732.568359375
29502,5652.69091796875
29503,5407.1015625
29504,4384.7451171875
29505,5268.1884765625
29506,8367.548828125
29507,8243.0732421875
29508,10523.1826171875
29509,10055.373046875
29510,8058.05029296875
29511,7477.49609375
29512,5131.515625
29513,9151.029296875
29514,9686.9560546875
29515,7059.3251953125
29516,6925.37841796875
29517,7141.974609375
29518,4840.814453125
29519,5580.20458984375
29520,7207.8720703125
29521,6310.80224609375
29522,5863.455078125
29523,5626.3515625
29524,1750.70849609375
29525,8440.30859375
29526,6780.7998046875
29527,7665.5380859375
29528,5137.6533203125
29529,4956.625
29530,6310.0595703125
29531,6616.36083984375
29532,6797.74169921875
29533,5497.6474609375
29534,4705.80859375
29535,3308.478515625
29536,3512.441162109375
29537,6733.10693359375
29538,16249.6171875
29539,4146.20068359375
29540,5642.56494140625
29541,5961.69091796875
29542,5439.0146484375
29543,3993.7978515625
29544,5526.67919921875
29545,3839.38232421875
29546,7722.32275390625
29547,6795.86572265625
29548,3221.016357421875
29549,8150.947265625
29550,4241.2001953125
29551,4963.4248046875
29552,10571.6455078125
29553,6384.072265625
29554,9306.4873046875
29555,5011.55810546875
29556,5547.55126953125
29557,4612.84619140625
29558,5136.49267578125
29559,13160.728515625
29560,10635.892578125
29561,7138.7509765625
29562,4728.6044921875
29563,5298.0224609375
29564,6061.001953125
29565,4592.40234375
29566,9512.8115234375
29567,4580.19775390625
29568,4985.40576171875
29569,7137.5048828125
29570,5037.43896484375
29571,5749.48583984375
29572,5925.78369140625
29573,6885.94970703125
29574,6506.361328125
29575,3735.03515625
29576,5175.44091796875
29577,6500.46826171875
29578,7742.20361328125
29579,7611.646484375
29580,7070.48486328125
29581,3667.922119140625
29582,8069.08837890625
29583,5165.9541015625
29584,4800.33740234375
29585,5697.18896484375
29586,6956.00146484375
29587,5452.5439453125
29588,6883.9619140625
29589,5989.671875
29590,6501.00927734375
29591,5221.30859375
29592,6557.37548828125
29593,7115.39013671875
29594,4259.4287109375
29595,10131.890625
29596,6031.48876953125
29597,4364.16015625
29598,10844.4365234375
29599,5058.181640625
29600,2886.019775390625
29601,6959.57763671875
29602,9907.1083984375
29603,8904.0732421875
29604,4802.111328125
29605,5717.09326171875
29606,5061.88037109375
29607,6196.97705078125
29608,5642.52978515625
29609,6156.55615234375
29610,2684.62060546875
29611,4542.54931640625
29612,5776.9931640625
29613,4014.696533203125
29614,4851.255859375
29615,6528.4931640625
29616,6345.09619140625
29617,6325.32763671875
29618,6319.46484375
29619,6122.16796875
29620,7438.97607421875
29621,5436.044921875
29622,5959.8701171875
29623,6442.0693359375
29624,7853.634765625
29625,6909.5869140625
29626,3811.994140625
29627,9141.123046875
29628,8232.5263671875
29629,6051.1650390625
29630,4720.0126953125
29631,4301.89306640625
29632,7868.8359375
29633,4682.15673828125
29634,8363.5927734375
29635,6312.44873046875
29636,4403.81884765625
29637,7425.24560546875
29638,5143.02197265625
29639,4344.2060546875
29640,6558.373046875
29641,4431.185546875
29642,8153.77001953125
29643,9204.318359375
29644,6827.50537109375
29645,4458.05908203125
29646,4535.3427734375
29647,4136.2421875
29648,3642.879638671875
29649,6513.48779296875
29650,5369.2001953125
29651,8643.4599609375
29652,4377.34033203125
29653,5465.06982421875
29654,5913.375
29655,7357.607421875
29656,5991.47412109375
29657,5141.396484375
29658,4012.791015625
29659,6486.4345703125
29660,5649.13232421875
29661,6333.54052734375
29662,7094.66845703125
29663,7357.61865234375
29664,7409.458984375
29665,6968.52294921875
29666,5540.22021484375
29667,3993.344970703125
29668,5141.9375
29669,10195.857421875
29670,7388.74267578125
29671,9281.77734375
29672,15666.4189453125
29673,4469.55126953125
29674,4601.63623046875
29675,5830.86767578125
29676,8780.513671875
29677,9404.7744140625
29678,6660.47705078125
29679,7562.38818359375
29680,7463.671875
29681,5900.3935546875
29682,5712.828125
29683,4633.46630859375
29684,5025.24951171875
29685,4786.27587890625
29686,4262.98291015625
29687,4149.3427734375
29688,7064.52880859375
29689,14692.501953125
29690,5869.06103515625
29691,5089.9267578125
29692,6584.0732421875
29693,4361.62841796875
29694,6938.7353515625
29695,5225.8740234375
29696,8532.140625
29697,6340.822265625
29698,6363.60400390625
29699,11401.640625
29700,13577.7236328125
29701,4477.91845703125
29702,6621.041015625
29703,4164.6220703125
29704,5018.63623046875
29705,5203.2275390625
29706,8168.6015625
29707,4225.5537109375
29708,4826.2578125
29709,4387.6943359375
29710,5080.2216796875
29711,6075.23046875
29712,5807.86865234375
29713,3904.831787109375
29714,7224.01123046875
29715,7137.49755859375
29716,5942.3505859375
29717,3926.666259765625
29718,3307.431884765625
29719,7218.87451171875
29720,4236.7353515625
29721,8970.84765625
29722,3927.49755859375
29723,4975.66259765625
29724,6382.11474609375
29725,6428.5556640625
29726,4618.056640625
29727,4647.73046875
29728,5796.71337890625
29729,9300.2998046875
29730,8590.0751953125
29731,5815.396484375
29732,3731.4150390625
29733,5313.4462890625
29734,5733.81494140625
29735,4593.712890625
29736,4815.5107421875
29737,5745.44091796875
29738,11144.490234375
29739,6694.916015625
29740,5849.54248046875
29741,6678.22509765625
29742,3719.1630859375
29743,9232.630859375
29744,4735.2021484375
29745,10955.8291015625
29746,6274.28662109375
29747,5142.36083984375
29748,5138.24267578125
29749,4398.4208984375
29750,5472.1220703125
29751,19919.77734375
29752,3208.594970703125
29753,5244.2744140625
29754,9114.8125
29755,5523.3671875
29756,6374.36572265625
29757,8009.29443359375
29758,5212.568359375
29759,5792.88671875
29760,4165.8212890625
29761,8740.2109375
29762,5532.92626953125
29763,6453.35400390625
29764,6919.32275390625
29765,4413.6884765625
29766,7117.9150390625
29767,8296.5048828125
29768,4148.54638671875
29769,9975.3916015625
29770,9714.96484375
29771,3616.5400390625
29772,7688.69677734375
29773,6779.08837890625
29774,5668.46484375
29775,8790.3056640625
29776,6838.515625
29777,7219.80126953125
29778,4493.1328125
29779,6317.46240234375
29780,6846.7822265625
29781,4807.576171875
29782,7862.9150390625
29783,4425.01220703125
29784,5273.7587890625
29785,5189.49755859375
29786,6191.1650390625
29787,5684.17919921875
29788,7182.0751953125
29789,6316.17333984375
29790,7663.2822265625
29791,5553.46826171875
29792,6648.1552734375
29793,5436.484375
29794,7293.38623046875
29795,8936.515625
29796,6260.45556640625
29797,4267.5546875
29798,4946.39697265625
29799,6704.185546875
29800,5330.1357421875
29801,11992.6201171875
29802,5380.86474609375
29803,8641.8671875
29804,7965.2236328125
29805,6881.18408203125
29806,3399.123291015625
29807,16868.103515625
29808,9089.7822265625
29809,5703.56884765625
29810,6940.68701171875
29811,7918.783203125
29812,7035.833984375
29813,6316.5234375
29814,6899.38916015625
29815,5034.43408203125
29816,6089.87548828125
29817,7473.73388671875
29818,3598.85791015625
29819,7069.06640625
29820,6468.87158203125
29821,6705.669921875
29822,5966.5927734375
29823,5804.06103515625
29824,5938.34765625
29825,4887.95849609375
29826,7184.12841796875
29827,7873.24755859375
29828,6564.87646484375
29829,5727.50732421875
29830,5641.2861328125
29831,8462.0673828125
29832,5440.50341796875
29833,4350.4970703125
29834,5793.951171875
29835,7118.59423828125
29836,6344.6357421875
29837,4271.23681640625
29838,5439.12255859375
29839,6096.26904296875
29840,7946.576171875
29841,5302.443359375
29842,6747.09814453125
29843,6793.54248046875
29844,4561.2314453125
29845,4868.880859375
29846,2824.05078125
29847,7067.82763671875
29848,6553.82568359375
29849,5949.79541015625
29850,8705.080078125
29851,7042.39990234375
29852,4544.25927734375
29853,7162.53466796875
29854,3598.92578125
29855,2534.553955078125
29856,6671.01025390625
29857,9023.265625
29858,8004.748046875
29859,6016.40576171875
29860,3141.968994140625
29861,5918.52880859375
29862,7436.681640625
29863,4631.08154296875
29864,7362.1416015625
29865,4324.44580078125
29866,4134.568359375
29867,4413.50634765625
29868,5419.80859375
29869,5092.60400390625
29870,3703.232421875
29871,5178.892578125
29872,3756.224609375
29873,7038.9716796875
29874,6731.4091796875
29875,5001.02099609375
29876,5715.173828125
29877,6995.59765625
29878,4504.931640625
29879,3863.929931640625
29880,8336.0869140625
29881,6130.59521484375
29882,5999.20458984375
29883,3226.9892578125
29884,10371.04296875
29885,6751.99072265625
29886,4275.291015625
29887,7679.490234375
29888,6710.28125
29889,6351.134765625
29890,5715.166015625
29891,6325.1748046875
29892,7775.11669921875
29893,10603.044921875
29894,4360.55712890625
29895,4337.93505859375
29896,5284.76318359375
29897,5642.03515625
29898,6739.08740234375
29899,7760.26611328125
29900,6885.63330078125
29901,4755.5244140625
29902,3616.4462890625
29903,5302.53271484375
29904,10680.17578125
29905,4266.32861328125
29906,6714.81689453125
29907,3225.058349609375
29908,6784.5458984375
29909,5893.54150390625
29910,5995.8828125
29911,5900.720703125
29912,5626.6455078125
29913,4072.954345703125
29914,6257.94482421875
29915,6260.3720703125
29916,6952.068359375
29917,6418.7646484375
29918,8089.04296875
29919,4669.73095703125
29920,4306.8837890625
29921,9235.1005859375
29922,3945.724365234375
29923,8917.876953125
29924,6326.2236328125
29925,4263.44775390625
29926,6549.14990234375
29927,4747.66748046875
29928,6321.46533203125
29929,7097.06494140625
29930,3898.992431640625
29931,4049.43505859375
29932,5487.31201171875
29933,7649.29150390625
29934,8629.900390625
29935,5920.1923828125
29936,5227.19384765625
29937,4726.43212890625
29938,6281.291015625
29939,3926.58984375
29940,10274.22265625
29941,7703.3251953125
29942,9756.650390625
29943,3941.6142578125
29944,5224.38623046875
29945,11705.2001953125
29946,8720.806640625
29947,3589.077392578125
29948,9188.216796875
29949,5257.5205078125
29950,5237.2548828125
29951,4680.06982421875
29952,4880.91455078125
29953,4661.5908203125
29954,5183.94287109375
29955,4141.349609375
29956,3869.554443359375
29957,7922.14306640625
29958,6046.888671875
29959,21431.9140625
29960,5758.21826171875
29961,4327.1181640625
29962,5905.32470703125
29963,9260.69140625
29964,5363.14599609375
29965,6641.23193359375
29966,5079.7041015625
29967,7210.08544921875
29968,5771.3017578125
29969,3846.13818359375
29970,4654.06494140625
29971,5477.0693359375
29972,7023.5048828125
29973,5779.1669921875
29974,8577.029296875
29975,4193.46484375
29976,5217.84423828125
29977,6440.1689453125
29978,7903.35595703125
29979,9377.0234375
29980,6718.9716796875
29981,6608.9423828125
29982,4321.1044921875
29983,5149.3369140625
29984,3502.412841796875
29985,7016.30078125
29986,8501.3837890625
29987,8918.7578125
29988,4326.10791015625
29989,4912.04296875
29990,4191.2392578125
29991,5746.49658203125
29992,8405.3818359375
29993,5400.95751953125
29994,4223.28369140625
29995,4291.91064453125
29996,6866.75634765625
29997,3007.763916015625
29998,6499.38916015625
29999,4426.37353515625
30000,6226.04541015625
30001,5955.544921875
30002,5241.21630859375
30003,7011.41796875
30004,5883.46728515625
30005,4513.318359375
30006,5674.95556640625
30007,6108.79296875
30008,9655.6513671875
30009,5515.0146484375
30010,6720.6962890625
30011,7750.4921875
30012,7901.32275390625
30013,5883.59375
30014,6911.45068359375
30015,3421.5986328125
30016,4363.02587890625
30017,4823.97705078125
30018,6335.59912109375
30019,7998.1865234375
30020,6557.12744140625
30021,4503.380859375
30022,6743.1171875
30023,6291.09912109375
30024,8424.12890625
30025,3756.82275390625
30026,10881.0830078125
30027,4207.0029296875
30028,5813.9375
30029,8456.4912109375
30030,3773.089111328125
30031,4531.8759765625
30032,5170.171875
30033,6414.80712890625
30034,4920.2958984375
30035,4297.5068359375
30036,7372.2353515625
30037,6524.00634765625
30038,4906.8779296875
30039,4088.68310546875
30040,6642.556640625
30041,10897.3583984375
30042,5920.35986328125
30043,5289.64013671875
30044,5662.447265625
30045,6010.89794921875
30046,5194.76220703125
30047,6496.36865234375
30048,4331.96826171875
30049,6901.97900390625
30050,6590.310546875
30051,5462.46337890625
30052,9141.83203125
30053,3785.482177734375
30054,4362.82421875
30055,3909.68212890625
30056,6940.416015625
30057,7450.6923828125
30058,4173.845703125
30059,4714.8427734375
30060,6134.54736328125
30061,5734.97314453125
30062,5118.23046875
30063,6118.04833984375
30064,5095.1904296875
30065,6776.7705078125
30066,4619.79638671875
30067,4138.0419921875
30068,4692.56591796875
30069,7337.31689453125
30070,6571.609375
30071,7328.51123046875
30072,7027.275390625
30073,4929.25927734375
30074,8183.0205078125
30075,4525.765625
30076,5331.55224609375
30077,7948.6845703125
30078,5721.9462890625
30079,8946.2783203125
30080,7816.947265625
30081,6110.20751953125
30082,5134.31787109375
30083,6633.265625
30084,6294.59423828125
30085,4981.50390625
30086,3474.2197265625
30087,5236.10107421875
30088,6685.283203125
30089,4907.5283203125
30090,3388.447509765625
30091,6805.62451171875
30092,5647.24462890625
30093,5331.72314453125
30094,4840.5771484375
30095,4577.4375
30096,6559.2236328125
30097,6206.4013671875
30098,6058.4453125
30099,4618.5859375
30100,4690.490234375
30101,5515.89697265625
30102,2857.4287109375
30103,5492.3310546875
30104,5321.85009765625
30105,7184.73095703125
30106,6368.3125
30107,5343.51318359375
30108,8649.142578125
30109,4144.181640625
30110,5044.98046875
30111,8563.21875
30112,5200.7314453125
30113,7154.994140625
30114,7080.15966796875
30115,5039.7333984375
30116,5613.79638671875
30117,4963.27490234375
30118,7569.43505859375
30119,9463.734375
30120,7194.24169921875
30121,2789.035400390625
30122,3932.51171875
30123,6926.46435546875
30124,6006.6796875
30125,5521.49462890625
30126,5259.162109375
30127,4128.75390625
30128,5090.42041015625
30129,3487.099365234375
30130,4119.1005859375
30131,5658.76318359375
30132,6606.70947265625
30133,5482.17041015625
30134,5373.978515625
30135,7596.81787109375
30136,7386.35791015625
30137,6572.74365234375
30138,4387.98095703125
30139,8403.775390625
30140,8070.73046875
30141,3969.5478515625
30142,6229.14404296875
30143,4765.0810546875
30144,6036.119140625
30145,3507.540771484375
30146,5714.68994140625
30147,3978.060791015625
30148,8621.517578125
30149,6044.49853515625
30150,7345.16796875
30151,6981.8017578125
30152,4794.19189453125
30153,6646.693359375
30154,16187.83203125
30155,9195.5361328125
30156,4989.16552734375
30157,3185.036376953125
30158,5199.26171875
30159,6314.12548828125
30160,5874.91064453125
30161,11740.2890625
30162,18312.341796875
30163,4078.0166015625
30164,4728.80810546875
30165,9963.2783203125
30166,4218.265625
30167,6840.611328125
30168,5273.73095703125
30169,6781.0712890625
30170,5263.87158203125
30171,6064.80908203125
30172,5605.7236328125
30173,7097.01318359375
30174,8420.5283203125
30175,5586.146484375
30176,5814.65771484375
30177,6712.056640625
30178,3542.0849609375
30179,4345.63525390625
30180,6275.85546875
30181,4636.96875
30182,5053.21728515625
30183,5601.9365234375
30184,5569.03857421875
30185,5074.7783203125
30186,6449.06005859375
30187,5455.560546875
30188,7860.4482421875
30189,9266.0361328125
30190,6537.220703125
30191,5173.62060546875
30192,3179.402587890625
30193,5162.0771484375
30194,6168.1298828125
30195,4388.86376953125
30196,4634.76025390625
30197,6839.3173828125
30198,5580.7978515625
30199,7477.96044921875
30200,5911.92724609375
30201,4975.3603515625
30202,4390.482421875
30203,4680.44189453125
30204,8064.0029296875
30205,4588.35986328125
30206,6298.61474609375
30207,14098.564453125
30208,6587.794921875
30209,6374.41650390625
30210,4387.3388671875
30211,4662.7294921875
30212,5253.88134765625
30213,3678.40234375
30214,5404.7607421875
30215,9915.07421875
30216,4544.59423828125
30217,12860.8876953125
30218,9560.826171875
30219,6162.9306640625
30220,5149.11767578125
30221,5127.654296875
30222,5836.56005859375
30223,5977.2236328125
30224,9581.2880859375
30225,5910.8193359375
30226,7939.419921875
30227,4083.514892578125
30228,7232.56298828125
30229,4952.47314453125
30230,7761.62548828125
30231,5707.22265625
30232,5153.96484375
30233,6119.947265625
30234,6691.60498046875
30235,6891.27783203125
30236,9150.333984375
30237,4859.34375
30238,8113.71435546875
30239,6162.91845703125
30240,8341.1953125
30241,4291.2138671875
30242,3497.017578125
30243,5283.69140625
30244,8194.7802734375
30245,5623.93310546875
30246,6626.56494140625
30247,6262.8291015625
30248,6762.19970703125
30249,4317.74658203125
30250,7853.89990234375
30251,6605.28369140625
30252,3557.847900390625
30253,8005.22705078125
30254,15452.1669921875
30255,5401.71728515625
30256,5431.31298828125
30257,7302.4150390625
30258,8673.587890625
30259,9764.375
30260,4348.33544921875
30261,6066.21435546875
30262,5820.64501953125
30263,7077.14501953125
30264,3888.32861328125
30265,4991.921875
30266,4742.15087890625
30267,4447.02880859375
30268,7223.25634765625
30269,4660.10302734375
30270,3395.136962890625
30271,6661.3583984375
30272,3833.950927734375
30273,2967.78759765625
30274,5445.04443359375
30275,5612.54638671875
30276,8011.0244140625
30277,7474.35400390625
30278,6590.69384765625
30279,5841.353515625
30280,6232.62841796875
30281,8661.0537109375
30282,5748.72802734375
30283,3402.33837890625
30284,4752.47021484375
30285,8016.55712890625
30286,4012.03564453125
30287,5569.982421875
30288,3431.568115234375
30289,4124.60009765625
30290,6878.3671875
30291,5558.02392578125
30292,4712.748046875
30293,7701.05224609375
30294,8934.3955078125
30295,10601.359375
30296,5872.43310546875
30297,9686.8271484375
30298,3126.430419921875
30299,5004.9990234375
30300,5418.1796875
30301,3084.75390625
30302,7196.03369140625
30303,3855.279296875
30304,5283.82666015625
30305,8356.5185546875
30306,8967.6396484375
30307,8611.1318359375
30308,4659.66064453125
30309,4639.7001953125
30310,12767.7958984375
30311,6902.7607421875
30312,5104.7685546875
30313,4300.14453125
30314,5539.505859375
30315,7480.46826171875
30316,3689.05810546875
30317,5522.29296875
30318,6953.07763671875
30319,6450.32177734375
30320,11434.3701171875
30321,5330.9404296875
30322,9808.9072265625
30323,6316.68603515625
30324,5746.9521484375
30325,3233.78076171875
30326,5365.21826171875
30327,6071.650390625
30328,5080.49169921875
30329,6574.21728515625
30330,4486.2021484375
30331,3990.677978515625
30332,6306.2529296875
30333,3897.17138671875
30334,6012.63232421875
30335,5466.01123046875
30336,6441.50390625
30337,7278.02294921875
30338,4299.748046875
30339,8309.5712890625
30340,5164.08203125
30341,5348.6201171875
30342,5822.4658203125
30343,4444.3681640625
30344,7389.16015625
30345,6081.93994140625
30346,4669.55322265625
30347,5519.2119140625
30348,7104.43115234375
30349,6003.544921875
30350,5524.583984375
30351,7627.13330078125
30352,5162.8291015625
30353,5841.90234375
30354,5184.9365234375
30355,7416.064453125
30356,5397.14697265625
30357,5529.15283203125
30358,4741.03125
30359,4884.22900390625
30360,4072.24365234375
30361,4894.4833984375
30362,7472.4716796875
30363,8293.7021484375
30364,9276.373046875
30365,9545.9326171875
30366,7845.90673828125
30367,7603.22119140625
30368,4827.62744140625
30369,9167.7490234375
30370,9365.751953125
30371,7048.01806640625
30372,7046.365234375
30373,6546.2060546875
30374,4646.40478515625
30375,3787.450927734375
30376,6516.3173828125
30377,6597.82958984375
30378,6179.31640625
30379,5491.60302734375
30380,2108.275390625
30381,8850.115234375
30382,7004.32958984375
30383,6398.84375
30384,4551.92236328125
30385,4649.94921875
30386,5885.99267578125
30387,5963.40625
30388,5630.0556640625
30389,5173.17724609375
30390,4266.40625
30391,3430.437255859375
30392,3424.223876953125
30393,6205.6875
30394,15777.767578125
30395,3801.30810546875
30396,5452.02783203125
30397,5667.20458984375
30398,4843.5693359375
30399,5314.3056640625
30400,4823.2412109375
30401,3604.0
30402,6955.93212890625
30403,6421.60302734375
30404,2842.399169921875
30405,7336.36376953125
30406,3586.31201171875
30407,4542.41650390625
30408,10098.2255859375
30409,6187.14697265625
30410,8599.095703125
30411,4975.2060546875
30412,5542.0595703125
30413,4375.669921875
30414,4659.7470703125
30415,12385.9541015625
30416,9858.80078125
30417,5825.0205078125
30418,4793.353515625
30419,4492.35400390625
30420,5153.89453125
30421,4847.8125
30422,10642.9248046875
30423,4747.7998046875
30424,4447.64453125
30425,6755.8447265625
30426,4628.7001953125
30427,5601.80029296875
30428,5811.7060546875
30429,6205.47998046875
30430,6135.064453125
30431,3804.4560546875
30432,4942.4404296875
30433,5638.64501953125
30434,7184.6884765625
30435,6754.8525390625
30436,6299.818359375
30437,2867.37939453125
30438,7507.32958984375
30439,5434.29931640625
30440,4160.52001953125
30441,5503.875
30442,6959.48486328125
30443,5397.19970703125
30444,5857.234375
30445,5621.759765625
30446,5764.00634765625
30447,4982.0869140625
30448,6405.04638671875
30449,6348.51904296875
30450,3509.447265625
30451,9538.4541015625
30452,5283.0751953125
30453,3925.756591796875
30454,10237.7177734375
30455,5238.9130859375
30456,3164.05078125
30457,6503.22900390625
30458,8738.7041015625
30459,8757.51953125
30460,4733.59521484375
30461,4946.95263671875
30462,4909.7158203125
30463,6058.89892578125
30464,5139.69482421875
30465,5805.77685546875
30466,2700.4033203125
30467,4579.7978515625
30468,5888.99267578125
30469,4082.672119140625
30470,3980.06103515625
30471,6000.02978515625
30472,5960.75390625
30473,5394.13671875
30474,6415.1259765625
30475,5437.71044921875
30476,7029.73779296875
30477,4999.34521484375
30478,5125.5263671875
30479,5215.34033203125
30480,7754.654296875
30481,6866.46337890625
30482,4986.20703125
30483,8750.396484375
30484,6068.716796875
30485,5982.662109375
30486,4658.64111328125
30487,3792.0712890625
30488,6986.625
30489,4420.52490234375
30490,8033.3720703125
30491,5756.482421875
30492,4694.17919921875
30493,7175.986328125
30494,5648.09326171875
30495,4333.734375
30496,6047.203125
30497,4839.48486328125
30498,8187.857421875
30499,8636.5673828125
30500,6862.224609375
30501,3976.888427734375
30502,4621.9521484375
30503,3212.038818359375
30504,3207.835693359375
30505,6385.982421875
30506,4597.53076171875
30507,7961.498046875
30508,3937.979248046875
30509,4981.64892578125
30510,4765.9111328125
30511,7094.916015625
30512,5033.3740234375
30513,4515.650390625
30514,4150.4365234375
30515,6235.48974609375
30516,4417.8349609375
30517,6141.2705078125
30518,6519.9658203125
30519,7212.982421875
30520,6585.37158203125
30521,6889.650390625
30522,5270.1787109375
30523,3422.886474609375
30524,4736.38232421875
30525,8962.90625
30526,6925.06640625
30527,9818.9873046875
30528,14781.3876953125
30529,4054.633056640625
30530,4113.67333984375
30531,5933.4677734375
30532,7979.623046875
30533,8554.7509765625
30534,6212.7021484375
30535,7050.8779296875
30536,7052.591796875
30537,5732.255859375
30538,5606.62646484375
30539,4808.11669921875
30540,4115.705078125
30541,4558.416015625
30542,4353.65478515625
30543,3794.782470703125
30544,7111.0234375
30545,14531.302734375
30546,5462.853515625
30547,4751.15478515625
30548,6059.83203125
30549,4128.21630859375
30550,5582.72119140625
30551,5014.490234375
30552,8294.359375
30553,5748.43115234375
30554,5714.82177734375
30555,10922.1279296875
30556,11493.5869140625
30557,4732.9443359375
30558,6348.50390625
30559,4023.716796875
30560,4631.2626953125
30561,5105.33251953125
30562,7660.96533203125
30563,4119.5654296875
30564,4145.54931640625
30565,4210.9033203125
30566,4661.00048828125
30567,5404.7294921875
30568,5016.30712890625
30569,3661.294677734375
30570,6154.6767578125
30571,6676.45166015625
30572,5761.6787109375
30573,3429.139892578125
30574,3304.726806640625
30575,7143.1611328125
30576,3986.612548828125
30577,8206.3623046875
30578,3801.874267578125
30579,4952.619140625
30580,5318.3369140625
30581,4745.1806640625
30582,4124.37744140625
30583,4688.0341796875
30584,5899.53125
30585,8814.9111328125
30586,8825.541015625
30587,5224.02490234375
30588,3800.047607421875
30589,5202.4560546875
30590,5108.8583984375
30591,4490.09814453125
30592,5215.787109375
30593,5366.455078125
30594,10659.6943359375
30595,6629.82861328125
30596,5876.32861328125
30597,6620.099609375
30598,3486.85693359375
30599,8645.5654296875
30600,4752.8369140625
30601,11387.2041015625
30602,5602.546875
30603,5083.478515625
30604,4469.01953125
30605,3876.79736328125
30606,5592.552734375
30607,17416.666015625
30608,3058.256591796875
30609,4415.27880859375
30610,8144.4384765625
30611,5150.77099609375
30612,5891.74072265625
30613,7242.322265625
30614,4783.0263671875
30615,5792.01611328125
30616,4462.0087890625
30617,8335.9423828125
30618,5152.2548828125
30619,6443.10205078125
30620,6552.76513671875
30621,4146.8623046875
30622,7005.220703125
30623,7236.68505859375
30624,3952.73583984375
30625,8605.58203125
30626,8104.451171875
30627,3293.169677734375
30628,7101.84765625
30629,6062.91162109375
30630,5083.64306640625
30631,7761.80615234375
30632,6167.353515625
30633,7188.9462890625
30634,4143.0341796875
30635,4738.8623046875
30636,6425.30517578125
30637,4754.98193359375
30638,7253.19091796875
30639,4186.3671875
30640,4862.080078125
30641,4318.6171875
30642,5390.44384765625
30643,5548.11669921875
30644,6211.44921875
30645,5918.271484375
30646,6373.48046875
30647,5054.83349609375
30648,6480.509765625
30649,5559.1181640625
30650,6455.19140625
30651,8307.787109375
30652,6090.6513671875
30653,3293.476318359375
30654,5282.4375
30655,6492.48291015625
30656,4678.05126953125
30657,10551.787109375
30658,5058.99853515625
30659,8481.0009765625
30660,7503.7626953125
30661,6599.95654296875
30662,3182.78125
30663,14870.0576171875
30664,8019.65380859375
30665,5282.0830078125
30666,6550.45361328125
30667,8300.8330078125
30668,5203.173828125
30669,5606.3486328125
30670,6107.8759765625
30671,4685.55078125
30672,5639.6689453125
30673,6075.43310546875
30674,4064.75927734375
30675,5647.8408203125
30676,5594.814453125
30677,6172.1376953125
30678,5965.12890625
30679,5637.46044921875
30680,5412.6015625
30681,5727.365234375
30682,6145.4912109375
30683,7049.265625
30684,6336.5849609375
30685,5438.60302734375
30686,5095.0107421875
30687,8230.7587890625
30688,4603.23974609375
30689,4214.337890625
30690,5406.03369140625
30691,6838.845703125
30692,5866.2587890625
30693,3927.388916015625
30694,3677.323974609375
30695,4986.59375
30696,7201.2490234375
30697,4576.75146484375
30698,6351.41455078125
30699,5702.119140625
30700,4578.03759765625
30701,4188.16162109375
30702,3186.85791015625
30703,6539.5068359375
30704,5707.28369140625
30705,5319.44287109375
30706,8334.7998046875
30707,6811.07421875
30708,4335.5791015625
30709,7389.8408203125
30710,3618.83740234375
30711,2185.60693359375
30712,6232.14697265625
30713,8923.9677734375
30714,8149.0361328125
30715,5599.7568359375
30716,3004.80712890625
30717,5249.93359375
30718,7376.10009765625
30719,4623.56787109375
30720,5772.8876953125
30721,4037.483154296875
30722,4797.9794921875
30723,4047.260498046875
30724,4609.73974609375
30725,4672.70947265625
30726,4137.15869140625
30727,4996.61328125
30728,3603.01708984375
30729,6008.849609375
30730,5435.365234375
30731,4210.62158203125
30732,5514.6748046875
30733,5941.6640625
30734,4497.7421875
30735,3809.9814453125
30736,8306.7529296875
30737,5506.9169921875
30738,5374.13232421875
30739,3401.439453125
30740,9312.97265625
30741,5952.1748046875
30742,3958.526611328125
30743,6530.216796875
30744,6080.0185546875
30745,6255.419921875
30746,4579.0048828125
30747,5895.25732421875
30748,6977.54541015625
30749,11140.654296875
30750,4237.81005859375
30751,4002.37451171875
30752,5162.98095703125
30753,6000.537109375
30754,5506.16015625
30755,7388.09423828125
30756,6653.8359375
30757,4258.2578125
30758,3669.02587890625
30759,4619.056640625
30760,10986.80078125
30761,3827.83544921875
30762,6243.7890625
30763,3513.82568359375
30764,5908.646484375
30765,6109.82861328125
30766,5596.53271484375
30767,5920.18359375
30768,5138.083984375
30769,3671.4130859375
30770,5837.2724609375
30771,5434.1533203125
30772,6230.7451171875
30773,6331.83056640625
30774,7189.42138671875
30775,4704.62744140625
30776,3661.884521484375
30777,8464.40234375
30778,3561.169189453125
30779,8610.90625
30780,5193.55908203125
30781,3842.859375
30782,5978.84619140625
30783,4710.96923828125
30784,6118.24267578125
30785,7025.8486328125
30786,3591.842041015625
30787,3703.754150390625
30788,5844.5458984375
30789,6663.9375
30790,7853.9677734375
30791,5395.70556640625
30792,5350.94970703125
30793,4495.029296875
30794,5726.4609375
30795,4107.55029296875
30796,9054.380859375
30797,6860.8740234375
30798,9045.740234375
30799,3603.105224609375
30800,4986.60498046875
30801,10848.0859375
30802,7934.4091796875
30803,3468.872802734375
30804,8761.6318359375
30805,5107.8857421875
30806,4523.470703125
30807,4639.1591796875
30808,3965.67724609375
30809,4580.8056640625
30810,4268.6328125
30811,3394.08935546875
30812,3916.7265625
30813,7299.27734375
30814,5976.31298828125
30815,20632.099609375
30816,5507.986328125
30817,3897.893310546875
30818,5683.3759765625
30819,8764.712890625
30820,4537.1630859375
30821,6317.97900390625
30822,4899.673828125
30823,7387.64306640625
30824,6278.03564453125
30825,3839.667724609375
30826,4628.31298828125
30827,5064.98876953125
30828,6937.68603515625
30829,5951.24267578125
30830,7538.31396484375
30831,3814.21240234375
30832,5022.541015625
30833,6115.95654296875
30834,8388.921875
30835,9681.162109375
30836,6561.201171875
30837,6701.5185546875
30838,4340.99853515625
30839,4842.1220703125
30840,3415.660888671875
30841,7405.2451171875
30842,8445.134765625
30843,9668.5166015625
30844,4576.375
30845,4980.52197265625
30846,3779.4755859375
30847,5370.98095703125
30848,9180.4853515625
30849,5293.95263671875
30850,3795.731201171875
30851,3811.70068359375
30852,7067.86181640625
30853,2954.467041015625
30854,6819.82373046875
30855,4406.5546875
30856,5603.80859375
30857,4923.39794921875
30858,5076.70166015625
30859,6782.85205078125
30860,5137.951171875
30861,4355.6171875
30862,5736.37158203125
30863,5087.2958984375
30864,8938.2216796875
30865,4843.77001953125
30866,6627.501953125
30867,7648.525390625
30868,8101.19677734375
30869,5664.67041015625
30870,6912.55029296875
30871,3496.023193359375
30872,4208.95947265625
30873,5164.60302734375
30874,6001.298828125
30875,7565.70849609375
30876,6219.48974609375
30877,4020.846435546875
30878,5943.34521484375
30879,6194.17724609375
30880,7393.02294921875
30881,3794.0283203125
30882,11789.576171875
30883,4121.1435546875
30884,5368.203125
30885,8032.037109375
30886,4044.985107421875
30887,4568.78662109375
30888,4885.40673828125
30889,6366.9775390625
30890,4620.2119140625
30891,4249.79248046875
30892,7164.318359375
30893,6235.12060546875
30894,5238.81640625
30895,4129.359375
30896,6217.404296875
30897,10523.2734375
30898,5748.484375
30899,4942.529296875
30900,5368.52392578125
30901,5732.212890625
30902,5390.5771484375
30903,6498.78662109375
30904,4478.52197265625
30905,6697.6591796875
30906,6238.4892578125
30907,5573.7431640625
30908,8715.5595703125
30909,3915.2333984375
30910,4060.375
30911,4012.94384765625
30912,6803.4921875
30913,6687.6083984375
30914,4319.96630859375
30915,4668.48486328125
30916,5862.4853515625
30917,5409.39453125
30918,4876.75732421875
30919,6049.38330078125
30920,5226.57763671875
30921,6650.642578125
30922,4521.4306640625
30923,4238.6591796875
30924,4815.06103515625
30925,6916.81298828125
30926,6218.9091796875
30927,7230.16015625
30928,7262.51611328125
30929,4848.30029296875
30930,7672.5986328125
30931,4968.0537109375
30932,5314.8544921875
30933,7769.76318359375
30934,5457.78466796875
30935,9001.5361328125
30936,7697.17333984375
30937,5757.08203125
30938,4865.3125
30939,6794.74951171875
30940,5831.64111328125
30941,5496.86181640625
30942,3622.601318359375
30943,5328.02197265625
30944,6846.7646484375
30945,4697.60107421875
30946,3105.00537109375
30947,6854.44091796875
30948,5796.3701171875
30949,5247.01953125
30950,5090.755859375
30951,4652.4189453125
30952,6820.60546875
30953,6062.89404296875
30954,5982.76953125
30955,4374.70458984375
30956,4580.8056640625
30957,5916.33349609375
30958,2545.631103515625
30959,5044.529296875
30960,4534.16650390625
30961,7194.84228515625
30962,6721.53515625
30963,5086.02978515625
30964,8837.3056640625
30965,4551.25048828125
30966,4689.89599609375
30967,9198.1552734375
30968,5644.029296875
30969,6470.84130859375
30970,6956.6923828125
30971,4183.9248046875
30972,5473.939453125
30973,4855.7822265625
30974,7103.296875
30975,9544.154296875
30976,6406.328125
30977,2494.6376953125
30978,4487.43798828125
30979,7194.9501953125
30980,5965.61669921875
30981,4888.81005859375
30982,5166.82177734375
30983,4019.5126953125
30984,4799.3251953125
30985,3675.27197265625
30986,3911.575439453125
30987,5499.92626953125
30988,6414.4423828125
30989,5414.8779296875
30990,6192.7607421875
30991,7215.52294921875
30992,7786.99267578125
30993,6610.3369140625
30994,3941.7998046875
30995,8049.07080078125
30996,8313.2275390625
30997,3927.35009765625
30998,6352.3623046875
30999,4679.77685546875
31000,6267.68701171875
31001,3141.0419921875
31002,5706.21728515625
31003,3738.08837890625
31004,8309.0625
31005,5890.09521484375
31006,7145.26171875
31007,7015.6982421875
31008,4422.11767578125
31009,6361.6689453125
31010,16438.107421875
31011,8433.478515625
31012,5152.50048828125
31013,2971.285400390625
31014,5443.953125
31015,6874.826171875
31016,5044.056640625
31017,11442.9482421875
31018,18091.45703125
31019,3811.000732421875
31020,4649.5615234375
31021,7339.04736328125
31022,4348.271484375
31023,7446.38720703125
31024,5153.06201171875
31025,6987.58447265625
31026,5362.37646484375
31027,6044.99560546875
31028,5124.8310546875
31029,6245.666015625
31030,7592.15625
31031,5129.48779296875
31032,5344.61181640625
31033,6208.63720703125
31034,3611.22802734375
31035,4393.625
31036,6206.4072265625
31037,4188.51708984375
31038,4995.8115234375
31039,5801.62841796875
31040,5014.42578125
31041,4814.4853515625
31042,6221.93603515625
31043,5492.81201171875
31044,7599.38037109375
31045,9061.791015625
31046,6431.1513671875
31047,4925.19140625
31048,3108.17724609375
31049,5358.384765625
31050,5777.02685546875
31051,4814.2490234375
31052,4656.33642578125
31053,6850.583984375
31054,4968.8134765625
31055,7313.75048828125
31056,5757.04638671875
31057,4648.330078125
31058,4354.41796875
31059,4199.28662109375
31060,7547.6298828125
31061,4327.7138671875
31062,6106.55859375
31063,13140.6005859375
31064,6369.37109375
31065,5941.3369140625
31066,4093.441162109375
31067,4531.52294921875
31068,5492.3525390625
31069,4223.07958984375
31070,5267.873046875
31071,8731.7001953125
31072,4784.9111328125
31073,13041.0673828125
31074,9275.8271484375
31075,5805.119140625
31076,5311.61962890625
31077,5044.70263671875
31078,5579.07177734375
31079,6108.7041015625
31080,9150.4267578125
31081,5411.0146484375
31082,7368.61962890625
31083,4178.38916015625
31084,7697.40673828125
31085,4419.77099609375
31086,7690.54833984375
31087,5309.69140625
31088,5148.888671875
31089,5768.73193359375
31090,6154.25146484375
31091,6917.79296875
31092,8340.19921875
31093,4743.54345703125
31094,8644.759765625
31095,5995.66845703125
31096,8465.3408203125
31097,4232.01416015625
31098,3945.5771484375
31099,5054.03125
31100,8271.5908203125
31101,5389.6103515625
31102,5919.84765625
31103,6045.740234375
31104,6854.06005859375
31105,4351.0146484375
31106,6580.69921875
31107,6807.728515625
31108,3304.8857421875
31109,8509.7177734375
31110,14570.443359375
31111,5557.40283203125
31112,5602.44140625
31113,7147.55126953125
31114,8923.62109375
31115,9683.0673828125
31116,4568.6162109375
31117,6283.30029296875
31118,6682.85107421875
31119,6802.958984375
31120,3962.4267578125
31121,5375.1318359375
31122,4815.8359375
31123,4762.90185546875
31124,7464.84375
31125,4823.1962890625
31126,3908.17626953125
31127,6852.88232421875
31128,3925.006103515625
31129,3658.062744140625
31130,5029.7880859375
31131,6365.23681640625
31132,7721.2294921875
31133,7275.99169921875
31134,6262.4794921875
31135,5688.20556640625
31136,6059.09228515625
31137,8265.017578125
31138,6112.54638671875
31139,3647.25830078125
31140,4448.78125
31141,8170.75634765625
31142,3818.50439453125
31143,5835.11279296875
31144,3617.13818359375
31145,4470.109375
31146,5665.32275390625
31147,5575.65478515625
31148,4434.96875
31149,8303.3662109375
31150,8658.0166015625
31151,10742.8505859375
31152,5493.966796875
31153,8756.884765625
31154,3367.48046875
31155,4914.01904296875
31156,5608.29248046875
31157,3335.415771484375
31158,7340.13330078125
31159,3948.078369140625
31160,5236.36083984375
31161,8427.6845703125
31162,9418.005859375
31163,8385.8935546875
31164,4468.5341796875
31165,4485.18798828125
31166,13543.3076171875
31167,6969.33642578125
31168,5468.4033203125
31169,4291.0595703125
31170,6033.77880859375
31171,7500.74365234375
31172,3886.663818359375
31173,6001.7890625
31174,6760.6689453125
31175,7328.943359375
31176,11343.5458984375
31177,5411.7236328125
31178,10447.31640625
31179,5624.365234375
31180,5346.88427734375
31181,2828.681396484375
31182,5707.68798828125
31183,5397.91943359375
31184,4842.998046875
31185,6152.99169921875
31186,4124.52392578125
31187,3602.671142578125
31188,5982.82080078125
31189,4216.64892578125
31190,6157.04541015625
31191,5343.12744140625
31192,6745.44140625
31193,7045.9970703125
31194,4114.70751953125
31195,8355.6005859375
31196,5423.373046875
31197,5161.8017578125
31198,5717.34765625
31199,5017.0166015625
31200,8092.1494140625
31201,5942.890625
31202,4703.2734375
31203,5738.5
31204,7432.9755859375
31205,6151.37939453125
31206,5752.376953125
31207,8140.2626953125
31208,5183.26953125
31209,6419.80517578125
31210,5193.46875
31211,7374.255859375
31212,5312.41650390625
31213,5150.7314453125
31214,4248.06298828125
31215,4283.15185546875
31216,4011.9814453125
31217,4100.87890625
31218,6525.2451171875
31219,7382.56689453125
31220,10018.0078125
31221,9527.5703125
31222,6592.1162109375
31223,7858.23486328125
31224,4682.4072265625
31225,9822.078125
31226,9037.97265625
31227,5738.54296875
31228,7145.3740234375
31229,6925.6044921875
31230,4556.3916015625
31231,3574.060791015625
31232,6589.80908203125
31233,6112.2421875
31234,6703.86181640625
31235,5275.40380859375
31236,1771.5152587890625
31237,9307.1953125
31238,5948.42431640625
31239,5612.65771484375
31240,4400.359375
31241,4470.423828125
31242,5610.4130859375
31243,6478.2900390625
31244,5810.75390625
31245,4897.97265625
31246,3912.216796875
31247,3860.7109375
31248,3026.818603515625
31249,6231.19482421875
31250,15538.0234375
31251,3932.873291015625
31252,5338.31982421875
31253,6431.8916015625
31254,4675.2548828125
31255,5516.064453125
31256,4540.72314453125
31257,3776.36767578125
31258,7621.11767578125
31259,6026.7021484375
31260,2763.551513671875
31261,7294.86376953125
31262,3830.359619140625
31263,3989.45263671875
31264,9900.1728515625
31265,6159.40576171875
31266,9137.37109375
31267,4631.97412109375
31268,5249.75
31269,4232.2314453125
31270,4436.47314453125
31271,13201.8515625
31272,8671.7998046875
31273,5656.79931640625
31274,4811.25830078125
31275,4334.123046875
31276,4913.78125
31277,4099.10693359375
31278,8637.9580078125
31279,5039.48291015625
31280,4126.4912109375
31281,5921.65234375
31282,4344.01611328125
31283,5613.09521484375
31284,5497.6748046875
31285,5993.74560546875
31286,5880.15966796875
31287,3816.526123046875
31288,4956.078125
31289,5295.08544921875
31290,7434.45556640625
31291,7428.650390625
31292,6157.37548828125
31293,3098.612060546875
31294,7474.287109375
31295,5239.1396484375
31296,3878.034912109375
31297,5291.5224609375
31298,7161.66455078125
31299,5344.72607421875
31300,5749.31787109375
31301,5368.93017578125
31302,5636.70849609375
31303,4301.38232421875
31304,6200.24853515625
31305,5853.95849609375
31306,4151.82275390625
31307,9048.1220703125
31308,4955.97607421875
31309,4130.658203125
31310,10511.109375
31311,5393.8232421875
31312,3800.53076171875
31313,6303.087890625
31314,10271.0068359375
31315,8473.1611328125
31316,4489.39892578125
31317,4581.05859375
31318,4743.23291015625
31319,6237.92236328125
31320,4786.13134765625
31321,5874.23974609375
31322,2345.057861328125
31323,4912.42138671875
31324,5666.2626953125
31325,3920.88037109375
31326,3900.772216796875
31327,5927.0615234375
31328,5961.400390625
31329,5304.05419921875
31330,7217.19482421875
31331,5313.36328125
31332,6916.09423828125
31333,4745.34912109375
31334,5114.5810546875
31335,5452.0322265625
31336,7312.7333984375
31337,6311.33984375
31338,3195.437744140625
31339,8615.009765625
31340,5595.44189453125
31341,5920.51611328125
31342,5050.12841796875
31343,4220.43115234375
31344,7014.4521484375
31345,4690.3115234375
31346,8245.2763671875
31347,5440.86865234375
31348,4730.68798828125
31349,6815.8603515625
31350,5435.36962890625
31351,3995.3232421875
31352,6228.48583984375
31353,4825.15771484375
31354,8245.29296875
31355,8519.376953125
31356,6727.1611328125
31357,3826.631103515625
31358,3972.810302734375
31359,3287.40869140625
31360,3570.70263671875
31361,6458.14794921875
31362,4001.811279296875
31363,8295.8173828125
31364,3694.062255859375
31365,4902.498046875
31366,4731.783203125
31367,8131.16455078125
31368,5071.32470703125
31369,4253.22802734375
31370,4005.71337890625
31371,6040.25537109375
31372,3990.4677734375
31373,6450.34033203125
31374,6438.73095703125
31375,7323.85498046875
31376,6333.353515625
31377,6997.1953125
31378,4913.76025390625
31379,3643.604736328125
31380,4493.7021484375
31381,9285.0078125
31382,7103.314453125
31383,9462.4765625
31384,14639.5654296875
31385,4023.188720703125
31386,3986.71630859375
31387,5767.296875
31388,8279.728515625
31389,7881.740234375
31390,5676.4013671875
31391,6803.61279296875
31392,7294.4111328125
31393,5818.77587890625
31394,5143.35693359375
31395,4326.876953125
31396,3848.405029296875
31397,4340.80029296875
31398,3614.424072265625
31399,4076.63134765625
31400,6840.41259765625
31401,15011.0986328125
31402,5513.3837890625
31403,4533.90478515625
31404,6517.40576171875
31405,3773.021484375
31406,5433.58056640625
31407,4464.44873046875
31408,8148.1865234375
31409,5765.0615234375
31410,5494.30517578125
31411,10858.8388671875
31412,12866.478515625
31413,5080.5224609375
31414,6164.830078125
31415,3693.56005859375
31416,4484.5419921875
31417,4837.90625
31418,5816.771484375
31419,4164.16943359375
31420,4173.841796875
31421,4031.266357421875
31422,4542.6142578125
31423,5635.68896484375
31424,5074.22412109375
31425,3839.896240234375
31426,5987.4697265625
31427,6787.5595703125
31428,5474.82763671875
31429,3293.351806640625
31430,3416.09521484375
31431,7506.580078125
31432,3975.385498046875
31433,8948.3642578125
31434,3358.489990234375
31435,4256.1279296875
31436,5293.21533203125
31437,4248.1357421875
31438,4127.564453125
31439,4221.00634765625
31440,5628.24462890625
31441,8753.025390625
31442,8412.912109375
31443,4766.08642578125
31444,3461.9853515625
31445,5036.48095703125
31446,4864.0703125
31447,4460.46728515625
31448,4856.9921875
31449,4998.49072265625
31450,10361.244140625
31451,6015.50537109375
31452,5137.9140625
31453,6735.73291015625
31454,3433.799560546875
31455,8411.7353515625
31456,4507.34423828125
31457,11773.92578125
31458,5536.65869140625
31459,4670.61181640625
31460,4975.91259765625
31461,3738.958984375
31462,5453.0341796875
31463,16643.583984375
31464,3646.039794921875
31465,4310.4306640625
31466,7874.1220703125
31467,5476.20263671875
31468,5718.79931640625
31469,7193.55859375
31470,4757.75830078125
31471,5342.4482421875
31472,3954.708984375
31473,8494.1015625
31474,5514.2001953125
31475,6160.99365234375
31476,6686.29443359375
31477,3956.649658203125
31478,6798.7431640625
31479,6164.8095703125
31480,4054.72216796875
31481,8502.5166015625
31482,7515.751953125
31483,3846.242431640625
31484,7140.5859375
31485,5585.5791015625
31486,4435.4736328125
31487,7007.234375
31488,5790.76806640625
31489,7335.7900390625
31490,3852.493896484375
31491,4525.80322265625
31492,7001.0576171875
31493,4425.5537109375
31494,7196.2509765625
31495,4999.92333984375
31496,5213.255859375
31497,4537.3603515625
31498,5168.72412109375
31499,5900.103515625
31500,6532.85107421875
31501,5517.5556640625
31502,6330.55322265625
31503,4919.263671875
31504,7063.05810546875
31505,5983.92236328125
31506,6718.94140625
31507,8270.6708984375
31508,6007.3291015625
31509,3561.779541015625
31510,4186.4560546875
31511,6372.7529296875
31512,4975.826171875
31513,9766.234375
31514,4642.947265625
31515,8327.3427734375
31516,8156.83154296875
31517,6322.91259765625
31518,3240.25537109375
31519,14702.3916015625
31520,8397.16015625
31521,5359.8291015625
31522,6281.42529296875
31523,7526.3427734375
31524,4955.041015625
31525,5226.97900390625
31526,6076.4404296875
31527,4657.1640625
31528,5296.18798828125
31529,6237.1494140625
31530,3985.313720703125
31531,6473.2939453125
31532,5738.64697265625
31533,6469.6708984375
31534,6094.67578125
31535,5543.076171875
31536,5366.021484375
31537,4834.75244140625
31538,6594.2021484375
31539,7453.099609375
31540,6109.97802734375
31541,5911.5908203125
31542,5002.1474609375
31543,7835.0654296875
31544,4602.14453125
31545,4234.5380859375
31546,4923.85595703125
31547,6837.677734375
31548,5775.91552734375
31549,3832.240966796875
31550,3607.098388671875
31551,6218.98095703125
31552,7129.27490234375
31553,4745.42626953125
31554,6554.17919921875
31555,5618.00927734375
31556,5524.90087890625
31557,4395.07421875
31558,2862.661376953125
31559,6522.935546875
31560,5912.41650390625
31561,4985.65478515625
31562,8357.7373046875
31563,7721.25634765625
31564,4716.97119140625
31565,7162.27197265625
31566,3593.0712890625
31567,2135.541748046875
31568,6532.64306640625
31569,8898.3271484375
31570,7712.63623046875
31571,5976.419921875
31572,2901.464599609375
31573,5634.49267578125
31574,7710.041015625
31575,5014.5244140625
31576,5593.09130859375
31577,4162.31689453125
31578,4238.90087890625
31579,3974.24951171875
31580,4522.88427734375
31581,5067.859375
31582,3743.501953125
31583,4025.00927734375
31584,3519.347412109375
31585,6114.6455078125
31586,6269.28466796875
31587,4121.7548828125
31588,5520.55078125
31589,5871.2216796875
31590,4950.51806640625
31591,3484.593994140625
31592,7379.89111328125
31593,6221.00927734375
31594,5145.85400390625
31595,3386.8642578125
31596,9963.4970703125
31597,5586.52294921875
31598,4133.37353515625
31599,6654.82958984375
31600,6383.0576171875
31601,6771.6015625
31602,4241.6123046875
31603,5878.2822265625
31604,6929.87060546875
31605,11491.3681640625
31606,4068.67578125
31607,4074.63671875
31608,4537.26611328125
31609,5999.77490234375
31610,5607.25439453125
31611,9062.61328125
31612,6186.67919921875
31613,4063.01806640625
31614,3534.380615234375
31615,4538.4609375
31616,9951.5673828125
31617,3943.28564453125
31618,5846.72900390625
31619,3083.865234375
31620,5567.04052734375
31621,6390.47412109375
31622,6004.3984375
31623,6083.224609375
31624,5200.56982421875
31625,3755.87744140625
31626,5302.51611328125
31627,5929.13427734375
31628,6364.7587890625
31629,6642.43896484375
31630,6877.9287109375
31631,4382.97998046875
31632,3741.470458984375
31633,8918.43359375
31634,3757.641845703125
31635,8496.8125
31636,4996.2890625
31637,3785.92529296875
31638,5948.4111328125
31639,4635.58154296875
31640,6429.28564453125
31641,7255.287109375
31642,3873.272705078125
31643,3483.221435546875
31644,5417.400390625
31645,6853.18017578125
31646,7590.2236328125
31647,5455.5302734375
31648,5096.876953125
31649,4323.02880859375
31650,5374.85009765625
31651,3892.513916015625
31652,8908.93359375
31653,6786.306640625
31654,9588.4033203125
31655,3438.88232421875
31656,4932.39697265625
31657,10741.9169921875
31658,7586.26025390625
31659,3352.37109375
31660,7869.91162109375
31661,4834.9697265625
31662,4247.92236328125
31663,4047.673828125
31664,4388.41650390625
31665,4359.43505859375
31666,4983.6220703125
31667,3934.812744140625
31668,3805.4296875
31669,7318.76220703125
31670,5578.98779296875
31671,21332.103515625
31672,4966.84521484375
31673,3861.277099609375
31674,5768.61962890625
31675,9731.234375
31676,5010.18994140625
31677,6368.3779296875
31678,5264.068359375
31679,7168.98779296875
31680,6180.2314453125
31681,3220.419677734375
31682,4708.45654296875
31683,5062.5048828125
31684,7331.16064453125
31685,5739.07275390625
31686,7449.07177734375
31687,4283.603515625
31688,5198.482421875
31689,6127.82080078125
31690,7886.78173828125
31691,9590.3828125
31692,7191.828125
31693,6407.8056640625
31694,4589.65576171875
31695,4818.83154296875
31696,3300.176513671875
31697,6793.13916015625
31698,8075.0263671875
31699,9004.236328125
31700,4262.9853515625
31701,4952.64697265625
31702,4083.410888671875
31703,4992.61181640625
31704,8553.8037109375
31705,5034.36376953125
31706,3677.46044921875
31707,3666.419677734375
31708,6879.291015625
31709,3209.001708984375
31710,6265.06298828125
31711,4091.81884765625
31712,5462.30908203125
31713,5080.7998046875
31714,5174.95654296875
31715,6614.65380859375
31716,5799.20703125
31717,4732.533203125
31718,6107.80322265625
31719,5418.9375
31720,8575.6064453125
31721,4898.94921875
31722,6883.56396484375
31723,7526.34423828125
31724,8218.79296875
31725,5778.93212890625
31726,7129.44921875
31727,3916.94921875
31728,4660.267578125
31729,5201.740234375
31730,5759.29931640625
31731,8018.3115234375
31732,6191.0078125
31733,4450.734375
31734,5978.83154296875
31735,6571.849609375
31736,7459.90625
31737,3341.39404296875
31738,11315.994140625
31739,4201.46240234375
31740,5942.94970703125
31741,8216.2275390625
31742,3887.613525390625
31743,4407.19189453125
31744,4884.56103515625
31745,5707.5546875
31746,4373.564453125
31747,3764.224853515625
31748,6958.3544921875
31749,6146.04345703125
31750,4841.640625
31751,4191.79248046875
31752,6984.70556640625
31753,10122.1865234375
31754,5936.228515625
31755,5383.3837890625
31756,5071.57861328125
31757,6021.4921875
31758,5023.09912109375
31759,6071.41357421875
31760,3937.977783203125
31761,6852.48876953125
31762,6645.521484375
31763,5321.0693359375
31764,9195.05078125
31765,4275.6875
31766,3151.054931640625
31767,3676.287841796875
31768,6765.50830078125
31769,7792.75244140625
31770,4280.3330078125
31771,4593.521484375
31772,5891.24951171875
31773,5250.7939453125
31774,5290.564453125
31775,6662.47265625
31776,5302.92724609375
31777,6768.083984375
31778,4594.44482421875
31779,4031.10498046875
31780,4745.34130859375
31781,6880.087890625
31782,6308.24365234375
31783,6531.96142578125
31784,6413.83056640625
31785,4615.93896484375
31786,7569.3603515625
31787,4405.31787109375
31788,4889.8916015625
31789,7319.20947265625
31790,5173.869140625
31791,8883.3701171875
31792,7364.12939453125
31793,5652.2626953125
31794,4811.27001953125
31795,6576.67822265625
31796,5581.2421875
31797,5442.50146484375
31798,3444.8798828125
31799,5547.69091796875
31800,6644.1904296875
31801,4520.4052734375
31802,3376.748779296875
31803,6530.8671875
31804,6107.5517578125
31805,5097.27978515625
31806,4866.80126953125
31807,4180.16796875
31808,6511.54931640625
31809,6032.4140625
31810,6172.17578125
31811,4231.63720703125
31812,4726.49169921875
31813,5264.2294921875
31814,2905.1123046875
31815,6697.314453125
31816,4506.75830078125
31817,7149.021484375
31818,7124.14892578125
31819,5429.00146484375
31820,8822.2509765625
31821,4410.1787109375
31822,4510.7421875
31823,9007.6044921875
31824,5371.53466796875
31825,6493.35400390625
31826,7071.99560546875
31827,4264.107421875
31828,5413.33740234375
31829,5042.310546875
31830,7101.38330078125
31831,9404.2177734375
31832,6609.83935546875
31833,2456.553955078125
31834,3814.976806640625
31835,6570.00341796875
31836,5322.85791015625
31837,4654.0205078125
31838,4961.2177734375
31839,4152.498046875
31840,5076.15283203125
31841,3346.7939453125
31842,4092.73583984375
31843,5328.37451171875
31844,5987.8466796875
31845,5826.158203125
31846,5675.0771484375
31847,6813.12890625
31848,7287.0380859375
31849,6583.32568359375
31850,4086.722900390625
31851,8450.5654296875
31852,7731.859375
31853,3729.3720703125
31854,6253.5546875
31855,4158.10595703125
31856,5742.37353515625
31857,2780.00927734375
31858,5868.96923828125
31859,3682.6591796875
31860,8483.71875
31861,5837.2275390625
31862,7155.25830078125
31863,7452.17041015625
31864,4404.95751953125
31865,6512.078125
31866,16285.951171875
31867,8671.6962890625
31868,5231.19970703125
31869,3213.838134765625
31870,5444.23291015625
31871,6766.27587890625
31872,4842.43310546875
31873,12008.4130859375
31874,17887.326171875
31875,4016.346923828125
31876,4777.3798828125
31877,7696.92724609375
31878,4021.25830078125
31879,6337.0751953125
31880,5333.61376953125
31881,6439.67724609375
31882,5168.4130859375
31883,6038.2216796875
31884,5463.52490234375
31885,6376.35302734375
31886,7634.90625
31887,4800.552734375
31888,5325.64599609375
31889,6905.99853515625
31890,3620.3359375
31891,4570.0634765625
31892,6734.50537109375
31893,3908.6259765625
31894,4940.13037109375
31895,6007.62451171875
31896,5854.60546875
31897,5064.07958984375
31898,6552.82958984375
31899,5976.00927734375
31900,7088.9345703125
31901,9461.0703125
31902,6657.38916015625
31903,4937.75146484375
31904,3261.647216796875
31905,5429.68408203125
31906,6250.53125
31907,4609.96435546875
31908,4558.794921875
31909,7637.576171875
31910,4892.31787109375
31911,7497.52783203125
31912,6043.9013671875
31913,4610.94384765625
31914,4304.23046875
31915,4436.07470703125
31916,7464.70166015625
31917,4176.55712890625
31918,6364.9541015625
31919,13475.591796875
31920,6145.04443359375
31921,5840.09326171875
31922,3828.072021484375
31923,4286.38671875
31924,5346.771484375
31925,3505.449462890625
31926,5856.78125
31927,9002.3134765625
31928,4298.50830078125
31929,12436.376953125
31930,9881.998046875
31931,5714.8564453125
31932,5596.6474609375
31933,5397.123046875
31934,5730.5419921875
31935,5782.5107421875
31936,9096.0390625
31937,5352.9619140625
31938,7493.15478515625
31939,4715.41748046875
31940,6977.7998046875
31941,4372.2080078125
31942,7834.5087890625
31943,4846.5009765625
31944,4666.80615234375
31945,5611.2255859375
31946,6153.8818359375
31947,6212.02099609375
31948,8551.451171875
31949,5104.55859375
31950,7987.650390625
31951,5569.2177734375
31952,8173.4091796875
31953,4207.69921875
31954,3578.106689453125
31955,5244.46875
31956,7753.57958984375
31957,5317.15576171875
31958,5353.7568359375
31959,5937.912109375
31960,7161.87939453125
31961,4023.261962890625
31962,7623.4619140625
31963,6434.13623046875
31964,3271.677490234375
31965,8518.1748046875
31966,14683.6513671875
31967,5420.58203125
31968,5428.205078125
31969,7566.90380859375
31970,8491.75390625
31971,9241.8583984375
31972,4351.88232421875
31973,5925.5791015625
31974,5850.388671875
31975,6651.22412109375
31976,3475.152587890625
31977,5275.1337890625
31978,4570.65966796875
31979,4701.1259765625
31980,6786.9091796875
31981,4797.6396484375
31982,3709.765625
31983,6276.9951171875
31984,3654.606689453125
31985,3161.835693359375
31986,5279.15478515625
31987,5389.77099609375
31988,7384.27685546875
31989,7262.89697265625
31990,6695.34814453125
31991,5406.61279296875
31992,5698.98095703125
31993,8336.1748046875
31994,5763.20166015625
31995,3880.521728515625
31996,4724.93017578125
31997,8266.318359375
31998,4156.693359375
31999,5380.1298828125
32000,3173.6494140625
32001,4062.510986328125
32002,5442.5771484375
32003,5484.19140625
32004,4118.24169921875
32005,7429.45068359375
32006,8276.7236328125
32007,10328.3779296875
32008,5831.091796875
32009,9317.42578125
32010,2931.83447265625
32011,4937.32568359375
32012,5056.5673828125
32013,2795.2265625
32014,7138.82470703125
32015,4111.1640625
32016,5425.93701171875
32017,7655.02734375
32018,9314.2275390625
32019,7091.755859375
32020,4952.0009765625
32021,4465.89892578125
32022,13430.8369140625
32023,6781.35595703125
32024,5160.77587890625
32025,4159.10791015625
32026,6011.90478515625
32027,7966.2216796875
32028,3340.119873046875
32029,5113.5185546875
32030,6251.5615234375
32031,6150.7783203125
32032,11372.2373046875
32033,5450.064453125
32034,10264.7216796875
32035,5463.52978515625
32036,5213.88232421875
32037,3145.71044921875
32038,5410.84423828125
32039,5091.81005859375
32040,4495.02197265625
32041,5539.58056640625
32042,4337.0078125
32043,3678.24462890625
32044,5694.4404296875
32045,4337.34033203125
32046,6404.68505859375
32047,5295.31005859375
32048,7115.83740234375
32049,7153.220703125
32050,3801.39501953125
32051,8721.8310546875
32052,5615.1123046875
32053,5161.333984375
32054,5672.38818359375
32055,4629.26416015625
32056,8380.361328125
32057,6081.677734375
32058,4450.49755859375
32059,5455.48193359375
32060,7235.294921875
32061,5715.029296875
32062,5688.24658203125
32063,7569.04736328125
32064,5488.46142578125
32065,5980.01708984375
32066,5433.02099609375
32067,6821.83203125
32068,4986.38623046875
32069,5599.86474609375
32070,4483.82763671875
32071,4473.8564453125
32072,4281.603515625
32073,4624.1484375
32074,6624.24169921875
32075,8009.4951171875
32076,9649.279296875
32077,8988.4208984375
32078,6487.63916015625
32079,8010.2919921875
32080,5028.564453125
32081,9071.896484375
32082,9514.7861328125
32083,5802.5888671875
32084,6992.5048828125
32085,7411.71875
32086,5169.30908203125
32087,3923.639892578125
32088,6787.458984375
32089,6013.57958984375
32090,6411.8681640625
32091,5716.67724609375
32092,2214.469970703125
32093,8490.15625
32094,5973.65478515625
32095,5623.015625
32096,4850.0126953125
32097,4464.03369140625
32098,6310.39794921875
32099,6438.7099609375
32100,5527.42333984375
32101,5155.54638671875
32102,3913.39794921875
32103,3338.030517578125
32104,3351.919189453125
32105,5885.556640625
32106,16165.9931640625
32107,3770.252197265625
32108,4891.70068359375
32109,5397.5029296875
32110,4757.20361328125
32111,5287.72705078125
32112,4348.36376953125
32113,3128.909912109375
32114,6622.2685546875
32115,6169.45263671875
32116,3081.7099609375
32117,7210.07763671875
32118,3915.58544921875
32119,4539.75634765625
32120,9511.845703125
32121,6224.5380859375
32122,9117.474609375
32123,4793.8798828125
32124,5744.12939453125
32125,4250.42919921875
32126,4604.03955078125
32127,12954.59765625
32128,8852.962890625
32129,5174.35791015625
32130,4710.45166015625
32131,4304.404296875
32132,5120.3662109375
32133,4094.437255859375
32134,8875.4345703125
32135,4568.0947265625
32136,4607.04248046875
32137,5701.45068359375
32138,4170.4150390625
32139,5889.19091796875
32140,6027.4716796875
32141,5773.916015625
32142,5703.17431640625
32143,3685.130615234375
32144,5201.65966796875
32145,5362.896484375
32146,7520.263671875
32147,7211.81201171875
32148,6007.55712890625
32149,3175.904296875
32150,7412.79541015625
32151,5016.970703125
32152,3797.336669921875
32153,5622.98583984375
32154,6352.5068359375
32155,5588.189453125
32156,5841.77685546875
32157,5824.7734375
32158,5291.03369140625
32159,4757.40771484375
32160,6380.3017578125
32161,5652.56640625
32162,4035.71923828125
32163,9079.078125
32164,4892.875
32165,3685.983154296875
32166,9582.9482421875
32167,5145.11181640625
32168,3160.123046875
32169,6800.0009765625
32170,9568.255859375
32171,8766.2666015625
32172,4707.4892578125
32173,4511.98388671875
32174,5078.55908203125
32175,6329.04541015625
32176,4569.2783203125
32177,5262.6279296875
32178,2605.40673828125
32179,4567.87109375
32180,4931.64501953125
32181,4117.37890625
32182,4211.80517578125
32183,6000.64404296875
32184,5728.20458984375
32185,5587.60791015625
32186,6835.955078125
32187,5352.8837890625
32188,6946.9765625
32189,4379.587890625
32190,5371.57763671875
32191,5949.06298828125
32192,7008.66357421875
32193,6475.09033203125
32194,2827.177490234375
32195,8762.31640625
32196,5827.5419921875
32197,5356.5146484375
32198,4575.162109375
32199,3989.60498046875
32200,6885.32568359375
32201,4200.49951171875
32202,6746.9970703125
32203,5361.3173828125
32204,4749.857421875
32205,6351.728515625
32206,5418.71044921875
32207,4247.619140625
32208,6484.60205078125
32209,4484.625
32210,8301.1728515625
32211,8077.48583984375
32212,7230.17431640625
32213,4262.47900390625
32214,4025.0673828125
32215,3157.571533203125
32216,3077.91845703125
32217,6781.0380859375
32218,4067.31982421875
32219,8607.482421875
32220,3903.23046875
32221,4915.373046875
32222,5192.94921875
32223,7039.10400390625
32224,4894.84375
32225,4247.37255859375
32226,4389.63525390625
32227,6460.19970703125
32228,4547.7490234375
32229,5912.2890625
32230,6513.4912109375
32231,7503.1923828125
32232,6507.50244140625
32233,6438.05224609375
32234,4723.37158203125
32235,3873.619873046875
32236,4495.36279296875
32237,8893.9365234375
32238,6759.9033203125
32239,10278.64453125
32240,13522.03515625
32241,4177.19189453125
32242,4117.5361328125
32243,5897.095703125
32244,7302.2236328125
32245,7225.294921875
32246,5754.7880859375
32247,6982.6767578125
32248,6607.76318359375
32249,5986.17919921875
32250,5313.8701171875
32251,4327.91748046875
32252,4121.591796875
32253,4268.92724609375
32254,4049.249267578125
32255,3757.474853515625
32256,6786.86669921875
32257,14925.603515625
32258,5784.48388671875
32259,4680.7021484375
32260,5967.48779296875
32261,3519.107666015625
32262,5416.33349609375
32263,4362.4951171875
32264,8336.091796875
32265,5570.25732421875
32266,5461.9365234375
32267,10937.775390625
32268,12057.990234375
32269,4181.76318359375
32270,5935.3125
32271,3550.888427734375
32272,4684.953125
32273,5248.0634765625
32274,7116.93310546875
32275,3883.064208984375
32276,3818.151611328125
32277,4615.77783203125
32278,4837.63037109375
32279,5636.36669921875
32280,4754.01123046875
32281,3548.48388671875
32282,5971.798828125
32283,6545.38818359375
32284,5226.71923828125
32285,3476.166015625
32286,3277.5927734375
32287,6777.3349609375
32288,3944.30419921875
32289,8544.2021484375
32290,3177.67431640625
32291,4900.5888671875
32292,5412.96630859375
32293,4085.521728515625
32294,3869.8115234375
32295,3830.30859375
32296,5511.509765625
32297,9191.357421875
32298,7273.3095703125
32299,4765.36279296875
32300,4064.11962890625
32301,5385.11083984375
32302,5143.3017578125
32303,4487.5263671875
32304,4691.396484375
32305,5630.64208984375
32306,10581.3212890625
32307,6440.6455078125
32308,5511.9375
32309,6434.51416015625
32310,3766.055419921875
32311,7947.89111328125
32312,5035.603515625
32313,10597.931640625
32314,5252.22705078125
32315,4737.1474609375
32316,4231.69287109375
32317,3648.008544921875
32318,5870.07763671875
32319,16540.603515625
32320,3090.16357421875
32321,4432.76806640625
32322,8464.2822265625
32323,5780.69873046875
32324,6094.69921875
32325,7090.95703125
32326,4587.86279296875
32327,4861.20263671875
32328,4527.41650390625
32329,8650.8369140625
32330,5064.568359375
32331,6536.056640625
32332,6385.9599609375
32333,4354.9033203125
32334,6803.01708984375
32335,6739.52490234375
32336,3907.21533203125
32337,9192.978515625
32338,8577.2978515625
32339,3653.248046875
32340,6291.74169921875
32341,5786.42529296875
32342,4331.38623046875
32343,7110.357421875
32344,5583.62109375
32345,6223.00634765625
32346,3993.04638671875
32347,4747.25439453125
32348,6810.8193359375
32349,4635.8271484375
32350,7451.04052734375
32351,4017.706787109375
32352,4752.3837890625
32353,4510.470703125
32354,5263.44970703125
32355,5406.5771484375
32356,5893.81396484375
32357,5621.27294921875
32358,6226.6845703125
32359,4934.28173828125
32360,6300.8564453125
32361,5942.3349609375
32362,6258.44873046875
32363,8468.97265625
32364,6399.94091796875
32365,3373.803466796875
32366,5578.96435546875
32367,6803.0400390625
32368,4744.8154296875
32369,10067.9013671875
32370,4827.689453125
32371,8121.4296875
32372,8335.03125
32373,6521.13232421875
32374,3194.927978515625
32375,15916.5966796875
32376,8819.6025390625
32377,5426.80322265625
32378,7007.92333984375
32379,8922.0380859375
32380,5042.80517578125
32381,6332.7587890625
32382,5394.693359375
32383,4672.82177734375
32384,5286.3173828125
32385,5610.21484375
32386,3557.7666015625
32387,6737.3212890625
32388,4828.6552734375
32389,6655.95068359375
32390,5676.01123046875
32391,5798.201171875
32392,6135.82470703125
32393,5141.18408203125
32394,6424.12890625
32395,7135.0068359375
32396,6256.17236328125
32397,5560.2333984375
32398,5053.74560546875
32399,8624.5283203125
32400,4275.76318359375
32401,4437.76708984375
32402,5286.61474609375
32403,6035.52197265625
32404,6200.052734375
32405,3892.746337890625
32406,3882.963623046875
32407,5696.9443359375
32408,7201.3203125
32409,4886.54248046875
32410,6083.5146484375
32411,5281.634765625
32412,4757.10107421875
32413,3553.032958984375
32414,2548.218017578125
32415,6356.02734375
32416,5462.8349609375
32417,5382.5419921875
32418,8133.75390625
32419,7317.740234375
32420,4187.20849609375
32421,7079.18603515625
32422,3777.248046875
32423,2659.487060546875
32424,6588.55615234375
32425,9609.923828125
32426,7224.96826171875
32427,5726.68310546875
32428,3543.99072265625
32429,5540.580078125
32430,6881.50244140625
32431,4961.85009765625
32432,6108.61669921875
32433,3917.359375
32434,4428.95556640625
32435,4474.015625
32436,4397.29736328125
32437,4406.353515625
32438,3798.897216796875
32439,4017.25634765625
32440,3689.758544921875
32441,5938.94970703125
32442,6005.95849609375
32443,3974.769775390625
32444,5574.1318359375
32445,5980.44775390625
32446,4575.0458984375
32447,4212.611328125
32448,6654.68212890625
32449,5277.634765625
32450,4338.14404296875
32451,3172.762939453125
32452,9887.662109375
32453,5413.7294921875
32454,4280.02001953125
32455,6072.22265625
32456,6474.36376953125
32457,5745.21923828125
32458,4572.2763671875
32459,6390.75390625
32460,7632.44091796875
32461,10560.7763671875
32462,4045.532470703125
32463,3768.43701171875
32464,4286.03955078125
32465,5393.4052734375
32466,5027.07470703125
32467,7600.91552734375
32468,6397.61962890625
32469,4266.89697265625
32470,3192.841064453125
32471,4851.26953125
32472,10637.294921875
32473,3726.30517578125
32474,5748.49951171875
32475,3080.802490234375
32476,5543.6787109375
32477,6735.947265625
32478,5654.05322265625
32479,6566.51611328125
32480,5146.2265625
32481,3405.83642578125
32482,5277.10693359375
32483,6003.57666015625
32484,6372.84619140625
32485,5813.87158203125
32486,6847.63818359375
32487,4187.31884765625
32488,3912.298095703125
32489,8569.57421875
32490,3904.26611328125
32491,8230.396484375
32492,5340.15478515625
32493,3624.6494140625
32494,6228.43798828125
32495,5028.13232421875
32496,6601.103515625
32497,7087.77783203125
32498,3638.442626953125
32499,3496.275390625
32500,5631.20166015625
32501,6919.28955078125
32502,8020.1611328125
32503,5385.8212890625
32504,5539.5595703125
32505,4625.78076171875
32506,5487.49951171875
32507,3886.3173828125
32508,8686.78515625
32509,7231.6171875
32510,9785.1005859375
32511,3646.403076171875
32512,4726.8349609375
32513,10495.970703125
32514,7988.65869140625
32515,3968.5498046875
32516,8365.5537109375
32517,5288.87158203125
32518,4745.38525390625
32519,4094.53564453125
32520,4419.99560546875
32521,4259.2275390625
32522,4856.3671875
32523,3983.7216796875
32524,4103.51513671875
32525,6622.17529296875
32526,5743.427734375
32527,21096.705078125
32528,4989.9248046875
32529,4366.404296875
32530,5893.76220703125
32531,11084.9580078125
32532,5559.0
32533,7136.02197265625
32534,5561.7744140625
32535,7687.8515625
32536,6747.57421875
32537,3857.265380859375
32538,5175.783203125
32539,6306.39892578125
32540,7719.4111328125
32541,6425.70556640625
32542,8259.837890625
32543,4171.23388671875
32544,4616.9345703125
32545,6819.17578125
32546,8731.96875
32547,10182.0224609375
32548,8044.8134765625
32549,7003.8701171875
32550,4554.44091796875
32551,5442.2578125
32552,4311.0380859375
32553,7735.55517578125
32554,9044.294921875
32555,10772.470703125
32556,4591.37109375
32557,4819.12255859375
32558,4174.09033203125
32559,5611.76123046875
32560,8659.796875
32561,5905.88427734375
32562,4770.45654296875
32563,4646.36767578125
32564,7771.59814453125
32565,3461.020751953125
32566,6344.84912109375
32567,4986.697265625
32568,6558.99462890625
32569,6179.201171875
32570,5461.25439453125
32571,7603.6513671875
32572,6417.95849609375
32573,5771.7890625
32574,6642.54345703125
32575,6533.9814453125
32576,10510.8388671875
32577,6066.939453125
32578,7533.43505859375
32579,8461.88671875
32580,8886.826171875
32581,6446.1728515625
32582,8063.42529296875
32583,4438.1396484375
32584,4881.9267578125
32585,5761.265625
32586,6772.9951171875
32587,8058.26416015625
32588,6964.99853515625
32589,5368.9404296875
32590,6870.29833984375
32591,6634.73193359375
32592,8453.111328125
32593,3880.049560546875
32594,12693.181640625
32595,4076.246337890625
32596,6295.15966796875
32597,8646.94140625
32598,4551.32373046875
32599,4915.64404296875
32600,5542.76513671875
32601,6796.04248046875
32602,5238.29345703125
32603,5081.2705078125
32604,8299.140625
32605,7391.42138671875
32606,5900.7685546875
32607,5246.95556640625
32608,6946.95703125
32609,12089.3681640625
32610,6532.08251953125
32611,5990.93505859375
32612,5935.1435546875
32613,6406.5556640625
32614,5907.68359375
32615,6898.349609375
32616,4386.58203125
32617,7557.3955078125
32618,7155.74658203125
32619,6064.7177734375
32620,11010.126953125
32621,4186.64453125
32622,4107.13427734375
32623,4059.172119140625
32624,7435.92333984375
32625,8148.1025390625
32626,5078.97509765625
32627,5142.08203125
32628,7018.64990234375
32629,5858.56396484375
32630,5744.08740234375
32631,6699.11962890625
32632,6082.6708984375
32633,7414.84716796875
32634,5284.33642578125
32635,4326.466796875
32636,5141.77783203125
32637,7656.37353515625
32638,7236.11865234375
32639,7664.279296875
32640,7360.765625
32641,5629.84716796875
32642,8631.419921875
32643,4809.27099609375
32644,5897.677734375
32645,8889.85546875
32646,6292.85302734375
32647,9348.916015625
32648,8217.84375
32649,6688.0322265625
32650,5475.306640625
32651,7157.27685546875
32652,6814.734375
32653,5881.98974609375
32654,3675.613525390625
32655,5977.65869140625
32656,7457.2099609375
32657,5032.6630859375
32658,4108.69384765625
32659,7360.58447265625
32660,6147.22998046875
32661,5945.8232421875
32662,5308.25439453125
32663,4744.87255859375
32664,7448.484375
32665,6655.0673828125
32666,6941.63671875
32667,4944.13623046875
32668,5619.39306640625
32669,5878.60986328125
32670,2799.05615234375
32671,6538.7294921875
32672,5708.958984375
32673,7811.0576171875
32674,7214.796875
32675,5544.9931640625
32676,9676.9404296875
32677,4659.3154296875
32678,5221.37939453125
32679,9606.3955078125
32680,5998.52392578125
32681,7289.87890625
32682,7462.1943359375
32683,5432.00634765625
32684,5930.5986328125
32685,5377.96142578125
32686,8171.64697265625
32687,10777.4375
32688,8136.62060546875
32689,2987.0244140625
32690,4262.34326171875
32691,7539.044921875
32692,6528.80810546875
32693,5408.4521484375
32694,5138.3701171875
32695,4538.9287109375
32696,5352.72021484375
32697,3557.982421875
32698,4376.43896484375
32699,6592.66455078125
32700,6704.49853515625
32701,6292.56640625
32702,6275.91796875
32703,7571.6181640625
32704,8002.486328125
32705,7189.09228515625
32706,4673.2490234375
32707,9082.447265625
32708,8492.0859375
32709,4856.98681640625
32710,7042.9384765625
32711,4891.47509765625
32712,6072.6630859375
32713,3985.479248046875
32714,6217.66015625
32715,4581.5947265625
32716,9225.2958984375
32717,6689.30810546875
32718,7501.50927734375
32719,8127.0595703125
32720,5375.16162109375
32721,8047.2529296875
32722,17524.7890625
32723,9983.1591796875
32724,5340.552734375
32725,3884.293701171875
32726,5973.2451171875
32727,6765.19775390625
32728,5833.3310546875
32729,11810.2470703125
32730,18014.041015625
32731,4232.48583984375
32732,5133.73486328125
32733,9692.5009765625
32734,4571.09423828125
32735,6971.76171875
32736,6065.07080078125
32737,7041.615234375
32738,4965.1015625
32739,7107.9111328125
32740,6010.33251953125
32741,7573.5908203125
32742,8666.4150390625
32743,6270.28271484375
32744,5907.89697265625
32745,6962.5537109375
32746,3909.446044921875
32747,5121.8583984375
32748,6941.462890625
32749,5080.39453125
32750,5929.2119140625
32751,6140.9189453125
32752,6074.43359375
32753,6299.873046875
32754,6906.49462890625
32755,6620.623046875
32756,7852.43408203125
32757,11915.1240234375
32758,6767.01025390625
32759,5352.73095703125
32760,3630.471435546875
32761,5344.23974609375
32762,7008.412109375
32763,5504.58984375
32764,4848.31103515625
32765,7620.8955078125
32766,5718.30517578125
32767,8659.5732421875
32768,6314.5361328125
32769,5225.39990234375
32770,4659.62646484375
32771,4971.3017578125
32772,8273.943359375
32773,5174.6865234375
32774,7093.7021484375
32775,15151.6064453125
32776,6587.583984375
32777,6252.05419921875
32778,5014.60791015625
32779,4494.36474609375
32780,5741.1455078125
32781,4050.76220703125
32782,5775.59814453125
32783,9921.2861328125
32784,4765.302734375
32785,12001.5771484375
32786,10339.525390625
32787,5968.4921875
32788,6090.099609375
32789,5521.142578125
32790,6243.90478515625
32791,6155.47705078125
32792,10189.1455078125
32793,5804.8896484375
32794,7761.82275390625
32795,5147.38525390625
32796,7483.869140625
32797,5989.931640625
32798,8195.466796875
32799,5801.72412109375
32800,5248.7041015625
32801,6476.84814453125
32802,6065.4638671875
32803,7365.47509765625
32804,9714.5283203125
32805,5584.3154296875
32806,8456.6005859375
32807,6578.0654296875
32808,9984.73046875
32809,4523.38330078125
32810,4446.51708984375
32811,5574.83544921875
32812,7970.404296875
32813,6040.51953125
32814,6726.005859375
32815,6701.658203125
32816,8314.251953125
32817,4970.73583984375
32818,7528.365234375
32819,6572.654296875
32820,3834.40478515625
32821,9240.9873046875
32822,16444.962890625
32823,6318.06103515625
32824,6256.85302734375
32825,8092.55615234375
32826,9052.01171875
32827,11070.7080078125
32828,5075.66064453125
32829,6828.23681640625
32830,6096.9501953125
32831,7326.18017578125
32832,3368.415283203125
32833,5704.376953125
32834,5348.896484375
32835,5533.8125
32836,7918.3408203125
32837,5359.19287109375
32838,3483.51611328125
32839,6979.58349609375
32840,4233.45068359375
32841,3781.535888671875
32842,5410.36669921875
32843,5490.50439453125
32844,8179.88671875
32845,8091.27490234375
32846,7439.376953125
32847,6541.7333984375
32848,6111.30615234375
32849,9627.794921875
32850,6399.88134765625
32851,4132.20458984375
32852,5128.4052734375
32853,9221.6884765625
32854,4586.3896484375
32855,6395.90283203125
32856,3382.58056640625
32857,4657.3017578125
32858,6475.7587890625
32859,6236.1298828125
32860,4975.9794921875
32861,8996.0693359375
32862,9262.2314453125
32863,11338.70703125
32864,6344.126953125
32865,8926.1298828125
32866,2913.687744140625
32867,5033.72119140625
32868,5903.48876953125
32869,3274.04833984375
32870,7940.87060546875
32871,4727.7060546875
32872,6157.35888671875
32873,8645.0107421875
32874,9520.384765625
32875,7420.4951171875
32876,5089.6787109375
32877,5347.2177734375
32878,15241.4404296875
32879,7420.37841796875
32880,5456.328125
32881,4951.966796875
32882,6661.88720703125
32883,8196.326171875
32884,4511.81787109375
32885,5710.93798828125
32886,7128.17724609375
32887,7015.19775390625
32888,13336.1201171875
32889,6092.85693359375
32890,10603.43359375
32891,6474.697265625
32892,5786.40087890625
32893,3517.981689453125
32894,5353.32568359375
32895,6367.9892578125
32896,5296.61474609375
32897,7186.5986328125
32898,5156.38818359375
32899,3915.794189453125
32900,6351.46044921875
32901,4646.0478515625
32902,6423.67236328125
32903,6214.24365234375
32904,7944.76318359375
32905,7610.787109375
32906,4674.42431640625
32907,8775.8505859375
32908,5860.00732421875
32909,6028.994140625
32910,6022.00341796875
32911,5078.50537109375
32912,9626.4716796875
32913,7048.6904296875
32914,4771.01416015625
32915,6459.49072265625
32916,8482.599609375
32917,6826.794921875
32918,5914.5595703125
32919,8083.89599609375
32920,5701.65283203125
32921,5931.37353515625
32922,5937.0078125
32923,8307.6923828125
32924,5637.9111328125
32925,6634.88671875
32926,5195.04052734375
32927,5147.4248046875
32928,4792.822265625
32929,4866.06201171875
32930,7562.94189453125
32931,9394.7919921875
32932,10046.595703125
32933,10003.689453125
32934,7798.37060546875
32935,8419.6865234375
32936,5465.51123046875
32937,10448.9150390625
32938,10659.615234375
32939,6863.89599609375
32940,7049.66015625
32941,7634.79833984375
32942,5946.80810546875
32943,4701.89892578125
32944,7281.787109375
32945,6682.04150390625
32946,6964.94140625
32947,6039.05078125
32948,2145.712646484375
32949,9347.0791015625
32950,6554.7587890625
32951,6372.1298828125
32952,4979.267578125
32953,5090.22802734375
32954,6595.10693359375
32955,6656.40771484375
32956,6358.56640625
32957,6048.39208984375
32958,4513.40625
32959,3424.689208984375
32960,3586.2353515625
32961,6383.537109375
32962,16410.505859375
32963,3808.586181640625
32964,5624.08203125
32965,6061.3427734375
32966,4518.42822265625
32967,6234.8212890625
32968,5198.96044921875
32969,3187.968017578125
32970,7124.8984375
32971,7506.6669921875
32972,3371.897705078125
32973,8439.1220703125
32974,4366.5380859375
32975,5001.37548828125
32976,11102.822265625
32977,7209.3232421875
32978,9970.4794921875
32979,5546.64697265625
32980,5819.26123046875
32981,4614.59033203125
32982,4998.12646484375
32983,14176.09375
32984,10373.6083984375
32985,6169.966796875
32986,5171.68359375
32987,5210.267578125
32988,5778.22998046875
32989,4691.2880859375
32990,9898.5048828125
32991,5601.47119140625
32992,4672.1826171875
32993,6848.08203125
32994,4920.49365234375
32995,6266.859375
32996,6373.07080078125
32997,7088.57666015625
32998,6928.853515625
32999,3966.107177734375
33000,5559.74169921875
33001,6430.2392578125
33002,8610.841796875
33003,8031.66455078125
33004,7125.603515625
33005,3702.96875
33006,7761.30712890625
33007,5274.34130859375
33008,4482.7041015625
33009,5944.38623046875
33010,7415.0302734375
33011,5705.66357421875
33012,6328.0732421875
33013,6335.3193359375
33014,6084.75537109375
33015,5428.0302734375
33016,6899.51513671875
33017,6638.6259765625
33018,5118.2138671875
33019,10426.8544921875
33020,5414.17529296875
33021,3876.638427734375
33022,10886.0888671875
33023,6055.60205078125
33024,2583.248046875
33025,6804.92041015625
33026,9992.5966796875
33027,9375.0302734375
33028,5030.27490234375
33029,5344.3212890625
33030,5321.4697265625
33031,7021.84912109375
33032,5136.93359375
33033,6420.92333984375
33034,2806.790283203125
33035,5066.5205078125
33036,5906.498046875
33037,4730.34716796875
33038,4359.52001953125
33039,6791.755859375
33040,6290.3076171875
33041,6053.59326171875
33042,6457.9453125
33043,6142.1904296875
33044,8082.291015625
33045,5205.7978515625
33046,6246.681640625
33047,6663.080078125
33048,8256.2587890625
33049,7212.98583984375
33050,3058.24755859375
33051,8055.97216796875
33052,6971.443359375
33053,6614.47998046875
33054,5637.544921875
33055,4194.30224609375
33056,8613.98046875
33057,4908.8486328125
33058,8406.8935546875
33059,5866.85595703125
33060,5276.146484375
33061,7302.85302734375
33062,5996.93017578125
33063,4747.21728515625
33064,6756.6181640625
33065,4762.1044921875
33066,9361.892578125
33067,9278.271484375
33068,7514.69677734375
33069,4929.1982421875
33070,4885.18212890625
33071,3694.352294921875
33072,3287.6943359375
33073,7864.24462890625
33074,4669.80419921875
33075,8558.173828125
33076,4008.31787109375
33077,5529.36865234375
33078,5595.94384765625
33079,8121.5302734375
33080,5656.3603515625
33081,5160.8466796875
33082,4255.34375
33083,6833.59033203125
33084,5741.22412109375
33085,6590.7041015625
33086,7287.8154296875
33087,7924.82470703125
33088,6892.06103515625
33089,7029.2158203125
33090,5534.32177734375
33091,4527.6455078125
33092,5209.1015625
33093,9727.765625
33094,7549.02294921875
33095,11834.5615234375
33096,13774.900390625
33097,4784.8720703125
33098,4777.2939453125
33099,5949.76904296875
33100,7770.44970703125
33101,9427.392578125
33102,6557.8955078125
33103,7558.6640625
33104,7302.27783203125
33105,6089.08837890625
33106,6039.634765625
33107,4677.87109375
33108,4758.11181640625
33109,5184.13916015625
33110,4352.34765625
33111,4463.97509765625
33112,7720.775390625
33113,16368.123046875
33114,6303.4208984375
33115,5671.14013671875
33116,6754.00244140625
33117,4076.385498046875
33118,5891.1650390625
33119,3955.972412109375
33120,10334.74609375
33121,6255.2265625
33122,6414.0283203125
33123,12727.9736328125
33124,11036.4091796875
33125,4644.67529296875
33126,7166.0478515625
33127,3667.60302734375
33128,5377.07421875
33129,5510.3515625
33130,7977.90673828125
33131,4579.9951171875
33132,4392.41650390625
33133,4470.4990234375
33134,5482.43017578125
33135,5682.59375
33136,5648.01171875
33137,4415.7470703125
33138,6638.4287109375
33139,6938.013671875
33140,5926.458984375
33141,4091.416748046875
33142,3828.572998046875
33143,7599.63623046875
33144,4327.8720703125
33145,9376.49609375
33146,4203.9033203125
33147,5771.78076171875
33148,6255.93994140625
33149,5206.26806640625
33150,4342.158203125
33151,5112.177734375
33152,6516.17041015625
33153,9505.6484375
33154,7641.00537109375
33155,5686.73876953125
33156,4632.01123046875
33157,5646.09228515625
33158,4941.72607421875
33159,4764.06640625
33160,5525.33984375
33161,5938.83154296875
33162,11588.033203125
33163,7626.7666015625
33164,5931.19384765625
33165,6944.65234375
33166,3814.31494140625
33167,8862.0751953125
33168,5141.65478515625
33169,11089.33203125
33170,5972.69921875
33171,5142.39453125
33172,4745.564453125
33173,4398.85888671875
33174,6336.18017578125
33175,18673.966796875
33176,3855.90283203125
33177,4975.25048828125
33178,8646.6435546875
33179,6752.64111328125
33180,6455.2763671875
33181,8001.01904296875
33182,5076.69091796875
33183,5329.15771484375
33184,5148.97802734375
33185,9665.76953125
33186,6049.1806640625
33187,7204.66162109375
33188,7014.27490234375
33189,4784.58447265625
33190,7895.91015625
33191,7198.4970703125
33192,4074.9443359375
33193,10324.0107421875
33194,9597.8212890625
33195,4115.68017578125
33196,7106.80126953125
33197,6772.28759765625
33198,5077.232421875
33199,8349.8515625
33200,6521.89208984375
33201,7180.3486328125
33202,4617.041015625
33203,5039.45166015625
33204,6856.2705078125
33205,4638.26611328125
33206,8112.2998046875
33207,4211.591796875
33208,5345.3505859375
33209,4673.32568359375
33210,6033.14990234375
33211,5678.68359375
33212,6354.29638671875
33213,7083.05224609375
33214,7863.2373046875
33215,6035.84130859375
33216,7463.93505859375
33217,6329.6142578125
33218,6401.8544921875
33219,9156.822265625
33220,7139.29150390625
33221,3563.50830078125
33222,5061.080078125
33223,7540.4501953125
33224,5137.85009765625
33225,11567.5712890625
33226,6220.61181640625
33227,8892.6787109375
33228,8996.1552734375
33229,6421.24853515625
33230,3714.539306640625
33231,19787.98046875
33232,9937.154296875
33233,5733.16455078125
33234,7304.6142578125
33235,8881.95703125
33236,5332.873046875
33237,6006.802734375
33238,5878.56298828125
33239,6015.36767578125
33240,5937.60986328125
33241,6118.87890625
33242,3969.275634765625
33243,6248.60009765625
33244,6061.33642578125
33245,7671.65673828125
33246,6581.72216796875
33247,6021.25
33248,6277.22998046875
33249,5805.07373046875
33250,7165.23583984375
33251,7343.50732421875
33252,6914.47607421875
33253,5881.748046875
33254,5899.59912109375
33255,9260.6376953125
33256,4793.35498046875
33257,4532.75634765625
33258,5774.89111328125
33259,7065.732421875
33260,6917.84033203125
33261,4383.03515625
33262,4121.17919921875
33263,5713.32373046875
33264,6825.02490234375
33265,5392.82373046875
33266,7250.93505859375
33267,6065.47119140625
33268,5373.11328125
33269,4341.7021484375
33270,3360.063720703125
33271,7270.84765625
33272,5973.65625
33273,5468.8857421875
33274,8965.244140625
33275,7907.31982421875
33276,4282.3916015625
33277,8098.45263671875
33278,3661.851318359375
33279,3040.369384765625
33280,7095.5654296875
33281,10382.671875
33282,8221.67578125
33283,6449.697265625
33284,3874.676513671875
33285,6051.46875
33286,7547.85693359375
33287,5066.69482421875
33288,6416.7451171875
33289,4485.64111328125
33290,4811.32666015625
33291,4630.34130859375
33292,5083.84521484375
33293,4868.95361328125
33294,4430.51513671875
33295,5143.34228515625
33296,4003.36474609375
33297,6580.27490234375
33298,6218.6220703125
33299,4945.595703125
33300,5696.83349609375
33301,6560.66455078125
33302,5265.42236328125
33303,4933.72314453125
33304,8072.9091796875
33305,6591.1865234375
33306,5865.140625
33307,3579.607421875
33308,10465.29296875
33309,6684.2421875
33310,5190.4921875
33311,7543.25
33312,6997.4921875
33313,6468.40185546875
33314,5658.11669921875
33315,6735.73779296875
33316,7955.9970703125
33317,12175.642578125
33318,4134.841796875
33319,4168.328125
33320,4931.63525390625
33321,5831.87548828125
33322,6553.51171875
33323,7724.17333984375
33324,6870.458984375
33325,4208.708984375
33326,4077.710693359375
33327,5732.53857421875
33328,12929.3408203125
33329,4224.673828125
33330,6817.99755859375
33331,3613.49609375
33332,6949.62841796875
33333,7039.51806640625
33334,6327.84619140625
33335,6772.15869140625
33336,5976.31591796875
33337,4124.6826171875
33338,5942.134765625
33339,6138.01171875
33340,7390.66552734375
33341,6633.453125
33342,7552.33203125
33343,4611.6962890625
33344,4272.943359375
33345,9260.1357421875
33346,4353.251953125
33347,8729.1728515625
33348,5886.57373046875
33349,4047.2734375
33350,6960.94580078125
33351,5593.345703125
33352,6896.22900390625
33353,7273.45166015625
33354,4345.291015625
33355,3883.255615234375
33356,6358.14794921875
33357,8404.5673828125
33358,8117.50439453125
33359,5891.9833984375
33360,6202.65087890625
33361,5026.146484375
33362,5927.3154296875
33363,4369.77978515625
33364,9137.66015625
33365,8301.6689453125
33366,10102.0615234375
33367,3508.870849609375
33368,5382.19873046875
33369,8833.26171875
33370,9507.9921875
33371,3878.7880859375
33372,8998.560546875
33373,5635.73876953125
33374,5164.7607421875
33375,4753.1396484375
33376,4595.13525390625
33377,5342.29345703125
33378,5296.81787109375
33379,4833.2451171875
33380,4714.9423828125
33381,6998.80029296875
33382,6232.8076171875
33383,23041.705078125
33384,6313.8125
33385,0.0
33386,0.0
33387,0.0
33388,0.0
33389,0.0
33390,0.0
33391,0.0
33392,0.0
33393,0.0
33394,0.0
33395,0.0
33396,0.0
33397,0.0
33398,0.0
33399,0.0
33400,0.0
33401,0.0
33402,0.0
33403,0.0
33404,0.0
33405,0.0
33406,0.0
33407,0.0
33408,0.0
33409,0.0
33410,0.0
33411,0.0
33412,0.0
33413,0.0
33414,0.0
33415,0.0
33416,0.0
33417,0.0
33418,0.0
33419,0.0
33420,0.0
33421,0.0
33422,0.0
33423,0.0
33424,0.0
33425,0.0
33426,0.0
33427,0.0
33428,0.0
33429,0.0
33430,0.0
33431,0.0
33432,0.0
33433,0.0
33434,0.0
33435,0.0
33436,0.0
33437,0.0
33438,0.0
33439,0.0
33440,0.0
33441,0.0
33442,0.0
33443,0.0
33444,0.0
33445,0.0
33446,0.0
33447,0.0
33448,0.0
33449,0.0
33450,0.0
33451,0.0
33452,0.0
33453,0.0
33454,0.0
33455,0.0
33456,0.0
33457,0.0
33458,0.0
33459,0.0
33460,0.0
33461,0.0
33462,0.0
33463,0.0
33464,0.0
33465,0.0
33466,0.0
33467,0.0
33468,0.0
33469,0.0
33470,0.0
33471,0.0
33472,0.0
33473,0.0
33474,0.0
33475,0.0
33476,4515.52978515625
33477,0.0
33478,0.0
33479,0.0
33480,0.0
33481,0.0
33482,0.0
33483,0.0
33484,0.0
33485,0.0
33486,0.0
33487,0.0
33488,0.0
33489,0.0
33490,0.0
33491,0.0
33492,0.0
33493,0.0
33494,0.0
33495,0.0
33496,0.0
33497,0.0
33498,0.0
33499,0.0
33500,0.0
33501,0.0
33502,0.0
33503,0.0
33504,0.0
33505,0.0
33506,0.0
33507,0.0
33508,0.0
33509,0.0
33510,0.0
33511,0.0
33512,0.0
33513,0.0
33514,0.0
33515,0.0
33516,0.0
33517,0.0
33518,0.0
33519,0.0
33520,0.0
33521,0.0
33522,0.0
33523,0.0
33524,0.0
33525,0.0
33526,0.0
33527,0.0
33528,0.0
33529,0.0
33530,0.0
33531,0.0
33532,0.0
33533,0.0
33534,0.0
33535,0.0
33536,0.0
33537,0.0
33538,0.0
33539,0.0
33540,0.0
33541,0.0
33542,0.0
33543,0.0
33544,3179.796875
33545,0.0
33546,0.0
33547,0.0
33548,0.0
33549,0.0
33550,0.0
33551,0.0
33552,0.0
33553,0.0
33554,0.0
33555,0.0
33556,0.0
33557,0.0
33558,0.0
33559,0.0
33560,0.0
33561,0.0
33562,0.0
33563,0.0
33564,0.0
33565,0.0
33566,0.0
33567,0.0
33568,0.0
33569,0.0
33570,0.0
33571,0.0
33572,0.0
33573,0.0
33574,0.0
33575,0.0
33576,0.0
33577,0.0
33578,0.0
33579,0.0
33580,0.0
33581,0.0
33582,0.0
33583,0.0
33584,0.0
33585,15719.234375
33586,31690.421875
33587,0.0
33588,0.0
33589,0.0
33590,0.0
33591,0.0
33592,0.0
33593,0.0
33594,7987.87451171875
33595,0.0
33596,0.0
33597,0.0
33598,0.0
33599,0.0
33600,0.0
33601,0.0
33602,0.0
33603,0.0
33604,0.0
33605,0.0
33606,0.0
33607,0.0
33608,0.0
33609,0.0
33610,0.0
33611,0.0
33612,0.0
33613,5705.8193359375
33614,0.0
33615,0.0
33616,0.0
33617,0.0
33618,0.0
33619,0.0
33620,0.0
33621,0.0
33622,0.0
33623,2455.227294921875
33624,0.0
33625,0.0
33626,0.0
33627,0.0
33628,0.0
33629,0.0
33630,0.0
33631,0.0
33632,0.0
33633,0.0
33634,0.0
33635,0.0
33636,0.0
33637,0.0
33638,0.0
33639,0.0
33640,0.0
33641,8485.7861328125
33642,0.0
33643,0.0
33644,0.0
33645,0.0
33646,0.0
33647,0.0
33648,0.0
33649,0.0
33650,0.0
33651,0.0
33652,0.0
33653,0.0
33654,0.0
33655,0.0
33656,0.0
33657,0.0
33658,8886.755859375
33659,0.0
33660,0.0
33661,0.0
33662,0.0
33663,0.0
33664,0.0
33665,0.0
33666,0.0
33667,0.0
33668,0.0
33669,0.0
33670,0.0
33671,0.0
33672,0.0
33673,0.0
33674,0.0
33675,0.0
33676,0.0
33677,0.0
33678,0.0
33679,0.0
33680,0.0
33681,0.0
33682,0.0
33683,0.0
33684,0.0
33685,0.0
33686,0.0
33687,0.0
33688,0.0
33689,0.0
33690,0.0
33691,0.0
33692,0.0
33693,0.0
33694,0.0
33695,0.0
33696,0.0
33697,0.0
33698,0.0
33699,0.0
33700,0.0
33701,0.0
33702,0.0
33703,0.0
33704,0.0
33705,0.0
33706,0.0
33707,0.0
33708,0.0
33709,0.0
33710,0.0
33711,0.0
33712,0.0
33713,0.0
33714,0.0
33715,0.0
33716,0.0
33717,0.0
33718,0.0
33719,0.0
33720,2048.453857421875
33721,0.0
33722,0.0
33723,0.0
33724,0.0
33725,0.0
33726,0.0
33727,0.0
33728,0.0
33729,0.0
33730,0.0
33731,0.0
33732,0.0
33733,0.0
33734,8161.8525390625
33735,0.0
33736,0.0
33737,0.0
33738,0.0
33739,0.0
33740,0.0
33741,0.0
33742,0.0
33743,0.0
33744,0.0
33745,0.0
33746,0.0
33747,0.0
33748,0.0
33749,0.0
33750,0.0
33751,0.0
33752,0.0
33753,0.0
33754,0.0
33755,0.0
33756,0.0
33757,-0.0
33758,0.0
33759,0.0
33760,0.0
33761,0.0
33762,0.0
33763,0.0
33764,0.0
33765,0.0
33766,0.0
33767,0.0
33768,0.0
33769,0.0
33770,0.0
33771,0.0
33772,0.0
33773,0.0
33774,0.0
33775,0.0
33776,0.0
33777,7894.5126953125
33778,0.0
33779,0.0
33780,0.0
33781,0.0
33782,0.0
33783,0.0
33784,0.0
33785,0.0
33786,0.0
33787,2456.03125
33788,0.0
33789,0.0
33790,0.0
33791,6808.1865234375
33792,0.0
33793,0.0
33794,0.0
33795,0.0
33796,0.0
33797,0.0
33798,0.0
33799,0.0
33800,0.0
33801,0.0
33802,0.0
33803,0.0
33804,0.0
33805,0.0
33806,0.0
33807,0.0
33808,0.0
33809,0.0
33810,0.0
33811,0.0
33812,0.0
33813,0.0
33814,0.0
33815,0.0
33816,0.0
33817,0.0
33818,20189.048828125
33819,0.0
33820,0.0
33821,0.0
33822,0.0
33823,0.0
33824,0.0
33825,0.0
33826,0.0
33827,0.0
33828,0.0
33829,0.0
33830,0.0
33831,0.0
33832,5879.3994140625
33833,0.0
33834,0.0
33835,0.0
33836,0.0
33837,0.0
33838,0.0
33839,0.0
33840,0.0
33841,0.0
33842,0.0
33843,0.0
33844,0.0
33845,0.0
33846,0.0
33847,0.0
33848,0.0
33849,0.0
33850,0.0
33851,0.0
33852,0.0
33853,0.0
33854,0.0
33855,0.0
33856,0.0
33857,0.0
33858,0.0
33859,0.0
33860,0.0
33861,0.0
33862,0.0
33863,0.0
33864,0.0
33865,0.0
33866,0.0
33867,0.0
33868,0.0
33869,0.0
33870,0.0
33871,0.0
33872,0.0
33873,0.0
33874,0.0
33875,0.0
33876,0.0
33877,0.0
33878,0.0
33879,0.0
33880,0.0
33881,0.0
33882,0.0
33883,0.0
33884,0.0
33885,-0.0
33886,0.0
33887,0.0
33888,0.0
33889,0.0
33890,0.0
33891,0.0
33892,0.0
33893,0.0
33894,0.0
33895,0.0
33896,0.0
33897,0.0
33898,0.0
33899,0.0
33900,0.0
33901,0.0
33902,0.0
33903,0.0
33904,0.0
33905,0.0
33906,0.0
33907,13009.07421875
33908,0.0
33909,0.0
33910,0.0
33911,0.0
33912,0.0
33913,0.0
33914,0.0
33915,0.0
33916,0.0
33917,0.0
33918,0.0
33919,0.0
33920,0.0
33921,0.0
33922,0.0
33923,0.0
33924,0.0
33925,0.0
33926,0.0
33927,0.0
33928,0.0
33929,0.0
33930,0.0
33931,0.0
33932,0.0
33933,0.0
33934,0.0
33935,0.0
33936,0.0
33937,0.0
33938,0.0
33939,0.0
33940,0.0
33941,0.0
33942,0.0
33943,0.0
33944,0.0
33945,0.0
33946,0.0
33947,0.0
33948,0.0
33949,0.0
33950,0.0
33951,6084.68701171875
33952,15193.23828125
33953,0.0
33954,0.0
33955,0.0
33956,0.0
33957,0.0
33958,0.0
33959,0.0
33960,0.0
33961,0.0
33962,0.0
33963,0.0
33964,0.0
33965,0.0
33966,0.0
33967,0.0
33968,0.0
33969,0.0
33970,0.0
33971,0.0
33972,0.0
33973,0.0
33974,0.0
33975,0.0
33976,0.0
33977,0.0
33978,0.0
33979,0.0
33980,11693.955078125
33981,0.0
33982,0.0
33983,0.0
33984,0.0
33985,0.0
33986,0.0
33987,0.0
33988,0.0
33989,0.0
33990,0.0
33991,0.0
33992,0.0
33993,-0.0
33994,0.0
33995,0.0
33996,0.0
33997,0.0
33998,0.0
33999,0.0
34000,0.0
34001,0.0
34002,0.0
34003,0.0
34004,0.0
34005,0.0
34006,0.0
34007,0.0
34008,0.0
34009,0.0
34010,0.0
34011,0.0
34012,0.0
34013,0.0
34014,0.0
34015,0.0
34016,0.0
34017,0.0
34018,0.0
34019,0.0
34020,0.0
34021,0.0
34022,0.0
34023,0.0
34024,0.0
34025,0.0
34026,0.0
34027,0.0
34028,0.0
34029,0.0
34030,0.0
34031,0.0
34032,0.0
34033,0.0
34034,0.0
34035,0.0
34036,0.0
34037,0.0
34038,0.0
34039,0.0
34040,0.0
34041,0.0
34042,0.0
34043,0.0
34044,0.0
34045,0.0
34046,0.0
34047,0.0
34048,0.0
34049,0.0
34050,3093.551025390625
34051,0.0
34052,0.0
34053,0.0
34054,2669.997314453125
34055,0.0
34056,0.0
34057,0.0
34058,0.0
34059,0.0
34060,0.0
34061,0.0
34062,0.0
34063,0.0
34064,0.0
34065,0.0
34066,0.0
34067,0.0
34068,0.0
34069,0.0
34070,0.0
34071,0.0
34072,0.0
34073,0.0
34074,0.0
34075,0.0
34076,0.0
34077,0.0
34078,0.0
34079,0.0
34080,0.0
34081,0.0
34082,0.0
34083,0.0
34084,0.0
34085,0.0
34086,0.0
34087,0.0
34088,0.0
34089,0.0
34090,0.0
34091,0.0
34092,0.0
34093,0.0
34094,0.0
34095,0.0
34096,0.0
34097,0.0
34098,0.0
34099,0.0
34100,0.0
34101,0.0
34102,0.0
34103,0.0
34104,0.0
34105,2662.96142578125
34106,0.0
34107,0.0
34108,0.0
34109,0.0
34110,0.0
34111,0.0
34112,0.0
34113,0.0
34114,0.0
34115,0.0
34116,0.0
34117,-0.0
34118,0.0
34119,0.0
34120,10568.8447265625
34121,0.0
34122,0.0
34123,0.0
34124,0.0
34125,0.0
34126,0.0
34127,0.0
34128,0.0
34129,0.0
34130,0.0
34131,0.0
34132,0.0
34133,0.0
34134,0.0
34135,0.0
34136,0.0
34137,0.0
34138,0.0
34139,0.0
34140,0.0
34141,0.0
34142,0.0
34143,0.0
34144,0.0
34145,0.0
34146,0.0
34147,0.0
34148,0.0
34149,0.0
34150,0.0
34151,0.0
34152,0.0
34153,0.0
34154,0.0
34155,0.0
34156,0.0
34157,0.0
34158,0.0
34159,0.0
34160,0.0
34161,0.0
34162,0.0
34163,0.0
34164,0.0
34165,0.0
34166,0.0
34167,0.0
34168,0.0
34169,0.0
34170,0.0
34171,0.0
34172,0.0
34173,0.0
34174,0.0
34175,0.0
34176,0.0
34177,0.0
34178,0.0
34179,0.0
34180,0.0
34181,0.0
34182,0.0
34183,0.0
34184,4538.32275390625
34185,0.0
34186,0.0
34187,0.0
34188,0.0
34189,0.0
34190,0.0
34191,0.0
34192,0.0
34193,0.0
34194,0.0
34195,0.0
34196,0.0
34197,0.0
34198,0.0
34199,0.0
34200,0.0
34201,0.0
34202,0.0
34203,0.0
34204,0.0
34205,0.0
34206,0.0
34207,0.0
34208,0.0
34209,0.0
34210,0.0
34211,0.0
34212,0.0
34213,0.0
34214,0.0
34215,0.0
34216,0.0
34217,0.0
34218,0.0
34219,0.0
34220,0.0
34221,0.0
34222,0.0
34223,0.0
34224,0.0
34225,14178.935546875
34226,5414.29150390625
34227,0.0
34228,0.0
34229,0.0
34230,0.0
34231,0.0
34232,0.0
34233,0.0
34234,0.0
34235,0.0
34236,0.0
34237,0.0
34238,0.0
34239,0.0
34240,0.0
34241,4539.7236328125
34242,4051.463134765625
34243,6956.77490234375
34244,3003.5537109375
34245,5810.6611328125
34246,4948.77978515625
34247,5658.5537109375
34248,5838.46630859375
34249,0.0
34250,3197.415771484375
34251,5459.98291015625
34252,4997.20849609375
34253,4238.30615234375
34254,5365.91552734375
34255,5205.0771484375
34256,3754.013916015625
34257,5845.1259765625
34258,6728.09423828125
34259,7838.98974609375
34260,5663.1767578125
34261,7151.8447265625
34262,3643.215087890625
34263,5679.275390625
34264,0.0
34265,7677.400390625
34266,7660.12109375
34267,9197.1083984375
34268,5895.1328125
34269,3562.83154296875
34270,4481.0654296875
34271,5875.47216796875
34272,7247.125
34273,4128.1806640625
34274,5777.53662109375
34275,4281.89111328125
34276,5819.53955078125
34277,2199.8388671875
34278,8233.3466796875
34279,5179.912109375
34280,7666.26220703125
34281,6234.162109375
34282,4090.588623046875
34283,8816.529296875
34284,6421.5322265625
34285,4269.69873046875
34286,3685.3203125
34287,7469.70556640625
34288,10489.5576171875
34289,6138.03515625
34290,5599.9248046875
34291,7954.142578125
34292,7843.31494140625
34293,5770.8623046875
34294,6169.5283203125
34295,3538.520751953125
34296,2186.12939453125
34297,4440.79345703125
34298,6605.142578125
34299,8630.51953125
34300,7997.970703125
34301,4238.17919921875
34302,8563.939453125
34303,6778.93017578125
34304,5269.25390625
34305,2983.799072265625
34306,9787.5185546875
34307,3482.122802734375
34308,4632.3203125
34309,6917.0693359375
34310,4403.91357421875
34311,5271.2939453125
34312,2784.81201171875
34313,5826.72216796875
34314,5252.484375
34315,5818.55078125
34316,8981.65625
34317,7181.53857421875
34318,5528.12060546875
34319,3791.4794921875
34320,7700.640625
34321,12930.6015625
34322,5339.0703125
34323,3540.883544921875
34324,6558.58203125
34325,5935.484375
34326,6917.79296875
34327,9124.5380859375
34328,2971.213134765625
34329,7578.34521484375
34330,5556.7626953125
34331,5759.05810546875
34332,9181.2998046875
34333,2326.96923828125
34334,4694.16748046875
34335,4697.6953125
34336,7769.1630859375
34337,6640.52685546875
34338,4388.92626953125
34339,4872.96826171875
34340,7215.99951171875
34341,6949.23779296875
34342,4797.29931640625
34343,5939.888671875
34344,4791.5615234375
34345,6140.4033203125
34346,4714.4921875
34347,2854.357666015625
34348,5765.05419921875
34349,5888.3857421875
34350,0.0
34351,7519.9267578125
34352,7971.501953125
34353,4369.18017578125
34354,8278.5673828125
34355,2985.16357421875
34356,3821.935302734375
34357,7929.9921875
34358,6800.177734375
34359,7090.22216796875
34360,10201.390625
34361,7144.255859375
34362,5055.833984375
34363,6443.77978515625
34364,7096.86181640625
34365,4513.91650390625
34366,2424.599609375
34367,5533.17822265625
34368,4741.94384765625
34369,5339.24169921875
34370,2854.0107421875
34371,5520.552734375
34372,6309.11474609375
34373,5965.083984375
34374,6166.68408203125
34375,2736.631103515625
34376,5582.4765625
34377,7326.60986328125
34378,4188.775390625
34379,5244.58642578125
34380,3171.29541015625
34381,4889.1142578125
34382,2897.80810546875
34383,4058.083251953125
34384,5684.94677734375
34385,7561.1552734375
34386,6858.54638671875
34387,6927.24853515625
34388,12893.9765625
34389,4042.34619140625
34390,5339.45166015625
34391,9440.0283203125
34392,5700.06689453125
34393,7842.708984375
34394,6006.71337890625
34395,5381.05517578125
34396,6027.88671875
34397,4986.37939453125
34398,4312.86181640625
34399,7969.6357421875
34400,5713.37939453125
34401,3587.92919921875
34402,3294.720458984375
34403,7443.48046875
34404,8322.1201171875
34405,0.0
34406,5477.38720703125
34407,4546.18310546875
34408,1948.18408203125
34409,2273.1025390625
34410,3135.060302734375
34411,6249.14404296875
34412,7237.49267578125
34413,4712.77001953125
34414,4867.8173828125
34415,8358.3125
34416,7716.91357421875
34417,7114.599609375
34418,4743.80078125
34419,8054.8603515625
34420,8861.91796875
34421,3456.542236328125
34422,4499.71240234375
34423,4472.615234375
34424,5782.48583984375
34425,2673.155029296875
34426,4963.5283203125
34427,4593.4326171875
34428,8302.9404296875
34429,5427.46875
34430,7457.27490234375
34431,6579.8330078125
34432,4977.77197265625
34433,8191.1767578125
34434,15421.1689453125
34435,8358.1298828125
34436,3344.420166015625
34437,4491.27490234375
34438,6409.57275390625
34439,6615.28271484375
34440,4406.0546875
34441,8481.5380859375
34442,17697.580078125
34443,4357.42724609375
34444,3609.6298828125
34445,10169.9677734375
34446,3213.4345703125
34447,4696.80517578125
34448,3553.11572265625
34449,5953.71435546875
34450,5021.599609375
34451,6021.322265625
34452,4961.27099609375
34453,5202.57421875
34454,9787.8427734375
34455,6431.333984375
34456,6025.97216796875
34457,7677.47705078125
34458,5251.44921875
34459,5922.51025390625
34460,9220.599609375
34461,4947.35400390625
34462,6106.8525390625
34463,4191.9208984375
34464,3708.701171875
34465,5817.76416015625
34466,5190.50927734375
34467,4952.68896484375
34468,8442.9697265625
34469,9927.1083984375
34470,7061.9296875
34471,4300.64453125
34472,3682.697265625
34473,4069.85595703125
34474,5433.47216796875
34475,6366.36572265625
34476,3860.072021484375
34477,6230.7470703125
34478,4830.55810546875
34479,7574.67431640625
34480,5252.12841796875
34481,4440.93701171875
34482,3216.335205078125
34483,2954.90185546875
34484,8443.0302734375
34485,6018.81787109375
34486,5553.74072265625
34487,11638.02734375
34488,7177.93896484375
34489,3891.698974609375
34490,5416.27392578125
34491,2751.329833984375
34492,3680.049560546875
34493,3599.69677734375
34494,4131.04931640625
34495,8184.87451171875
34496,4419.107421875
34497,8265.78515625
34498,9008.287109375
34499,6462.4892578125
34500,5486.4443359375
34501,4487.53759765625
34502,4894.70458984375
34503,5343.7685546875
34504,10565.9560546875
34505,6052.97509765625
34506,6601.892578125
34507,3808.476806640625
34508,5523.0478515625
34509,6136.6435546875
34510,8337.5712890625
34511,6527.9306640625
34512,5177.11474609375
34513,6714.66796875
34514,4462.72705078125
34515,8017.08349609375
34516,6815.85888671875
34517,7187.5
34518,7898.6708984375
34519,6606.88671875
34520,8096.89892578125
34521,3315.268798828125
34522,0.0
34523,5578.55126953125
34524,8697.7734375
34525,7435.06982421875
34526,6914.9912109375
34527,5995.5283203125
34528,7151.38623046875
34529,5949.51953125
34530,6345.009765625
34531,6145.53271484375
34532,3247.1103515625
34533,7004.42041015625
34534,16259.033203125
34535,7327.3203125
34536,6375.73095703125
34537,6279.95458984375
34538,7706.177734375
34539,7696.50537109375
34540,2793.367919921875
34541,4256.44970703125
34542,6387.185546875
34543,8434.3017578125
34544,2574.4794921875
34545,4182.03466796875
34546,5441.13916015625
34547,4590.96337890625
34548,5435.7626953125
34549,3127.712890625
34550,3206.014404296875
34551,7864.78271484375
34552,4252.0361328125
34553,4214.96826171875
34554,5406.93798828125
34555,4704.697265625
34556,9218.203125
34557,12313.666015625
34558,5291.27685546875
34559,7288.4443359375
34560,6493.8037109375
34561,8735.0234375
34562,4582.34130859375
34563,3109.9111328125
34564,5008.974609375
34565,11601.3603515625
34566,3335.171142578125
34567,6345.39208984375
34568,1659.9188232421875
34569,3245.15771484375
34570,5522.63916015625
34571,6954.51416015625
34572,4722.33642578125
34573,10072.2177734375
34574,9199.0693359375
34575,7617.560546875
34576,4243.255859375
34577,10806.8759765625
34578,1946.5859375
34579,2900.80078125
34580,6389.35791015625
34581,4746.63916015625
34582,10172.5380859375
34583,2747.71240234375
34584,4816.623046875
34585,5118.634765625
34586,7949.68115234375
34587,10181.361328125
34588,5008.42919921875
34589,3266.6962890625
34590,11145.896484375
34591,10250.0380859375
34592,3932.67431640625
34593,5529.5732421875
34594,9017.35546875
34595,6314.9677734375
34596,4819.9091796875
34597,3844.540283203125
34598,7331.583984375
34599,3963.416748046875
34600,11656.1865234375
34601,7234.87890625
34602,11625.0146484375
34603,6832.9169921875
34604,4784.2265625
34605,2102.763427734375
34606,5665.7509765625
34607,5963.1796875
34608,5232.310546875
34609,8673.8828125
34610,5629.60888671875
34611,2331.119384765625
34612,6730.5751953125
34613,3302.183349609375
34614,8099.25927734375
34615,7148.83935546875
34616,7197.9072265625
34617,7704.77099609375
34618,4559.19677734375
34619,6919.41357421875
34620,6586.49609375
34621,5660.0673828125
34622,6936.61474609375
34623,3778.424560546875
34624,8718.869140625
34625,6071.40869140625
34626,3291.773193359375
34627,4656.66357421875
34628,6911.33056640625
34629,5711.26806640625
34630,4800.93212890625
34631,4997.94970703125
34632,5430.96630859375
34633,4894.1435546875
34634,4990.16943359375
34635,9227.0478515625
34636,3631.573486328125
34637,3732.888916015625
34638,5551.767578125
34639,5468.08056640625
34640,3348.866943359375
34641,5425.12890625
34642,7957.19873046875
34643,7940.2158203125
34644,10389.79296875
34645,8499.056640625
34646,7774.58251953125
34647,7024.15625
34648,4165.28466796875
34649,8860.7490234375
34650,8101.66650390625
34651,6801.8544921875
34652,5378.32275390625
34653,5534.0927734375
34654,4852.46337890625
34655,2367.295654296875
34656,9778.98828125
34657,6605.6796875
34658,5911.603515625
34659,5049.36767578125
34660,1411.9384765625
34661,7496.8095703125
34662,6146.86962890625
34663,5455.17724609375
34664,3498.455078125
34665,4828.23583984375
34666,5085.28955078125
34667,4546.5341796875
34668,9966.7041015625
34669,5129.8818359375
34670,4528.1728515625
34671,3275.9482421875
34672,2064.655029296875
34673,5289.54296875
34674,12373.435546875
34675,3559.798583984375
34676,5792.58740234375
34677,4943.775390625
34678,3553.602294921875
34679,3109.050537109375
34680,5703.00927734375
34681,2402.471435546875
34682,9044.95703125
34683,5408.83447265625
34684,2129.894287109375
34685,7911.12744140625
34686,1914.797607421875
34687,3772.183837890625
34688,10283.5693359375
34689,7678.4697265625
34690,8321.466796875
34691,2803.550048828125
34692,4696.89013671875
34693,4761.28564453125
34694,3679.879150390625
34695,14920.615234375
34696,12047.2802734375
34697,5518.24658203125
34698,3187.021484375
34699,5874.48828125
34700,4192.86669921875
34701,2598.3330078125
34702,7945.4970703125
34703,4765.85986328125
34704,4858.84228515625
34705,6238.63134765625
34706,5293.21533203125
34707,4592.24072265625
34708,5267.2216796875
34709,6607.77734375
34710,7067.9267578125
34711,3119.516357421875
34712,5862.7412109375
34713,6496.986328125
34714,7882.41357421875
34715,5412.59375
34716,7256.830078125
34717,1876.3662109375
34718,8572.8134765625
34719,5031.0498046875
34720,3087.099365234375
34721,4014.340087890625
34722,4739.51171875
34723,4455.490234375
34724,6909.6318359375
34725,3523.91650390625
34726,5984.10986328125
34727,4797.4404296875
34728,7513.72509765625
34729,7908.38427734375
34730,5606.49365234375
34731,8279.01953125
34732,6144.7578125
34733,2801.03173828125
34734,10939.8046875
34735,3148.6591796875
34736,2807.55908203125
34737,6030.88623046875
34738,11644.607421875
34739,9644.3359375
34740,4147.1416015625
34741,4315.01513671875
34742,6030.3818359375
34743,6470.2177734375
34744,4440.259765625
34745,5884.94091796875
34746,2750.816162109375
34747,4238.5263671875
34748,3828.457763671875
34749,2893.713134765625
34750,3832.57568359375
34751,6704.81689453125
34752,6341.82421875
34753,5948.86083984375
34754,4161.38037109375
34755,7441.3427734375
34756,7267.82763671875
34757,4984.6201171875
34758,0.0
34759,5071.2353515625
34760,7117.72900390625
34761,4885.3486328125
34762,1700.8375244140625
34763,6192.1025390625
34764,6328.5556640625
34765,5788.9541015625
34766,5845.67431640625
34767,3140.80029296875
34768,9733.41796875
34769,2806.424560546875
34770,8436.876953125
34771,4777.02294921875
34772,4360.28271484375
34773,7678.375
34774,3888.439208984375
34775,4050.37353515625
34776,7720.9892578125
34777,2814.949951171875
34778,6861.95556640625
34779,9527.6796875
34780,7152.2255859375
34781,2675.84912109375
34782,5540.4482421875
34783,3895.096435546875
34784,2512.79638671875
34785,4736.8916015625
34786,6130.5869140625
34787,4742.66259765625
34788,4851.24951171875
34789,4988.9150390625
34790,4204.69091796875
34791,7579.21826171875
34792,5831.66552734375
34793,6386.7060546875
34794,3791.5419921875
34795,5186.8466796875
34796,5539.49755859375
34797,6349.2998046875
34798,7657.306640625
34799,7657.9404296875
34800,8030.56103515625
34801,5518.59228515625
34802,5744.29541015625
34803,2279.088134765625
34804,5946.4140625
34805,8468.51953125
34806,6585.53955078125
34807,8938.0341796875
34808,12548.3798828125
34809,3002.690185546875
34810,4363.0625
34811,4461.0126953125
34812,8401.5517578125
34813,9330.7724609375
34814,7343.986328125
34815,7179.78564453125
34816,7392.2158203125
34817,7162.6552734375
34818,6153.14013671875
34819,5269.951171875
34820,3363.794189453125
34821,5013.3701171875
34822,3304.795166015625
34823,3124.177734375
34824,6889.52294921875
34825,14555.015625
34826,5033.0009765625
34827,3344.74267578125
34828,5320.08154296875
34829,4605.35302734375
34830,6179.740234375
34831,2503.49462890625
34832,7138.63037109375
34833,6814.1318359375
34834,3631.907958984375
34835,10523.685546875
34836,11241.427734375
34837,3436.960205078125
34838,5038.4892578125
34839,3666.73681640625
34840,3789.483642578125
34841,4301.24853515625
34842,8235.986328125
34843,3329.86181640625
34844,4681.84033203125
34845,3468.506591796875
34846,5084.04248046875
34847,4409.47412109375
34848,6308.93603515625
34849,3272.2373046875
34850,7916.12841796875
34851,6423.265625
34852,4532.32666015625
34853,3901.014404296875
34854,3811.133056640625
34855,4832.66650390625
34856,4546.5009765625
34857,8954.2109375
34858,4111.4404296875
34859,4026.659912109375
34860,6495.419921875
34861,4724.47705078125
34862,5461.0380859375
34863,4762.779296875
34864,6635.13232421875
34865,10533.0869140625
34866,6683.6796875
34867,6177.18212890625
34868,3486.9501953125
34869,4910.64697265625
34870,6543.60986328125
34871,3473.336181640625
34872,4480.3291015625
34873,5542.15869140625
34874,10504.1640625
34875,6696.3857421875
34876,4882.8583984375
34877,5614.5634765625
34878,4287.23681640625
34879,6955.68701171875
34880,5776.9775390625
34881,8971.0068359375
34882,6981.11669921875
34883,5021.49267578125
34884,4150.4287109375
34885,2451.8173828125
34886,4104.1884765625
34887,20737.953125
34888,1861.235595703125
34889,4982.22021484375
34890,6268.62744140625
34891,7106.8681640625
34892,5318.2041015625
34893,8229.3271484375
34894,5014.2197265625
34895,6102.61328125
34896,3415.518798828125
34897,7940.83740234375
34898,4082.62353515625
34899,6693.55078125
34900,8254.1572265625
34901,4215.708984375
34902,8281.4521484375
34903,6955.8056640625
34904,3365.7783203125
34905,6251.85205078125
34906,7155.0185546875
34907,2822.27490234375
34908,8151.880859375
34909,6707.4169921875
34910,5129.953125
34911,8941.546875
34912,8465.3544921875
34913,5803.28125
34914,4284.068359375
34915,4720.09033203125
34916,5802.3662109375
34917,3808.62451171875
34918,6435.03466796875
34919,3416.123046875
34920,5097.08349609375
34921,3056.816162109375
34922,5832.3046875
34923,5408.11181640625
34924,4597.78125
34925,6244.982421875
34926,8464.1298828125
34927,5694.26904296875
34928,6505.87060546875
34929,5664.3671875
34930,5775.01025390625
34931,8690.5029296875
34932,6573.2275390625
34933,3758.848388671875
34934,5451.32763671875
34935,5288.76513671875
34936,3554.036376953125
34937,12848.169921875
34938,6127.126953125
34939,8251.2607421875
34940,7787.580078125
34941,6267.39453125
34942,2003.5943603515625
34943,0.0
34944,8526.2568359375
34945,6346.369140625
34946,7374.64453125
34947,6154.4111328125
34948,7417.251953125
34949,5720.9521484375
34950,3733.166259765625
34951,0.0
34952,4576.716796875
34953,7422.6982421875
34954,2468.623779296875
34955,7588.64111328125
34956,6016.85107421875
34957,5043.4619140625
34958,7081.65283203125
34959,4562.47412109375
34960,7128.8779296875
34961,4179.40478515625
34962,5097.38134765625
34963,4407.98779296875
34964,4238.85546875
34965,5902.72802734375
34966,6445.63134765625
34967,8299.3232421875
34968,5919.30078125
34969,4138.5419921875
34970,6164.50048828125
34971,6909.837890625
34972,7113.27294921875
34973,3084.518310546875
34974,3251.32470703125
34975,7487.14794921875
34976,5796.4833984375
34977,3952.1513671875
34978,6680.58154296875
34979,6685.59912109375
34980,4844.8623046875
34981,4377.0849609375
34982,1572.6627197265625
34983,7013.365234375
34984,6001.9443359375
34985,5079.2724609375
34986,8959.3095703125
34987,6916.98583984375
34988,3152.011962890625
34989,5280.275390625
34990,3106.317626953125
34991,812.7030029296875
34992,5625.08642578125
34993,9240.3251953125
34994,5511.14013671875
34995,4200.1845703125
34996,2492.804931640625
34997,4728.8037109375
34998,6484.31689453125
34999,5565.220703125
35000,7789.740234375
35001,3379.96484375
35002,4639.26171875
35003,3405.7412109375
35004,6089.6357421875
35005,3239.953369140625
35006,2380.05859375
35007,5378.66064453125
35008,4085.146728515625
35009,5686.55126953125
35010,4844.09033203125
35011,4738.23583984375
35012,5216.4951171875
35013,7041.771484375
35014,4994.16943359375
35015,3715.481689453125
35016,9591.9375
35017,6597.34033203125
35018,5863.0537109375
35019,2120.722900390625
35020,4481.13720703125
35021,5439.7783203125
35022,3557.093994140625
35023,7976.66943359375
35024,8883.5654296875
35025,5988.802734375
35026,5423.61572265625
35027,5486.17578125
35028,6309.3056640625
35029,9692.8955078125
35030,3679.322509765625
35031,4236.58154296875
35032,4888.76025390625
35033,4989.609375
35034,5807.67724609375
35035,7833.4501953125
35036,5566.162109375
35037,5363.208984375
35038,2586.301513671875
35039,5421.36572265625
35040,8181.87353515625
35041,3339.286865234375
35042,6297.97314453125
35043,2905.988037109375
35044,6202.6015625
35045,6131.41357421875
35046,4858.15087890625
35047,5071.60009765625
35048,3964.6865234375
35049,5118.35546875
35050,6846.6962890625
35051,4037.12109375
35052,7613.7578125
35053,5255.9775390625
35054,8897.6982421875
35055,5164.00341796875
35056,3253.66552734375
35057,7674.5927734375
35058,2879.967041015625
35059,8472.15234375
35060,5913.45947265625
35061,4931.8603515625
35062,7396.89892578125
35063,3639.77197265625
35064,4134.6474609375
35065,5835.19677734375
35066,3525.214111328125
35067,2590.59521484375
35068,5638.27490234375
35069,6731.3564453125
35070,9830.26171875
35071,6074.46044921875
35072,5724.1103515625
35073,4197.13525390625
35074,5920.2265625
35075,2844.798095703125
35076,9591.2783203125
35077,6982.037109375
35078,10900.5419921875
35079,5695.9638671875
35080,5169.0849609375
35081,9323.8515625
35082,8082.56982421875
35083,2738.5048828125
35084,8421.8486328125
35085,5876.61474609375
35086,5770.84033203125
35087,6071.60498046875
35088,4913.60205078125
35089,3214.034423828125
35090,5743.50341796875
35091,3818.7958984375
35092,2670.069580078125
35093,6666.533203125
35094,5818.51611328125
35095,22213.458984375
35096,7099.73974609375
35097,4054.70556640625
35098,7786.84130859375
35099,11815.1611328125
35100,5720.236328125
35101,7790.4697265625
35102,6086.79052734375
35103,7773.6865234375
35104,7536.353515625
35105,5731.5478515625
35106,5778.1591796875
35107,7410.51220703125
35108,8478.3779296875
35109,7286.1015625
35110,8295.142578125
35111,6570.15283203125
35112,5256.9169921875
35113,6139.93359375
35114,9526.6044921875
35115,10068.0107421875
35116,9440.66015625
35117,8268.064453125
35118,4650.24609375
35119,6362.48583984375
35120,4526.47900390625
35121,8037.701171875
35122,10952.2783203125
35123,9828.6669921875
35124,5801.3671875
35125,5230.61181640625
35126,4251.13525390625
35127,5702.6083984375
35128,10040.8466796875
35129,7117.927734375
35130,5521.26025390625
35131,5930.0361328125
35132,8236.611328125
35133,3338.96826171875
35134,8506.9580078125
35135,5920.90576171875
35136,7837.2392578125
35137,7131.9833984375
35138,6315.12646484375
35139,8720.90234375
35140,6985.44384765625
35141,5268.50244140625
35142,6643.3125
35143,7382.68994140625
35144,12417.2373046875
35145,6577.2939453125
35146,8204.546875
35147,8218.9736328125
35148,10760.15625
35149,7218.03076171875
35150,9562.880859375
35151,5044.08154296875
35152,5737.33837890625
35153,5862.8251953125
35154,7166.2216796875
35155,10320.6494140625
35156,8765.1865234375
35157,5903.36865234375
35158,8550.47265625
35159,7498.34375
35160,10140.7392578125
35161,4054.04296875
35162,13480.90234375
35163,5199.04052734375
35164,6216.37255859375
35165,9681.5
35166,5162.85888671875
35167,6345.10888671875
35168,6855.9365234375
35169,7615.021484375
35170,5783.05322265625
35171,5700.810546875
35172,8838.2509765625
35173,8430.552734375
35174,8256.849609375
35175,5285.2734375
35176,7608.94921875
35177,12876.265625
35178,7550.7861328125
35179,5100.06201171875
35180,7772.130859375
35181,6421.9814453125
35182,6461.64599609375
35183,8570.41796875
35184,5042.185546875
35185,8783.6591796875
35186,7262.2783203125
35187,7743.8154296875
35188,10277.39453125
35189,4958.88671875
35190,6226.92333984375
35191,6296.64404296875
35192,8479.1220703125
35193,8658.5693359375
35194,4870.10986328125
35195,5870.599609375
35196,7278.2783203125
35197,6785.361328125
35198,6261.06494140625
35199,7936.04296875
35200,7010.94873046875
35201,7562.7705078125
35202,6078.43212890625
35203,4376.21142578125
35204,6900.119140625
35205,8949.2568359375
35206,7673.43505859375
35207,8458.1533203125
35208,8709.251953125
35209,6206.93994140625
35210,9774.201171875
35211,5785.6259765625
35212,8042.2294921875
35213,9177.353515625
35214,6826.4873046875
35215,10185.365234375
35216,9351.8798828125
35217,8319.9541015625
35218,6698.240234375
35219,7244.18896484375
35220,9620.1220703125
35221,6645.267578125
35222,3456.363525390625
35223,6473.3623046875
35224,8586.3955078125
35225,6905.08642578125
35226,4434.08544921875
35227,8359.5888671875
35228,6276.17822265625
35229,6244.37939453125
35230,6331.66015625
35231,5248.34423828125
35232,7116.65478515625
35233,7453.0966796875
35234,8481.0810546875
35235,5552.447265625
35236,5330.7998046875
35237,6548.02197265625
35238,4036.038818359375
35239,7294.029296875
35240,6994.06591796875
35241,9667.640625
35242,7726.271484375
35243,6607.634765625
35244,13025.55078125
35245,5380.21923828125
35246,5725.02734375
35247,10570.71875
35248,7527.8359375
35249,9060.4111328125
35250,7698.439453125
35251,5535.58447265625
35252,6338.41357421875
35253,5821.57861328125
35254,7532.89697265625
35255,11455.220703125
35256,7702.4560546875
35257,4109.81787109375
35258,4969.404296875
35259,9174.70703125
35260,8622.158203125
35261,7306.68115234375
35262,6339.63671875
35263,4963.5009765625
35264,4750.66259765625
35265,3727.4443359375
35266,5353.0126953125
35267,7221.5712890625
35268,7923.25439453125
35269,6656.259765625
35270,6749.701171875
35271,9136.3154296875
35272,9851.5673828125
35273,7684.2861328125
35274,5412.806640625
35275,9804.7138671875
35276,11546.93359375
35277,5895.7861328125
35278,7846.5986328125
35279,5503.1396484375
35280,6969.640625
35281,4094.23291015625
35282,7249.52490234375
35283,5852.59375
35284,9294.4033203125
35285,6859.15234375
35286,9275.2998046875
35287,8048.92041015625
35288,5876.46484375
35289,9751.953125
35290,18161.669921875
35291,11023.8369140625
35292,6289.7080078125
35293,4567.4462890625
35294,7122.76220703125
35295,8663.18359375
35296,6007.01416015625
35297,11703.3857421875
35298,20329.763671875
35299,4467.37158203125
35300,6172.5830078125
35301,9824.2783203125
35302,5222.623046875
35303,7057.19921875
35304,7147.49072265625
35305,8182.3564453125
35306,6483.71826171875
35307,7083.3623046875
35308,7235.08154296875
35309,7894.7177734375
35310,10845.43359375
35311,7000.26025390625
35312,6838.3798828125
35313,7702.37109375
35314,5185.62548828125
35315,5339.39111328125
35316,8169.658203125
35317,6111.6103515625
35318,6210.7490234375
35319,7385.1494140625
35320,6210.45556640625
35321,5499.84716796875
35322,7734.38232421875
35323,7949.951171875
35324,9156.0029296875
35325,10522.74609375
35326,7340.03564453125
35327,5787.77392578125
35328,3458.31982421875
35329,6908.18017578125
35330,6918.1611328125
35331,6392.53369140625
35332,5033.22021484375
35333,8650.0224609375
35334,6949.1875
35335,10950.2509765625
35336,6405.55078125
35337,6218.75341796875
35338,5431.37841796875
35339,4793.9951171875
35340,10391.3017578125
35341,6006.78564453125
35342,8507.626953125
35343,15171.365234375
35344,7863.97705078125
35345,5748.35009765625
35346,5913.2890625
35347,6243.74072265625
35348,7315.47314453125
35349,4082.899169921875
35350,5153.62158203125
35351,10799.6064453125
35352,5550.65283203125
35353,15502.5830078125
35354,12883.626953125
35355,6223.8427734375
35356,7909.431640625
35357,5973.626953125
35358,7315.29638671875
35359,6788.3095703125
35360,12274.0126953125
35361,8543.3369140625
35362,9764.05078125
35363,5293.48876953125
35364,7947.9716796875
35365,5692.16943359375
35366,9224.244140625
35367,7512.375
35368,6596.14501953125
35369,7282.0478515625
35370,6153.3740234375
35371,8810.1767578125
35372,10027.73828125
35373,6830.8046875
35374,10168.3583984375
35375,7066.33447265625
35376,9782.5751953125
35377,6158.05224609375
35378,5819.1533203125
35379,6865.12255859375
35380,11564.583984375
35381,6849.2724609375
35382,9001.396484375
35383,7424.533203125
35384,9558.486328125
35385,5411.77587890625
35386,9672.9775390625
35387,6769.85693359375
35388,4205.43017578125
35389,11392.6103515625
35390,18026.7734375
35391,8124.73974609375
35392,7877.701171875
35393,9039.1162109375
35394,10417.6748046875
35395,11883.96484375
35396,5776.169921875
35397,7785.2294921875
35398,7252.126953125
35399,9967.6875
35400,4222.05712890625
35401,6349.201171875
35402,6433.3076171875
35403,5597.45166015625
35404,7808.02880859375
35405,5318.84912109375
35406,4687.93603515625
35407,8601.890625
35408,4781.865234375
35409,4924.37451171875
35410,6237.7900390625
35411,6600.48974609375
35412,10487.421875
35413,10035.736328125
35414,7579.673828125
35415,7294.93212890625
35416,6969.798828125
35417,10705.2705078125
35418,7663.45166015625
35419,6150.9765625
35420,5141.2275390625
35421,10391.2578125
35422,4563.6923828125
35423,7125.94775390625
35424,3300.485107421875
35425,5383.81640625
35426,8034.6806640625
35427,7158.40771484375
35428,6321.65380859375
35429,10536.1767578125
35430,10505.7509765625
35431,12337.6796875
35432,6984.27978515625
35433,10950.5068359375
35434,2227.080810546875
35435,5883.5361328125
35436,6996.02783203125
35437,4846.17529296875
35438,9064.7138671875
35439,6016.01025390625
35440,5942.2138671875
35441,9288.4375
35442,9746.0732421875
35443,9655.1318359375
35444,5957.54443359375
35445,4977.0634765625
35446,13487.5654296875
35447,9138.818359375
35448,6249.01416015625
35449,6787.484375
35450,8070.68603515625
35451,10547.71875
35452,4705.97802734375
35453,5993.20166015625
35454,9346.1484375
35455,8791.576171875
35456,12332.78125
35457,9026.6982421875
35458,12649.5390625
35459,7628.67431640625
35460,5559.625
35461,2987.98095703125
35462,5617.90234375
35463,6862.2861328125
35464,6110.85595703125
35465,8601.3515625
35466,5259.80419921875
35467,4398.46435546875
35468,7546.501953125
35469,4194.84375
35470,7747.36474609375
35471,7214.86572265625
35472,8368.478515625
35473,9125.5703125
35474,6095.92431640625
35475,10393.708984375
35476,6238.11376953125
35477,6171.70947265625
35478,6366.58935546875
35479,6193.923828125
35480,9775.93359375
35481,6881.859375
35482,5094.12744140625
35483,7289.072265625
35484,8753.7939453125
35485,7881.11279296875
35486,7618.08251953125
35487,9221.9462890625
35488,6369.2197265625
35489,6771.783203125
35490,6944.09326171875
35491,10260.75
35492,4982.91943359375
35493,6736.28271484375
35494,6516.1767578125
35495,6113.412109375
35496,4555.8212890625
35497,6465.96630859375
35498,9178.875
35499,9568.595703125
35500,12056.4033203125
35501,11915.3974609375
35502,9549.708984375
35503,7785.701171875
35504,5380.6484375
35505,10477.919921875
35506,12112.4072265625
35507,9204.6357421875
35508,8191.8125
35509,9320.3212890625
35510,6223.34423828125
35511,3504.18896484375
35512,9743.4580078125
35513,7142.88330078125
35514,6659.36328125
35515,5814.30322265625
35516,3043.30322265625
35517,11774.9111328125
35518,6287.40869140625
35519,5406.1923828125
35520,5317.1708984375
35521,5555.17138671875
35522,6749.7734375
35523,8745.1982421875
35524,7933.8681640625
35525,4877.4873046875
35526,5542.5068359375
35527,4224.7353515625
35528,3645.6142578125
35529,7818.30224609375
35530,17406.66796875
35531,4892.25
35532,6312.49609375
35533,6851.9404296875
35534,5850.861328125
35535,5141.03125
35536,5860.85400390625
35537,3909.301513671875
35538,8204.2587890625
35539,8503.0947265625
35540,3958.5634765625
35541,10021.79296875
35542,5677.8115234375
35543,5212.38671875
35544,13084.453125
35545,7877.31494140625
35546,10203.88671875
35547,5456.88818359375
35548,7074.8447265625
35549,5328.705078125
35550,5460.47607421875
35551,15155.7392578125
35552,11952.9658203125
35553,6911.56982421875
35554,6048.52734375
35555,6097.31884765625
35556,6987.916015625
35557,4460.95556640625
35558,9796.2099609375
35559,5976.61083984375
35560,5937.62353515625
35561,8592.728515625
35562,5330.24462890625
35563,6447.37451171875
35564,7123.3935546875
35565,8368.099609375
35566,8467.43359375
35567,4074.193603515625
35568,5420.7470703125
35569,8091.8291015625
35570,9889.36328125
35571,9171.4931640625
35572,7979.84765625
35573,4191.48681640625
35574,8860.822265625
35575,6111.17333984375
35576,4863.28662109375
35577,7191.72265625
35578,7888.91748046875
35579,6198.01123046875
35580,7531.62939453125
35581,6592.60205078125
35582,6332.7451171875
35583,5797.345703125
35584,7857.4580078125
35585,7842.85791015625
35586,6556.0556640625
35587,11012.1982421875
35588,6816.13427734375
35589,4813.517578125
35590,13083.9287109375
35591,5425.00048828125
35592,2114.736083984375
35593,8306.283203125
35594,13078.8095703125
35595,11106.9609375
35596,4969.3310546875
35597,6536.294921875
35598,6137.37158203125
35599,7634.8095703125
35600,6746.57470703125
35601,7375.58203125
35602,3790.398681640625
35603,5804.255859375
35604,7016.7158203125
35605,5367.16015625
35606,5608.32275390625
35607,6920.2490234375
35608,8717.2939453125
35609,5804.67138671875
35610,7092.3056640625
35611,7769.54443359375
35612,9020.5322265625
35613,6334.7353515625
35614,6825.7861328125
35615,7047.9208984375
35616,9539.083984375
35617,8708.5537109375
35618,3987.199462890625
35619,8785.7548828125
35620,7795.09912109375
35621,7880.77392578125
35622,5135.29931640625
35623,4592.77490234375
35624,8986.5888671875
35625,6090.0791015625
35626,9501.408203125
35627,7699.89990234375
35628,5711.6474609375
35629,9200.7353515625
35630,5643.59130859375
35631,6907.8974609375
35632,8431.3818359375
35633,5812.02685546875
35634,9908.2314453125
35635,11838.435546875
35636,8872.490234375
35637,5571.99365234375
35638,6442.1103515625
35639,5089.99951171875
35640,3581.208984375
35641,8335.677734375
35642,6468.9560546875
35643,9444.1435546875
35644,5239.6171875
35645,7883.74462890625
35646,6533.05712890625
35647,9730.7763671875
35648,7144.0234375
35649,6146.22705078125
35650,5532.4580078125
35651,7664.68115234375
35652,5344.77880859375
35653,8991.6357421875
35654,8143.8662109375
35655,8572.232421875
35656,8798.578125
35657,7478.01708984375
35658,6297.0830078125
35659,4539.470703125
35660,6043.1240234375
35661,11549.9462890625
35662,10243.8515625
35663,9994.423828125
35664,14752.9091796875
35665,6120.19775390625
35666,5124.1884765625
35667,7074.7568359375
35668,9269.8818359375
35669,10866.845703125
35670,8089.06884765625
35671,8644.9013671875
35672,8393.5625
35673,7116.63623046875
35674,7104.06103515625
35675,5867.33935546875
35676,5605.8193359375
35677,5200.99951171875
35678,4176.63134765625
35679,5265.9736328125
35680,8736.2783203125
35681,15696.212890625
35682,6969.50244140625
35683,5250.21728515625
35684,8696.6337890625
35685,5077.7421875
35686,7377.51904296875
35687,4931.89697265625
35688,9926.8076171875
35689,7439.8056640625
35690,7164.16552734375
35691,14295.6455078125
35692,13465.5771484375
35693,6237.1416015625
35694,7601.58203125
35695,4081.7001953125
35696,5620.13525390625
35697,5035.7939453125
35698,8997.28125
35699,4449.1884765625
35700,5098.19970703125
35701,5285.21484375
35702,5759.88916015625
35703,7267.88671875
35704,6977.4228515625
35705,3189.3017578125
35706,7942.748046875
35707,8217.40234375
35708,7588.755859375
35709,5475.80517578125
35710,4624.3427734375
35711,8420.0546875
35712,5028.03173828125
35713,10293.216796875
35714,5061.09619140625
35715,5894.2841796875
35716,7863.99755859375
35717,6619.76318359375
35718,5088.62890625
35719,7364.408203125
35720,8192.4697265625
35721,10278.0322265625
35722,10412.298828125
35723,6679.98681640625
35724,4080.491455078125
35725,5812.5498046875
35726,7366.6337890625
35727,4864.7763671875
35728,6654.72998046875
35729,7594.1484375
35730,12281.9072265625
35731,8781.1669921875
35732,7081.63720703125
35733,7595.57861328125
35734,4516.95947265625
35735,9788.4140625
35736,5704.77197265625
35737,13148.021484375
35738,7614.4091796875
35739,5677.36181640625
35740,6065.8173828125
35741,4919.84716796875
35742,6886.171875
35743,20557.5546875
35744,4721.744140625
35745,5401.72998046875
35746,10365.533203125
35747,7479.5947265625
35748,7495.880859375
35749,9187.408203125
35750,6026.98876953125
35751,5991.1455078125
35752,5045.1806640625
35753,10734.29296875
35754,6860.06982421875
35755,7708.41650390625
35756,7662.09619140625
35757,5104.1669921875
35758,7828.46533203125
35759,9793.2275390625
35760,4109.54296875
35761,9534.7783203125
35762,10695.4970703125
35763,4421.7822265625
35764,8181.05810546875
35765,8518.0078125
35766,5980.7373046875
35767,10810.9248046875
35768,7671.8828125
35769,8489.55859375
35770,5027.8486328125
35771,6620.59326171875
35772,7060.69580078125
35773,5035.62158203125
35774,8848.6181640625
35775,4684.92626953125
35776,5981.5634765625
35777,4732.71337890625
35778,6839.7490234375
35779,5898.41064453125
35780,7732.5634765625
35781,7745.68603515625
35782,9429.03125
35783,6729.466796875
35784,7771.00830078125
35785,6228.85986328125
35786,9991.8115234375
35787,10149.3544921875
35788,7244.80712890625
35789,4078.519287109375
35790,5890.1689453125
35791,7575.23583984375
35792,3722.477783203125
35793,12732.4541015625
35794,6276.9755859375
35795,11248.95703125
35796,9837.87890625
35797,7136.072265625
35798,5034.93994140625
35799,15498.1337890625
35800,10802.9052734375
35801,5828.02099609375
35802,9640.212890625
35803,9272.3271484375
35804,7656.67822265625
35805,7097.62353515625
35806,6994.9560546875
35807,5724.9072265625
35808,8087.29638671875
35809,7704.01416015625
35810,4680.712890625
35811,7583.30517578125
35812,8589.44140625
35813,7857.8173828125
35814,8695.361328125
35815,6083.36474609375
35816,7279.0400390625
35817,4794.2802734375
35818,8434.291015625
35819,7516.87841796875
35820,7604.74169921875
35821,6424.01708984375
35822,7894.04052734375
35823,10130.1533203125
35824,6454.4287109375
35825,5497.28125
35826,7177.0390625
35827,7817.4072265625
35828,7007.7890625
35829,4716.078125
35830,4560.25830078125
35831,6744.34814453125
35832,7868.47314453125
35833,6287.73876953125
35834,8357.6220703125
35835,7060.87646484375
35836,6708.7744140625
35837,5138.4384765625
35838,3228.357666015625
35839,8235.8154296875
35840,7260.08544921875
35841,7655.314453125
35842,10382.90625
35843,8837.431640625
35844,5362.8046875
35845,8435.908203125
35846,3930.94970703125
35847,2701.15576171875
35848,7358.30615234375
35849,12613.5693359375
35850,7968.68701171875
35851,7505.4912109375
35852,4663.83251953125
35853,6729.3037109375
35854,8033.7666015625
35855,5912.14453125
35856,8427.2353515625
35857,5238.419921875
35858,4860.34375
35859,5362.013671875
35860,5849.96875
35861,5440.68896484375
35862,5114.5595703125
35863,6921.541015625
35864,4539.91015625
35865,7295.49560546875
35866,8479.708984375
35867,5942.48095703125
35868,6664.73828125
35869,7974.7841796875
35870,6182.509765625
35871,5507.45361328125
35872,9310.603515625
35873,7526.154296875
35874,6281.333984375
35875,3932.398681640625
35876,12029.42578125
35877,7288.90478515625
35878,5996.84619140625
35879,8478.0263671875
35880,8618.9208984375
35881,7347.380859375
35882,6237.35205078125
35883,7584.8671875
35884,11359.619140625
35885,14584.5595703125
35886,5208.11962890625
35887,5453.36669921875
35888,5975.82080078125
35889,6345.3154296875
35890,7808.1484375
35891,7692.845703125
35892,8808.658203125
35893,6236.32861328125
35894,3946.843505859375
35895,5845.1689453125
35896,11636.9287109375
35897,5686.90283203125
35898,8057.6552734375
35899,4024.8525390625
35900,8103.40478515625
35901,8098.6201171875
35902,6911.580078125
35903,8214.1611328125
35904,7382.3935546875
35905,4653.77392578125
35906,6924.3671875
35907,7757.40966796875
35908,8466.654296875
35909,7447.8134765625
35910,8961.939453125
35911,6847.4482421875
35912,4543.701171875
35913,10240.166015625
35914,4682.12646484375
35915,9535.7568359375
35916,7045.755859375
35917,5304.46875
35918,7557.40283203125
35919,6113.666015625
35920,7492.7119140625
35921,8100.38330078125
35922,4387.13818359375
35923,4440.7216796875
35924,7492.50146484375
35925,9842.2490234375
35926,10679.505859375
35927,6935.15185546875
35928,6131.4619140625
35929,6720.00048828125
35930,6905.8544921875
35931,5468.353515625
35932,10611.1044921875
35933,9326.265625
35934,11618.6318359375
35935,5093.49462890625
35936,6400.0966796875
35937,11719.5869140625
35938,10292.310546875
35939,5379.0673828125
35940,10956.203125
35941,6709.9580078125
35942,6338.45068359375
35943,5549.8056640625
35944,6145.388671875
35945,5332.80224609375
35946,6958.0185546875
35947,5147.02294921875
35948,5036.14599609375
35949,8536.3154296875
35950,6969.99755859375
35951,23362.826171875
35952,7129.72265625
35953,4421.80224609375
35954,7885.888671875
35955,11645.66015625
35956,6723.1552734375
35957,7784.99169921875
35958,6065.38818359375
35959,7654.408203125
35960,7447.80712890625
35961,4831.6181640625
35962,5451.89013671875
35963,7091.39697265625
35964,8477.4462890625
35965,7663.44580078125
35966,9544.1748046875
35967,5615.6728515625
35968,4990.38671875
35969,5861.2001953125
35970,8827.6552734375
35971,11068.65234375
35972,9059.4423828125
35973,7643.244140625
35974,5245.470703125
35975,6053.26953125
35976,4167.56298828125
35977,7890.5390625
35978,10735.072265625
35979,9514.7109375
35980,5690.54833984375
35981,5946.65576171875
35982,5201.0751953125
35983,5665.85009765625
35984,10258.08984375
35985,6473.36376953125
35986,5164.369140625
35987,5588.43310546875
35988,8303.1806640625
35989,3333.94091796875
35990,8355.7578125
35991,5829.6748046875
35992,7407.1123046875
35993,7528.185546875
35994,6648.3896484375
35995,8227.3291015625
35996,6779.03515625
35997,5528.1953125
35998,6953.20166015625
35999,7509.58056640625
36000,12427.1318359375
36001,6418.01611328125
36002,8928.568359375
36003,8358.0859375
36004,9381.4873046875
36005,6972.59814453125
36006,9176.7080078125
36007,4237.07177734375
36008,6123.6943359375
36009,6484.64501953125
36010,6832.9013671875
36011,9828.0771484375
36012,8308.076171875
36013,5855.32763671875
36014,8106.7109375
36015,7044.28369140625
36016,10494.7958984375
36017,3952.0458984375
36018,13505.5439453125
36019,5323.69287109375
36020,6159.490234375
36021,9433.154296875
36022,5403.171875
36023,6574.92578125
36024,6573.6123046875
36025,7591.7626953125
36026,5568.9208984375
36027,5351.103515625
36028,7916.8857421875
36029,8335.8017578125
36030,7511.8671875
36031,5205.5830078125
36032,7462.18408203125
36033,12297.47265625
36034,6944.265625
36035,6408.7294921875
36036,7496.72705078125
36037,6334.83837890625
36038,6578.04296875
36039,8109.94384765625
36040,4646.49853515625
36041,8376.1298828125
36042,7319.453125
36043,7379.470703125
36044,11670.3388671875
36045,4154.70654296875
36046,5761.72314453125
36047,4843.8408203125
36048,8532.7861328125
36049,8782.3525390625
36050,5178.583984375
36051,6128.345703125
36052,7338.61669921875
36053,6587.75146484375
36054,6462.26416015625
36055,7345.8720703125
36056,6662.51513671875
36057,7982.263671875
36058,5887.2119140625
36059,4331.154296875
36060,6481.771484375
36061,8586.6640625
36062,7937.43310546875
36063,8542.5126953125
36064,8290.0498046875
36065,5902.28955078125
36066,9696.87109375
36067,5878.28564453125
36068,7813.228515625
36069,9380.7333984375
36070,6382.93603515625
36071,10296.66796875
36072,9173.5224609375
36073,7813.62255859375
36074,6307.376953125
36075,6892.33984375
36076,8066.0546875
36077,6342.5908203125
36078,3706.419677734375
36079,6213.05859375
36080,8478.546875
36081,6323.34130859375
36082,4240.84619140625
36083,8272.2763671875
36084,6176.771484375
36085,5793.46142578125
36086,6198.68994140625
36087,5186.1943359375
36088,8300.6943359375
36089,7375.5517578125
36090,8208.1484375
36091,5357.22021484375
36092,5206.3466796875
36093,6211.4765625
36094,3733.484130859375
36095,6500.71875
36096,6791.7294921875
36097,8862.8076171875
36098,7699.869140625
36099,6391.67578125
36100,11697.0849609375
36101,5872.34716796875
36102,5274.12451171875
36103,10866.4853515625
36104,6847.8935546875
36105,8870.3115234375
36106,7844.6376953125
36107,5889.7568359375
36108,6286.0703125
36109,5608.72119140625
36110,8767.12109375
36111,12032.970703125
36112,7870.64404296875
36113,3613.559326171875
36114,4841.35009765625
36115,8622.6162109375
36116,7721.2880859375
36117,6755.94580078125
36118,6444.89404296875
36119,5149.71240234375
36120,5334.23193359375
36121,3919.766357421875
36122,4948.63671875
36123,6830.1279296875
36124,7654.0791015625
36125,6698.30322265625
36126,6378.43212890625
36127,8863.8642578125
36128,9597.041015625
36129,7619.42626953125
36130,5542.931640625
36131,9583.2587890625
36132,10207.5224609375
36133,6186.47509765625
36134,7447.07275390625
36135,5944.2685546875
36136,6778.66943359375
36137,4260.5341796875
36138,7844.537109375
36139,5740.16650390625
36140,9685.2158203125
36141,6902.142578125
36142,8873.5390625
36143,7854.2421875
36144,5983.94677734375
36145,9410.1943359375
36146,19099.640625
36147,11632.482421875
36148,6839.9326171875
36149,4708.630859375
36150,6819.27587890625
36151,8720.8857421875
36152,5450.5986328125
36153,11582.0517578125
36154,17363.921875
36155,4392.4375
36156,5689.4873046875
36157,11940.5283203125
36158,5320.9892578125
36159,7422.47705078125
36160,7125.9697265625
36161,8197.689453125
36162,4909.20361328125
36163,6687.66015625
36164,7033.41259765625
36165,8222.1826171875
36166,10560.3583984375
36167,6657.94970703125
36168,6600.29296875
36169,7951.36181640625
36170,4956.51806640625
36171,4986.8857421875
36172,7616.12109375
36173,6222.47314453125
36174,6100.21630859375
36175,7320.75439453125
36176,6348.21923828125
36177,6023.50634765625
36178,8336.4658203125
36179,7833.49072265625
36180,8812.8623046875
36181,10399.5185546875
36182,6894.66064453125
36183,5596.7119140625
36184,3207.68896484375
36185,6781.35546875
36186,7324.35791015625
36187,5722.5302734375
36188,5028.97998046875
36189,8285.1123046875
36190,7640.068359375
36191,10575.9267578125
36192,7208.8798828125
36193,5921.2265625
36194,5629.095703125
36195,5422.9873046875
36196,10029.9677734375
36197,5653.830078125
36198,7657.8212890625
36199,16347.953125
36200,7596.3447265625
36201,7766.1435546875
36202,5740.5400390625
36203,6121.587890625
36204,6750.33642578125
36205,4295.36279296875
36206,6063.9853515625
36207,11536.44140625
36208,5651.22509765625
36209,15403.3828125
36210,13834.1337890625
36211,6681.953125
36212,7220.16796875
36213,6341.20947265625
36214,7175.61474609375
36215,6800.51513671875
36216,11851.6416015625
36217,8389.70703125
36218,10384.939453125
36219,5395.7783203125
36220,7737.88037109375
36221,5835.36083984375
36222,8292.943359375
36223,7172.40380859375
36224,6715.33251953125
36225,7256.76611328125
36226,5239.05224609375
36227,8442.1728515625
36228,10594.5263671875
36229,6677.37158203125
36230,10111.6533203125
36231,6754.65185546875
36232,10340.65625
36233,5908.55517578125
36234,5597.88623046875
36235,6475.44189453125
36236,11516.0712890625
36237,6776.90576171875
36238,8360.3701171875
36239,7961.0078125
36240,9179.9287109375
36241,5117.55859375
36242,9711.7392578125
36243,7508.99658203125
36244,4060.536865234375
36245,11718.6318359375
36246,18735.3359375
36247,7455.92041015625
36248,7691.8408203125
36249,9215.328125
36250,10499.4560546875
36251,12232.4189453125
36252,6294.01513671875
36253,7752.83740234375
36254,7064.91943359375
36255,8637.7197265625
36256,4322.15185546875
36257,6855.18505859375
36258,6129.20361328125
36259,5425.048828125
36260,7917.3046875
36261,5698.7783203125
36262,4828.53271484375
36263,8521.5634765625
36264,4826.4208984375
36265,4631.24560546875
36266,6600.08251953125
36267,6508.6572265625
36268,9959.8857421875
36269,8866.474609375
36270,8120.71630859375
36271,6877.93505859375
36272,7066.017578125
36273,11022.109375
36274,7870.01318359375
36275,5433.1171875
36276,5516.06396484375
36277,9914.482421875
36278,4446.26123046875
36279,6807.369140625
36280,3853.925537109375
36281,5744.076171875
36282,8591.3330078125
36283,7141.4482421875
36284,5965.24072265625
36285,9333.5126953125
36286,10596.287109375
36287,12914.8984375
36288,7624.61474609375
36289,9933.1748046875
36290,2747.26611328125
36291,5876.87890625
36292,6548.81787109375
36293,4506.654296875
36294,8528.708984375
36295,5868.86767578125
36296,6549.98974609375
36297,9326.7783203125
36298,10114.4560546875
36299,12282.9130859375
36300,5945.556640625
36301,6155.892578125
36302,15554.3251953125
36303,9194.4365234375
36304,7134.0517578125
36305,6014.4453125
36306,7455.2802734375
36307,11064.0732421875
36308,5140.77880859375
36309,6359.46875
36310,8795.205078125
36311,8205.521484375
36312,14295.4150390625
36313,7094.85498046875
36314,13551.0234375
36315,7529.8056640625
36316,5442.2119140625
36317,4015.84716796875
36318,5659.65185546875
36319,7149.7998046875
36320,6097.91357421875
36321,8310.521484375
36322,5107.93359375
36323,4960.87109375
36324,7720.4775390625
36325,3899.336669921875
36326,7980.39794921875
36327,6930.3125
36328,8552.427734375
36329,9156.8037109375
36330,6051.8984375
36331,10376.302734375
36332,6066.216796875
36333,6060.23486328125
36334,6184.6787109375
36335,6158.705078125
36336,9807.01953125
36337,7334.90283203125
36338,5685.75439453125
36339,7745.69384765625
36340,8392.5048828125
36341,7686.14599609375
36342,7050.912109375
36343,8986.5244140625
36344,6494.1787109375
36345,5142.0830078125
36346,6526.51953125
36347,9394.8701171875
36348,6364.9365234375
36349,7153.18408203125
36350,5748.01953125
36351,6083.484375
36352,4239.8642578125
36353,6599.458984375
36354,8579.45703125
36355,9908.0
36356,11609.560546875
36357,11452.8486328125
36358,8941.068359375
36359,8317.9609375
36360,5161.98828125
36361,10924.0712890625
36362,11905.9716796875
36363,7737.5390625
36364,8608.4677734375
36365,9181.037109375
36366,6230.84814453125
36367,3730.43115234375
36368,8671.82421875
36369,7178.47119140625
36370,7437.916015625
36371,5824.765625
36372,3122.310302734375
36373,12472.0205078125
36374,6074.15869140625
36375,5405.81005859375
36376,5019.46435546875
36377,5098.5615234375
36378,6903.87744140625
36379,8804.85546875
36380,7238.81689453125
36381,5371.2138671875
36382,5450.142578125
36383,4699.02490234375
36384,3572.0595703125
36385,7501.0537109375
36386,17174.462890625
36387,5373.82421875
36388,6445.2373046875
36389,6730.1513671875
36390,6064.2431640625
36391,5094.5380859375
36392,5534.02490234375
36393,4289.51416015625
36394,8177.904296875
36395,8107.27587890625
36396,4077.24951171875
36397,9501.8447265625
36398,5958.513671875
36399,5192.49609375
36400,12484.95703125
36401,8189.6357421875
36402,10716.3212890625
36403,5879.68701171875
36404,7494.60693359375
36405,5322.23681640625
36406,5750.5478515625
36407,15189.8076171875
36408,12377.7822265625
36409,7471.22509765625
36410,6518.9619140625
36411,5881.78125
36412,6074.61376953125
36413,5458.921875
36414,13043.40234375
36415,6592.33935546875
36416,6215.07275390625
36417,8399.744140625
36418,4895.15673828125
36419,6515.4638671875
36420,7659.44921875
36421,7681.69384765625
36422,8060.61474609375
36423,4182.23681640625
36424,5236.51904296875
36425,6727.57763671875
36426,10011.5869140625
36427,8358.40234375
36428,7329.693359375
36429,4489.51904296875
36430,8331.4345703125
36431,6356.07861328125
36432,5303.02099609375
36433,6788.013671875
36434,8016.1240234375
36435,6449.70947265625
36436,7152.701171875
36437,6719.68359375
36438,6029.3779296875
36439,5776.17431640625
36440,7654.5517578125
36441,7732.4423828125
36442,6628.509765625
36443,10789.1953125
36444,6155.3037109375
36445,4649.90673828125
36446,12681.4267578125
36447,6344.8740234375
36448,2718.38720703125
36449,8301.001953125
36450,12879.2900390625
36451,11940.4619140625
36452,5526.87060546875
36453,6018.5078125
36454,5955.51171875
36455,7744.81982421875
36456,6322.31591796875
36457,7267.97216796875
36458,3235.97216796875
36459,5596.43017578125
36460,6916.423828125
36461,5677.9404296875
36462,5473.923828125
36463,7252.41796875
36464,8547.025390625
36465,5525.8505859375
36466,7695.0517578125
36467,7413.5087890625
36468,8856.1611328125
36469,5752.66064453125
36470,6609.310546875
36471,6591.39697265625
36472,9354.3984375
36473,8298.8798828125
36474,5789.04541015625
36475,7830.43212890625
36476,7591.69140625
36477,7785.78369140625
36478,5335.64794921875
36479,4866.6767578125
36480,8760.8828125
36481,5585.951171875
36482,9094.4375
36483,7353.79931640625
36484,6314.7607421875
36485,8473.5625
36486,8119.06494140625
36487,7188.48046875
36488,8304.4072265625
36489,6194.7685546875
36490,10317.77734375
36491,11232.8583984375
36492,9016.5576171875
36493,5736.2685546875
36494,6301.2529296875
36495,4981.025390625
36496,3464.611328125
36497,7825.22412109375
36498,5946.98291015625
36499,9156.099609375
36500,5192.04638671875
36501,6193.50341796875
36502,6081.19775390625
36503,10096.1904296875
36504,6394.94384765625
36505,5597.8623046875
36506,5873.13525390625
36507,7774.29150390625
36508,5488.6796875
36509,8582.5595703125
36510,7692.97314453125
36511,9289.90234375
36512,8290.1552734375
36513,7334.46728515625
36514,6123.033203125
36515,4500.69287109375
36516,5709.76708984375
36517,10705.302734375
36518,10211.029296875
36519,11571.2265625
36520,13797.892578125
36521,6792.73193359375
36522,5253.84521484375
36523,6923.82568359375
36524,8890.541015625
36525,10049.142578125
36526,7313.07958984375
36527,8691.1455078125
36528,8174.818359375
36529,7162.611328125
36530,7007.3623046875
36531,5952.13818359375
36532,4947.75146484375
36533,5280.42822265625
36534,4459.501953125
36535,5797.4521484375
36536,9048.5283203125
36537,15276.109375
36538,6798.14208984375
36539,5474.0751953125
36540,8763.7646484375
36541,5253.64453125
36542,7147.796875
36543,4739.82275390625
36544,10312.421875
36545,6716.45556640625
36546,6657.26171875
36547,13901.865234375
36548,9850.6083984375
36549,6683.3935546875
36550,7224.97802734375
36551,4144.6708984375
36552,5611.39306640625
36553,5533.9150390625
36554,9034.0283203125
36555,4708.52978515625
36556,4756.220703125
36557,5651.75341796875
36558,5761.17236328125
36559,6751.2001953125
36560,7106.701171875
36561,3268.681396484375
36562,7514.50732421875
36563,8182.591796875
36564,7985.0556640625
36565,5078.81640625
36566,4469.64501953125
36567,8718.6767578125
36568,4974.5859375
36569,10102.96484375
36570,4973.5751953125
36571,6665.54638671875
36572,7500.26953125
36573,6739.82421875
36574,5025.24267578125
36575,6535.6611328125
36576,8126.65185546875
36577,9587.44921875
36578,10173.0478515625
36579,6085.81494140625
36580,4452.21533203125
36581,6019.6396484375
36582,7695.41357421875
36583,4965.15966796875
36584,6725.306640625
36585,7801.4404296875
36586,12140.287109375
36587,8527.123046875
36588,6947.8173828125
36589,7602.37939453125
36590,4358.12060546875
36591,9677.923828125
36592,6180.95849609375
36593,13497.0927734375
36594,6894.8623046875
36595,5664.1240234375
36596,5568.8095703125
36597,4849.4580078125
36598,7258.31787109375
36599,18136.7734375
36600,4824.4775390625
36601,4808.00537109375
36602,10216.228515625
36603,7144.5390625
36604,7038.2529296875
36605,8893.6044921875
36606,5999.298828125
36607,5878.451171875
36608,5460.31640625
36609,10316.3115234375
36610,6375.0087890625
36611,7668.34326171875
36612,7862.8759765625
36613,5210.798828125
36614,7770.61181640625
36615,9047.7109375
36616,4130.50390625
36617,8842.3427734375
36618,9457.0732421875
36619,4102.6943359375
36620,7770.93701171875
36621,7708.4931640625
36622,5360.72314453125
36623,10230.302734375
36624,6958.3896484375
36625,8330.0009765625
36626,4880.1748046875
36627,5587.9453125
36628,7243.48876953125
36629,4262.17041015625
36630,8496.6845703125
36631,4841.36181640625
36632,5840.1708984375
36633,4635.986328125
36634,6668.93310546875
36635,6405.77392578125
36636,7510.3857421875
36637,7629.26318359375
36638,8475.2021484375
36639,6204.92724609375
36640,7579.212890625
36641,7083.68359375
36642,9076.4765625
36643,9919.3291015625
36644,7289.6005859375
36645,3222.428466796875
36646,5747.0068359375
36647,7602.42138671875
36648,3461.320068359375
36649,11919.189453125
36650,6098.384765625
36651,11640.376953125
36652,9566.8701171875
36653,7261.25390625
36654,4365.771484375
36655,15031.8291015625
36656,9998.6552734375
36657,5810.22705078125
36658,10312.740234375
36659,9332.0283203125
36660,6258.05419921875
36661,6749.984375
36662,6589.515625
36663,5755.28564453125
36664,7734.51806640625
36665,7001.5751953125
36666,4464.81787109375
36667,6391.943359375
36668,6834.46923828125
36669,7789.90869140625
36670,8900.08984375
36671,6070.1455078125
36672,7519.6337890625
36673,5804.150390625
36674,7839.5908203125
36675,6935.7939453125
36676,7401.60595703125
36677,6671.60546875
36678,7211.79443359375
36679,9926.306640625
36680,5824.306640625
36681,5764.462890625
36682,6927.28857421875
36683,7287.29638671875
36684,7502.259765625
36685,4443.15283203125
36686,4657.14599609375
36687,5894.287109375
36688,6911.73583984375
36689,5916.81396484375
36690,8351.1259765625
36691,6180.9638671875
36692,7055.412109375
36693,5241.5126953125
36694,5018.158203125
36695,7971.8330078125
36696,6448.68408203125
36697,7261.265625
36698,11027.37109375
36699,8794.8017578125
36700,5142.0478515625
36701,8996.9248046875
36702,4179.06396484375
36703,2675.9521484375
36704,7587.7451171875
36705,12368.2236328125
36706,8452.12109375
36707,7145.13623046875
36708,4733.7734375
36709,6369.51708984375
36710,8670.38671875
36711,6424.76806640625
36712,7688.3876953125
36713,5348.95849609375
36714,5371.2373046875
36715,5369.9970703125
36716,5442.09375
36717,4874.0
36718,5302.1943359375
36719,6024.4248046875
36720,4342.67529296875
36721,6270.4951171875
36722,8513.8525390625
36723,5394.98291015625
36724,6615.22607421875
36725,7433.76416015625
36726,6498.54443359375
36727,5644.099609375
36728,9489.841796875
36729,7131.0478515625
36730,5641.1318359375
36731,4034.397216796875
36732,11687.09375
36733,6935.91064453125
36734,5656.2802734375
36735,7239.67919921875
36736,8375.8740234375
36737,7485.14697265625
36738,6133.6767578125
36739,7508.4697265625
36740,9710.5986328125
36741,14304.404296875
36742,5067.84375
36743,5473.6318359375
36744,5897.59814453125
36745,7267.60498046875
36746,7303.1591796875
36747,8809.26953125
36748,8959.5947265625
36749,6032.31640625
36750,4394.287109375
36751,5921.330078125
36752,12987.953125
36753,4865.1669921875
36754,8072.828125
36755,4251.84716796875
36756,8079.27294921875
36757,8732.3994140625
36758,7234.23486328125
36759,8807.8779296875
36760,7120.90869140625
36761,4421.7822265625
36762,6817.41845703125
36763,7125.7724609375
36764,8521.2236328125
36765,7482.56884765625
36766,8794.7431640625
36767,6413.53662109375
36768,4835.5712890625
36769,10511.1484375
36770,4531.95654296875
36771,9529.791015625
36772,6570.08349609375
36773,4929.83056640625
36774,7870.408203125
36775,6233.802734375
36776,7486.6533203125
36777,8153.43505859375
36778,4704.95361328125
36779,4311.66650390625
36780,8449.6591796875
36781,9978.1953125
36782,10286.0205078125
36783,6310.83837890625
36784,6305.92529296875
36785,6707.32080078125
36786,6993.53369140625
36787,5367.0224609375
36788,9711.013671875
36789,8985.5390625
36790,11288.0341796875
36791,4933.34814453125
36792,6055.318359375
36793,10570.8447265625
36794,9827.240234375
36795,5087.33251953125
36796,10803.3486328125
36797,6985.087890625
36798,6028.9990234375
36799,5803.8212890625
36800,6214.48876953125
36801,5224.14404296875
36802,6399.12353515625
36803,4628.830078125
36804,5049.97216796875
36805,9568.322265625
36806,7246.50048828125
36807,24731.505859375
36808,6933.67724609375
36809,4679.134765625
36810,8348.896484375
36811,11286.7294921875
36812,5828.455078125
36813,7734.09375
36814,5959.6064453125
36815,8851.9189453125
36816,8117.88232421875
36817,6271.8955078125
36818,5975.4609375
36819,6774.31201171875
36820,9016.533203125
36821,7900.71533203125
36822,8702.658203125
36823,5840.46240234375
36824,4859.466796875
36825,6454.388671875
36826,9408.91796875
36827,11224.0576171875
36828,10608.1767578125
36829,8678.474609375
36830,5397.4111328125
36831,6042.64501953125
36832,5131.62841796875
36833,8518.810546875
36834,10997.6865234375
36835,10900.373046875
36836,6502.4462890625
36837,6259.5830078125
36838,5200.91064453125
36839,5840.66796875
36840,11581.55859375
36841,7214.04345703125
36842,5137.90234375
36843,6099.43701171875
36844,8754.640625
36845,3211.245361328125
36846,8157.45849609375
36847,6006.65966796875
36848,7168.03369140625
36849,6490.52880859375
36850,6251.59228515625
36851,8557.4677734375
36852,6923.39404296875
36853,5749.0
36854,7245.443359375
36855,7013.26025390625
36856,12017.4794921875
36857,6568.44580078125
36858,9167.3662109375
36859,9404.83203125
36860,10155.5087890625
36861,7015.42529296875
36862,10085.255859375
36863,5730.61181640625
36864,5825.14599609375
36865,6822.7255859375
36866,6899.927734375
36867,9550.7294921875
36868,8694.806640625
36869,6151.49951171875
36870,8381.2451171875
36871,7289.025390625
36872,10276.1611328125
36873,4146.37939453125
36874,14928.5048828125
36875,5358.33935546875
36876,6237.2421875
36877,9802.6650390625
36878,5659.2548828125
36879,6839.14453125
36880,6996.7578125
36881,8164.1689453125
36882,5812.13671875
36883,6113.85107421875
36884,8338.017578125
36885,8742.662109375
36886,8466.52734375
36887,5484.3671875
36888,7646.5888671875
36889,12796.7001953125
36890,7049.39306640625
36891,5820.00732421875
36892,7604.36865234375
36893,6677.12353515625
36894,6440.45556640625
36895,8224.1806640625
36896,5012.837890625
36897,8647.6064453125
36898,7692.57177734375
36899,7915.23046875
36900,11109.595703125
36901,4630.953125
36902,5935.08447265625
36903,5747.4296875
36904,8743.1826171875
36905,8642.0576171875
36906,5124.66943359375
36907,6287.91259765625
36908,7279.6708984375
36909,6651.9873046875
36910,6731.203125
36911,8142.173828125
36912,6955.47412109375
36913,8343.8642578125
36914,5875.79345703125
36915,4858.2099609375
36916,7424.69921875
36917,8401.4228515625
36918,7888.59423828125
36919,8955.3037109375
36920,9300.8515625
36921,6012.62353515625
36922,9851.283203125
36923,6763.14599609375
36924,7976.59375
36925,9887.208984375
36926,6663.8037109375
36927,10536.6484375
36928,9770.478515625
36929,7946.18994140625
36930,5912.7626953125
36931,6902.54345703125
36932,8313.80859375
36933,6862.86572265625
36934,3870.70068359375
36935,6567.46240234375
36936,9371.4736328125
36937,6819.74755859375
36938,4506.70947265625
36939,8709.591796875
36940,6973.77734375
36941,6388.58984375
36942,6312.08642578125
36943,5653.55859375
36944,8177.10791015625
36945,7531.68408203125
36946,8976.1162109375
36947,5697.79248046875
36948,5801.24267578125
36949,7009.8232421875
36950,4067.271240234375
36951,6809.13330078125
36952,6392.30078125
36953,9657.5205078125
36954,8211.98828125
36955,6633.1474609375
36956,11735.61328125
36957,7130.06494140625
36958,5859.32666015625
36959,12052.0234375
36960,7460.9482421875
36961,9123.3037109375
36962,8600.0927734375
36963,5804.9140625
36964,6388.78271484375
36965,5897.76611328125
36966,8430.513671875
36967,13183.9951171875
36968,7473.9580078125
36969,3486.953857421875
36970,5714.98095703125
36971,9438.798828125
36972,9032.40625
36973,7068.22265625
36974,6653.76611328125
36975,4829.162109375
36976,5590.3017578125
36977,4053.7060546875
36978,5145.44970703125
36979,7162.208984375
36980,8170.83251953125
36981,7113.3388671875
36982,7172.52490234375
36983,8607.6357421875
36984,10284.6953125
36985,7825.533203125
36986,5292.98388671875
36987,10149.4052734375
36988,12307.4990234375
36989,6216.94384765625
36990,7671.5947265625
36991,6059.9560546875
36992,7306.2744140625
36993,3835.425537109375
36994,8383.65625
36995,5982.939453125
36996,10040.763671875
36997,7005.02294921875
36998,9400.2724609375
36999,8548.7041015625
37000,5653.107421875
37001,9723.802734375
37002,20136.201171875
37003,12232.5068359375
37004,7461.15185546875
37005,4256.32666015625
37006,6798.416015625
37007,9639.23828125
37008,5940.41015625
37009,13059.955078125
37010,18738.65234375
37011,4692.6494140625
37012,6250.17333984375
37013,9543.853515625
37014,5873.3701171875
37015,8235.0146484375
37016,7326.88427734375
37017,8634.8720703125
37018,5787.5751953125
37019,7218.1171875
37020,6545.6689453125
37021,8113.84716796875
37022,11011.6142578125
37023,6595.42529296875
37024,6739.0185546875
37025,8303.04296875
37026,5748.11328125
37027,5430.2099609375
37028,8272.5146484375
37029,5928.4326171875
37030,6319.48681640625
37031,8212.583984375
37032,6737.71484375
37033,5901.29736328125
37034,8576.5166015625
37035,8284.220703125
37036,8818.3720703125
37037,9957.54296875
37038,7765.20068359375
37039,5687.6474609375
37040,3412.32080078125
37041,7254.2568359375
37042,7538.513671875
37043,6524.29052734375
37044,5515.427734375
37045,9228.7841796875
37046,7713.1669921875
37047,11145.505859375
37048,7260.025390625
37049,6202.9619140625
37050,6340.2314453125
37051,4684.50634765625
37052,10875.62890625
37053,5880.42236328125
37054,7596.66259765625
37055,15879.0771484375
37056,7842.02685546875
37057,6231.98046875
37058,5821.451171875
37059,6231.78955078125
37060,6726.74072265625
37061,4319.88916015625
37062,5473.28076171875
37063,11183.205078125
37064,5360.296875
37065,17541.025390625
37066,13917.603515625
37067,7218.2060546875
37068,7688.12060546875
37069,6652.0341796875
37070,7551.34326171875
37071,6915.119140625
37072,11891.4287109375
37073,8181.89404296875
37074,10462.6435546875
37075,4678.8701171875
37076,8499.333984375
37077,5864.9091796875
37078,9712.3486328125
37079,7215.57177734375
37080,6439.0712890625
37081,7085.4375
37082,6467.5478515625
37083,8843.2958984375
37084,9807.6103515625
37085,6663.1376953125
37086,10910.03125
37087,7108.23046875
37088,11165.1396484375
37089,6157.162109375
37090,5848.2763671875
37091,6563.20947265625
37092,12402.216796875
37093,6645.49169921875
37094,7969.5693359375
37095,9261.39453125
37096,9869.775390625
37097,5629.83837890625
37098,8709.0634765625
37099,7146.04150390625
37100,4466.9765625
37101,12064.5146484375
37102,18449.091796875
37103,8035.369140625
37104,7955.47021484375
37105,10158.7177734375
37106,11523.1435546875
37107,12472.96484375
37108,6323.10791015625
37109,8566.50390625
37110,7351.65869140625
37111,9164.349609375
37112,4251.05029296875
37113,6858.513671875
37114,6446.126953125
37115,5795.3642578125
37116,8259.5615234375
37117,6262.29443359375
37118,4793.84912109375
37119,8761.134765625
37120,4630.16796875
37121,4956.47216796875
37122,6817.71875
37123,7412.97900390625
37124,10461.1884765625
37125,9332.744140625
37126,7855.40771484375
37127,6924.47412109375
37128,6371.3232421875
37129,11166.32421875
37130,8321.6982421875
37131,5755.3720703125
37132,5269.26513671875
37133,10067.6181640625
37134,4567.31396484375
37135,6692.1767578125
37136,3872.07861328125
37137,6581.17724609375
37138,8885.6328125
37139,7238.01904296875
37140,5903.2548828125
37141,9905.8720703125
37142,10238.8046875
37143,12959.5126953125
37144,7295.2822265625
37145,10298.7314453125
37146,2403.38330078125
37147,6098.98876953125
37148,7014.6220703125
37149,4441.68212890625
37150,9035.037109375
37151,6106.6494140625
37152,5121.98779296875
37153,9271.12890625
37154,11508.9072265625
37155,10439.9892578125
37156,6002.89697265625
37157,5062.013671875
37158,16244.99609375
37159,9833.58203125
37160,7233.78515625
37161,6103.67041015625
37162,7746.638671875
37163,11855.8125
37164,5336.00927734375
37165,6828.50146484375
37166,9239.5947265625
37167,9406.4345703125
37168,14142.4033203125
37169,8607.16015625
37170,13332.330078125
37171,7427.759765625
37172,5188.61572265625
37173,3501.98291015625
37174,6172.1884765625
37175,7018.75830078125
37176,6039.66943359375
37177,7854.7255859375
37178,5260.32861328125
37179,5092.04296875
37180,7678.1982421875
37181,3930.06005859375
37182,7971.314453125
37183,7505.95166015625
37184,9018.564453125
37185,9066.796875
37186,6009.00537109375
37187,10264.6015625
37188,6631.9912109375
37189,6254.39501953125
37190,6187.1484375
37191,6598.92626953125
37192,10976.009765625
37193,7072.259765625
37194,6041.6552734375
37195,7826.0537109375
37196,9024.15234375
37197,7784.23291015625
37198,7806.3740234375
37199,9738.28125
37200,6807.88134765625
37201,6349.64697265625
37202,7224.943359375
37203,9436.669921875
37204,6449.94921875
37205,7386.375
37206,5786.0634765625
37207,5924.77197265625
37208,4479.91357421875
37209,5738.11328125
37210,8415.5205078125
37211,9267.01953125
37212,12177.361328125
37213,12591.1337890625
37214,8696.8828125
37215,9058.5595703125
37216,5631.67919921875
37217,11004.7890625
37218,12057.744140625
37219,7553.47119140625
37220,8731.779296875
37221,8686.3935546875
37222,6540.689453125
37223,3758.95751953125
37224,8997.734375
37225,7841.22509765625
37226,7348.146484375
37227,6177.025390625
37228,3056.488525390625
37229,11971.7578125
37230,6218.53173828125
37231,5417.4658203125
37232,5030.15234375
37233,5874.7021484375
37234,6803.83349609375
37235,10005.5654296875
37236,7548.939453125
37237,5992.4208984375
37238,5399.873046875
37239,5493.86181640625
37240,3380.7001953125
37241,7806.63037109375
37242,17871.93359375
37243,5389.4794921875
37244,6473.3125
37245,7457.10009765625
37246,5897.9765625
37247,5627.978515625
37248,5518.97509765625
37249,4553.033203125
37250,7704.712890625
37251,7864.5830078125
37252,4100.896484375
37253,10125.3330078125
37254,5953.4677734375
37255,5479.080078125
37256,12532.9697265625
37257,8441.7470703125
37258,11470.697265625
37259,6036.9326171875
37260,7828.43505859375
37261,5723.173828125
37262,5386.64404296875
37263,16603.875
37264,11932.8466796875
37265,7343.40283203125
37266,6963.62353515625
37267,5750.453125
37268,6473.71728515625
37269,4566.49658203125
37270,10613.5859375
37271,6833.38330078125
37272,5490.97119140625
37273,8624.33203125
37274,5458.0478515625
37275,6819.73046875
37276,7676.44677734375
37277,8038.794921875
37278,7811.2353515625
37279,4639.40380859375
37280,5772.14306640625
37281,6734.65380859375
37282,11006.5361328125
37283,8677.3212890625
37284,7963.19140625
37285,4689.8828125
37286,8561.0244140625
37287,6398.60107421875
37288,4958.85302734375
37289,7136.24267578125
37290,7785.53173828125
37291,6537.2880859375
37292,7407.36181640625
37293,7090.7734375
37294,6388.3046875
37295,6029.01611328125
37296,7654.98779296875
37297,8542.2890625
37298,7196.52880859375
37299,10556.5556640625
37300,6396.99365234375
37301,5280.6884765625
37302,13728.3154296875
37303,6590.083984375
37304,3460.552490234375
37305,8581.7294921875
37306,13772.0576171875
37307,12154.5703125
37308,5347.244140625
37309,6153.68310546875
37310,6222.78515625
37311,8408.3720703125
37312,6401.6611328125
37313,7644.2705078125
37314,2709.575927734375
37315,6117.82080078125
37316,7035.8349609375
37317,6021.1826171875
37318,6003.171875
37319,7540.66455078125
37320,9474.1845703125
37321,5611.353515625
37322,9472.458984375
37323,7860.48876953125
37324,9117.0576171875
37325,6045.7353515625
37326,6712.0703125
37327,6618.125
37328,9160.2353515625
37329,8311.396484375
37330,4104.11474609375
37331,9585.744140625
37332,7833.84765625
37333,8067.13427734375
37334,5442.17578125
37335,5906.3798828125
37336,9380.6220703125
37337,6241.48046875
37338,9836.9208984375
37339,7413.90478515625
37340,6629.802734375
37341,8474.9462890625
37342,7154.36865234375
37343,7514.21484375
37344,8727.1865234375
37345,6210.39111328125
37346,10352.642578125
37347,12446.4853515625
37348,8891.7783203125
37349,5184.2509765625
37350,6063.662109375
37351,4652.79541015625
37352,3939.218505859375
37353,8713.8955078125
37354,6147.33984375
37355,9555.80078125
37356,4408.43701171875
37357,6593.16259765625
37358,6165.25927734375
37359,11240.3818359375
37360,6798.15380859375
37361,5836.1162109375
37362,6087.90869140625
37363,7801.48974609375
37364,4940.31884765625
37365,9233.697265625
37366,7932.0751953125
37367,9651.15625
37368,8561.01171875
37369,7698.658203125
37370,5659.3115234375
37371,4905.37548828125
37372,5614.51708984375
37373,11098.2216796875
37374,10986.5400390625
37375,10869.6875
37376,15398.17578125
37377,6724.7548828125
37378,5107.244140625
37379,7100.5947265625
37380,9034.69140625
37381,10529.3212890625
37382,7528.75537109375
37383,9129.41015625
37384,8951.4931640625
37385,7289.34375
37386,7259.60009765625
37387,5636.70166015625
37388,5496.259765625
37389,5083.6865234375
37390,4411.8349609375
37391,6176.8173828125
37392,8889.1484375
37393,16392.4296875
37394,7109.72314453125
37395,5334.9287109375
37396,9176.9248046875
37397,5157.89111328125
37398,7413.07861328125
37399,4328.64208984375
37400,9750.365234375
37401,7269.28125
37402,6809.5869140625
37403,14068.6494140625
37404,12551.0888671875
37405,6767.94140625
37406,7305.7265625
37407,4345.19970703125
37408,5839.6806640625
37409,5378.56298828125
37410,7728.4462890625
37411,4765.75341796875
37412,5120.84814453125
37413,5494.404296875
37414,6050.95361328125
37415,7306.8515625
37416,7600.2275390625
37417,3540.583251953125
37418,7841.05419921875
37419,8773.5166015625
37420,7519.8525390625
37421,5362.22314453125
37422,5334.52490234375
37423,9185.8125
37424,4695.84765625
37425,10212.341796875
37426,5184.25927734375
37427,5818.64453125
37428,7425.830078125
37429,6639.09228515625
37430,5076.85791015625
37431,6696.37353515625
37432,8737.8154296875
37433,10363.0224609375
37434,11345.333984375
37435,6250.669921875
37436,4012.377197265625
37437,6002.22705078125
37438,7036.03076171875
37439,4648.986328125
37440,6834.6376953125
37441,7366.04736328125
37442,12217.6123046875
37443,8435.697265625
37444,6678.5302734375
37445,8433.2333984375
37446,4690.0693359375
37447,9591.8125
37448,6095.6845703125
37449,14165.0263671875
37450,7149.28271484375
37451,6407.9072265625
37452,6128.568359375
37453,5140.7685546875
37454,7678.537109375
37455,19969.81640625
37456,4839.693359375
37457,5052.51904296875
37458,10412.08203125
37459,7132.953125
37460,6920.9345703125
37461,9046.599609375
37462,6420.951171875
37463,6981.87158203125
37464,4847.52197265625
37465,11115.4853515625
37466,6604.2060546875
37467,7746.634765625
37468,8105.7412109375
37469,5393.84765625
37470,7978.439453125
37471,8910.4365234375
37472,4522.75634765625
37473,9169.568359375
37474,9382.4990234375
37475,4599.6533203125
37476,8237.9208984375
37477,7728.8896484375
37478,5576.810546875
37479,10543.537109375
37480,7258.783203125
37481,8688.8642578125
37482,4888.62109375
37483,5736.7041015625
37484,8720.3857421875
37485,4546.60693359375
37486,8869.060546875
37487,4906.48779296875
37488,5676.52978515625
37489,4771.25390625
37490,7079.16650390625
37491,6437.8896484375
37492,7432.19873046875
37493,7768.31982421875
37494,8443.8388671875
37495,6260.20751953125
37496,8543.541015625
37497,7135.0546875
37498,9952.0888671875
37499,10357.314453125
37500,7582.71630859375
37501,3257.8134765625
37502,5958.1435546875
37503,7485.56396484375
37504,3903.801513671875
37505,12459.34375
37506,6245.0078125
37507,11323.328125
37508,10564.54296875
37509,7728.73193359375
37510,4630.29833984375
37511,14838.1416015625
37512,10972.3310546875
37513,6017.2451171875
37514,10423.669921875
37515,9714.171875
37516,6777.29248046875
37517,6629.96826171875
37518,6597.83154296875
37519,6172.603515625
37520,7551.88916015625
37521,7315.0107421875
37522,4824.52099609375
37523,7842.20751953125
37524,7572.64892578125
37525,8252.955078125
37526,9402.5244140625
37527,6171.36279296875
37528,7750.8818359375
37529,5413.943359375
37530,8320.708984375
37531,7045.10693359375
37532,7411.634765625
37533,7160.00341796875
37534,7870.98583984375
37535,10063.080078125
37536,6360.4658203125
37537,5688.70947265625
37538,6920.72265625
37539,7615.04052734375
37540,7715.98974609375
37541,4741.47998046875
37542,4959.16357421875
37543,8073.4580078125
37544,7873.625
37545,6124.85302734375
37546,8388.4033203125
37547,6151.36376953125
37548,8224.8046875
37549,5451.8134765625
37550,3404.757568359375
37551,8009.8818359375
37552,7294.2705078125
37553,7213.73681640625
37554,11026.0966796875
37555,10602.98828125
37556,5466.265625
37557,8544.599609375
37558,4497.376953125
37559,2739.716064453125
37560,8562.0224609375
37561,13058.7705078125
37562,7784.57861328125
37563,7952.27783203125
37564,4774.90185546875
37565,6615.70849609375
37566,9312.1669921875
37567,7205.3115234375
37568,7642.17724609375
37569,5370.7490234375
37570,5064.00341796875
37571,5096.28955078125
37572,5351.61376953125
37573,6165.87060546875
37574,4991.59912109375
37575,5705.732421875
37576,3670.86474609375
37577,8125.22216796875
37578,9388.5048828125
37579,5682.22265625
37580,6537.3408203125
37581,7491.4140625
37582,7270.4794921875
37583,5448.8671875
37584,9199.3056640625
37585,7645.9599609375
37586,6093.7568359375
37587,3704.663818359375
37588,12495.4404296875
37589,6976.15283203125
37590,6077.591796875
37591,8538.26953125
37592,8808.20703125
37593,7903.32373046875
37594,5941.02099609375
37595,7601.65576171875
37596,11285.16796875
37597,15333.85546875
37598,5349.83447265625
37599,5431.3154296875
37600,5567.35400390625
37601,7518.18212890625
37602,6823.326171875
37603,10170.6484375
37604,9167.4775390625
37605,6387.79248046875
37606,4580.6572265625
37607,5835.60546875
37608,11801.5625
37609,5040.5966796875
37610,7783.61279296875
37611,4032.9345703125
37612,7436.86572265625
37613,8895.365234375
37614,7556.67578125
37615,9765.6494140625
37616,7718.33203125
37617,4975.04345703125
37618,6291.14208984375
37619,7949.7333984375
37620,8692.578125
37621,7972.35009765625
37622,8832.8876953125
37623,6747.1171875
37624,4935.7626953125
37625,10679.9111328125
37626,4458.60888671875
37627,9869.787109375
37628,7000.9033203125
37629,5577.88330078125
37630,8111.07080078125
37631,6391.6005859375
37632,7534.83447265625
37633,8655.1328125
37634,4536.2216796875
37635,4143.451171875
37636,8804.8984375
37637,10568.1513671875
37638,10491.36328125
37639,7099.6015625
37640,6851.64697265625
37641,7294.2216796875
37642,6761.39794921875
37643,5741.19091796875
37644,11063.376953125
37645,9422.2177734375
37646,11315.111328125
37647,4855.44873046875
37648,6220.39208984375
37649,11262.236328125
37650,9887.9619140625
37651,5621.37646484375
37652,10380.1962890625
37653,7086.48193359375
37654,6646.83935546875
37655,5229.17919921875
37656,7016.7255859375
37657,5134.30419921875
37658,6971.44580078125
37659,5384.66064453125
37660,5174.3994140625
37661,9459.9072265625
37662,6611.51904296875
37663,25724.83203125
37664,6821.55615234375
37665,5309.4697265625
37666,8955.7529296875
37667,13133.779296875
37668,6491.13525390625
37669,9054.1201171875
37670,6563.0859375
37671,8851.150390625
37672,8577.2919921875
37673,5784.87890625
37674,6203.361328125
37675,7389.41796875
37676,9759.3291015625
37677,8541.3251953125
37678,9670.208984375
37679,7968.9638671875
37680,5067.15966796875
37681,7478.693359375
37682,10417.2646484375
37683,11292.5517578125
37684,12167.4111328125
37685,9023.1201171875
37686,6007.7431640625
37687,6306.72705078125
37688,5554.02978515625
37689,8761.3046875
37690,12042.4130859375
37691,10548.3154296875
37692,6811.0654296875
37693,6660.7412109375
37694,5412.65625
37695,5910.71044921875
37696,11821.4541015625
37697,8143.5888671875
37698,5585.17626953125
37699,7344.9794921875
37700,8570.6533203125
37701,3587.740478515625
37702,8681.9326171875
37703,6144.83984375
37704,6545.85986328125
37705,7229.0283203125
37706,6819.78271484375
37707,8859.21875
37708,7500.28955078125
37709,5812.03515625
37710,7781.462890625
37711,7319.9169921875
37712,12620.15625
37713,7197.05078125
37714,9709.021484375
37715,8504.916015625
37716,11135.400390625
37717,7983.02197265625
37718,10946.1953125
37719,6176.87158203125
37720,6901.8154296875
37721,7036.138671875
37722,6754.11181640625
37723,10104.27734375
37724,9179.5654296875
37725,6683.1787109375
37726,8912.08203125
37727,7423.77978515625
37728,10996.4697265625
37729,4534.68359375
37730,15470.1552734375
37731,5370.7392578125
37732,6727.671875
37733,10260.9228515625
37734,6120.4541015625
37735,7379.28955078125
37736,6715.43798828125
37737,8960.78125
37738,5437.6845703125
37739,6166.21728515625
37740,8646.2841796875
37741,8562.080078125
37742,8608.40234375
37743,5821.9384765625
37744,8282.4619140625
37745,12632.232421875
37746,7756.43408203125
37747,6313.08251953125
37748,7827.10693359375
37749,6747.23681640625
37750,6242.18359375
37751,8804.134765625
37752,5609.21435546875
37753,9107.052734375
37754,8372.8232421875
37755,8722.5634765625
37756,12462.5068359375
37757,5276.06201171875
37758,6249.1357421875
37759,6301.36962890625
37760,9198.1640625
37761,9801.3037109375
37762,5566.1591796875
37763,7089.21142578125
37764,7501.70166015625
37765,7250.8759765625
37766,6765.59912109375
37767,8209.607421875
37768,7329.78857421875
37769,8510.4814453125
37770,6231.794921875
37771,4946.91845703125
37772,7995.00830078125
37773,8559.033203125
37774,8904.3515625
37775,9369.8203125
37776,8938.146484375
37777,7251.708984375
37778,9850.328125
37779,6668.5419921875
37780,8540.6640625
37781,9599.6357421875
37782,7164.58642578125
37783,12287.79296875
37784,9208.65234375
37785,9548.0927734375
37786,6505.73486328125
37787,7945.9716796875
37788,9012.5693359375
37789,7403.8828125
37790,3975.802490234375
37791,6512.66552734375
37792,9543.79296875
37793,7717.6328125
37794,5600.6123046875
37795,9673.1572265625
37796,6697.041015625
37797,6458.896484375
37798,6673.3798828125
37799,6002.95556640625
37800,9325.576171875
37801,7870.154296875
37802,9822.4462890625
37803,6012.8095703125
37804,6519.80078125
37805,7238.10400390625
37806,4434.6123046875
37807,8980.3681640625
37808,6792.7333984375
37809,10252.5849609375
37810,8547.08984375
37811,7206.8818359375
37812,13199.4970703125
37813,6884.20458984375
37814,5625.4482421875
37815,12479.3720703125
37816,7633.2548828125
37817,9062.9609375
37818,8766.6240234375
37819,5304.71533203125
37820,6810.529296875
37821,5834.7392578125
37822,9544.818359375
37823,13965.4130859375
37824,8264.5625
37825,3623.485107421875
37826,5435.81982421875
37827,9973.986328125
37828,8886.31640625
37829,7243.83935546875
37830,7651.4267578125
37831,5151.8095703125
37832,6603.263671875
37833,4392.4169921875
37834,6092.52685546875
37835,7486.837890625
37836,8007.27392578125
37837,7624.63330078125
37838,7692.71923828125
37839,9252.1953125
37840,10975.6943359375
37841,8288.7626953125
37842,5894.01416015625
37843,11018.365234375
37844,13262.3798828125
37845,7182.71484375
37846,8904.7607421875
37847,6341.51123046875
37848,7474.291015625
37849,4414.44140625
37850,9603.517578125
37851,6447.63818359375
37852,10620.7763671875
37853,7642.41748046875
37854,9521.2021484375
37855,9455.3271484375
37856,5976.12939453125
37857,10680.3876953125
37858,21818.2421875
37859,12251.7666015625
37860,7806.79443359375
37861,4410.818359375
37862,7320.85595703125
37863,10760.728515625
37864,6318.61962890625
37865,12645.748046875
37866,19027.529296875
37867,4782.185546875
37868,6676.50341796875
37869,10244.5205078125
37870,5777.5419921875
37871,9293.8994140625
37872,7889.60986328125
37873,9326.3916015625
37874,6037.80029296875
37875,7491.0
37876,7364.447265625
37877,8890.3818359375
37878,11538.48828125
37879,6991.19580078125
37880,6606.13818359375
37881,8766.0654296875
37882,5984.79052734375
37883,5623.021484375
37884,8945.4697265625
37885,6354.05712890625
37886,6423.0126953125
37887,9137.0810546875
37888,7488.78173828125
37889,6350.56103515625
37890,9458.875
37891,8576.5673828125
37892,9132.5576171875
37893,10837.1005859375
37894,8981.5634765625
37895,5917.537109375
37896,4406.1806640625
37897,7697.759765625
37898,8025.70458984375
37899,6703.0244140625
37900,5444.59716796875
37901,9992.9521484375
37902,8030.86376953125
37903,11380.5546875
37904,8270.609375
37905,6521.72021484375
37906,6698.85791015625
37907,5097.30419921875
37908,12121.7138671875
37909,5789.56005859375
37910,7958.4921875
37911,15296.3408203125
37912,8107.08642578125
37913,7043.44775390625
37914,5746.3662109375
37915,6876.5224609375
37916,7349.39111328125
37917,4792.7529296875
37918,6605.525390625
37919,12349.1484375
37920,5497.021484375
37921,18689.58984375
37922,14777.107421875
37923,7272.2294921875
37924,8600.927734375
37925,7330.0859375
37926,8236.642578125
37927,7665.62890625
37928,12577.37109375
37929,8474.9697265625
37930,11668.1845703125
37931,5436.4677734375
37932,8885.744140625
37933,4710.46337890625
37934,9788.8974609375
37935,7797.5380859375
37936,6966.18701171875
37937,7165.876953125
37938,6645.828125
37939,9744.9873046875
37940,11057.0517578125
37941,6723.47607421875
37942,11673.0185546875
37943,7088.45556640625
37944,11287.373046875
37945,6640.28271484375
37946,6106.99462890625
37947,7122.587890625
37948,11878.1328125
37949,7230.35546875
37950,8832.2685546875
37951,9766.5546875
37952,10118.154296875
37953,4662.00634765625
37954,10181.8603515625
37955,8281.4736328125
37956,4599.625
37957,12196.6025390625
37958,18499.759765625
37959,8332.6611328125
37960,8357.5732421875
37961,11185.9375
37962,12194.2021484375
37963,13122.7939453125
37964,7127.6064453125
37965,8975.2265625
37966,7654.0390625
37967,9719.6748046875
37968,4749.318359375
37969,7400.87109375
37970,6606.01708984375
37971,6508.28662109375
37972,8583.0234375
37973,6565.5546875
37974,5698.0029296875
37975,8637.1484375
37976,4775.2314453125
37977,4782.00927734375
37978,7236.16455078125
37979,7385.732421875
37980,10751.0107421875
37981,9741.5185546875
37982,8445.9228515625
37983,6783.244140625
37984,6783.525390625
37985,12516.16796875
37986,9017.1201171875
37987,6421.7578125
37988,5143.06591796875
37989,10184.759765625
37990,4754.90380859375
37991,6696.3544921875
37992,3822.90087890625
37993,6035.724609375
37994,9352.1474609375
37995,7297.58935546875
37996,6057.59765625
37997,9763.8046875
37998,10582.2158203125
37999,14139.263671875
38000,8007.82373046875
38001,10822.7060546875
38002,2599.587158203125
38003,5831.46484375
38004,7225.2509765625
38005,4669.826171875
38006,8824.177734375
38007,6794.93115234375
38008,6260.15576171875
38009,10258.240234375
38010,11912.9541015625
38011,11049.671875
38012,6326.90478515625
38013,6038.21533203125
38014,16798.28515625
38015,9398.416015625
38016,7569.2412109375
38017,6261.794921875
38018,8256.900390625
38019,12256.0927734375
38020,4414.88427734375
38021,7115.0029296875
38022,9819.5537109375
38023,10147.51953125
38024,15131.814453125
38025,8970.423828125
38026,14002.859375
38027,7569.072265625
38028,5570.12841796875
38029,3591.2333984375
38030,6507.77734375
38031,7136.296875
38032,6285.6904296875
38033,8607.9365234375
38034,5380.55615234375
38035,5449.140625
38036,7610.54638671875
38037,5046.04638671875
38038,8290.8173828125
38039,7602.4365234375
38040,9378.046875
38041,10023.3232421875
38042,6336.12255859375
38043,11501.140625
38044,6359.58056640625
38045,6362.16552734375
38046,6134.09130859375
38047,6681.921875
38048,11815.9658203125
38049,7261.396484375
38050,6206.67822265625
38051,8278.6337890625
38052,9228.0986328125
38053,8552.744140625
38054,8112.40234375
38055,10121.9697265625
38056,7261.82275390625
38057,6899.44482421875
38058,7123.0302734375
38059,9157.9853515625
38060,7127.97802734375
38061,8145.39990234375
38062,6224.68115234375
38063,6200.154296875
38064,5455.8720703125
38065,6338.662109375
38066,8685.8486328125
38067,10390.2138671875
38068,12945.5166015625
38069,11771.5830078125
38070,8990.9130859375
38071,9176.83203125
38072,6049.07177734375
38073,11994.3115234375
38074,13000.5234375
38075,7945.84912109375
38076,9834.08984375
38077,10909.3720703125
38078,7268.14013671875
38079,4876.40576171875
38080,10352.9931640625
38081,8002.37841796875
38082,9053.0087890625
38083,6911.0517578125
38084,3533.90087890625
38085,14039.1552734375
38086,6340.0439453125
38087,6199.62158203125
38088,5640.576171875
38089,5649.326171875
38090,8352.6787109375
38091,10525.3037109375
38092,7632.92041015625
38093,5761.51513671875
38094,5702.6640625
38095,4833.12646484375
38096,3889.98681640625
38097,8140.78173828125
38098,18083.857421875
38099,5654.5498046875
38100,6665.89990234375
38101,7899.34814453125
38102,6085.87841796875
38103,5786.00927734375
38104,5462.88818359375
38105,4864.5458984375
38106,8955.3408203125
38107,8401.8115234375
38108,4630.33447265625
38109,10482.8447265625
38110,6970.3720703125
38111,6112.4541015625
38112,12908.7763671875
38113,9216.203125
38114,11774.00390625
38115,6796.17822265625
38116,8459.642578125
38117,5802.14013671875
38118,6298.58203125
38119,16028.4111328125
38120,11256.0302734375
38121,7791.13232421875
38122,7033.90234375
38123,5660.5078125
38124,6967.81982421875
38125,5300.61474609375
38126,11629.818359375
38127,7306.033203125
38128,6470.2802734375
38129,8127.36865234375
38130,5593.07080078125
38131,8140.20703125
38132,9011.7568359375
38133,8570.5654296875
38134,8740.6962890625
38135,4925.69189453125
38136,5835.81103515625
38137,7062.06298828125
38138,11656.9267578125
38139,9427.5224609375
38140,8005.5712890625
38141,4868.05810546875
38142,8829.8857421875
38143,7062.84033203125
38144,5173.55078125
38145,7423.25634765625
38146,8700.4482421875
38147,7068.125
38148,8155.615234375
38149,7917.4892578125
38150,6937.70458984375
38151,6593.75244140625
38152,8299.5556640625
38153,8065.62158203125
38154,7766.2236328125
38155,11221.76171875
38156,7321.85693359375
38157,5430.40576171875
38158,13739.9228515625
38159,7213.57666015625
38160,3561.606689453125
38161,9440.7412109375
38162,14110.130859375
38163,13081.8837890625
38164,5573.0302734375
38165,6802.23681640625
38166,6668.7958984375
38167,8027.81689453125
38168,6972.6708984375
38169,8075.0859375
38170,3155.333740234375
38171,6444.001953125
38172,7241.56005859375
38173,6833.96826171875
38174,6311.74267578125
38175,7348.955078125
38176,10054.7998046875
38177,6763.87451171875
38178,9098.287109375
38179,8413.044921875
38180,9580.9287109375
38181,6221.36376953125
38182,7131.22705078125
38183,7989.24853515625
38184,9322.681640625
38185,9251.9130859375
38186,4682.1923828125
38187,9407.8388671875
38188,8024.9560546875
38189,8470.5341796875
38190,5452.75537109375
38191,5547.2177734375
38192,10103.341796875
38193,6852.10546875
38194,10318.111328125
38195,7511.9560546875
38196,6715.31396484375
38197,9148.05859375
38198,8539.240234375
38199,8741.021484375
38200,9319.8173828125
38201,6726.58154296875
38202,10400.2841796875
38203,12588.2099609375
38204,9584.7041015625
38205,6129.73193359375
38206,7241.6123046875
38207,5547.37646484375
38208,4264.5888671875
38209,9735.830078125
38210,6473.5771484375
38211,11468.7783203125
38212,5450.18017578125
38213,7153.59765625
38214,7316.76904296875
38215,10833.0771484375
38216,6175.88623046875
38217,6249.7333984375
38218,6141.9111328125
38219,8627.0732421875
38220,5067.02880859375
38221,9100.197265625
38222,8200.9208984375
38223,9560.197265625
38224,8809.68359375
38225,7927.0615234375
38226,6143.92919921875
38227,5441.88232421875
38228,6093.14990234375
38229,12930.888671875
38230,10654.7099609375
38231,11649.7255859375
38232,15933.4013671875
38233,6935.7197265625
38234,6148.6259765625
38235,8001.0625
38236,9767.37890625
38237,11036.48828125
38238,8273.3076171875
38239,9696.54296875
38240,9365.6474609375
38241,7695.53955078125
38242,7657.3212890625
38243,6517.52978515625
38244,5889.35107421875
38245,5989.48095703125
38246,5462.82568359375
38247,6078.2451171875
38248,9802.9580078125
38249,17379.546875
38250,7907.0478515625
38251,5990.46630859375
38252,9288.017578125
38253,4986.36376953125
38254,7393.076171875
38255,4227.63671875
38256,11076.681640625
38257,7295.30078125
38258,7530.66552734375
38259,15646.1513671875
38260,12828.796875
38261,7184.1572265625
38262,7239.70947265625
38263,4215.5458984375
38264,5369.77587890625
38265,6680.6591796875
38266,9132.7294921875
38267,5521.3232421875
38268,5054.62353515625
38269,6361.14697265625
38270,6374.82373046875
38271,7995.69580078125
38272,7750.7080078125
38273,3912.1298828125
38274,7457.0263671875
38275,9699.337890625
38276,8143.30078125
38277,6609.8642578125
38278,5701.82177734375
38279,10266.3857421875
38280,5295.068359375
38281,11315.9267578125
38282,5699.2744140625
38283,6892.47119140625
38284,8030.30224609375
38285,6636.24951171875
38286,5096.44287109375
38287,6308.71337890625
38288,8054.34228515625
38289,10014.5546875
38290,11525.4677734375
38291,6735.44775390625
38292,4997.4677734375
38293,5549.05615234375
38294,7435.48681640625
38295,5234.255859375
38296,7639.474609375
38297,7920.5693359375
38298,13108.6533203125
38299,9653.55078125
38300,8006.3291015625
38301,8994.298828125
38302,5105.4580078125
38303,9900.609375
38304,6629.69482421875
38305,15072.689453125
38306,7493.37548828125
38307,6256.30419921875
38308,5947.96484375
38309,5772.3642578125
38310,8145.0
38311,17291.595703125
38312,4916.99267578125
38313,5801.31982421875
38314,11304.1884765625
38315,8280.50390625
38316,8302.779296875
38317,9460.4228515625
38318,6894.3154296875
38319,6755.67919921875
38320,5919.53271484375
38321,11946.521484375
38322,7318.037109375
38323,8356.130859375
38324,8369.9833984375
38325,6358.900390625
38326,8188.6865234375
38327,9696.90625
38328,4762.83251953125
38329,10311.232421875
38330,10819.4462890625
38331,4644.85986328125
38332,8591.359375
38333,7956.18701171875
38334,5521.33544921875
38335,10281.22265625
38336,6886.39306640625
38337,8697.38671875
38338,5546.52001953125
38339,6300.37646484375
38340,8328.412109375
38341,4542.00341796875
38342,9551.841796875
38343,5127.123046875
38344,6670.01806640625
38345,5718.1123046875
38346,7470.048828125
38347,6852.9775390625
38348,8908.09765625
38349,8057.74853515625
38350,8828.666015625
38351,6783.12841796875
38352,8943.48828125
38353,7376.06298828125
38354,10390.4365234375
38355,10992.650390625
38356,8024.908203125
38357,3441.384521484375
38358,6712.88916015625
38359,8681.7802734375
38360,4837.341796875
38361,11951.46875
38362,6510.67822265625
38363,11794.4697265625
38364,11123.294921875
38365,8196.828125
38366,4790.69384765625
38367,16501.384765625
38368,11643.4814453125
38369,6443.6904296875
38370,11765.267578125
38371,11008.33203125
38372,7046.8349609375
38373,8096.52587890625
38374,7840.8564453125
38375,6925.95654296875
38376,7776.8076171875
38377,7782.779296875
38378,4963.5986328125
38379,8553.5869140625
38380,7601.19775390625
38381,8768.6064453125
38382,9506.72265625
38383,7324.12646484375
38384,8110.7685546875
38385,5869.64404296875
38386,8923.92578125
38387,8298.791015625
38388,8226.400390625
38389,7534.3935546875
38390,8764.45703125
38391,11235.341796875
38392,6624.23828125
38393,6426.49267578125
38394,7499.8544921875
38395,7766.48876953125
38396,8705.9775390625
38397,5454.04931640625
38398,5241.328125
38399,7213.0234375
38400,7763.70068359375
38401,6843.0458984375
38402,9145.4658203125
38403,6613.91162109375
38404,8025.654296875
38405,5259.93505859375
38406,4465.30322265625
38407,8823.859375
38408,7620.482421875
38409,8654.259765625
38410,11302.4013671875
38411,10377.04296875
38412,6015.3525390625
38413,9633.095703125
38414,4969.1982421875
38415,3400.62158203125
38416,8886.0830078125
38417,14002.939453125
38418,8976.4697265625
38419,8612.66796875
38420,5855.85302734375
38421,7522.84765625
38422,10092.7783203125
38423,7573.65966796875
38424,8193.939453125
38425,5955.93505859375
38426,5952.42138671875
38427,5839.162109375
38428,6182.22509765625
38429,6974.9541015625
38430,5718.7734375
38431,6294.01025390625
38432,4001.782958984375
38433,8196.8056640625
38434,9576.0078125
38435,6093.6201171875
38436,7522.67626953125
38437,8290.671875
38438,6470.5654296875
38439,6309.04931640625
38440,8831.794921875
38441,8099.51806640625
38442,5030.99755859375
38443,4668.21484375
38444,14773.33203125
38445,7065.30322265625
38446,6867.35791015625
38447,9068.5283203125
38448,9583.5419921875
38449,8637.9111328125
38450,6703.2294921875
38451,7928.96435546875
38452,12808.4375
38453,16091.8994140625
38454,5925.6279296875
38455,6216.71142578125
38456,5444.72998046875
38457,7409.1748046875
38458,6713.599609375
38459,9926.8505859375
38460,9960.43359375
38461,7136.27734375
38462,4830.9560546875
38463,7017.84326171875
38464,12231.8720703125
38465,5810.431640625
38466,8332.0771484375
38467,5100.3974609375
38468,8143.85888671875
38469,10103.5908203125
38470,8252.673828125
38471,10712.73046875
38472,8347.650390625
38473,5163.423828125
38474,6695.5244140625
38475,8988.7490234375
38476,9233.9638671875
38477,8181.35791015625
38478,8760.55859375
38479,6916.236328125
38480,5329.86181640625
38481,11508.4072265625
38482,5424.4970703125
38483,10975.0986328125
38484,7024.9775390625
38485,5558.8408203125
38486,8537.1982421875
38487,7332.08154296875
38488,8405.2421875
38489,9304.3720703125
38490,5034.75146484375
38491,5338.22509765625
38492,9749.3837890625
38493,11725.1630859375
38494,10958.4423828125
38495,6886.2294921875
38496,7236.58154296875
38497,8680.876953125
38498,7147.72216796875
38499,5649.5126953125
38500,12402.7666015625
38501,10290.38671875
38502,12490.8642578125
38503,5604.06298828125
38504,6890.29443359375
38505,11114.619140625
38506,9892.65625
38507,6603.87353515625
38508,11077.298828125
38509,7267.388671875
38510,6892.76708984375
38511,6020.1318359375
38512,7476.4658203125
38513,5914.35693359375
38514,8309.1259765625
38515,6047.22412109375
38516,5843.6396484375
38517,11150.08984375
38518,7026.0654296875
38519,25757.44140625
38520,7520.88916015625
38521,6456.7080078125
38522,9886.5869140625
38523,14982.15625
38524,7808.1044921875
38525,11560.453125
38526,7227.791015625
38527,10579.1904296875
38528,11545.705078125
38529,7209.40673828125
38530,7239.98974609375
38531,9952.0146484375
38532,10868.0908203125
38533,10854.8115234375
38534,10289.2080078125
38535,9522.3330078125
38536,7335.07080078125
38537,8606.31640625
38538,13433.3359375
38539,14668.814453125
38540,14757.845703125
38541,12547.94921875
38542,7179.21484375
38543,7283.07763671875
38544,5545.0986328125
38545,10491.23046875
38546,15587.091796875
38547,12068.9208984375
38548,8931.2080078125
38549,8131.4365234375
38550,4998.490234375
38551,7528.70703125
38552,14213.1640625
38553,8986.701171875
38554,7160.82275390625
38555,7857.873046875
38556,9606.251953125
38557,3866.865966796875
38558,11229.9345703125
38559,7177.8759765625
38560,9216.5078125
38561,9791.421875
38562,8080.68408203125
38563,10267.7509765625
38564,9796.3837890625
38565,8053.0302734375
38566,8630.5029296875
38567,9595.662109375
38568,15049.8291015625
38569,8003.82763671875
38570,12557.4765625
38571,10080.3212890625
38572,12860.3173828125
38573,10866.8515625
38574,14373.3701171875
38575,7672.9384765625
38576,7500.0673828125
38577,9414.9833984375
38578,8305.3349609375
38579,11370.064453125
38580,11319.9091796875
38581,8112.3837890625
38582,10249.3818359375
38583,8664.33984375
38584,13638.66796875
38585,5463.6484375
38586,18127.83203125
38587,6075.818359375
38588,7875.06494140625
38589,12783.9921875
38590,7255.41552734375
38591,9898.10546875
38592,9183.7802734375
38593,11048.859375
38594,7926.47998046875
38595,7656.6259765625
38596,9694.1708984375
38597,10528.9091796875
38598,10702.9921875
38599,7308.25146484375
38600,9606.1171875
38601,16089.837890625
38602,9230.8564453125
38603,7452.298828125
38604,9439.806640625
38605,7367.1474609375
38606,7293.791015625
38607,10317.4873046875
38608,5946.10009765625
38609,12294.8447265625
38610,9614.5341796875
38611,9115.794921875
38612,14507.8759765625
38613,5048.623046875
38614,8229.3046875
38615,7838.54443359375
38616,11914.4609375
38617,11329.16015625
38618,6885.5869140625
38619,8829.7314453125
38620,9222.4423828125
38621,8476.6103515625
38622,8438.314453125
38623,9436.5029296875
38624,9014.71484375
38625,9842.4873046875
38626,7949.46923828125
38627,4932.79736328125
38628,9931.07421875
38629,9806.6044921875
38630,10114.3359375
38631,11725.3193359375
38632,11702.41015625
38633,8436.8203125
38634,12814.0947265625
38635,8026.7763671875
38636,9622.494140625
38637,12860.654296875
38638,9213.30078125
38639,14018.314453125
38640,10019.3564453125
38641,11310.6923828125
38642,7982.21826171875
38643,9327.345703125
38644,11691.1005859375
38645,8157.5615234375
38646,4245.85205078125
38647,7787.68798828125
38648,11915.904296875
38649,8079.12841796875
38650,6796.02587890625
38651,12499.544921875
38652,8287.705078125
38653,7554.97119140625
38654,7548.6728515625
38655,7545.27880859375
38656,11682.154296875
38657,9938.126953125
38658,11831.064453125
38659,8120.72705078125
38660,9770.7509765625
38661,9177.3271484375
38662,5955.1240234375
38663,8913.4140625
38664,9372.2880859375
38665,10613.0
38666,9889.4111328125
38667,8462.162109375
38668,15169.6240234375
38669,8318.8271484375
38670,6840.0048828125
38671,14882.5556640625
38672,8997.9208984375
38673,12641.677734375
38674,9586.1435546875
38675,7179.98291015625
38676,8818.873046875
38677,8377.0078125
38678,11770.10546875
38679,18251.89453125
38680,10424.4814453125
38681,4283.03515625
38682,5838.462890625
38683,12345.982421875
38684,11270.2373046875
38685,8969.2197265625
38686,9282.3779296875
38687,6064.8076171875
38688,6813.8349609375
38689,4433.1279296875
38690,6102.146484375
38691,8875.93359375
38692,10419.5546875
38693,8430.576171875
38694,8382.6279296875
38695,11010.291015625
38696,13608.0830078125
38697,10106.244140625
38698,7425.1220703125
38699,11990.7666015625
38700,17899.884765625
38701,8755.85546875
38702,9482.44140625
38703,7683.1962890625
38704,8879.0986328125
38705,6789.7705078125
38706,11053.001953125
38707,9211.5400390625
38708,11752.87890625
38709,9290.185546875
38710,12233.068359375
38711,10929.009765625
38712,7573.140625
38713,14108.0791015625
38714,24086.833984375
38715,17310.765625
38716,10965.126953125
38717,5751.8828125
38718,8921.1435546875
38719,11846.28125
38720,8273.0458984375
38721,13411.9775390625
38722,21796.431640625
38723,6095.66357421875
38724,8536.8544921875
38725,13088.603515625
38726,7351.12646484375
38727,13035.189453125
38728,9175.37890625
38729,11558.6689453125
38730,6035.267578125
38731,9485.767578125
38732,8803.541015625
38733,10302.2060546875
38734,15101.8330078125
38735,9043.16015625
38736,7797.65380859375
38737,9921.111328125
38738,7537.57275390625
38739,6394.0322265625
38740,10667.029296875
38741,8882.8515625
38742,8233.5947265625
38743,10892.900390625
38744,8007.515625
38745,10181.015625
38746,10500.2607421875
38747,10234.6728515625
38748,11389.7822265625
38749,13988.1982421875
38750,8617.333984375
38751,6553.9833984375
38752,5096.248046875
38753,9195.9892578125
38754,9027.412109375
38755,9212.640625
38756,6568.4306640625
38757,11330.0283203125
38758,10065.1787109375
38759,14997.7001953125
38760,8503.541015625
38761,8387.4599609375
38762,8018.77734375
38763,6646.7783203125
38764,15670.76171875
38765,7510.58544921875
38766,9334.078125
38767,21801.279296875
38768,10118.046875
38769,7923.76416015625
38770,7629.80029296875
38771,7301.57421875
38772,9185.0966796875
38773,5837.47509765625
38774,6820.9677734375
38775,13246.7080078125
38776,7096.65087890625
38777,21027.177734375
38778,16739.6875
38779,9134.8056640625
38780,9524.232421875
38781,7594.32763671875
38782,9644.6015625
38783,8418.9345703125
38784,14738.865234375
38785,11350.048828125
38786,13768.875
38787,8203.357421875
38788,9961.5703125
38789,6995.02685546875
38790,11433.388671875
38791,9730.556640625
38792,8767.095703125
38793,9054.255859375
38794,6773.58349609375
38795,11859.705078125
38796,12838.2119140625
38797,7978.85986328125
38798,15254.04296875
38799,8472.80859375
38800,13558.849609375
38801,6887.47705078125
38802,6999.4423828125
38803,9331.2333984375
38804,16914.447265625
38805,8997.8837890625
38806,10682.544921875
38807,11577.2978515625
38808,13058.91015625
38809,6057.4453125
38810,11094.689453125
38811,9168.5556640625
38812,5523.55859375
38813,13611.197265625
38814,21406.197265625
38815,10401.2646484375
38816,10984.9501953125
38817,14258.1953125
38818,14637.142578125
38819,15063.583984375
38820,8440.552734375
38821,11356.158203125
38822,9112.3828125
38823,11590.3251953125
38824,4906.82470703125
38825,9488.13671875
38826,8149.3681640625
38827,7768.48046875
38828,10293.611328125
38829,7641.5791015625
38830,7409.9912109375
38831,10488.7451171875
38832,5294.00390625
38833,5564.16064453125
38834,7676.90478515625
38835,9513.748046875
38836,13745.029296875
38837,11657.091796875
38838,9923.1142578125
38839,8461.1259765625
38840,8787.1259765625
38841,14150.0673828125
38842,9798.2646484375
38843,8277.4072265625
38844,6724.162109375
38845,12722.75
38846,5491.0869140625
38847,9124.4013671875
38848,4271.10205078125
38849,7054.125
38850,12452.3798828125
38851,8454.201171875
38852,7998.3837890625
38853,11398.5673828125
38854,12491.1826171875
38855,14772.7939453125
38856,9017.2109375
38857,12819.1015625
38858,2821.6142578125
38859,6849.59912109375
38860,8436.662109375
38861,5656.685546875
38862,9392.7587890625
38863,7901.0703125
38864,8588.4375
38865,11817.1328125
38866,15007.69921875
38867,13320.458984375
38868,7248.14599609375
38869,7152.81201171875
38870,19139.390625
38871,10334.759765625
38872,8674.9541015625
38873,7623.91162109375
38874,9764.5029296875
38875,14479.0361328125
38876,6215.2724609375
38877,8936.8974609375
38878,12305.7490234375
38879,11285.173828125
38880,18170.7109375
38881,10191.212890625
38882,16200.9375
38883,9211.23828125
38884,6872.96044921875
38885,4650.31103515625
38886,7784.19140625
38887,8992.4482421875
38888,8529.892578125
38889,9977.49609375
38890,6654.49072265625
38891,6895.7236328125
38892,9533.416015625
38893,5744.1953125
38894,9370.26171875
38895,10059.1728515625
38896,10814.798828125
38897,12077.25
38898,7859.14794921875
38899,11861.18359375
38900,7723.70703125
38901,8054.2001953125
38902,7853.46337890625
38903,7088.8759765625
38904,14546.1337890625
38905,9369.6123046875
38906,6722.0185546875
38907,10169.1484375
38908,11742.9638671875
38909,10394.75
38910,9219.505859375
38911,12079.501953125
38912,7311.19482421875
38913,7933.10498046875
38914,8987.9375
38915,11299.5537109375
38916,9274.193359375
38917,10213.47265625
38918,8678.2578125
38919,8228.8046875
38920,6423.86865234375
38921,7976.13720703125
38922,9643.0751953125
38923,13113.4013671875
38924,14231.11328125
38925,16907.873046875
38926,11676.7255859375
38927,9870.1767578125
38928,6397.72265625
38929,13113.5390625
38930,15672.064453125
38931,10391.0908203125
38932,10557.9384765625
38933,12112.3046875
38934,7722.97705078125
38935,5108.3994140625
38936,10834.9677734375
38937,9618.5458984375
38938,11843.5888671875
38939,8090.025390625
38940,4095.416748046875
38941,16539.8359375
38942,8995.296875
38943,8010.88818359375
38944,5636.2021484375
38945,7309.64892578125
38946,8656.2880859375
38947,12589.568359375
38948,8586.1025390625
38949,6294.74755859375
38950,6684.73486328125
38951,6117.2041015625
38952,4364.4296875
38953,9807.603515625
38954,20972.705078125
38955,6205.4375
38956,8097.7529296875
38957,9553.693359375
38958,6469.205078125
38959,6671.5
38960,7057.216796875
38961,6323.65478515625
38962,11412.9287109375
38963,10267.87109375
38964,5739.55029296875
38965,12234.21875
38966,9880.1669921875
38967,6874.8447265625
38968,14963.9404296875
38969,12019.5439453125
38970,13209.5009765625
38971,8438.5107421875
38972,9995.7490234375
38973,7030.677734375
38974,7508.8759765625
38975,19292.568359375
38976,14436.6279296875
38977,9380.3369140625
38978,8821.1669921875
38979,7488.1240234375
38980,7844.841796875
38981,5850.537109375
38982,13843.46484375
38983,6529.47900390625
38984,7536.17822265625
38985,11009.119140625
38986,7128.6640625
38987,8717.0537109375
38988,10113.6416015625
38989,10519.8095703125
38990,10290.9853515625
38991,5902.828125
38992,8273.6044921875
38993,9342.984375
38994,14181.05859375
38995,11412.5947265625
38996,9877.48828125
38997,5856.34375
38998,10480.7236328125
38999,8273.5458984375
39000,6440.75439453125
39001,8606.2802734375
39002,10263.560546875
39003,9118.640625
39004,9707.0146484375
39005,9016.6025390625
39006,6772.59326171875
39007,8115.6640625
39008,9441.7119140625
39009,9420.5625
39010,10958.00390625
39011,12764.51171875
39012,8210.76953125
39013,6289.4501953125
39014,17037.865234375
39015,8589.9140625
39016,4287.263671875
39017,10199.5234375
39018,15321.373046875
39019,16119.388671875
39020,5808.00830078125
39021,8399.212890625
39022,7770.17431640625
39023,9777.8720703125
39024,7667.42578125
39025,10516.7490234375
39026,4113.56591796875
39027,8724.93359375
39028,8983.1943359375
39029,7373.37255859375
39030,7726.7685546875
39031,9335.19921875
39032,12803.4111328125
39033,7294.771484375
39034,10918.1943359375
39035,10847.9697265625
39036,12383.533203125
39037,8395.251953125
39038,8714.5576171875
39039,9311.001953125
39040,11670.865234375
39041,11129.9716796875
39042,5792.03271484375
39043,9022.25390625
39044,10133.9775390625
39045,10552.4765625
39046,6673.28466796875
39047,6054.15185546875
39048,13711.80859375
39049,8875.796875
39050,11851.9404296875
39051,9072.6279296875
39052,8052.1962890625
39053,11271.7734375
39054,11885.3984375
39055,11408.6162109375
39056,11124.9384765625
39057,9227.0751953125
39058,12196.900390625
39059,14830.9052734375
39060,10873.2744140625
39061,7348.6611328125
39062,9080.189453125
39063,6625.91650390625
39064,4803.33837890625
39065,10007.001953125
39066,7532.66748046875
39067,13202.2041015625
39068,7309.1728515625
39069,8087.4853515625
39070,8107.7080078125
39071,13561.38671875
39072,8235.5595703125
39073,8194.5732421875
39074,8754.16796875
39075,9428.46875
39076,6662.61572265625
39077,10338.7666015625
39078,9441.4892578125
39079,11973.1728515625
39080,10407.3828125
39081,9456.21484375
39082,7641.25537109375
39083,5872.73388671875
39084,7000.85107421875
39085,15837.1982421875
39086,12436.125
39087,13939.0771484375
39088,17020.15625
39089,8738.9013671875
39090,6689.8310546875
39091,9933.7744140625
39092,11509.2548828125
39093,15250.7421875
39094,10197.8564453125
39095,12001.015625
39096,12454.4833984375
39097,9352.6357421875
39098,10189.8505859375
39099,8482.982421875
39100,7190.16845703125
39101,7087.24853515625
39102,5508.7001953125
39103,9047.7216796875
39104,12598.5078125
39105,21276.724609375
39106,9314.7353515625
39107,6642.88037109375
39108,11590.0244140625
39109,6280.82666015625
39110,9564.7666015625
39111,5315.3720703125
39112,13378.73046875
39113,8878.791015625
39114,9379.7724609375
39115,19479.431640625
39116,13407.4130859375
39117,9822.931640625
39118,9530.232421875
39119,4462.51611328125
39120,6414.673828125
39121,7310.95849609375
39122,11253.51171875
39123,7096.13916015625
39124,7059.4951171875
39125,7542.619140625
39126,6919.5205078125
39127,9544.9970703125
39128,10658.224609375
39129,3687.04248046875
39130,9886.7666015625
39131,11407.4296875
39132,12004.2734375
39133,8624.6904296875
39134,6682.18212890625
39135,11500.3779296875
39136,6843.85302734375
39137,13234.5576171875
39138,4921.1533203125
39139,9577.4267578125
39140,9786.8427734375
39141,8246.7119140625
39142,6935.53076171875
39143,8587.251953125
39144,10885.1630859375
39145,13185.0341796875
39146,15490.1396484375
39147,8226.244140625
39148,6729.900390625
39149,6965.09228515625
39150,8594.017578125
39151,6977.23095703125
39152,9914.6376953125
39153,8755.5
39154,15363.7236328125
39155,12614.92578125
39156,8526.2548828125
39157,9895.3291015625
39158,6661.42578125
39159,12616.724609375
39160,7751.9677734375
39161,17077.876953125
39162,8693.2939453125
39163,7850.49267578125
39164,7769.056640625
39165,6411.1201171875
39166,9172.8154296875
39167,22698.421875
39168,6706.662109375
39169,6287.13427734375
39170,11995.025390625
39171,9987.98828125
39172,10210.5322265625
39173,11611.640625
39174,8925.6357421875
39175,7526.4423828125
39176,6746.07373046875
39177,13628.81640625
39178,8199.89453125
39179,9386.638671875
39180,9163.107421875
39181,7847.8427734375
39182,9896.9794921875
39183,10584.0380859375
39184,5570.54638671875
39185,12142.7958984375
39186,12087.5224609375
39187,5091.294921875
39188,9858.7021484375
39189,10158.7939453125
39190,7087.13037109375
39191,12855.0654296875
39192,9193.8232421875
39193,10883.1298828125
39194,6705.6083984375
39195,7441.984375
39196,9562.830078125
39197,7074.44384765625
39198,10904.2119140625
39199,5773.72509765625
39200,7349.9775390625
39201,6160.08251953125
39202,9232.2685546875
39203,6780.546875
39204,9994.736328125
39205,10982.00390625
39206,11222.5556640625
39207,8772.6416015625
39208,9909.232421875
39209,8515.5458984375
39210,13705.0458984375
39211,12611.2041015625
39212,9383.4931640625
39213,4916.48779296875
39214,8062.5283203125
39215,10800.9951171875
39216,5515.99267578125
39217,15436.095703125
39218,8706.68359375
39219,13672.333984375
39220,13348.25
39221,8338.6083984375
39222,6595.0380859375
39223,19084.3984375
39224,13919.025390625
39225,7408.2548828125
39226,12542.3779296875
39227,12556.421875
39228,9151.9423828125
39229,8792.9228515625
39230,9236.953125
39231,7648.5048828125
39232,9406.2734375
39233,9547.0205078125
39234,6504.00048828125
39235,8444.560546875
39236,10451.0751953125
39237,10543.150390625
39238,13575.2744140625
39239,8208.90625
39240,10089.30859375
39241,8192.4267578125
39242,10200.3212890625
39243,9582.083984375
39244,9596.5283203125
39245,8570.4892578125
39246,10846.693359375
39247,13270.0927734375
39248,8731.5595703125
39249,8362.6396484375
39250,9217.7490234375
39251,9524.16796875
39252,9449.802734375
39253,5849.22509765625
39254,6073.4072265625
39255,8097.62109375
39256,8321.9921875
39257,8015.20703125
39258,11601.9453125
39259,8160.23291015625
39260,9916.5703125
39261,8116.86865234375
39262,5507.53955078125
39263,9953.41015625
39264,9161.9951171875
39265,9874.77734375
39266,13955.7607421875
39267,12071.033203125
39268,5981.5908203125
39269,11794.6025390625
39270,5047.5576171875
39271,3984.526123046875
39272,11204.3046875
39273,15596.591796875
39274,10838.205078125
39275,10780.697265625
39276,6994.3994140625
39277,9112.6376953125
39278,13684.7421875
39279,8790.5546875
39280,11416.9765625
39281,7229.4677734375
39282,7429.3740234375
39283,6985.5888671875
39284,6922.240234375
39285,6261.05322265625
39286,7727.828125
39287,8596.7919921875
39288,4778.654296875
39289,9202.6015625
39290,10118.9736328125
39291,7911.47314453125
39292,8752.201171875
39293,10356.9345703125
39294,8323.2314453125
39295,6989.08837890625
39296,11378.9306640625
39297,9619.33203125
39298,7789.9765625
39299,5117.0087890625
39300,18471.646484375
39301,9497.841796875
39302,9648.103515625
39303,12428.1796875
39304,11451.515625
39305,11779.8583984375
39306,8049.36865234375
39307,8985.142578125
39308,13876.876953125
39309,20339.5625
39310,7989.6396484375
39311,7766.32275390625
39312,7360.5625
39313,9281.8203125
39314,9268.56640625
39315,8334.12109375
39316,13552.2421875
39317,7610.61279296875
39318,6102.408203125
39319,9005.1845703125
39320,15699.068359375
39321,6355.91552734375
39322,11047.8681640625
39323,5441.35009765625
39324,10531.98046875
39325,10754.7353515625
39326,10268.34375
39327,12710.1103515625
39328,9482.7646484375
39329,6757.73583984375
39330,8448.11328125
39331,10912.9404296875
39332,11292.775390625
39333,10190.3388671875
39334,10770.5517578125
39335,8644.71875
39336,6239.29345703125
39337,13067.4609375
39338,5765.8681640625
39339,12476.267578125
39340,8095.76416015625
39341,7328.029296875
39342,11883.15234375
39343,8643.75
39344,9799.41796875
39345,11281.8671875
39346,6478.5263671875
39347,6110.50732421875
39348,11776.861328125
39349,13707.068359375
39350,12331.0654296875
39351,8562.439453125
39352,8216.1494140625
39353,10069.1513671875
39354,8793.9375
39355,6737.40673828125
39356,14933.7265625
39357,12805.8193359375
39358,13424.4169921875
39359,6998.45458984375
39360,8880.845703125
39361,11135.4130859375
39362,12700.236328125
39363,7806.5869140625
39364,14785.259765625
39365,9039.2392578125
39366,8686.095703125
39367,7927.54296875
39368,9335.0888671875
39369,7378.4677734375
39370,9746.078125
39371,7986.91650390625
39372,7236.7646484375
39373,16168.505859375
39374,9009.58984375
39375,27332.3359375
39376,10018.2265625
39377,0.0
39378,0.0
39379,0.0
39380,0.0
39381,0.0
39382,0.0
39383,0.0
39384,0.0
39385,0.0
39386,0.0
39387,0.0
39388,0.0
39389,0.0
39390,0.0
39391,0.0
39392,0.0
39393,0.0
39394,0.0
39395,0.0
39396,0.0
39397,0.0
39398,0.0
39399,0.0
39400,0.0
39401,0.0
39402,0.0
39403,0.0
39404,0.0
39405,0.0
39406,0.0
39407,0.0
39408,0.0
39409,0.0
39410,0.0
39411,0.0
39412,0.0
39413,0.0
39414,0.0
39415,0.0
39416,0.0
39417,0.0
39418,0.0
39419,0.0
39420,0.0
39421,0.0
39422,0.0
39423,0.0
39424,0.0
39425,0.0
39426,0.0
39427,0.0
39428,0.0
39429,0.0
39430,0.0
39431,0.0
39432,0.0
39433,0.0
39434,0.0
39435,0.0
39436,0.0
39437,0.0
39438,0.0
39439,0.0
39440,0.0
39441,0.0
39442,0.0
39443,0.0
39444,0.0
39445,0.0
39446,0.0
39447,0.0
39448,0.0
39449,0.0
39450,0.0
39451,0.0
39452,0.0
39453,0.0
39454,0.0
39455,0.0
39456,0.0
39457,0.0
39458,0.0
39459,0.0
39460,0.0
39461,0.0
39462,0.0
39463,0.0
39464,0.0
39465,0.0
39466,0.0
39467,0.0
39468,5815.0302734375
39469,0.0
39470,0.0
39471,0.0
39472,0.0
39473,0.0
39474,0.0
39475,0.0
39476,0.0
39477,0.0
39478,0.0
39479,0.0
39480,0.0
39481,0.0
39482,0.0
39483,0.0
39484,0.0
39485,0.0
39486,0.0
39487,0.0
39488,0.0
39489,0.0
39490,0.0
39491,0.0
39492,0.0
39493,0.0
39494,0.0
39495,0.0
39496,0.0
39497,0.0
39498,0.0
39499,0.0
39500,0.0
39501,0.0
39502,0.0
39503,0.0
39504,0.0
39505,0.0
39506,0.0
39507,0.0
39508,0.0
39509,0.0
39510,0.0
39511,0.0
39512,0.0
39513,0.0
39514,0.0
39515,0.0
39516,0.0
39517,0.0
39518,0.0
39519,0.0
39520,0.0
39521,0.0
39522,0.0
39523,0.0
39524,0.0
39525,0.0
39526,0.0
39527,0.0
39528,0.0
39529,0.0
39530,0.0
39531,0.0
39532,0.0
39533,0.0
39534,0.0
39535,0.0
39536,4763.962890625
39537,0.0
39538,0.0
39539,0.0
39540,0.0
39541,0.0
39542,0.0
39543,0.0
39544,0.0
39545,0.0
39546,0.0
39547,0.0
39548,0.0
39549,0.0
39550,0.0
39551,0.0
39552,0.0
39553,0.0
39554,0.0
39555,0.0
39556,0.0
39557,0.0
39558,0.0
39559,0.0
39560,0.0
39561,0.0
39562,0.0
39563,0.0
39564,0.0
39565,0.0
39566,0.0
39567,0.0
39568,0.0
39569,0.0
39570,0.0
39571,0.0
39572,0.0
39573,0.0
39574,0.0
39575,0.0
39576,0.0
39577,17760.296875
39578,31679.583984375
39579,0.0
39580,0.0
39581,0.0
39582,0.0
39583,0.0
39584,0.0
39585,0.0
39586,8530.984375
39587,0.0
39588,0.0
39589,0.0
39590,0.0
39591,0.0
39592,0.0
39593,0.0
39594,0.0
39595,0.0
39596,0.0
39597,0.0
39598,0.0
39599,0.0
39600,0.0
39601,0.0
39602,0.0
39603,0.0
39604,0.0
39605,7517.7861328125
39606,0.0
39607,0.0
39608,0.0
39609,0.0
39610,0.0
39611,0.0
39612,0.0
39613,0.0
39614,0.0
39615,3977.686279296875
39616,0.0
39617,0.0
39618,0.0
39619,0.0
39620,0.0
39621,0.0
39622,0.0
39623,0.0
39624,0.0
39625,0.0
39626,0.0
39627,0.0
39628,0.0
39629,0.0
39630,0.0
39631,0.0
39632,0.0
39633,10322.4912109375
39634,0.0
39635,0.0
39636,0.0
39637,0.0
39638,0.0
39639,0.0
39640,0.0
39641,0.0
39642,0.0
39643,0.0
39644,0.0
39645,0.0
39646,0.0
39647,0.0
39648,0.0
39649,0.0
39650,10770.513671875
39651,0.0
39652,0.0
39653,0.0
39654,0.0
39655,0.0
39656,0.0
39657,0.0
39658,0.0
39659,0.0
39660,0.0
39661,0.0
39662,0.0
39663,0.0
39664,0.0
39665,0.0
39666,0.0
39667,0.0
39668,0.0
39669,0.0
39670,0.0
39671,0.0
39672,0.0
39673,0.0
39674,0.0
39675,0.0
39676,0.0
39677,0.0
39678,0.0
39679,0.0
39680,0.0
39681,0.0
39682,0.0
39683,0.0
39684,0.0
39685,0.0
39686,0.0
39687,0.0
39688,0.0
39689,0.0
39690,0.0
39691,0.0
39692,0.0
39693,0.0
39694,0.0
39695,0.0
39696,0.0
39697,0.0
39698,0.0
39699,0.0
39700,0.0
39701,0.0
39702,0.0
39703,0.0
39704,0.0
39705,0.0
39706,0.0
39707,0.0
39708,0.0
39709,0.0
39710,0.0
39711,0.0
39712,3321.407470703125
39713,0.0
39714,0.0
39715,0.0
39716,0.0
39717,0.0
39718,0.0
39719,0.0
39720,0.0
39721,0.0
39722,0.0
39723,0.0
39724,0.0
39725,0.0
39726,10176.357421875
39727,0.0
39728,0.0
39729,0.0
39730,0.0
39731,0.0
39732,0.0
39733,0.0
39734,0.0
39735,0.0
39736,0.0
39737,0.0
39738,0.0
39739,0.0
39740,0.0
39741,0.0
39742,0.0
39743,0.0
39744,0.0
39745,0.0
39746,0.0
39747,0.0
39748,0.0
39749,-0.0
39750,0.0
39751,0.0
39752,0.0
39753,0.0
39754,0.0
39755,0.0
39756,0.0
39757,0.0
39758,0.0
39759,0.0
39760,0.0
39761,0.0
39762,0.0
39763,0.0
39764,0.0
39765,0.0
39766,0.0
39767,0.0
39768,0.0
39769,9535.296875
39770,0.0
39771,0.0
39772,0.0
39773,0.0
39774,0.0
39775,0.0
39776,0.0
39777,0.0
39778,0.0
39779,4302.97119140625
39780,0.0
39781,0.0
39782,0.0
39783,7896.1845703125
39784,0.0
39785,0.0
39786,0.0
39787,0.0
39788,0.0
39789,0.0
39790,0.0
39791,0.0
39792,0.0
39793,0.0
39794,0.0
39795,0.0
39796,0.0
39797,0.0
39798,0.0
39799,0.0
39800,0.0
39801,0.0
39802,0.0
39803,0.0
39804,0.0
39805,0.0
39806,0.0
39807,0.0
39808,0.0
39809,0.0
39810,22553.431640625
39811,0.0
39812,0.0
39813,0.0
39814,0.0
39815,0.0
39816,0.0
39817,0.0
39818,0.0
39819,0.0
39820,0.0
39821,0.0
39822,0.0
39823,0.0
39824,7771.63330078125
39825,0.0
39826,0.0
39827,0.0
39828,0.0
39829,0.0
39830,0.0
39831,0.0
39832,0.0
39833,0.0
39834,0.0
39835,0.0
39836,0.0
39837,0.0
39838,0.0
39839,0.0
39840,0.0
39841,0.0
39842,0.0
39843,0.0
39844,0.0
39845,0.0
39846,0.0
39847,0.0
39848,0.0
39849,0.0
39850,0.0
39851,0.0
39852,0.0
39853,0.0
39854,0.0
39855,0.0
39856,0.0
39857,0.0
39858,0.0
39859,0.0
39860,0.0
39861,0.0
39862,0.0
39863,0.0
39864,0.0
39865,0.0
39866,0.0
39867,0.0
39868,0.0
39869,0.0
39870,0.0
39871,0.0
39872,0.0
39873,0.0
39874,0.0
39875,0.0
39876,0.0
39877,0.0
39878,0.0
39879,0.0
39880,0.0
39881,0.0
39882,0.0
39883,0.0
39884,0.0
39885,0.0
39886,0.0
39887,0.0
39888,0.0
39889,0.0
39890,0.0
39891,0.0
39892,0.0
39893,0.0
39894,0.0
39895,0.0
39896,0.0
39897,0.0
39898,0.0
39899,14386.7353515625
39900,0.0
39901,0.0
39902,0.0
39903,0.0
39904,0.0
39905,0.0
39906,0.0
39907,0.0
39908,0.0
39909,0.0
39910,0.0
39911,0.0
39912,0.0
39913,0.0
39914,0.0
39915,0.0
39916,0.0
39917,0.0
39918,0.0
39919,0.0
39920,0.0
39921,0.0
39922,0.0
39923,0.0
39924,0.0
39925,0.0
39926,0.0
39927,0.0
39928,0.0
39929,0.0
39930,0.0
39931,0.0
39932,0.0
39933,0.0
39934,0.0
39935,0.0
39936,0.0
39937,0.0
39938,0.0
39939,0.0
39940,0.0
39941,0.0
39942,0.0
39943,7249.302734375
39944,17880.87890625
39945,0.0
39946,0.0
39947,0.0
39948,0.0
39949,0.0
39950,0.0
39951,0.0
39952,0.0
39953,0.0
39954,0.0
39955,0.0
39956,0.0
39957,0.0
39958,0.0
39959,0.0
39960,0.0
39961,0.0
39962,0.0
39963,0.0
39964,0.0
39965,0.0
39966,0.0
39967,0.0
39968,0.0
39969,0.0
39970,0.0
39971,0.0
39972,13755.123046875
39973,0.0
39974,0.0
39975,0.0
39976,0.0
39977,0.0
39978,0.0
39979,0.0
39980,0.0
39981,0.0
39982,0.0
39983,0.0
39984,0.0
39985,-0.0
39986,0.0
39987,0.0
39988,0.0
39989,0.0
39990,0.0
39991,0.0
39992,0.0
39993,0.0
39994,0.0
39995,0.0
39996,0.0
39997,0.0
39998,0.0
39999,0.0
40000,0.0
40001,0.0
40002,0.0
40003,0.0
40004,0.0
40005,0.0
40006,0.0
40007,0.0
40008,0.0
40009,0.0
40010,0.0
40011,0.0
40012,0.0
40013,0.0
40014,0.0
40015,0.0
40016,0.0
40017,0.0
40018,0.0
40019,0.0
40020,0.0
40021,0.0
40022,0.0
40023,0.0
40024,0.0
40025,0.0
40026,0.0
40027,0.0
40028,0.0
40029,0.0
40030,0.0
40031,0.0
40032,0.0
40033,0.0
40034,0.0
40035,0.0
40036,0.0
40037,0.0
40038,0.0
40039,0.0
40040,0.0
40041,0.0
40042,4005.073974609375
40043,0.0
40044,0.0
40045,0.0
40046,3062.189453125
40047,0.0
40048,0.0
40049,0.0
40050,0.0
40051,0.0
40052,0.0
40053,0.0
40054,0.0
40055,0.0
40056,0.0
40057,0.0
40058,0.0
40059,0.0
40060,0.0
40061,0.0
40062,0.0
40063,0.0
40064,0.0
40065,0.0
40066,0.0
40067,0.0
40068,0.0
40069,0.0
40070,0.0
40071,0.0
40072,0.0
40073,0.0
40074,0.0
40075,0.0
40076,0.0
40077,0.0
40078,0.0
40079,0.0
40080,0.0
40081,0.0
40082,0.0
40083,0.0
40084,0.0
40085,0.0
40086,0.0
40087,0.0
40088,0.0
40089,0.0
40090,0.0
40091,0.0
40092,0.0
40093,0.0
40094,0.0
40095,0.0
40096,0.0
40097,4835.7001953125
40098,0.0
40099,0.0
40100,0.0
40101,0.0
40102,0.0
40103,0.0
40104,0.0
40105,0.0
40106,0.0
40107,0.0
40108,0.0
40109,0.0
40110,0.0
40111,0.0
40112,12103.7314453125
40113,0.0
40114,0.0
40115,0.0
40116,0.0
40117,0.0
40118,0.0
40119,0.0
40120,0.0
40121,0.0
40122,0.0
40123,0.0
40124,0.0
40125,0.0
40126,0.0
40127,0.0
40128,0.0
40129,0.0
40130,0.0
40131,0.0
40132,0.0
40133,0.0
40134,0.0
40135,0.0
40136,0.0
40137,0.0
40138,0.0
40139,0.0
40140,0.0
40141,0.0
40142,0.0
40143,0.0
40144,0.0
40145,0.0
40146,0.0
40147,0.0
40148,0.0
40149,0.0
40150,0.0
40151,0.0
40152,0.0
40153,0.0
40154,0.0
40155,0.0
40156,0.0
40157,0.0
40158,0.0
40159,0.0
40160,0.0
40161,0.0
40162,0.0
40163,0.0
40164,0.0
40165,0.0
40166,0.0
40167,0.0
40168,0.0
40169,0.0
40170,0.0
40171,0.0
40172,0.0
40173,0.0
40174,0.0
40175,0.0
40176,5559.77685546875
40177,0.0
40178,0.0
40179,0.0
40180,0.0
40181,0.0
40182,0.0
40183,0.0
40184,0.0
40185,0.0
40186,0.0
40187,0.0
40188,0.0
40189,0.0
40190,0.0
40191,0.0
40192,0.0
40193,0.0
40194,0.0
40195,0.0
40196,0.0
40197,0.0
40198,0.0
40199,0.0
40200,0.0
40201,0.0
40202,0.0
40203,0.0
40204,0.0
40205,0.0
40206,0.0
40207,0.0
40208,0.0
40209,0.0
40210,0.0
40211,0.0
40212,0.0
40213,0.0
40214,0.0
40215,0.0
40216,0.0
40217,15199.654296875
40218,6865.673828125
40219,0.0
40220,0.0
40221,0.0
40222,0.0
40223,0.0
40224,0.0
40225,0.0
40226,0.0
40227,0.0
40228,0.0
40229,0.0
40230,0.0
40231,0.0
40232,0.0
40233,6987.26806640625
40234,5540.85009765625
40235,8665.2744140625
40236,4569.43359375
40237,6559.630859375
40238,5956.89208984375
40239,5291.6728515625
40240,5957.79345703125
40241,5458.78076171875
40242,3019.481201171875
40243,7523.2578125
40244,6479.6806640625
40245,5406.60888671875
40246,5220.85986328125
40247,7560.62353515625
40248,3385.56884765625
40249,7410.853515625
40250,8436.400390625
40251,10725.208984375
40252,7921.12109375
40253,7141.5810546875
40254,4205.779296875
40255,6471.64404296875
40256,3186.88037109375
40257,8632.0908203125
40258,8908.294921875
40259,11582.849609375
40260,6036.77587890625
40261,3580.434326171875
40262,5201.2548828125
40263,6183.46630859375
40264,8964.755859375
40265,6109.69921875
40266,7200.4541015625
40267,4847.5068359375
40268,6356.7783203125
40269,2114.461669921875
40270,9373.2783203125
40271,6535.63623046875
40272,8417.947265625
40273,8355.0322265625
40274,5044.02978515625
40275,9126.9462890625
40276,8132.03076171875
40277,5922.11083984375
40278,3554.66845703125
40279,8753.5869140625
40280,11561.990234375
40281,7816.8193359375
40282,7615.20703125
40283,10040.59375
40284,9399.24609375
40285,6928.43212890625
40286,7366.12548828125
40287,4309.4716796875
40288,2878.57275390625
40289,5750.4404296875
40290,7524.19873046875
40291,10169.06640625
40292,8721.3525390625
40293,5440.1455078125
40294,9619.4287109375
40295,7946.72607421875
40296,7780.25390625
40297,3772.639892578125
40298,11833.509765625
40299,4776.81005859375
40300,5395.38232421875
40301,8966.470703125
40302,5954.6845703125
40303,6353.87548828125
40304,3604.795166015625
40305,6773.80615234375
40306,6636.7841796875
40307,6427.646484375
40308,9766.1396484375
40309,9555.8330078125
40310,7390.88525390625
40311,4811.8896484375
40312,8963.650390625
40313,13957.51953125
40314,6918.18505859375
40315,4973.89599609375
40316,8322.462890625
40317,7214.49169921875
40318,7634.30322265625
40319,11592.1787109375
40320,4399.46728515625
40321,9442.9794921875
40322,5932.01171875
40323,7282.70361328125
40324,10655.9775390625
40325,2873.8955078125
40326,5325.359375
40327,6106.94970703125
40328,9777.59375
40329,9178.40234375
40330,5835.26416015625
40331,5089.3671875
40332,7607.5673828125
40333,8190.7216796875
40334,5331.89404296875
40335,5483.3720703125
40336,4802.02392578125
40337,6962.66796875
40338,5160.130859375
40339,2820.187744140625
40340,7237.5283203125
40341,6889.64599609375
40342,7635.4697265625
40343,8334.873046875
40344,9265.978515625
40345,6156.63427734375
40346,9842.7138671875
40347,2856.580078125
40348,3973.655029296875
40349,8896.591796875
40350,8515.0712890625
40351,8583.1923828125
40352,10714.7421875
40353,8875.7470703125
40354,6199.53271484375
40355,7873.9931640625
40356,8430.8310546875
40357,4137.02392578125
40358,3889.058837890625
40359,5871.5361328125
40360,6242.34130859375
40361,5844.59619140625
40362,2955.132080078125
40363,7041.99658203125
40364,6675.693359375
40365,7496.826171875
40366,7798.03564453125
40367,4026.169189453125
40368,8971.08203125
40369,8772.314453125
40370,5424.326171875
40371,7228.16357421875
40372,4701.51953125
40373,5797.64794921875
40374,3997.7041015625
40375,5920.09912109375
40376,6625.96044921875
40377,9255.166015625
40378,6761.099609375
40379,7453.52001953125
40380,16723.546875
40381,5642.39990234375
40382,6947.4990234375
40383,10057.8349609375
40384,7688.0458984375
40385,9449.7314453125
40386,6584.98974609375
40387,6846.40576171875
40388,6387.4736328125
40389,5528.72705078125
40390,6053.63525390625
40391,9805.046875
40392,6781.4609375
40393,4833.765625
40394,5008.90576171875
40395,8008.2666015625
40396,9674.1591796875
40397,7170.8837890625
40398,6780.5546875
40399,6391.7001953125
40400,3875.40869140625
40401,2319.195068359375
40402,2903.216064453125
40403,7581.37060546875
40404,8758.5146484375
40405,5879.1796875
40406,6074.498046875
40407,8664.6982421875
40408,9549.9658203125
40409,8942.2646484375
40410,5863.5732421875
40411,9621.49609375
40412,11291.8505859375
40413,4570.95849609375
40414,6579.91259765625
40415,6344.1142578125
40416,7640.08642578125
40417,4366.228515625
40418,6545.51171875
40419,6643.29296875
40420,10564.5126953125
40421,6945.11181640625
40422,9468.171875
40423,8449.595703125
40424,6263.66845703125
40425,10348.935546875
40426,17173.22265625
40427,9743.18359375
40428,5171.34326171875
40429,5403.5791015625
40430,7045.7607421875
40431,7887.73388671875
40432,5948.251953125
40433,10593.927734375
40434,18545.078125
40435,4427.666015625
40436,5069.56005859375
40437,11606.880859375
40438,4617.91943359375
40439,6089.28271484375
40440,4613.80322265625
40441,7397.82470703125
40442,7492.947265625
40443,7267.00146484375
40444,6077.990234375
40445,6758.14599609375
40446,9064.2197265625
40447,7365.59130859375
40448,6871.6650390625
40449,7644.9599609375
40450,5382.51904296875
40451,7096.6982421875
40452,10185.978515625
40453,6854.23046875
40454,6802.998046875
40455,5420.99560546875
40456,4390.77880859375
40457,7403.466796875
40458,5475.63720703125
40459,4973.26953125
40460,9157.7451171875
40461,11776.328125
40462,9427.0224609375
40463,5150.70556640625
40464,5405.494140625
40465,4274.81298828125
40466,7546.88720703125
40467,7282.50927734375
40468,4862.89208984375
40469,7221.3271484375
40470,6409.8310546875
40471,8164.64501953125
40472,6532.15966796875
40473,5668.703125
40474,2855.886474609375
40475,3760.2958984375
40476,11094.8466796875
40477,7196.2939453125
40478,7477.0390625
40479,13062.0576171875
40480,8181.9248046875
40481,4141.98876953125
40482,6447.35400390625
40483,3852.213623046875
40484,4081.623779296875
40485,5290.580078125
40486,6085.96630859375
40487,9624.80078125
40488,6026.2880859375
40489,11199.4052734375
40490,11787.9794921875
40491,8161.61962890625
40492,6924.857421875
40493,4618.984375
40494,5924.63916015625
40495,7084.294921875
40496,11642.724609375
40497,7186.6494140625
40498,10214.89453125
40499,3779.795654296875
40500,6514.51611328125
40501,7641.83447265625
40502,9892.865234375
40503,8213.703125
40504,5617.0009765625
40505,8707.5390625
40506,6486.5888671875
40507,8671.44140625
40508,8259.8076171875
40509,7934.71142578125
40510,10126.626953125
40511,7312.82666015625
40512,8975.42578125
40513,4494.572265625
40514,5949.5556640625
40515,6858.181640625
40516,9616.9892578125
40517,8226.412109375
40518,9068.869140625
40519,8348.31640625
40520,8207.384765625
40521,7400.9794921875
40522,7713.50390625
40523,6632.35107421875
40524,4576.7294921875
40525,7861.35498046875
40526,17420.37109375
40527,8016.810546875
40528,6608.8837890625
40529,8062.51513671875
40530,8158.5107421875
40531,8364.5390625
40532,3260.285400390625
40533,4255.7431640625
40534,7049.548828125
40535,10147.2236328125
40536,3876.8447265625
40537,4680.21337890625
40538,6277.10791015625
40539,5994.11572265625
40540,6395.74267578125
40541,3530.091064453125
40542,3066.10986328125
40543,8946.8076171875
40544,4423.2666015625
40545,5227.3486328125
40546,7091.8896484375
40547,6440.40966796875
40548,10698.1875
40549,14310.1064453125
40550,6978.5234375
40551,8752.921875
40552,7875.60205078125
40553,10190.8203125
40554,6246.40283203125
40555,3101.482421875
40556,6600.5390625
40557,13771.1875
40558,3853.07958984375
40559,7550.13525390625
40560,1682.504638671875
40561,3807.794921875
40562,7430.0244140625
40563,8033.5869140625
40564,5083.51171875
40565,10832.7783203125
40566,9954.650390625
40567,9721.80859375
40568,5432.0869140625
40569,11726.416015625
40570,1368.0936279296875
40571,3677.897705078125
40572,7497.5146484375
40573,5636.95458984375
40574,10696.6435546875
40575,2526.661865234375
40576,5791.81884765625
40577,6529.62939453125
40578,9621.4423828125
40579,11811.216796875
40580,6071.10009765625
40581,3922.830810546875
40582,12558.4931640625
40583,10832.6357421875
40584,4903.68115234375
40585,6084.29833984375
40586,10387.7578125
40587,8512.3759765625
40588,5248.11279296875
40589,4484.10107421875
40590,8281.5302734375
40591,4173.47412109375
40592,12551.0244140625
40593,8026.583984375
40594,12242.2578125
40595,8171.71826171875
40596,5406.47998046875
40597,2218.167724609375
40598,5911.955078125
40599,7910.73291015625
40600,6375.53466796875
40601,9670.7392578125
40602,7215.708984375
40603,2702.990966796875
40604,7522.11474609375
40605,3880.56201171875
40606,9699.931640625
40607,8627.8349609375
40608,7137.08154296875
40609,7896.6845703125
40610,5573.21337890625
40611,8791.1484375
40612,6662.02734375
40613,6758.93408203125
40614,7899.8916015625
40615,3927.7158203125
40616,10545.6611328125
40617,8005.03125
40618,3862.944580078125
40619,4807.35205078125
40620,7357.78466796875
40621,6159.90087890625
40622,5390.51123046875
40623,6223.4267578125
40624,6199.087890625
40625,7835.9619140625
40626,5655.72216796875
40627,10442.6640625
40628,4847.1005859375
40629,3889.406982421875
40630,7089.740234375
40631,7131.6787109375
40632,4251.18212890625
40633,6902.8994140625
40634,9447.2587890625
40635,8677.470703125
40636,11284.3515625
40637,9475.84765625
40638,8803.298828125
40639,8186.03369140625
40640,4622.4873046875
40641,9311.7783203125
40642,9022.11328125
40643,6642.12353515625
40644,6122.85205078125
40645,6433.8759765625
40646,6563.447265625
40647,2067.470458984375
40648,12241.8056640625
40649,8912.115234375
40650,8084.79833984375
40651,5207.18017578125
40652,1678.0557861328125
40653,8917.1337890625
40654,6800.12158203125
40655,5793.98681640625
40656,3500.935791015625
40657,6568.36181640625
40658,6680.24609375
40659,5357.515625
40660,12112.884765625
40661,5016.8876953125
40662,4741.84619140625
40663,4307.59912109375
40664,2707.857421875
40665,6370.7607421875
40666,15077.419921875
40667,5545.90087890625
40668,7522.6044921875
40669,6120.65380859375
40670,4642.6884765625
40671,3933.086669921875
40672,8001.6796875
40673,3757.532470703125
40674,10475.732421875
40675,6962.671875
40676,1968.870849609375
40677,8790.08203125
40678,1812.285400390625
40679,4057.493896484375
40680,12347.8828125
40681,8767.435546875
40682,9818.1708984375
40683,3660.89599609375
40684,6363.41943359375
40685,6231.76416015625
40686,6623.36962890625
40687,16605.931640625
40688,14443.1552734375
40689,6288.6298828125
40690,4077.069091796875
40691,7121.8828125
40692,5187.2294921875
40693,3428.333251953125
40694,9282.12109375
40695,7069.68212890625
40696,6555.49072265625
40697,8559.732421875
40698,6484.8515625
40699,5514.6240234375
40700,8395.671875
40701,7778.677734375
40702,8131.0908203125
40703,4948.21435546875
40704,5920.953125
40705,7908.15869140625
40706,9645.509765625
40707,7238.109375
40708,8223.4853515625
40709,2326.073974609375
40710,9854.787109375
40711,6588.1455078125
40712,4090.703369140625
40713,5784.63037109375
40714,5356.2421875
40715,4266.0830078125
40716,7358.037109375
40717,6291.61279296875
40718,7747.88671875
40719,6291.42236328125
40720,7960.4169921875
40721,9179.400390625
40722,8560.9609375
40723,8977.5244140625
40724,7210.59716796875
40725,3622.53515625
40726,12319.8583984375
40727,4904.771484375
40728,5541.23291015625
40729,8677.599609375
40730,11792.2724609375
40731,12044.1279296875
40732,6182.15966796875
40733,5530.24365234375
40734,6078.541015625
40735,7305.8291015625
40736,4584.77734375
40737,8085.6708984375
40738,4114.31787109375
40739,5517.59375
40740,6130.53173828125
40741,4285.26220703125
40742,3881.607421875
40743,7783.32568359375
40744,8915.884765625
40745,6649.328125
40746,7247.97900390625
40747,9061.5810546875
40748,8582.26953125
40749,5914.6083984375
40750,6275.8037109375
40751,5330.9384765625
40752,9299.091796875
40753,6519.4755859375
40754,2041.2237548828125
40755,7353.5673828125
40756,7777.9892578125
40757,7318.05517578125
40758,7511.47900390625
40759,4663.0029296875
40760,13160.23046875
40761,4613.3193359375
40762,9051.224609375
40763,6033.9931640625
40764,5103.76025390625
40765,8912.056640625
40766,6631.79541015625
40767,5486.68701171875
40768,10566.529296875
40769,4621.8779296875
40770,8660.990234375
40771,11417.2373046875
40772,8906.8115234375
40773,3666.0078125
40774,6870.83447265625
40775,4277.86767578125
40776,3644.078369140625
40777,6587.44189453125
40778,6785.41552734375
40779,6402.375
40780,5169.22607421875
40781,6384.904296875
40782,5663.65673828125
40783,8391.736328125
40784,6926.01171875
40785,7875.81591796875
40786,5943.21044921875
40787,6862.65087890625
40788,7104.58203125
40789,7873.3037109375
40790,8556.03515625
40791,9960.7880859375
40792,10040.23046875
40793,6325.75244140625
40794,6492.19287109375
40795,3066.583740234375
40796,8008.54833984375
40797,10309.560546875
40798,7581.287109375
40799,10267.439453125
40800,16515.134765625
40801,4045.8896484375
40802,5354.7705078125
40803,5026.24658203125
40804,8983.09765625
40805,12504.681640625
40806,8986.3203125
40807,8932.423828125
40808,8279.8896484375
40809,6564.66259765625
40810,8208.8017578125
40811,6297.07080078125
40812,4509.431640625
40813,5954.1201171875
40814,5274.88671875
40815,4040.482666015625
40816,9086.75390625
40817,15308.5078125
40818,5202.47265625
40819,3812.627197265625
40820,5193.94384765625
40821,5251.57861328125
40822,5880.66455078125
40823,2277.6552734375
40824,6948.482421875
40825,6455.8837890625
40826,3828.119873046875
40827,12958.08984375
40828,14170.85546875
40829,4213.861328125
40830,5145.37939453125
40831,3374.091796875
40832,4898.0947265625
40833,6756.00927734375
40834,8810.849609375
40835,5482.091796875
40836,5289.02001953125
40837,5602.50341796875
40838,6148.6005859375
40839,6910.1025390625
40840,7086.02783203125
40841,3575.978759765625
40842,8412.9521484375
40843,7770.7900390625
40844,5668.73486328125
40845,4837.3798828125
40846,6289.1025390625
40847,4603.66064453125
40848,4318.17041015625
40849,10457.7431640625
40850,4425.15087890625
40851,5420.21337890625
40852,7110.59765625
40853,4812.5
40854,6349.87255859375
40855,6183.87255859375
40856,8804.171875
40857,10359.3232421875
40858,7391.82275390625
40859,6196.275390625
40860,5335.44775390625
40861,4567.11376953125
40862,7535.34228515625
40863,5377.0537109375
40864,5677.9873046875
40865,7380.15185546875
40866,11084.93359375
40867,9433.3759765625
40868,5725.984375
40869,6288.07861328125
40870,6361.12353515625
40871,7318.29443359375
40872,6584.4599609375
40873,10681.3095703125
40874,8546.7939453125
40875,5862.7490234375
40876,5270.57568359375
40877,3100.558349609375
40878,4956.49951171875
40879,19593.736328125
40880,2805.22705078125
40881,5849.24609375
40882,7267.85791015625
40883,7710.51953125
40884,7836.24853515625
40885,9419.9287109375
40886,5528.38232421875
40887,5240.669921875
40888,4065.92529296875
40889,8784.845703125
40890,4761.7646484375
40891,7269.19189453125
40892,8371.970703125
40893,4554.80126953125
40894,8631.2978515625
40895,7105.5634765625
40896,5755.00439453125
40897,7844.02685546875
40898,8072.2744140625
40899,3461.474609375
40900,9029.30078125
40901,8324.181640625
40902,5458.46240234375
40903,9850.5078125
40904,9561.6259765625
40905,6726.55712890625
40906,5457.2529296875
40907,5580.48095703125
40908,6642.84130859375
40909,4722.044921875
40910,6748.71826171875
40911,3425.07568359375
40912,5993.49462890625
40913,5164.72607421875
40914,5833.12548828125
40915,6671.3310546875
40916,5072.4609375
40917,6864.8759765625
40918,9877.4189453125
40919,6798.2265625
40920,8166.6953125
40921,6891.650390625
40922,7451.64501953125
40923,9069.642578125
40924,8436.4306640625
40925,4744.9931640625
40926,5637.24951171875
40927,6154.591796875
40928,4567.59033203125
40929,12858.3427734375
40930,8324.345703125
40931,9392.9150390625
40932,9396.5654296875
40933,7193.99755859375
40934,3069.47607421875
40935,15895.38671875
40936,9585.900390625
40937,6954.345703125
40938,7576.90673828125
40939,7734.5810546875
40940,10285.48046875
40941,6972.5
40942,3820.9912109375
40943,3869.441162109375
40944,5826.5302734375
40945,8107.57177734375
40946,3559.6767578125
40947,10291.240234375
40948,7315.5634765625
40949,6780.6103515625
40950,8468.119140625
40951,5868.1767578125
40952,7866.70361328125
40953,4603.58740234375
40954,5961.9990234375
40955,5326.50244140625
40956,5868.60595703125
40957,7849.32275390625
40958,7479.326171875
40959,9339.8251953125
40960,6644.2109375
40961,3597.319580078125
40962,7651.80322265625
40963,6980.13134765625
40964,7860.94140625
40965,3679.689697265625
40966,3518.73583984375
40967,9356.2587890625
40968,6550.3046875
40969,4523.31591796875
40970,9157.375
40971,6737.93017578125
40972,7225.03125
40973,4655.4833984375
40974,2036.9085693359375
40975,8502.7607421875
40976,6515.71142578125
40977,6600.17529296875
40978,10627.140625
40979,8501.9677734375
40980,5058.4775390625
40981,6244.22021484375
40982,5241.65869140625
40983,1799.789794921875
40984,9643.140625
40985,9638.525390625
40986,5341.8173828125
40987,5274.623046875
40988,3629.339599609375
40989,5405.083984375
40990,7050.96484375
40991,7823.361328125
40992,10560.697265625
40993,4464.42919921875
40994,5615.3828125
40995,3468.233642578125
40996,6188.5888671875
40997,4182.85888671875
40998,2464.296630859375
40999,6918.126953125
41000,5231.20263671875
41001,7287.55419921875
41002,5213.98388671875
41003,5623.57861328125
41004,6122.59375
41005,7763.18115234375
41006,6252.23681640625
41007,5260.97705078125
41008,11025.4287109375
41009,7939.154296875
41010,7413.859375
41011,2262.8076171875
41012,6369.18408203125
41013,6883.6298828125
41014,6766.08251953125
41015,10585.396484375
41016,10768.5791015625
41017,6501.41015625
41018,5718.501953125
41019,7131.41796875
41020,9001.1484375
41021,12450.9658203125
41022,4560.0107421875
41023,6970.7578125
41024,5504.76806640625
41025,6228.77587890625
41026,7308.38720703125
41027,9907.078125
41028,6675.9052734375
41029,5310.85400390625
41030,3178.994384765625
41031,8394.7060546875
41032,9526.1103515625
41033,3545.200927734375
41034,7432.87109375
41035,5013.35400390625
41036,8337.60546875
41037,8041.35400390625
41038,5558.20947265625
41039,7159.90478515625
41040,4781.36767578125
41041,5945.685546875
41042,7976.97705078125
41043,6111.5537109375
41044,8802.1376953125
41045,6564.8271484375
41046,9958.958984375
41047,6942.10498046875
41048,3577.708984375
41049,9898.0009765625
41050,2410.2255859375
41051,9298.529296875
41052,5895.728515625
41053,5944.908203125
41054,8438.802734375
41055,5551.9716796875
41056,3854.294677734375
41057,6442.02587890625
41058,4282.6357421875
41059,3286.38232421875
41060,7719.4599609375
41061,8086.052734375
41062,10069.3310546875
41063,7579.73974609375
41064,8069.203125
41065,6862.64306640625
41066,7533.36767578125
41067,3281.861572265625
41068,10990.482421875
41069,7584.16162109375
41070,11903.720703125
41071,6281.51025390625
41072,4931.70556640625
41073,11182.421875
41074,10158.26953125
41075,5091.0439453125
41076,8815.7197265625
41077,7829.57861328125
41078,6851.5595703125
41079,8312.505859375
41080,5833.3828125
41081,3697.635009765625
41082,5729.19287109375
41083,4565.78076171875
41084,2203.812255859375
41085,6567.271484375
41086,6775.26708984375
41087,24018.115234375
41088,7735.51611328125
