key,fare_amount
2015-01-27 13:08:24.0000002,10.559043
2015-01-27 13:08:24.0000003,10.764711
2011-10-08 11:53:44.0000002,4.6271324
2012-12-01 21:12:12.0000002,8.723417
2012-12-01 21:12:12.0000003,15.583709
2012-12-01 21:12:12.0000005,10.385337
2011-10-06 12:10:20.0000001,5.327054
2011-10-06 12:10:20.0000003,49.530434
2011-10-06 12:10:20.0000002,11.716819
2014-02-18 15:22:20.0000002,6.8955607
2014-02-18 15:22:20.0000003,10.3745165
2014-02-18 15:22:20.0000001,17.833506
2010-03-29 20:20:32.0000002,4.234965
2010-03-29 20:20:32.0000001,6.252214
2011-10-06 03:59:12.0000002,7.153745
2011-10-06 03:59:12.0000001,10.560127
2012-07-15 16:45:04.0000006,4.419206
2012-07-15 16:45:04.0000002,8.869742
2012-07-15 16:45:04.0000003,5.012916
2012-07-15 16:45:04.0000004,4.6377325
2014-10-29 02:09:56.0000001,6.73732
2014-06-14 13:39:00.00000010,8.133675
2014-06-14 13:39:00.00000060,7.8373833
2014-06-14 13:39:00.00000087,8.979563
2014-06-14 13:39:00.00000050,18.518562
2014-06-14 13:39:00.0000003,7.099501
2014-06-14 13:39:00.000000158,38.479965
2014-06-14 13:39:00.00000015,24.644535
2014-06-14 13:39:00.00000073,6.1605444
2014-06-14 13:39:00.00000077,16.244106
2014-06-14 13:39:00.000000145,9.692572
2014-06-14 13:39:00.00000079,6.7453837
2014-06-14 13:39:00.000000121,5.403082
2014-06-14 13:39:00.00000021,11.203823
2014-06-14 13:39:00.0000005,9.148596
2014-06-14 13:39:00.000000165,7.6275077
2014-06-14 13:39:00.000000184,6.274921
2014-06-14 13:39:00.00000059,6.402065
2014-06-14 13:39:00.00000070,8.137611
2014-06-14 13:39:00.00000068,4.659937
2014-06-14 13:39:00.000000133,19.94008
2014-06-14 13:39:00.000000128,10.480995
2014-06-14 13:39:00.000000136,19.554508
2014-06-14 13:39:00.00000017,11.50149
2014-06-14 13:39:00.000000111,5.628639
2014-06-14 13:39:00.000000115,12.235495
2014-06-14 13:39:00.000000168,5.838565
2014-06-14 13:39:00.00000031,7.1277356
2014-06-14 13:39:00.000000116,6.4457817
2014-06-14 13:39:00.00000051,5.1613975
2014-06-14 13:39:00.000000193,13.844882
2014-06-14 13:39:00.000000132,14.553251
2014-06-14 13:39:00.000000167,22.435675
2014-06-14 13:39:00.00000044,5.8849206
2014-06-14 13:39:00.000000138,8.231871
2014-06-14 13:39:00.00000066,15.743266
2014-06-14 13:39:00.00000063,11.62019
2014-06-14 13:39:00.000000154,11.963563
2014-06-14 13:39:00.00000097,14.596702
2014-06-14 13:39:00.00000067,14.411661
2014-06-14 13:39:00.000000179,7.414234
2014-06-14 13:39:00.00000092,11.164174
2014-06-14 13:39:00.00000029,5.472972
2014-06-14 13:39:00.000000177,5.8265615
2014-06-14 13:39:00.000000192,7.4883537
2014-06-14 13:39:00.000000181,6.799764
2014-06-14 13:39:00.000000120,11.64078
2014-06-14 13:39:00.0000008,5.5152183
2014-06-14 13:39:00.000000103,5.010237
2014-06-14 13:39:00.00000049,18.298374
2014-06-14 13:39:00.000000108,8.153052
2014-06-14 13:39:00.00000072,5.82257
2014-06-14 13:39:00.000000182,12.754922
2014-06-14 13:39:00.00000061,7.1637974
2014-06-14 13:39:00.00000093,9.750961
2014-06-14 13:39:00.000000170,12.286758
2014-06-14 13:39:00.000000147,51.0519
2014-06-14 13:39:00.000000140,5.282797
2014-06-14 13:39:00.000000159,4.9324126
2014-06-14 13:39:00.00000012,4.859723
2014-06-14 13:39:00.00000025,7.451452
2014-06-14 13:39:00.000000156,5.8883896
2014-06-14 13:39:00.000000152,8.514432
2014-06-14 13:39:00.000000129,10.628366
2014-06-14 13:39:00.000000119,20.03372
2014-06-14 13:39:00.000000118,5.4160275
2014-06-14 13:39:00.00000076,5.1346583
2014-06-14 13:39:00.000000135,7.6482973
2014-06-14 13:39:00.00000023,22.215178
2014-06-14 13:39:00.00000082,10.451072
2014-06-14 13:39:00.000000125,11.871034
2014-06-14 13:39:00.00000075,10.901395
2014-06-14 13:39:00.000000124,7.122339
2014-06-14 13:39:00.000000172,7.042744
2014-06-14 13:39:00.00000024,15.937924
2014-06-14 13:39:00.000000169,14.933264
2014-06-14 13:39:00.00000052,12.249613
2014-06-14 13:39:00.000000161,15.092042
2014-06-14 13:39:00.00000038,8.626395
2014-06-14 13:39:00.00000035,11.385605
2014-06-14 13:39:00.00000053,12.420431
2014-06-14 13:39:00.000000183,6.9195337
2014-06-14 13:39:00.000000131,56.4938
2014-06-14 13:39:00.000000180,8.055301
2014-06-14 13:39:00.000000130,8.867448
2014-06-14 13:39:00.00000032,4.4628778
2014-06-14 13:39:00.000000148,12.041209
2014-06-14 13:39:00.0000007,10.3349085
2014-06-14 13:39:00.00000095,12.191232
2014-06-14 13:39:00.000000144,37.7876
2014-06-14 13:39:00.000000141,32.16606
2014-06-14 13:39:00.000000162,20.86825
2014-06-14 13:39:00.00000018,12.440395
2014-06-14 13:39:00.00000054,9.840078
2014-06-14 13:39:00.00000040,6.9711757
2014-06-14 13:39:00.00000096,6.599834
2014-06-14 13:39:00.00000055,28.743538
2014-06-14 13:39:00.000000109,8.958177
2014-06-14 13:39:00.000000151,7.5138373
2014-06-14 13:39:00.00000016,10.759664
2014-06-14 13:39:00.00000062,10.992234
2014-06-14 13:39:00.000000191,9.892165
2014-06-14 13:39:00.00000034,8.656446
2014-06-14 13:39:00.000000160,6.939344
2014-06-14 13:39:00.00000013,6.8240657
2014-06-14 13:39:00.000000188,5.710629
2014-06-14 13:39:00.00000086,8.8901
2014-06-14 13:39:00.000000185,12.46968
2014-06-14 13:39:00.00000074,9.385225
2014-06-14 13:39:00.00000022,19.590065
2014-06-14 13:39:00.00000036,5.234787
2014-06-14 13:39:00.000000126,4.581378
2014-06-14 13:39:00.000000190,6.4376593
2014-06-14 13:39:00.00000042,6.9821568
2014-06-14 13:39:00.000000178,7.8375363
2014-06-14 13:39:00.000000163,5.460802
2014-06-14 13:39:00.00000020,13.383781
2014-06-14 13:39:00.00000098,6.5278654
2014-06-14 13:39:00.000000114,22.340157
2014-06-14 13:39:00.00000045,9.74297
2014-06-14 13:39:00.00000094,4.8538713
2014-06-14 13:39:00.000000146,11.617656
2014-06-14 13:39:00.00000033,8.834169
2014-06-14 13:39:00.000000143,5.7615166
2014-06-14 13:39:00.000000107,7.15332
2014-06-14 13:39:00.00000048,9.632146
2014-06-14 13:39:00.00000043,12.397552
2014-06-14 13:39:00.000000123,10.045741
2014-06-14 13:39:00.000000134,8.357831
2014-06-14 13:39:00.000000142,7.1748233
2014-06-14 13:39:00.000000122,11.220417
2014-06-14 13:39:00.000000176,10.157608
2011-12-12 09:42:12.0000004,6.125076
2011-12-12 09:42:12.0000002,4.260923
2011-12-12 09:42:12.0000001,10.9847145
2011-12-12 09:42:12.0000003,6.919834
2011-12-12 09:42:12.0000005,8.0038185
2013-06-27 00:20:40.0000001,18.361235
2013-06-27 00:20:40.0000003,10.883305
2009-02-20 13:34:16.0000001,8.256948
2009-02-20 13:34:16.0000002,11.922292
2009-02-20 13:34:16.0000003,6.989727
2010-08-22 21:14:08.0000001,28.768576
2010-08-22 21:14:08.0000005,14.785282
2010-08-22 21:14:08.0000003,4.425645
2010-08-22 21:14:08.0000002,6.637145
2012-08-06 08:58:08.0000002,5.3418283
2012-08-06 08:58:08.0000001,18.14649
2013-11-04 08:34:12.0000003,5.5944686
2013-11-04 08:34:12.0000001,10.672412
2013-11-04 08:34:12.0000002,10.566424
2011-06-24 20:34:48.0000002,7.8883686
2011-06-24 20:34:48.0000001,17.775883
2011-03-28 20:38:36.0000003,5.7143316
2011-03-28 20:38:36.0000004,4.783557
2011-03-28 20:38:36.0000002,7.6883183
2011-08-14 20:36:28.0000004,5.9904656
2011-08-14 20:36:28.0000001,6.426355
2011-08-14 20:36:28.0000003,20.884363
2011-08-14 20:36:28.0000002,6.5299196
2015-02-21 15:52:44.0000004,20.863672
2015-02-21 15:52:44.0000003,9.788805
2015-02-21 15:52:44.0000002,18.372534
2015-02-21 15:52:44.0000001,10.036563
2013-01-29 11:29:52.0000001,10.433394
2014-09-12 19:03:48.0000001,10.406006
2013-11-09 18:52:40.0000004,9.378044
2013-11-09 18:52:40.0000002,13.1336155
2013-04-25 16:10:04.0000001,55.630684
2013-04-25 16:10:04.0000002,8.864856
2013-09-07 14:37:52.0000001,7.736859
2013-09-07 14:37:52.0000002,10.851573
2013-09-07 14:37:52.0000003,5.9207783
2011-05-21 13:16:20.0000004,5.1744285
2011-05-21 13:16:20.0000001,6.0130954
2011-05-21 13:16:20.0000003,9.141069
2011-11-25 16:36:24.0000002,6.119651
2011-11-25 16:36:24.0000001,11.428987
2015-01-31 20:54:04.0000001,6.099035
2010-11-01 23:31:28.0000002,6.583722
2010-11-01 23:31:28.0000001,8.01591
2010-11-01 23:31:28.0000003,9.101647
2011-03-24 15:57:04.0000003,4.2234907
2011-03-24 15:57:04.0000001,7.768753
2010-05-10 10:37:04.0000005,5.9181404
2010-05-10 10:37:04.0000002,5.4837923
2010-05-10 10:37:04.0000003,9.789011
2010-05-10 10:37:04.0000006,8.130963
2012-06-09 16:53:44.0000002,8.124226
2012-08-22 22:39:20.0000003,17.024107
2012-08-22 22:39:20.0000001,4.931839
2012-12-23 02:29:16.0000001,14.0731735
2012-06-30 15:55:12.0000004,12.820673
2012-06-30 15:55:12.0000002,6.555061
2012-06-30 15:55:12.0000003,11.395226
2012-06-30 15:55:12.0000001,6.508733
2011-10-02 23:36:00.00000056,10.816271
2011-10-02 23:36:00.00000086,15.737818
2011-10-02 23:36:00.00000081,14.079024
2011-10-02 23:36:00.0000009,5.123903
2011-10-02 23:36:00.00000041,11.625328
2011-10-02 23:36:00.00000091,4.1710954
2011-10-02 23:36:00.0000008,11.280442
2011-10-02 23:36:00.00000015,27.74647
2011-10-02 23:36:00.00000014,8.725444
2011-10-02 23:36:00.00000047,6.880484
2011-10-02 23:36:00.00000076,6.8308563
2011-10-02 23:36:00.00000011,6.6061087
2011-10-02 23:36:00.00000075,5.1797
2011-10-02 23:36:00.00000035,6.8938265
2011-10-02 23:36:00.00000099,4.923724
2011-10-02 23:36:00.00000062,8.209728
2011-10-02 23:36:00.00000085,8.527014
2011-10-02 23:36:00.00000043,16.695608
2011-10-02 23:36:00.00000071,10.685648
2011-10-02 23:36:00.00000023,6.0751767
2011-10-02 23:36:00.00000092,5.2336235
2011-10-02 23:36:00.00000037,8.519294
2011-10-02 23:36:00.00000083,9.061532
2011-10-02 23:36:00.00000054,11.204477
2011-10-02 23:36:00.00000073,9.203872
2011-10-02 23:36:00.0000005,7.273645
2011-10-02 23:36:00.00000095,4.864957
2011-10-02 23:36:00.00000088,6.373605
2011-10-02 23:36:00.00000030,7.776549
2011-10-02 23:36:00.0000007,11.122952
2011-10-02 23:36:00.00000013,8.749278
2011-10-02 23:36:00.00000065,24.49651
2011-10-02 23:36:00.00000089,49.235497
2011-10-02 23:36:00.00000096,6.940179
2011-10-02 23:36:00.00000039,8.740105
2011-10-02 23:36:00.00000038,24.22887
2011-10-02 23:36:00.00000067,17.844767
2011-10-02 23:36:00.00000077,10.744629
2011-10-02 23:36:00.00000020,16.193537
2011-10-02 23:36:00.00000063,15.458868
2011-10-02 23:36:00.00000012,8.111196
2011-10-02 23:36:00.00000058,15.832914
2011-10-02 23:36:00.00000026,8.606496
2011-10-02 23:36:00.00000074,18.64489
2011-10-02 23:36:00.00000059,36.73144
2011-10-02 23:36:00.00000090,14.182952
2011-10-02 23:36:00.0000004,32.894886
2011-10-02 23:36:00.0000003,14.575274
2011-10-02 23:36:00.00000021,15.637705
2011-10-02 23:36:00.00000097,7.497395
2011-10-02 23:36:00.00000036,17.467243
2011-10-02 23:36:00.00000024,20.099936
2011-10-02 23:36:00.00000082,48.707546
2011-10-02 23:36:00.000000100,7.281685
2011-10-02 23:36:00.00000040,4.744503
2011-10-02 23:36:00.00000022,4.2272196
2013-03-21 12:47:28.0000006,11.818085
2013-03-21 12:47:28.0000008,11.680424
2013-03-21 12:47:28.0000003,12.727606
2013-03-21 12:47:28.0000005,6.8435993
2013-03-21 12:47:28.0000002,8.554811
2013-06-07 03:02:56.0000002,17.2704
2013-06-07 03:02:56.0000001,6.771997
2010-09-05 22:31:32.0000002,33.749218
2013-07-12 23:33:24.0000001,10.07469
2009-12-03 02:32:08.0000001,17.99218
2009-10-15 03:50:36.0000001,4.9419713
2011-09-25 22:36:32.0000002,19.431536
2011-09-25 22:36:32.0000001,10.708082
2015-06-08 20:02:56.0000001,10.441933
2014-07-16 08:03:32.0000002,11.580791
2014-07-16 08:03:32.0000001,12.522233
2011-12-15 13:14:32.0000002,8.836368
2011-12-15 13:14:32.0000001,5.199193
2011-10-11 22:13:48.0000002,12.72763
2011-10-11 22:13:48.0000005,8.565674
2011-10-11 22:13:48.0000003,7.379187
2013-09-14 16:53:20.0000001,8.530464
2013-09-14 16:53:20.0000002,10.986342
2014-02-06 09:09:56.0000004,5.3324604
2014-02-06 09:09:56.0000003,5.987354
2014-02-06 09:09:56.0000001,5.2435746
2009-06-10 16:55:00.00000081,28.208076
2009-06-10 16:55:00.00000029,5.6890717
2009-06-10 16:55:00.000000109,8.449457
2009-06-10 16:55:00.00000098,48.784298
2009-06-10 16:55:00.00000054,9.975635
2009-06-10 16:55:00.00000021,30.627611
2009-06-10 16:55:00.00000012,8.176112
2009-06-10 16:55:00.00000033,5.5042887
2009-06-10 16:55:00.00000024,8.884679
2009-06-10 16:55:00.00000099,10.187589
2009-06-10 16:55:00.0000009,7.6214905
2009-06-10 16:55:00.000000158,5.846879
2009-06-10 16:55:00.000000141,4.717016
2009-06-10 16:55:00.00000093,7.3613677
2009-06-10 16:55:00.000000161,9.829675
2009-06-10 16:55:00.00000088,5.7037015
2009-06-10 16:55:00.0000003,8.467281
2009-06-10 16:55:00.00000018,5.069088
2009-06-10 16:55:00.00000047,7.0617948
2009-06-10 16:55:00.000000154,10.545529
2009-06-10 16:55:00.000000131,8.220145
2009-06-10 16:55:00.00000046,12.617802
2009-06-10 16:55:00.0000004,5.7389164
2009-06-10 16:55:00.000000107,6.6741924
2009-06-10 16:55:00.000000114,6.333646
2009-06-10 16:55:00.000000117,7.811694
2009-06-10 16:55:00.000000162,10.226983
2009-06-10 16:55:00.00000049,10.779536
2009-06-10 16:55:00.00000069,7.1691904
2009-06-10 16:55:00.000000111,8.4611
2009-06-10 16:55:00.00000083,4.593581
2009-06-10 16:55:00.000000166,58.25604
2009-06-10 16:55:00.000000135,9.379735
2009-06-10 16:55:00.00000044,31.373117
2009-06-10 16:55:00.00000085,7.3044844
2009-06-10 16:55:00.000000115,6.468323
2009-06-10 16:55:00.000000108,6.110675
2009-06-10 16:55:00.00000034,5.5746145
2009-06-10 16:55:00.00000060,14.173198
2009-06-10 16:55:00.000000120,5.100363
2009-06-10 16:55:00.000000174,32.031467
2009-06-10 16:55:00.0000007,6.6844363
2009-06-10 16:55:00.000000159,7.5877547
2009-06-10 16:55:00.000000171,24.709717
2009-06-10 16:55:00.000000145,11.844788
2009-06-10 16:55:00.00000074,8.182169
2009-06-10 16:55:00.000000138,11.409639
2009-06-10 16:55:00.00000048,5.0388765
2009-06-10 16:55:00.000000101,5.355545
2009-06-10 16:55:00.000000153,5.559802
2009-06-10 16:55:00.0000002,8.506384
2009-06-10 16:55:00.00000037,9.294413
2009-06-10 16:55:00.000000151,10.150301
2009-06-10 16:55:00.000000127,33.282425
2009-06-10 16:55:00.000000144,40.56389
2009-06-10 16:55:00.000000165,12.418259
2009-06-10 16:55:00.0000008,5.3993583
2009-06-10 16:55:00.000000122,7.7568274
2009-06-10 16:55:00.00000055,28.110262
2009-06-10 16:55:00.00000079,4.467152
2009-06-10 16:55:00.00000016,16.134485
2009-06-10 16:55:00.000000160,17.728334
2009-06-10 16:55:00.000000139,6.132271
2009-06-10 16:55:00.00000075,5.320635
2009-06-10 16:55:00.00000017,6.483236
2009-06-10 16:55:00.00000070,5.293661
2009-06-10 16:55:00.000000118,11.782705
2009-06-10 16:55:00.00000066,11.865596
2009-06-10 16:55:00.000000164,5.3622804
2009-06-10 16:55:00.000000100,9.973597
2009-06-10 16:55:00.00000082,8.430357
2009-06-10 16:55:00.00000090,12.798301
2009-06-10 16:55:00.000000125,12.225901
2009-06-10 16:55:00.000000149,6.6556
2009-06-10 16:55:00.00000068,12.066308
2009-06-10 16:55:00.00000039,6.1521616
2009-06-10 16:55:00.000000124,4.5008483
2009-06-10 16:55:00.00000053,6.071624
2009-06-10 16:55:00.00000045,6.59746
2009-06-10 16:55:00.000000102,5.372668
2009-06-10 16:55:00.000000140,6.580737
2009-06-10 16:55:00.000000148,7.641875
2009-06-10 16:55:00.000000147,6.4535513
2009-06-10 16:55:00.00000097,7.784912
2009-06-10 16:55:00.00000094,6.6853747
2009-06-10 16:55:00.00000078,8.340739
2009-06-10 16:55:00.00000035,6.1234584
2009-06-10 16:55:00.00000072,7.570971
2009-06-10 16:55:00.00000031,5.108564
2009-06-10 16:55:00.00000056,7.6364517
2009-06-10 16:55:00.000000128,17.573961
2009-06-10 16:55:00.00000057,6.932593
2009-06-10 16:55:00.00000030,7.032992
2009-06-10 16:55:00.00000043,10.426851
2009-06-10 16:55:00.000000146,7.4611793
2009-06-10 16:55:00.00000010,7.9032097
2009-06-10 16:55:00.00000067,10.867043
2009-06-10 16:55:00.000000119,5.380612
2009-06-10 16:55:00.00000076,16.414883
2009-06-10 16:55:00.00000025,6.813569
2009-06-10 16:55:00.00000071,16.54261
2009-06-10 16:55:00.000000143,9.270886
2013-06-26 11:19:36.0000002,4.563262
2014-09-05 10:02:48.0000004,4.9948263
2014-09-05 10:02:48.0000002,9.466629
2014-09-05 10:02:48.0000001,39.102768
2014-09-05 10:02:48.0000003,9.602263
2012-09-19 12:31:40.0000001,10.332017
2012-09-19 12:31:40.0000002,6.2457957
2009-03-22 04:31:40.0000002,18.903784
2009-08-27 02:31:44.0000001,17.999847
2009-05-02 20:11:32.0000001,9.952573
2009-05-02 20:11:32.0000004,8.907999
2011-02-20 02:31:16.0000002,7.865123
2011-02-20 02:31:16.0000001,19.161434
2011-06-24 12:03:00.00000010,5.9820595
2011-06-24 12:03:00.00000067,11.156826
2011-06-24 12:03:00.00000071,11.011644
2011-06-24 12:03:00.000000100,6.821585
2011-06-24 12:03:00.000000145,8.615376
2011-06-24 12:03:00.000000152,10.386369
2011-06-24 12:03:00.00000026,12.628978
2011-06-24 12:03:00.000000199,5.7181964
2011-06-24 12:03:00.000000195,5.332111
2011-06-24 12:03:00.000000119,5.9186187
2011-06-24 12:03:00.00000086,10.002457
2011-06-24 12:03:00.00000012,7.1896334
2011-06-24 12:03:00.00000097,19.613457
2011-06-24 12:03:00.00000058,4.957519
2011-06-24 12:03:00.000000176,4.663077
2011-06-24 12:03:00.000000139,4.009889
2011-06-24 12:03:00.00000048,6.926454
2011-06-24 12:03:00.000000159,6.709671
2011-06-24 12:03:00.00000079,5.6688504
2011-06-24 12:03:00.000000138,7.0084906
2011-06-24 12:03:00.000000135,11.637764
2011-06-24 12:03:00.000000173,8.391941
2011-06-24 12:03:00.000000162,12.631117
2011-06-24 12:03:00.00000018,10.194584
2011-06-24 12:03:00.000000136,6.4845686
2011-06-24 12:03:00.000000185,8.255146
2011-06-24 12:03:00.00000069,6.3437204
2011-06-24 12:03:00.000000105,6.9722166
2011-06-24 12:03:00.000000180,6.657263
2011-06-24 12:03:00.00000053,10.232167
2011-06-24 12:03:00.000000142,6.997758
2011-06-24 12:03:00.000000188,9.496585
2011-06-24 12:03:00.00000089,4.2722416
2011-06-24 12:03:00.000000109,7.455007
2011-06-24 12:03:00.00000074,6.9448805
2011-06-24 12:03:00.000000113,9.959086
2011-06-24 12:03:00.00000044,6.025559
2011-06-24 12:03:00.000000183,5.9482865
2011-06-24 12:03:00.00000047,9.1290045
2011-06-24 12:03:00.0000006,10.194132
2011-06-24 12:03:00.0000005,9.096091
2011-06-24 12:03:00.000000200,10.219853
2011-06-24 12:03:00.000000127,8.694254
2011-06-24 12:03:00.000000120,11.951367
2011-06-24 12:03:00.000000133,5.847656
2011-06-24 12:03:00.00000073,6.1287394
2011-06-24 12:03:00.000000101,4.4196663
2011-06-24 12:03:00.000000187,10.420022
2011-06-24 12:03:00.000000122,9.286318
2011-06-24 12:03:00.000000175,6.4570246
2011-06-24 12:03:00.000000154,10.606519
2011-06-24 12:03:00.000000197,7.830814
2011-06-24 12:03:00.00000017,8.545511
2011-06-24 12:03:00.000000186,10.112695
2011-06-24 12:03:00.00000020,9.502986
2011-06-24 12:03:00.00000035,10.088493
2011-06-24 12:03:00.000000193,7.985148
2011-06-24 12:03:00.000000201,8.320057
2011-06-24 12:03:00.00000054,27.276295
2011-06-24 12:03:00.00000075,8.048284
2011-06-24 12:03:00.000000114,8.090458
2011-06-24 12:03:00.00000062,27.071907
2011-06-24 12:03:00.00000055,27.131243
2011-06-24 12:03:00.00000025,5.8624673
2011-06-24 12:03:00.00000022,5.198858
2011-06-24 12:03:00.000000144,13.594745
2011-06-24 12:03:00.000000177,6.295853
2011-06-24 12:03:00.000000124,5.476168
2011-06-24 12:03:00.00000094,4.5772834
2011-06-24 12:03:00.00000041,6.7675943
2011-06-24 12:03:00.000000141,6.9775896
2011-06-24 12:03:00.00000092,8.585922
2011-06-24 12:03:00.000000189,17.88271
2011-06-24 12:03:00.000000171,11.4069805
2011-06-24 12:03:00.000000157,6.99689
2011-06-24 12:03:00.000000179,8.075761
2011-06-24 12:03:00.000000107,11.989582
2011-06-24 12:03:00.00000095,15.833203
2011-06-24 12:03:00.00000076,11.618918
2011-06-24 12:03:00.000000156,6.868434
2011-06-24 12:03:00.000000111,30.658634
2011-06-24 12:03:00.000000116,8.159774
2011-06-24 12:03:00.00000033,13.29606
2011-06-24 12:03:00.00000082,4.8306646
2011-06-24 12:03:00.00000078,5.422119
2011-06-24 12:03:00.00000051,8.817731
2011-06-24 12:03:00.000000143,11.584406
2011-06-24 12:03:00.000000126,13.5307865
2011-06-24 12:03:00.00000088,9.911306
2011-06-24 12:03:00.000000191,18.234575
2011-06-24 12:03:00.00000063,12.091853
2011-06-24 12:03:00.00000045,15.191027
2011-06-24 12:03:00.00000060,7.353767
2011-06-24 12:03:00.00000040,32.909832
2011-06-24 12:03:00.00000057,9.270918
2011-06-24 12:03:00.00000013,6.097312
2011-06-24 12:03:00.00000068,30.618464
2011-06-24 12:03:00.000000165,4.535398
2011-06-24 12:03:00.00000056,6.3112516
2011-06-24 12:03:00.000000150,8.027096
2011-06-24 12:03:00.00000052,5.7399993
2011-06-24 12:03:00.00000085,49.663937
2011-06-24 12:03:00.000000190,8.102961
2011-06-24 12:03:00.00000072,6.650358
2011-06-24 12:03:00.000000137,5.67495
2011-06-24 12:03:00.000000102,5.939182
2011-06-24 12:03:00.000000106,8.334376
2011-06-24 12:03:00.000000118,5.5405517
2011-06-24 12:03:00.00000046,14.187459
2011-06-24 12:03:00.000000110,11.749666
2011-06-24 12:03:00.000000181,6.4456644
2011-06-24 12:03:00.000000194,5.192373
2011-06-24 12:03:00.00000061,9.158869
2011-06-24 12:03:00.0000001,10.988328
2011-06-24 12:03:00.00000087,8.949947
2011-06-24 12:03:00.00000066,5.43816
2011-06-24 12:03:00.000000146,7.0360417
2011-06-24 12:03:00.000000149,49.73034
2011-06-24 12:03:00.00000038,11.436526
2011-06-24 12:03:00.000000196,8.701003
2011-06-24 12:03:00.00000093,8.662124
2011-06-24 12:03:00.000000170,5.5573144
2011-06-24 12:03:00.000000168,9.2646265
2011-06-24 12:03:00.0000002,13.107998
2011-06-24 12:03:00.00000042,13.068125
2014-06-15 07:06:00.0000006,4.3103437
2014-06-15 07:06:00.00000037,8.572404
2014-06-15 07:06:00.00000025,5.999676
2014-06-15 07:06:00.0000008,9.921862
2014-06-15 07:06:00.00000036,48.590588
2014-06-15 07:06:00.00000042,24.372175
2014-06-15 07:06:00.00000033,4.621924
2014-06-15 07:06:00.00000013,9.925863
2014-06-15 07:06:00.00000035,55.576595
2014-06-15 07:06:00.00000030,8.231452
2014-06-15 07:06:00.00000024,6.657586
2014-06-15 07:06:00.00000031,8.898813
2014-06-15 07:06:00.0000009,14.725777
2014-06-15 07:06:00.00000039,55.262215
2014-06-15 07:06:00.00000010,5.5848007
2014-06-15 07:06:00.00000019,13.541287
2014-06-15 07:06:00.00000041,7.4574685
2014-06-15 07:06:00.00000028,16.363993
2014-06-15 07:06:00.00000014,53.107826
2014-06-15 07:06:00.0000003,12.878564
2014-06-15 07:06:00.00000017,55.78622
2014-06-15 07:06:00.00000015,16.406004
2014-06-15 07:06:00.00000026,5.997786
2014-06-15 07:06:00.0000002,12.773066
2014-06-15 07:06:00.00000040,4.6738095
2014-06-15 07:06:00.00000016,5.437312
2014-06-06 16:22:20.0000003,5.8663898
2014-06-06 16:22:20.0000002,9.175481
2015-05-30 21:29:04.0000004,14.51938
2015-05-30 21:29:04.0000007,20.148746
2015-05-30 21:29:04.0000003,11.738026
2015-05-30 21:29:04.0000001,7.986578
2009-10-26 12:01:36.0000001,9.809717
2009-10-26 12:01:36.0000002,8.111184
2009-10-26 12:01:36.0000005,6.503804
2009-10-26 12:01:36.0000003,7.4546304
2013-02-02 15:45:08.0000003,8.737142
2013-02-02 15:45:08.0000001,8.698018
2013-02-02 15:45:08.0000002,12.258503
2015-04-15 06:47:04.0000001,7.8576336
2015-04-15 06:47:04.0000002,10.349623
2010-12-14 23:27:36.0000001,5.224118
2009-03-05 11:03:04.0000002,4.6294107
2009-03-05 11:03:04.0000001,13.058015
2013-07-18 12:23:40.0000003,4.9493203
2013-07-18 12:23:40.0000002,6.261206
2013-07-18 12:23:40.0000001,8.530044
2014-04-14 13:48:32.0000004,9.219986
2014-04-14 13:48:32.0000003,5.7934384
2014-08-18 05:33:08.0000001,8.843677
2012-01-28 03:14:28.0000001,28.185438
2009-09-14 02:19:00.00000014,10.227652
2009-09-14 02:19:00.00000035,10.126177
2009-09-14 02:19:00.00000040,6.5704455
2009-09-14 02:19:00.00000031,4.964297
2009-09-14 02:19:00.0000003,4.518935
2009-09-14 02:19:00.00000025,8.269112
2009-09-14 02:19:00.0000008,7.5615215
2009-09-14 02:19:00.00000024,10.333862
2009-09-14 02:19:00.00000021,7.5858097
2009-09-14 02:19:00.00000036,9.478828
2009-09-14 02:19:00.0000009,42.551273
2009-09-14 02:19:00.0000001,8.930059
2009-09-14 02:19:00.00000018,4.546718
2009-09-14 02:19:00.00000039,9.683386
2009-09-14 02:19:00.0000002,15.311955
2009-09-14 02:19:00.00000038,8.2944355
2009-09-14 02:19:00.00000020,18.138163
2009-09-14 02:19:00.00000028,7.204904
2009-09-14 02:19:00.00000026,19.058891
2009-09-14 02:19:00.00000017,7.992132
2009-09-14 02:19:00.00000030,7.844061
2009-09-14 02:19:00.00000016,5.8118362
2009-09-14 02:19:00.0000006,6.8855863
2009-09-14 02:19:00.0000007,9.539763
2011-08-14 14:17:28.0000003,7.550804
2011-08-14 14:17:28.0000001,5.2516265
2011-08-14 14:17:28.0000004,6.567812
2011-08-14 14:17:28.0000002,5.7688794
2011-08-14 14:17:28.0000005,13.417272
2014-03-17 16:07:56.0000002,55.639423
2010-11-03 21:09:56.0000002,5.3466997
2010-11-03 21:09:56.0000001,11.211093
2012-12-11 23:37:08.0000002,9.493073
2012-12-11 23:37:08.0000005,9.5340805
2012-12-11 23:37:08.0000004,7.0268946
2012-12-11 23:37:08.0000006,9.629198
2012-12-11 23:37:08.0000003,5.180537
2012-12-11 23:37:08.0000001,16.460686
2015-06-24 14:19:52.0000001,13.151051
2015-06-24 14:19:52.0000002,59.43318
2015-06-24 14:19:52.0000004,9.086262
2010-08-21 22:21:32.0000004,13.77334
2011-02-19 10:20:28.0000003,4.378217
2011-02-19 10:20:28.0000002,10.331303
2011-02-19 10:20:28.0000001,5.942411
2011-02-19 10:20:28.0000004,7.6082506
2011-10-02 22:31:44.0000004,10.134772
2011-10-02 22:31:44.0000002,21.460531
2011-10-02 22:31:44.0000003,15.892805
2012-01-26 11:17:36.0000002,5.0819416
2012-05-06 23:37:24.0000002,20.346592
2012-05-06 23:37:24.0000001,21.476784
2013-06-12 20:03:36.0000001,7.6355033
2013-06-12 20:03:36.0000002,54.880096
2015-02-27 14:15:52.0000003,82.62629
2013-12-21 17:20:32.0000001,10.318179
2009-06-29 08:09:40.0000002,10.421943
2009-06-29 08:09:40.0000001,12.352835
2014-09-14 17:22:12.0000002,6.999056
2014-09-14 17:22:12.0000001,11.07528
2014-09-14 17:22:12.0000003,15.649056
2014-09-14 17:22:12.0000005,7.168849
2014-08-20 14:37:56.0000001,16.445389
2011-07-20 16:34:48.0000001,4.693468
2011-07-20 16:34:48.0000003,6.6593237
2009-10-05 10:11:32.0000001,7.637708
2009-10-05 10:11:32.0000002,13.586648
2011-02-16 08:44:04.0000001,13.354087
2011-02-16 08:44:04.0000007,8.747596
2011-02-16 08:44:04.0000004,10.051179
2011-02-16 08:44:04.0000003,5.2285657
2011-02-16 08:44:04.0000002,4.7912445
2011-02-16 08:44:04.0000006,18.170937
2011-02-16 08:44:04.0000005,6.7795324
2009-01-01 11:04:24.0000002,4.84961
2014-04-28 19:46:36.0000003,8.022952
2012-11-11 20:35:40.0000001,42.63937
2012-11-11 20:35:40.0000002,9.840915
2011-06-01 07:37:00.000000171,8.677985
2011-06-01 07:37:00.000000199,6.996723
2011-06-01 07:37:00.00000032,5.210568
2011-06-01 07:37:00.000000175,9.0888405
2011-06-01 07:37:00.00000095,5.2201805
2011-06-01 07:37:00.000000106,5.3101387
2011-06-01 07:37:00.00000090,10.215693
2011-06-01 07:37:00.000000169,15.854714
2011-06-01 07:37:00.0000007,5.3169565
2011-06-01 07:37:00.000000151,13.672174
2011-06-01 07:37:00.000000101,4.948482
2011-06-01 07:37:00.00000099,34.111088
2011-06-01 07:37:00.00000084,4.898901
2011-06-01 07:37:00.00000083,4.950228
2011-06-01 07:37:00.00000043,6.333376
2011-06-01 07:37:00.00000029,5.4747086
2011-06-01 07:37:00.000000132,17.227314
2011-06-01 07:37:00.000000208,6.425794
2011-06-01 07:37:00.000000221,5.23214
2011-06-01 07:37:00.000000131,5.2421274
2011-06-01 07:37:00.000000220,6.9107018
2011-06-01 07:37:00.000000207,7.7591386
2011-06-01 07:37:00.000000205,4.301389
2011-06-01 07:37:00.000000180,6.3947268
2011-06-01 07:37:00.000000103,9.619002
2011-06-01 07:37:00.00000098,26.086239
2011-06-01 07:37:00.000000189,6.785882
2011-06-01 07:37:00.000000165,4.674427
2011-06-01 07:37:00.000000184,35.56467
2011-06-01 07:37:00.00000092,5.7885656
2011-06-01 07:37:00.00000020,9.758689
2011-06-01 07:37:00.000000105,6.7388716
2011-06-01 07:37:00.00000088,9.371717
2011-06-01 07:37:00.000000122,7.067348
2011-06-01 07:37:00.000000219,12.4622135
2011-06-01 07:37:00.000000222,7.611176
2011-06-01 07:37:00.00000049,7.4576516
2011-06-01 07:37:00.000000114,4.6010847
2011-06-01 07:37:00.000000181,5.916229
2011-06-01 07:37:00.000000144,48.818943
2011-06-01 07:37:00.000000155,7.489193
2011-06-01 07:37:00.000000118,6.03961
2011-06-01 07:37:00.000000142,5.442333
2011-06-01 07:37:00.000000223,7.0567145
2011-06-01 07:37:00.00000057,6.357541
2011-06-01 07:37:00.000000168,4.5294795
2011-06-01 07:37:00.000000226,6.764392
2011-06-01 07:37:00.000000177,10.737709
2011-06-01 07:37:00.000000185,30.957556
2011-06-01 07:37:00.000000178,11.812002
2011-06-01 07:37:00.000000140,8.125795
2011-06-01 07:37:00.000000141,10.171046
2011-06-01 07:37:00.00000045,8.127492
2011-06-01 07:37:00.00000086,7.249178
2011-06-01 07:37:00.000000145,6.549002
2011-06-01 07:37:00.00000037,7.913275
2011-06-01 07:37:00.00000094,6.5359206
2011-06-01 07:37:00.00000082,5.244545
2011-06-01 07:37:00.000000179,9.323648
2011-06-01 07:37:00.000000197,5.735072
2011-06-01 07:37:00.000000154,11.487229
2011-06-01 07:37:00.00000019,8.907844
2011-06-01 07:37:00.00000075,6.001107
2011-06-01 07:37:00.000000110,12.6098
2011-06-01 07:37:00.00000078,5.9796424
2011-06-01 07:37:00.000000146,7.2086196
2011-06-01 07:37:00.000000143,8.939972
2011-06-01 07:37:00.000000227,11.264231
2011-06-01 07:37:00.00000070,5.099049
2011-06-01 07:37:00.000000176,7.224832
2011-06-01 07:37:00.000000217,8.258251
2011-06-01 07:37:00.00000026,6.286458
2011-06-01 07:37:00.000000209,7.3858194
2011-06-01 07:37:00.000000183,8.09725
2011-06-01 07:37:00.000000210,5.5209794
2011-06-01 07:37:00.00000060,9.079304
2011-06-01 07:37:00.000000174,6.5702147
2011-06-01 07:37:00.000000203,9.548815
2011-06-01 07:37:00.000000139,6.158078
2011-06-01 07:37:00.000000162,8.454464
2011-06-01 07:37:00.000000125,7.333532
2011-06-01 07:37:00.000000198,9.951972
2011-06-01 07:37:00.00000055,11.312007
2011-06-01 07:37:00.00000016,6.3116655
2011-06-01 07:37:00.00000027,7.6852903
2011-06-01 07:37:00.00000053,17.671473
2011-06-01 07:37:00.000000201,32.79541
2011-06-01 07:37:00.000000138,5.233375
2011-06-01 07:37:00.00000077,4.2981653
2011-06-01 07:37:00.00000022,8.382201
2011-06-01 07:37:00.000000182,9.7805
2011-06-01 07:37:00.000000163,7.089644
2011-06-01 07:37:00.000000204,9.338384
2011-06-01 07:37:00.000000137,8.311956
2011-06-01 07:37:00.000000152,7.123319
2011-06-01 07:37:00.00000048,7.1355457
2011-06-01 07:37:00.00000025,8.697298
2011-06-01 07:37:00.000000100,14.289547
2011-06-01 07:37:00.00000015,4.495814
2011-06-01 07:37:00.00000097,16.116673
2011-06-01 07:37:00.000000127,8.455873
2011-06-01 07:37:00.000000170,5.6404223
2011-06-01 07:37:00.00000091,13.410218
2011-06-01 07:37:00.000000109,8.916674
2011-06-01 07:37:00.00000028,8.780568
2011-06-01 07:37:00.000000129,18.082338
2011-06-01 07:37:00.000000158,4.61446
2011-06-01 07:37:00.0000005,5.4170046
2011-06-01 07:37:00.00000034,8.584081
2011-06-01 07:37:00.000000107,7.4719715
2011-06-01 07:37:00.00000036,5.875792
2011-06-01 07:37:00.00000046,7.7208524
2011-06-01 07:37:00.000000108,4.4712453
2011-06-01 07:37:00.0000008,7.9916706
2011-06-01 07:37:00.000000212,7.92464
2011-06-01 07:37:00.00000068,7.233206
2011-06-01 07:37:00.00000065,5.213186
2011-06-01 07:37:00.000000116,4.32493
2011-06-01 07:37:00.000000196,6.990054
2011-06-01 07:37:00.000000172,8.614456
2011-06-01 07:37:00.00000059,12.422298
2011-06-01 07:37:00.000000167,4.1961036
2011-06-01 07:37:00.00000058,6.282009
2011-06-01 07:37:00.00000061,4.3059564
2011-06-01 07:37:00.000000156,14.894093
2011-06-01 07:37:00.000000128,8.355781
2011-06-01 07:37:00.00000079,5.495816
2011-06-01 07:37:00.000000206,9.190537
2011-06-01 07:37:00.00000069,7.05215
2011-06-01 07:37:00.000000190,6.0066876
2011-06-01 07:37:00.000000112,4.909076
2011-06-01 07:37:00.000000104,4.97046
2011-06-01 07:37:00.000000194,5.8533278
2011-06-01 07:37:00.0000002,5.166255
2011-06-01 07:37:00.00000044,5.562956
2011-06-01 07:37:00.00000010,8.164664
2011-06-01 07:37:00.000000157,16.423727
2011-06-01 07:37:00.000000147,6.604681
2011-06-01 07:37:00.000000120,5.170591
2011-06-01 07:37:00.000000149,9.723625
2011-06-01 07:37:00.000000119,8.863719
2011-06-01 07:37:00.00000023,5.4750686
2011-06-01 07:37:00.00000017,9.74267
2011-06-01 07:37:00.00000038,16.509277
2011-06-01 07:37:00.000000113,9.0138645
2011-06-01 07:37:00.000000211,8.254353
2011-06-01 07:37:00.00000051,7.56134
2011-06-01 07:37:00.00000054,8.1232195
2011-06-01 07:37:00.000000186,9.578229
2009-02-16 03:13:40.0000001,7.0680323
2010-08-27 18:45:00.000000234,5.0482197
2010-08-27 18:45:00.00000057,6.6571107
2010-08-27 18:45:00.00000039,10.6047125
2010-08-27 18:45:00.000000161,6.6654806
2010-08-27 18:45:00.000000220,10.796301
2010-08-27 18:45:00.00000028,8.423205
2010-08-27 18:45:00.00000014,15.487114
2010-08-27 18:45:00.000000226,14.003794
2010-08-27 18:45:00.000000175,5.4364266
2010-08-27 18:45:00.00000040,18.296705
2010-08-27 18:45:00.000000144,14.477129
2010-08-27 18:45:00.00000085,10.660871
2010-08-27 18:45:00.000000194,21.827545
2010-08-27 18:45:00.00000094,8.56998
2010-08-27 18:45:00.000000141,16.025822
2010-08-27 18:45:00.00000067,4.3644414
2010-08-27 18:45:00.000000231,5.5673285
2010-08-27 18:45:00.000000214,18.260637
2010-08-27 18:45:00.00000037,15.724356
2010-08-27 18:45:00.000000165,5.12479
2010-08-27 18:45:00.000000158,8.428659
2010-08-27 18:45:00.000000217,7.115553
2010-08-27 18:45:00.00000090,14.110864
2010-08-27 18:45:00.000000142,9.796864
2010-08-27 18:45:00.0000004,7.2340484
2010-08-27 18:45:00.00000070,5.0466876
2010-08-27 18:45:00.000000202,7.930571
2010-08-27 18:45:00.000000177,7.380068
2010-08-27 18:45:00.00000084,11.86705
2010-08-27 18:45:00.000000209,10.508024
2010-08-27 18:45:00.000000184,32.640175
2010-08-27 18:45:00.000000173,8.80301
2010-08-27 18:45:00.00000029,5.555769
2010-08-27 18:45:00.00000025,6.5026317
2010-08-27 18:45:00.00000012,5.13401
2010-08-27 18:45:00.00000010,4.8499618
2010-08-27 18:45:00.000000136,8.258631
2010-08-27 18:45:00.00000073,10.364825
2010-08-27 18:45:00.000000124,6.1057777
2010-08-27 18:45:00.000000125,6.1478014
2010-08-27 18:45:00.000000169,5.5266237
2010-08-27 18:45:00.000000208,4.5857015
2010-08-27 18:45:00.000000152,5.296873
2010-08-27 18:45:00.000000196,7.5872526
2010-08-27 18:45:00.0000005,11.927929
2010-08-27 18:45:00.00000077,6.3967357
2010-08-27 18:45:00.000000123,6.927729
2010-08-27 18:45:00.00000046,10.612713
2010-08-27 18:45:00.00000033,6.906365
2010-08-27 18:45:00.000000166,14.034615
2010-08-27 18:45:00.000000190,5.9200535
2010-08-27 18:45:00.00000043,7.540769
2010-08-27 18:45:00.00000081,5.284171
2010-08-27 18:45:00.00000034,9.764383
2010-08-27 18:45:00.00000089,18.03645
2010-08-27 18:45:00.000000189,5.5776815
2010-08-27 18:45:00.00000078,7.5809765
2010-08-27 18:45:00.00000053,12.351928
2010-08-27 18:45:00.000000188,7.679015
2010-08-27 18:45:00.00000071,6.937552
2010-08-27 18:45:00.00000097,17.5046
2010-08-27 18:45:00.00000031,5.9044647
2010-08-27 18:45:00.000000101,12.433577
2010-08-27 18:45:00.000000140,6.18531
2010-08-27 18:45:00.00000054,26.71797
2010-08-27 18:45:00.0000006,8.871174
2010-08-27 18:45:00.00000011,7.9950438
2010-08-27 18:45:00.00000055,6.73219
2010-08-27 18:45:00.000000160,9.970515
2010-08-27 18:45:00.00000024,11.255928
2010-08-27 18:45:00.000000106,6.5902166
2010-08-27 18:45:00.000000131,5.443012
2010-08-27 18:45:00.00000087,12.451619
2010-08-27 18:45:00.000000110,10.985573
2010-08-27 18:45:00.000000197,13.786515
2010-08-27 18:45:00.00000066,8.85034
2010-08-27 18:45:00.000000205,10.38502
2010-08-27 18:45:00.00000086,5.0392013
2010-08-27 18:45:00.000000207,7.9589257
2010-08-27 18:45:00.00000068,13.83858
2010-08-27 18:45:00.00000050,6.1183553
2010-08-27 18:45:00.00000045,0.112299494
2010-08-27 18:45:00.00000093,4.141312
2010-08-27 18:45:00.00000061,12.185354
2010-08-27 18:45:00.00000022,6.14879
2010-08-27 18:45:00.00000018,6.5279
2010-08-27 18:45:00.000000192,8.775857
2010-08-27 18:45:00.000000148,5.2345243
2010-08-27 18:45:00.000000195,4.7269483
2010-08-27 18:45:00.000000155,4.079452
2010-08-27 18:45:00.000000129,8.558391
2010-08-27 18:45:00.000000133,5.984177
2010-08-27 18:45:00.00000063,10.924047
2010-08-27 18:45:00.00000076,6.6095905
2010-08-27 18:45:00.000000204,12.727355
2010-08-27 18:45:00.000000179,4.697486
2010-08-27 18:45:00.000000219,18.71246
2010-08-27 18:45:00.000000107,6.8052745
2010-08-27 18:45:00.000000153,9.225275
2010-08-27 18:45:00.00000026,12.346283
2010-08-27 18:45:00.000000198,7.00433
2010-08-27 18:45:00.00000016,9.826313
2010-08-27 18:45:00.00000060,7.592827
2010-08-27 18:45:00.00000017,26.018803
2010-08-27 18:45:00.000000109,13.843283
2010-08-27 18:45:00.000000227,11.920864
2010-08-27 18:45:00.000000181,4.837339
2010-08-27 18:45:00.000000191,7.2633977
2010-08-27 18:45:00.000000228,5.5329967
2010-08-27 18:45:00.00000069,12.134062
2010-08-27 18:45:00.000000113,10.217888
2010-08-27 18:45:00.00000049,8.049005
2010-08-27 18:45:00.000000103,6.2194014
2010-08-27 18:45:00.0000003,5.1517467
2010-08-27 18:45:00.0000008,8.977686
2010-08-27 18:45:00.000000134,5.0161963
2010-08-27 18:45:00.000000183,21.199682
2010-08-27 18:45:00.00000013,14.497968
2010-08-27 18:45:00.000000235,6.163933
2010-08-27 18:45:00.00000038,9.646768
2010-08-27 18:45:00.00000030,17.349195
2010-08-27 18:45:00.000000203,6.687816
2010-08-27 18:45:00.000000182,9.718888
2010-08-27 18:45:00.000000230,8.118154
2010-08-27 18:45:00.00000065,7.423677
2011-02-12 00:43:24.0000003,11.313965
2011-02-12 00:43:24.0000001,13.349651
2014-05-07 06:50:20.0000002,5.4508777
2014-05-07 06:50:20.0000001,6.8511314
2014-05-07 06:50:20.0000003,9.122086
2011-04-27 20:59:24.0000002,9.08383
2011-04-27 20:59:24.0000003,12.515431
2011-04-27 20:59:24.0000004,4.765194
2011-04-27 20:59:24.0000001,6.7807293
2011-04-27 20:59:24.0000005,6.37433
2010-08-14 02:13:00.00000069,7.6702447
2010-08-14 02:13:00.00000049,7.1262326
2010-08-14 02:13:00.00000059,5.4252696
2010-08-14 02:13:00.00000075,17.084753
2010-08-14 02:13:00.00000020,7.64569
2010-08-14 02:13:00.000000102,14.04338
2010-08-14 02:13:00.00000060,5.511457
2010-08-14 02:13:00.00000033,16.328524
2010-08-14 02:13:00.000000166,11.964951
2010-08-14 02:13:00.000000111,8.708616
2010-08-14 02:13:00.00000056,9.415474
2010-08-14 02:13:00.00000044,7.569299
2010-08-14 02:13:00.000000132,5.2609825
2010-08-14 02:13:00.00000073,4.851033
2010-08-14 02:13:00.00000043,8.047501
2010-08-14 02:13:00.00000085,9.602523
2010-08-14 02:13:00.000000108,14.821563
2010-08-14 02:13:00.00000028,13.138797
2010-08-14 02:13:00.00000076,4.7863655
2010-08-14 02:13:00.00000066,29.596222
2010-08-14 02:13:00.00000080,20.71845
2010-08-14 02:13:00.000000149,8.39494
2010-08-14 02:13:00.00000054,7.2982955
2010-08-14 02:13:00.000000130,9.69494
2010-08-14 02:13:00.00000032,8.87549
2010-08-14 02:13:00.000000158,6.5887437
2010-08-14 02:13:00.000000171,12.429965
2010-08-14 02:13:00.00000092,5.7454715
2010-08-14 02:13:00.000000155,6.3571305
2010-08-14 02:13:00.000000116,8.774113
2010-08-14 02:13:00.000000109,14.297264
2010-08-14 02:13:00.00000030,8.421291
2010-08-14 02:13:00.00000015,12.253446
2010-08-14 02:13:00.000000133,4.6771216
2010-08-14 02:13:00.00000072,6.962167
2010-08-14 02:13:00.00000052,11.169478
2010-08-14 02:13:00.000000170,15.3490925
2010-08-14 02:13:00.0000007,5.253281
2010-08-14 02:13:00.000000165,8.426646
2010-08-14 02:13:00.00000026,11.573036
2010-08-14 02:13:00.000000148,5.330912
2010-08-14 02:13:00.00000034,12.156496
2010-08-14 02:13:00.00000022,17.224564
2010-08-14 02:13:00.000000100,4.3081403
2010-08-14 02:13:00.000000160,5.390232
2010-08-14 02:13:00.0000009,17.954767
2010-08-14 02:13:00.00000038,10.089373
2010-08-14 02:13:00.0000001,8.339938
2010-08-14 02:13:00.00000078,6.132843
2010-08-14 02:13:00.000000134,8.463998
2010-08-14 02:13:00.00000077,19.965485
2010-08-14 02:13:00.000000168,7.3186164
2010-08-14 02:13:00.000000161,7.200497
2010-08-14 02:13:00.000000122,7.1260304
2010-08-14 02:13:00.00000035,6.353828
2010-08-14 02:13:00.000000110,6.983833
2010-08-14 02:13:00.000000146,11.833746
2010-08-14 02:13:00.00000010,11.312828
2010-08-14 02:13:00.000000141,4.391769
2010-08-14 02:13:00.00000087,17.345821
2010-08-14 02:13:00.000000137,6.717822
2010-08-14 02:13:00.00000064,6.8410864
2010-08-14 02:13:00.00000084,7.146259
2010-08-14 02:13:00.000000139,10.815525
2010-08-14 02:13:00.00000089,31.7871
2010-08-14 02:13:00.000000140,43.850018
2010-08-14 02:13:00.00000012,8.333025
2010-08-14 02:13:00.00000025,5.230909
2010-08-14 02:13:00.00000070,4.3439426
2010-08-14 02:13:00.0000004,11.465372
2010-08-14 02:13:00.00000090,14.7304
2010-08-14 02:13:00.000000101,15.570756
2010-08-14 02:13:00.00000017,5.6725545
2010-08-14 02:13:00.00000055,6.1891484
2010-08-14 02:13:00.00000014,10.656569
2010-08-14 02:13:00.000000142,13.39585
2010-08-14 02:13:00.00000021,10.665158
2010-08-14 02:13:00.00000047,14.813357
2010-08-14 02:13:00.00000083,5.5989904
2010-08-14 02:13:00.000000162,6.9316077
2015-04-16 22:32:48.0000006,11.372637
2015-04-16 22:32:48.0000001,4.841368
2015-04-16 22:32:48.0000004,6.369725
2015-04-16 22:32:48.0000002,15.229464
2015-04-16 22:32:48.0000005,8.481814
2013-03-15 11:57:04.0000002,7.349047
2013-03-15 11:57:04.0000001,8.552071
2014-11-16 08:47:12.0000002,14.5800495
2014-11-16 08:47:12.0000001,6.396321
2013-02-20 16:10:28.0000001,6.9239597
2011-07-03 00:36:04.0000001,5.506664
2014-03-25 23:47:00.00000074,7.02599
2014-03-25 23:47:00.00000088,9.372992
2014-03-25 23:47:00.000000100,6.6739845
2014-03-25 23:47:00.00000094,4.271564
2014-03-25 23:47:00.00000059,10.67696
2014-03-25 23:47:00.00000066,8.880298
2014-03-25 23:47:00.00000016,4.3102827
2014-03-25 23:47:00.0000003,14.609716
2014-03-25 23:47:00.00000080,4.268283
2014-03-25 23:47:00.00000048,50.793888
2014-03-25 23:47:00.00000058,10.146357
2014-03-25 23:47:00.00000070,33.316628
2014-03-25 23:47:00.00000046,11.980633
2014-03-25 23:47:00.00000053,5.411747
2014-03-25 23:47:00.00000029,6.1550956
2014-03-25 23:47:00.00000087,10.94622
2014-03-25 23:47:00.000000126,8.484104
2014-03-25 23:47:00.00000024,10.193793
2014-03-25 23:47:00.0000007,13.391781
2014-03-25 23:47:00.00000071,17.476828
2014-03-25 23:47:00.0000008,7.9214115
2014-03-25 23:47:00.00000049,61.570854
2014-03-25 23:47:00.00000090,24.525251
2014-03-25 23:47:00.00000089,23.379444
2014-03-25 23:47:00.000000117,4.6229286
2014-03-25 23:47:00.00000043,8.868277
2014-03-25 23:47:00.00000032,7.3322616
2014-03-25 23:47:00.00000081,6.911881
2014-03-25 23:47:00.00000023,6.3805804
2014-03-25 23:47:00.00000099,34.515873
2014-03-25 23:47:00.00000077,5.947611
2014-03-25 23:47:00.00000065,5.8541703
2014-03-25 23:47:00.000000111,18.866274
2014-03-25 23:47:00.000000118,25.033102
2014-03-25 23:47:00.00000038,10.752848
2014-03-25 23:47:00.000000110,6.1987734
2014-03-25 23:47:00.00000014,12.857364
2014-03-25 23:47:00.00000086,28.400215
2014-03-25 23:47:00.00000097,7.3841443
2014-03-25 23:47:00.00000092,18.732714
2014-03-25 23:47:00.000000140,11.802081
2014-03-25 23:47:00.000000123,20.57789
2014-03-25 23:47:00.000000131,4.989089
2014-03-25 23:47:00.00000033,14.914463
2014-03-25 23:47:00.00000015,6.047074
2014-03-25 23:47:00.000000125,23.154829
2014-03-25 23:47:00.00000061,21.071936
2014-03-25 23:47:00.00000027,12.702354
2014-03-25 23:47:00.000000101,29.66243
2014-03-25 23:47:00.000000136,8.845835
2014-03-25 23:47:00.000000133,4.846568
2014-03-25 23:47:00.0000006,25.109818
2014-03-25 23:47:00.00000047,10.576005
2014-03-25 23:47:00.00000056,9.831587
2014-03-25 23:47:00.0000001,4.278363
2014-03-25 23:47:00.00000045,4.4198027
2014-03-25 23:47:00.00000073,7.3027663
2014-03-25 23:47:00.00000030,16.54668
2014-03-25 23:47:00.00000010,26.810915
2014-03-25 23:47:00.00000072,11.380778
2014-03-25 23:47:00.0000009,18.165958
2014-03-25 23:47:00.00000082,10.046805
2014-03-25 23:47:00.00000017,6.4777937
2014-03-25 23:47:00.00000050,10.00607
2014-03-25 23:47:00.000000121,8.158365
2014-03-25 23:47:00.000000109,20.175783
2014-03-25 23:47:00.00000018,4.817562
2014-03-25 23:47:00.00000078,6.801122
2014-03-25 23:47:00.00000025,4.4643364
2014-03-25 23:47:00.00000044,4.3638644
2014-03-25 23:47:00.0000005,4.5769687
2014-03-25 23:47:00.00000062,6.260427
2014-03-25 23:47:00.000000130,43.541023
2014-03-25 23:47:00.00000037,10.008912
2014-03-25 23:47:00.000000114,16.541185
2014-03-25 23:47:00.0000002,28.80116
2014-03-25 23:47:00.000000103,32.048428
2014-03-25 23:47:00.000000106,12.630192
2014-03-25 23:47:00.00000095,10.409668
2014-03-25 23:47:00.000000113,24.038752
2014-03-25 23:47:00.0000004,17.704357
2014-03-25 23:47:00.00000041,15.819932
2014-03-25 23:47:00.00000079,16.023073
2011-06-21 13:19:20.0000001,8.899469
2011-06-21 13:19:20.0000003,7.001819
2011-06-21 13:19:20.0000002,11.754557
2013-01-02 20:53:44.0000001,5.6638694
2013-01-02 20:53:44.0000002,5.318683
2009-10-07 08:16:24.0000001,11.180108
2012-08-25 22:18:36.0000003,11.087646
2012-08-25 22:18:36.0000004,9.595263
2012-08-25 22:18:36.0000001,7.3232083
2012-08-25 22:18:36.0000002,8.876175
2015-06-05 08:38:56.0000005,8.776648
2015-06-05 08:38:56.0000007,10.890174
2015-06-05 08:38:56.0000006,6.158172
2015-06-05 08:38:56.0000004,26.163242
2015-06-05 08:38:56.0000001,38.79929
2015-06-05 08:38:56.0000002,17.689753
2013-02-26 11:10:24.0000002,9.162664
2013-02-26 11:10:24.0000001,40.627796
2014-04-29 00:02:40.0000001,9.30521
2014-04-29 00:02:40.0000002,15.383647
2014-04-29 00:02:40.0000003,13.124515
2010-08-06 20:27:12.0000002,11.705747
2010-08-06 20:27:12.0000005,9.127503
2010-08-06 20:27:12.0000004,4.7996125
2010-08-06 20:27:12.0000001,11.123006
2012-06-07 00:25:40.0000001,7.398584
2012-06-07 00:25:40.0000002,16.867908
2011-09-24 07:42:32.0000001,6.374387
2011-09-28 10:58:48.0000002,7.7181797
2011-09-28 10:58:48.0000001,5.6699634
2011-09-28 10:58:48.0000005,6.3970537
2011-09-28 10:58:48.0000004,13.047509
2011-09-28 10:58:48.0000003,27.56463
2011-09-28 10:58:48.0000006,13.064394
2009-11-01 05:04:12.0000001,6.6236424
2009-11-01 05:04:12.0000002,13.747184
2014-04-23 22:54:12.0000002,5.758473
2014-04-23 22:54:12.0000001,25.479483
2014-04-23 22:54:12.0000004,28.952297
2014-04-23 22:54:12.0000003,12.732935
2014-04-23 22:54:12.0000005,5.4194627
2014-04-23 22:54:12.0000006,9.212043
2012-02-28 19:18:44.0000001,5.593039
2012-02-28 19:18:44.0000002,9.165148
2010-09-29 16:43:00.0000003,43.42291
2010-09-29 16:43:00.000000143,5.946042
2010-09-29 16:43:00.000000150,4.9978943
2010-09-29 16:43:00.00000077,6.667959
2010-09-29 16:43:00.000000153,15.136736
2010-09-29 16:43:00.00000048,5.362855
2010-09-29 16:43:00.00000086,9.146599
2010-09-29 16:43:00.000000108,11.039729
2010-09-29 16:43:00.000000101,6.338421
2010-09-29 16:43:00.000000132,7.8415236
2010-09-29 16:43:00.00000033,7.7525425
2010-09-29 16:43:00.00000055,5.956921
2010-09-29 16:43:00.000000107,12.729273
2010-09-29 16:43:00.000000147,5.0157247
2010-09-29 16:43:00.00000098,7.5051117
2010-09-29 16:43:00.00000053,8.212621
2010-09-29 16:43:00.00000052,10.914793
2010-09-29 16:43:00.00000085,7.259653
2010-09-29 16:43:00.000000115,6.6934233
2010-09-29 16:43:00.000000133,8.395736
2010-09-29 16:43:00.000000131,11.642016
2010-09-29 16:43:00.00000031,14.221971
2010-09-29 16:43:00.00000096,5.0396423
2010-09-29 16:43:00.000000120,7.711877
2010-09-29 16:43:00.000000175,10.326092
2010-09-29 16:43:00.00000072,10.010814
2010-09-29 16:43:00.00000038,9.885927
2010-09-29 16:43:00.00000043,9.40274
2010-09-29 16:43:00.0000007,43.158882
2010-09-29 16:43:00.000000111,9.356284
2010-09-29 16:43:00.00000067,7.831881
2010-09-29 16:43:00.00000065,8.606301
2010-09-29 16:43:00.00000046,5.1311016
2010-09-29 16:43:00.00000075,11.059235
2010-09-29 16:43:00.000000155,7.1656013
2010-09-29 16:43:00.00000087,45.55616
2010-09-29 16:43:00.000000160,10.10297
2010-09-29 16:43:00.00000060,7.592724
2010-09-29 16:43:00.00000020,8.110258
2010-09-29 16:43:00.00000091,9.101664
2010-09-29 16:43:00.00000068,14.625563
2010-09-29 16:43:00.000000165,8.982728
2010-09-29 16:43:00.000000146,7.6678295
2010-09-29 16:43:00.000000169,8.959007
2010-09-29 16:43:00.000000141,7.514926
2010-09-29 16:43:00.00000018,7.9224157
2010-09-29 16:43:00.000000100,9.443575
2010-09-29 16:43:00.000000163,19.382666
2010-09-29 16:43:00.00000076,9.376063
2010-09-29 16:43:00.00000027,31.355042
2010-09-29 16:43:00.000000137,10.006855
2010-09-29 16:43:00.00000021,7.582711
2010-09-29 16:43:00.00000063,7.9756074
2010-09-29 16:43:00.00000058,8.82438
2010-09-29 16:43:00.00000090,15.918252
2010-09-29 16:43:00.00000066,10.641564
2010-09-29 16:43:00.000000156,6.7201486
2010-09-29 16:43:00.000000104,6.507924
2010-09-29 16:43:00.00000089,30.11977
2010-09-29 16:43:00.00000029,2.7428336
2010-09-29 16:43:00.0000004,7.2489963
2010-09-29 16:43:00.00000051,10.904722
2010-09-29 16:43:00.00000036,8.646331
2010-09-29 16:43:00.000000158,8.150135
2010-09-29 16:43:00.000000106,9.126211
2010-09-29 16:43:00.00000047,7.3061733
2010-09-29 16:43:00.00000073,9.481742
2010-09-29 16:43:00.00000024,8.287783
2010-09-29 16:43:00.000000151,7.1972346
2010-09-29 16:43:00.000000134,4.9468536
2010-09-29 16:43:00.000000138,7.0355787
2010-09-29 16:43:00.000000125,8.696332
2010-09-29 16:43:00.000000112,8.731525
2010-09-29 16:43:00.0000006,6.904439
2010-09-29 16:43:00.00000025,16.310966
2010-09-29 16:43:00.0000008,9.262345
2010-09-29 16:43:00.00000049,29.879215
2010-09-29 16:43:00.000000173,7.775107
2010-09-29 16:43:00.00000050,7.5556555
2010-09-29 16:43:00.00000035,6.2167253
2010-09-29 16:43:00.00000097,25.670612
2010-09-29 16:43:00.00000054,7.744513
2010-09-29 16:43:00.000000166,6.0240736
2010-09-29 16:43:00.0000005,7.366232
2010-09-29 16:43:00.00000030,29.189423
2010-09-29 16:43:00.000000102,6.2921176
2010-09-29 16:43:00.00000056,9.685732
2010-09-29 16:43:00.000000103,7.483254
2010-09-29 16:43:00.00000092,31.747015
2010-09-29 16:43:00.00000079,7.267838
2010-09-29 16:43:00.000000149,5.8769574
2010-09-29 16:43:00.000000123,4.7778306
2010-09-29 16:43:00.000000128,5.79697
2010-09-29 16:43:00.000000121,7.276901
2010-09-29 16:43:00.000000105,31.629227
2010-09-29 16:43:00.00000026,6.263367
2010-09-29 16:43:00.000000109,11.50701
2010-09-29 16:43:00.000000124,5.1929464
2010-09-29 16:43:00.00000071,5.665963
2010-09-29 16:43:00.00000061,17.376802
2010-09-29 16:43:00.000000129,9.80943
2010-09-29 16:43:00.00000095,6.828647
2010-09-29 16:43:00.00000010,11.59335
2010-09-29 16:43:00.00000081,8.873688
2010-09-29 16:43:00.00000017,11.289844
2010-09-29 16:43:00.00000028,10.012987
2010-09-29 16:43:00.000000167,5.3983703
2010-09-29 16:43:00.00000082,14.233269
2010-09-29 16:43:00.000000116,9.46049
2010-09-29 16:43:00.000000127,32.69458
2014-10-27 14:58:00.00000095,8.097873
2014-10-27 14:58:00.000000118,12.460574
2014-10-27 14:58:00.00000098,10.132334
2014-10-27 14:58:00.000000108,14.063137
2014-10-27 14:58:00.00000074,5.3152614
2014-10-27 14:58:00.00000079,16.42944
2014-10-27 14:58:00.000000137,8.172913
2014-10-27 14:58:00.0000001,13.803611
2014-10-27 14:58:00.00000018,6.9674644
2014-10-27 14:58:00.000000142,6.7306743
2014-10-27 14:58:00.00000082,8.069244
2014-10-27 14:58:00.0000008,19.852715
2014-10-27 14:58:00.00000016,7.194514
2014-10-27 14:58:00.000000117,8.85517
2014-10-27 14:58:00.00000048,8.633684
2014-10-27 14:58:00.00000075,6.2486577
2014-10-27 14:58:00.000000112,21.94547
2014-10-27 14:58:00.00000029,5.1501594
2014-10-27 14:58:00.00000058,9.077451
2014-10-27 14:58:00.00000053,13.861554
2014-10-27 14:58:00.00000052,5.2981014
2014-10-27 14:58:00.00000071,13.064973
2014-10-27 14:58:00.00000044,10.4902315
2014-10-27 14:58:00.000000120,7.525852
2014-10-27 14:58:00.00000034,11.537338
2014-10-27 14:58:00.000000105,6.837821
2014-10-27 14:58:00.000000147,8.604771
2014-10-27 14:58:00.00000030,7.3630533
2014-10-27 14:58:00.000000100,7.4047546
2014-10-27 14:58:00.00000086,7.3868923
2014-10-27 14:58:00.00000047,40.81657
2014-10-27 14:58:00.000000107,33.092285
2014-10-27 14:58:00.000000127,29.349548
2014-10-27 14:58:00.000000119,4.9169855
2014-10-27 14:58:00.00000013,35.964718
2014-10-27 14:58:00.00000076,38.13809
2014-10-27 14:58:00.00000085,7.3017416
2014-10-27 14:58:00.00000038,11.149911
2014-10-27 14:58:00.0000004,7.9410443
2014-10-27 14:58:00.00000037,34.258907
2014-10-27 14:58:00.00000041,5.677975
2014-10-27 14:58:00.000000141,5.154098
2014-10-27 14:58:00.000000140,10.078458
2014-10-27 14:58:00.00000042,8.016871
2014-10-27 14:58:00.000000109,7.6547422
2014-10-27 14:58:00.00000077,12.417071
2014-10-27 14:58:00.00000026,19.681116
2014-10-27 14:58:00.000000151,5.2531304
2014-10-27 14:58:00.00000061,8.975704
2014-10-27 14:58:00.000000114,17.208584
2014-10-27 14:58:00.00000021,17.618994
2014-10-27 14:58:00.00000063,6.3994474
2014-10-27 14:58:00.00000072,57.294823
2014-10-27 14:58:00.000000131,8.760761
2014-10-27 14:58:00.0000005,40.588863
2014-10-27 14:58:00.000000110,6.7967677
2014-10-27 14:58:00.00000011,7.5091276
2014-10-27 14:58:00.00000064,6.735114
2014-10-27 14:58:00.00000033,6.040489
2014-10-27 14:58:00.00000091,6.701851
2014-10-27 14:58:00.0000003,15.433048
2014-10-27 14:58:00.00000096,4.634909
2014-10-27 14:58:00.00000051,10.00299
2014-10-27 14:58:00.00000020,8.293194
2014-10-27 14:58:00.000000138,57.312183
2014-10-27 14:58:00.0000002,20.586826
2014-10-27 14:58:00.00000039,11.311625
2014-10-27 14:58:00.00000073,9.725036
2014-10-27 14:58:00.000000116,8.332751
2014-10-27 14:58:00.00000049,8.460687
2014-10-27 14:58:00.00000025,16.190502
2014-10-27 14:58:00.000000133,4.8017216
2014-10-27 14:58:00.00000043,9.27195
2014-10-27 14:58:00.00000055,6.983075
2014-10-27 14:58:00.000000124,35.13728
2014-10-27 14:58:00.00000083,10.685133
2014-10-27 14:58:00.00000010,7.975967
2014-10-27 14:58:00.000000126,6.2330966
2014-10-27 14:58:00.00000017,11.585693
2014-10-27 14:58:00.000000139,11.445736
2014-10-27 14:58:00.00000014,6.4780726
2014-10-27 14:58:00.00000045,7.706375
2014-10-27 14:58:00.000000132,6.6003556
2014-10-27 14:58:00.00000080,40.204018
2014-10-27 14:58:00.00000019,6.9507313
2014-10-27 14:58:00.000000102,14.7646
2014-10-27 14:58:00.00000062,13.75727
2014-10-27 14:58:00.000000122,40.279503
2014-10-27 14:58:00.00000032,16.783365
2014-10-27 14:58:00.00000015,9.881064
2014-10-27 14:58:00.00000084,57.59841
2014-10-27 14:58:00.000000134,7.137393
2014-10-27 14:58:00.00000093,11.249384
2014-10-27 14:58:00.00000068,7.2002525
2014-10-27 14:58:00.00000089,53.245396
2014-10-27 14:58:00.00000027,57.541836
2009-10-08 23:44:56.0000004,16.988716
2009-10-08 23:44:56.0000001,11.317707
2012-11-03 17:11:00.00000035,5.4237065
2012-11-03 17:11:00.000000107,9.236145
2012-11-03 17:11:00.00000069,11.105432
2012-11-03 17:11:00.000000116,13.0376005
2012-11-03 17:11:00.000000145,6.3666077
2012-11-03 17:11:00.00000097,5.824934
2012-11-03 17:11:00.000000119,5.3482337
2012-11-03 17:11:00.000000134,5.059359
2012-11-03 17:11:00.000000137,8.082833
2012-11-03 17:11:00.00000010,17.945065
2012-11-03 17:11:00.000000157,5.4220905
2012-11-03 17:11:00.000000121,20.060457
2012-11-03 17:11:00.00000073,56.431293
2012-11-03 17:11:00.00000062,9.592231
2012-11-03 17:11:00.000000130,6.9501686
2012-11-03 17:11:00.000000141,9.446286
2012-11-03 17:11:00.00000098,11.169909
2012-11-03 17:11:00.00000066,8.463108
2012-11-03 17:11:00.00000036,10.420519
2012-11-03 17:11:00.00000026,7.1052537
2012-11-03 17:11:00.000000110,7.0267687
2012-11-03 17:11:00.00000021,6.750403
2012-11-03 17:11:00.00000040,6.146155
2012-11-03 17:11:00.00000087,12.196927
2012-11-03 17:11:00.00000039,9.480641
2012-11-03 17:11:00.00000033,11.915166
2012-11-03 17:11:00.0000006,6.122693
2012-11-03 17:11:00.00000025,16.235699
2012-11-03 17:11:00.000000129,11.244373
2012-11-03 17:11:00.000000153,12.407845
2012-11-03 17:11:00.000000138,14.217513
2012-11-03 17:11:00.000000143,9.161093
2012-11-03 17:11:00.000000109,7.2281885
2012-11-03 17:11:00.00000042,13.357551
2012-11-03 17:11:00.000000104,25.055714
2012-11-03 17:11:00.0000005,7.6063395
2012-11-03 17:11:00.00000056,55.166798
2012-11-03 17:11:00.00000045,5.054585
2012-11-03 17:11:00.00000034,13.082263
2012-11-03 17:11:00.000000120,10.062648
2012-11-03 17:11:00.000000127,11.075252
2012-11-03 17:11:00.00000022,4.9970746
2012-11-03 17:11:00.0000003,16.66279
2012-11-03 17:11:00.00000084,8.838913
2012-11-03 17:11:00.00000089,11.147667
2012-11-03 17:11:00.00000041,11.72382
2012-11-03 17:11:00.000000108,13.064887
2012-11-03 17:11:00.000000158,7.85657
2012-11-03 17:11:00.000000122,4.3902755
2012-11-03 17:11:00.000000111,22.629879
2012-11-03 17:11:00.00000027,5.7218304
2012-11-03 17:11:00.0000008,10.518308
2012-11-03 17:11:00.000000148,21.805841
2012-11-03 17:11:00.000000144,35.6901
2012-11-03 17:11:00.00000029,10.103022
2012-11-03 17:11:00.00000049,7.050117
2012-11-03 17:11:00.00000011,5.660778
2012-11-03 17:11:00.00000094,17.782175
2012-11-03 17:11:00.000000152,17.164066
2012-11-03 17:11:00.00000051,9.39628
2012-11-03 17:11:00.00000048,7.5821557
2012-11-03 17:11:00.00000043,9.869675
2012-11-03 17:11:00.00000059,9.120097
2012-11-03 17:11:00.00000019,7.313244
2012-11-03 17:11:00.000000135,9.6271305
2012-11-03 17:11:00.00000017,11.798288
2012-11-03 17:11:00.000000146,7.2624865
2012-11-03 17:11:00.00000068,12.111178
2012-11-03 17:11:00.00000092,12.624594
2012-11-03 17:11:00.0000002,21.952055
2012-11-03 17:11:00.000000133,5.933207
2012-11-03 17:11:00.00000038,13.78602
2012-11-03 17:11:00.000000123,7.2936697
2012-11-03 17:11:00.00000015,5.17802
2012-11-03 17:11:00.000000131,5.3289456
2012-11-03 17:11:00.000000112,5.243827
2012-11-03 17:11:00.000000100,7.3825936
2012-11-03 17:11:00.00000095,16.356255
2012-11-03 17:11:00.0000004,6.9881563
2012-11-03 17:11:00.00000047,16.26304
2012-11-03 17:11:00.00000020,29.944288
2012-11-03 17:11:00.000000156,18.004711
2012-11-03 17:11:00.00000014,5.404156
2012-11-03 17:11:00.000000139,9.985972
2012-11-03 17:11:00.000000154,7.021767
2012-11-03 17:11:00.000000151,7.047757
2012-11-03 17:11:00.00000070,9.719716
2012-11-03 17:11:00.00000023,11.425985
2012-11-03 17:11:00.00000065,9.088437
2012-11-03 17:11:00.00000018,8.705183
2012-11-03 17:11:00.00000088,5.506943
2012-11-03 17:11:00.000000140,14.240255
2012-11-03 17:11:00.00000071,8.769178
2009-05-07 13:58:32.0000003,7.7253213
2009-05-07 13:58:32.0000001,7.5106463
2011-12-25 21:26:32.0000001,4.559901
2015-01-12 19:01:00.0000001,13.561458
2015-01-12 19:01:00.0000003,4.519935
2015-01-12 19:01:00.0000004,11.178796
2015-01-12 19:01:00.0000002,6.3444405
2009-10-06 16:09:24.0000001,7.552361
2009-10-06 16:09:24.0000003,7.3170586
2009-10-06 16:09:24.0000002,6.2474666
2009-05-06 01:49:12.0000003,25.877714
2009-05-06 01:49:12.0000005,6.0124855
2009-05-06 01:49:12.0000001,12.00436
2009-05-06 01:49:12.0000006,7.174726
2014-10-07 11:20:56.0000002,38.24807
2014-10-07 11:20:56.0000001,14.065142
2014-10-07 11:20:56.0000003,7.8934946
2009-02-10 15:30:04.0000002,9.5165825
2009-02-10 15:30:04.0000001,10.66738
2013-09-28 00:06:20.0000004,17.010223
2013-09-28 00:06:20.0000001,18.269566
2013-09-28 00:06:20.0000009,16.188425
2013-09-28 00:06:20.0000008,12.291212
2013-09-28 00:06:20.0000007,6.157936
2013-09-28 00:06:20.0000006,12.808128
2013-09-28 00:06:20.0000002,13.176147
2013-07-18 08:25:04.0000001,8.7333355
2013-07-18 08:25:04.0000002,6.005581
2013-07-18 08:25:04.0000003,9.125707
2011-03-11 01:44:00.00000010,7.336337
2011-03-11 01:44:00.00000070,6.7427244
2011-03-11 01:44:00.00000088,24.69232
2011-03-11 01:44:00.00000063,13.414829
2011-03-11 01:44:00.00000058,15.270407
2011-03-11 01:44:00.00000086,16.919786
2011-03-11 01:44:00.00000053,5.705401
2011-03-11 01:44:00.00000094,10.563321
2011-03-11 01:44:00.00000069,4.7417016
2011-03-11 01:44:00.00000061,13.3913765
2011-03-11 01:44:00.0000008,4.42952
2011-03-11 01:44:00.0000002,13.932416
2011-03-11 01:44:00.00000050,4.146924
2011-03-11 01:44:00.00000068,8.634521
2011-03-11 01:44:00.00000018,8.834416
2011-03-11 01:44:00.00000079,13.583785
2011-03-11 01:44:00.00000037,4.8419533
2011-03-11 01:44:00.00000015,7.238135
2011-03-11 01:44:00.00000071,4.618569
2011-03-11 01:44:00.00000054,13.898364
2011-03-11 01:44:00.00000080,4.255073
2011-03-11 01:44:00.00000078,7.664632
2011-03-11 01:44:00.00000055,6.2960057
2011-03-11 01:44:00.00000026,17.94688
2011-03-11 01:44:00.00000045,11.483013
2011-03-11 01:44:00.00000013,5.9504457
2011-03-11 01:44:00.0000007,26.204708
2011-03-11 01:44:00.00000024,4.438953
2011-03-11 01:44:00.00000093,4.652592
2011-03-11 01:44:00.00000089,7.99689
2011-03-11 01:44:00.00000022,9.281206
2011-03-11 01:44:00.00000020,4.428946
2011-03-11 01:44:00.00000025,3.8925064
2011-03-11 01:44:00.00000090,22.022917
2011-03-11 01:44:00.00000087,15.364043
2011-03-11 01:44:00.00000017,11.704545
2011-03-11 01:44:00.00000031,23.29026
2011-03-11 01:44:00.00000048,11.965443
2011-03-11 01:44:00.00000076,18.508076
2011-03-11 01:44:00.00000012,13.494755
2011-03-11 01:44:00.00000066,9.108513
2011-03-11 01:44:00.0000001,6.0563254
2011-03-11 01:44:00.00000091,12.726731
2011-03-11 01:44:00.00000043,8.8947735
2011-03-11 01:44:00.00000060,6.8640513
2011-03-11 01:44:00.00000049,11.065902
2011-03-11 01:44:00.00000073,6.4139185
2011-03-11 01:44:00.0000004,12.114438
2013-12-16 19:06:44.0000002,7.1156693
2013-12-18 03:49:24.0000001,8.354619
2013-08-05 19:04:36.0000002,9.570489
2013-08-05 19:04:36.0000001,7.3889174
2009-05-08 18:00:36.0000002,5.2765903
2013-01-27 00:09:12.0000002,12.441744
2013-01-27 00:09:12.0000006,7.091042
2013-01-27 00:09:12.0000009,8.700302
2013-01-27 00:09:12.0000001,5.5384717
2013-01-27 00:09:12.0000004,8.640735
2013-01-27 00:09:12.0000007,13.378579
2013-01-27 00:09:12.0000005,7.6511335
2012-06-18 22:51:56.0000002,5.594061
2012-06-18 22:51:56.0000001,4.1217375
2011-06-20 09:55:24.0000004,10.063553
2011-06-20 09:55:24.0000003,5.4862
2011-06-20 09:55:24.0000001,8.146633
2011-06-20 09:55:24.0000002,4.7332263
2011-06-20 09:55:24.0000005,7.8115296
2015-02-22 09:48:32.0000002,8.320412
2015-02-22 09:48:32.0000001,17.562218
2015-02-22 09:48:32.0000003,20.609673
2010-08-25 23:40:32.0000001,11.130424
2012-01-07 11:21:56.0000002,12.454858
2012-10-31 12:17:24.0000003,10.126091
2012-10-31 12:17:24.0000001,6.1144104
2012-10-20 02:05:08.0000001,13.944323
2012-10-20 02:05:08.0000002,5.898727
2012-05-06 08:52:08.0000001,10.979388
2014-10-11 15:11:24.0000002,6.882133
2014-10-11 15:11:24.0000004,43.55397
2014-10-11 15:11:24.0000005,15.236651
2014-10-11 15:11:24.0000006,36.108883
2014-10-11 15:11:24.0000001,7.569059
2009-08-17 12:27:08.0000004,6.470225
2009-08-17 12:27:08.0000001,19.037937
2009-08-17 12:27:08.0000003,6.4549913
2011-10-28 07:45:04.0000001,15.405216
2011-10-28 07:45:04.0000003,6.839225
2011-10-28 07:45:04.0000002,4.476863
2014-04-09 09:23:12.0000003,8.533322
2014-04-09 09:23:12.0000005,7.932884
2014-04-09 09:23:12.0000002,10.191042
2014-04-09 09:23:12.0000001,11.4616585
2013-09-15 02:37:52.0000001,11.776301
2013-09-15 02:37:52.0000003,10.2565
2009-11-25 19:32:52.0000005,13.328583
2009-11-25 19:32:52.0000002,10.794676
2009-11-25 19:32:52.0000003,15.84926
2014-05-30 00:09:16.0000002,12.216954
2014-05-30 00:09:16.0000005,10.811986
2014-05-30 00:09:16.0000003,5.6377897
2014-05-30 00:09:16.0000004,5.899762
2014-05-30 00:09:16.0000001,11.101511
2013-10-24 14:18:20.0000001,5.011804
2013-10-24 14:18:20.0000002,8.103836
2013-10-24 14:18:20.0000003,13.983556
2014-06-07 22:07:12.0000002,15.91007
2014-06-07 22:07:12.0000001,13.102842
2013-01-07 17:08:32.0000003,7.392078
2013-01-07 17:08:32.0000001,6.1503863
2010-08-11 00:12:08.0000001,5.635152
2011-10-04 09:37:00.0000007,7.7799263
2011-10-04 09:37:00.00000092,6.957341
2011-10-04 09:37:00.000000150,6.660389
2011-10-04 09:37:00.00000010,5.6111865
2011-10-04 09:37:00.00000065,32.534176
2011-10-04 09:37:00.000000151,6.8649764
2011-10-04 09:37:00.00000089,5.145796
2011-10-04 09:37:00.000000120,7.8826294
2011-10-04 09:37:00.0000009,5.6502547
2011-10-04 09:37:00.000000110,6.0022016
2011-10-04 09:37:00.00000098,14.568234
2011-10-04 09:37:00.00000011,4.2354155
2011-10-04 09:37:00.00000042,7.3550444
2011-10-04 09:37:00.00000024,8.201845
2011-10-04 09:37:00.000000188,15.915057
2011-10-04 09:37:00.00000071,10.902909
2011-10-04 09:37:00.000000168,11.467784
2011-10-04 09:37:00.000000159,9.486461
2011-10-04 09:37:00.000000171,10.658753
2011-10-04 09:37:00.000000129,7.3079376
2011-10-04 09:37:00.000000186,5.5405464
2011-10-04 09:37:00.000000123,13.735179
2011-10-04 09:37:00.00000020,4.7808676
2011-10-04 09:37:00.00000033,4.1402435
2011-10-04 09:37:00.00000058,12.617997
2011-10-04 09:37:00.00000068,10.096155
2011-10-04 09:37:00.000000131,5.4675155
2011-10-04 09:37:00.000000178,35.68315
2011-10-04 09:37:00.000000103,32.83329
2011-10-04 09:37:00.00000026,9.209452
2011-10-04 09:37:00.000000115,8.802857
2011-10-04 09:37:00.00000059,35.40214
2011-10-04 09:37:00.00000090,14.466422
2011-10-04 09:37:00.00000063,6.853302
2011-10-04 09:37:00.000000169,4.1296983
2011-10-04 09:37:00.00000066,9.935584
2011-10-04 09:37:00.000000181,3.9970357
2011-10-04 09:37:00.00000018,4.599458
2011-10-04 09:37:00.000000112,5.9205923
2011-10-04 09:37:00.00000094,10.067048
2011-10-04 09:37:00.0000001,6.451482
2011-10-04 09:37:00.000000139,11.121607
2011-10-04 09:37:00.000000152,10.606337
2011-10-04 09:37:00.000000187,5.007748
2011-10-04 09:37:00.00000070,6.27789
2011-10-04 09:37:00.00000050,5.4252663
2011-10-04 09:37:00.0000004,6.7160563
2011-10-04 09:37:00.000000153,12.991105
2011-10-04 09:37:00.00000076,26.044043
2011-10-04 09:37:00.00000079,33.35669
2011-10-04 09:37:00.000000146,6.745032
2011-10-04 09:37:00.000000192,9.165584
2011-10-04 09:37:00.000000172,10.441357
2011-10-04 09:37:00.000000154,7.337091
2011-10-04 09:37:00.000000124,9.011419
2011-10-04 09:37:00.000000142,6.3909607
2011-10-04 09:37:00.000000167,9.639242
2011-10-04 09:37:00.00000048,10.961417
2011-10-04 09:37:00.00000074,13.202293
2011-10-04 09:37:00.000000193,8.556564
2011-10-04 09:37:00.000000166,6.610182
2011-10-04 09:37:00.000000147,5.7707458
2011-10-04 09:37:00.000000189,7.0018916
2011-10-04 09:37:00.0000008,7.0795903
2011-10-04 09:37:00.000000125,6.984167
2011-10-04 09:37:00.00000051,5.3442135
2011-10-04 09:37:00.000000173,8.622828
2011-10-04 09:37:00.00000096,11.667717
2011-10-04 09:37:00.000000174,6.2712803
2011-10-04 09:37:00.000000130,8.259833
2011-10-04 09:37:00.00000016,6.166015
2011-10-04 09:37:00.000000145,6.8301034
2011-10-04 09:37:00.000000140,8.246251
2011-10-04 09:37:00.00000040,31.068419
2011-10-04 09:37:00.000000118,10.890824
2011-10-04 09:37:00.00000081,7.6650133
2011-10-04 09:37:00.000000175,10.600763
2011-10-04 09:37:00.00000072,10.621799
2011-10-04 09:37:00.000000143,5.858498
2011-10-04 09:37:00.000000104,5.8991246
2011-10-04 09:37:00.00000053,7.150073
2011-10-04 09:37:00.00000084,4.7311816
2011-10-04 09:37:00.00000030,9.841515
2011-10-04 09:37:00.000000100,6.280864
2011-10-04 09:37:00.000000105,8.724185
2011-10-04 09:37:00.00000041,5.373356
2011-10-04 09:37:00.00000091,12.365323
2011-10-04 09:37:00.00000078,7.0171695
2011-10-04 09:37:00.000000197,6.9555173
2011-10-04 09:37:00.000000119,9.162649
2011-10-04 09:37:00.000000161,8.993536
2011-10-04 09:37:00.00000039,6.3742027
2011-10-04 09:37:00.00000086,6.954567
2011-10-04 09:37:00.000000195,9.781375
2011-10-04 09:37:00.000000182,6.85114
2011-10-04 09:37:00.000000133,6.8807726
2011-10-04 09:37:00.00000029,8.828158
2011-10-04 09:37:00.000000144,6.0931654
2011-10-04 09:37:00.000000128,6.6478868
2011-10-04 09:37:00.00000027,9.058502
2011-10-04 09:37:00.00000032,6.1033244
2011-10-04 09:37:00.00000073,9.699764
2011-10-04 09:37:00.00000083,9.65351
2011-10-04 09:37:00.00000021,6.483264
2011-10-04 09:37:00.000000137,5.1346936
2011-10-04 09:37:00.00000087,48.940403
2011-10-04 09:37:00.00000060,32.877502
2011-10-04 09:37:00.000000138,9.017245
2011-10-04 09:37:00.00000046,10.239325
2011-10-04 09:37:00.00000075,9.605931
2011-10-04 09:37:00.000000198,5.716663
2011-10-04 09:37:00.000000121,10.260692
2011-10-04 09:37:00.000000116,5.1413536
2011-10-04 09:37:00.000000117,7.089746
2011-10-04 09:37:00.00000097,13.800861
2011-10-04 09:37:00.00000012,4.771778
2011-10-04 09:37:00.00000093,32.46927
2011-10-04 09:37:00.000000101,6.328835
2011-10-04 09:37:00.00000082,19.430809
2011-10-04 09:37:00.000000126,4.194816
2011-10-04 09:37:00.00000035,10.235325
2011-10-04 09:37:00.000000127,15.405109
2011-10-04 09:37:00.000000156,5.376701
2014-04-29 08:15:56.0000002,6.6528015
2014-04-29 08:15:56.0000001,7.993685
2012-10-23 14:15:04.0000003,14.237383
2012-10-23 14:15:04.0000004,16.10292
2012-10-23 14:15:04.0000001,7.2006316
2012-08-31 08:01:16.0000001,6.959883
2012-10-18 21:06:20.0000003,11.473616
2012-10-18 21:06:20.0000006,57.329807
2012-10-18 21:06:20.0000002,8.149554
2012-10-18 21:06:20.0000005,9.348629
2012-10-18 21:06:20.0000004,9.572314
2012-10-18 21:06:20.0000008,10.092162
2012-10-18 21:06:20.00000010,7.950401
2012-10-18 21:06:20.0000001,34.01601
2014-02-26 04:36:28.0000001,16.360355
2010-02-20 00:43:28.0000002,7.6898108
2010-02-20 00:43:28.0000004,19.578465
2010-02-20 00:43:28.0000003,8.626602
2010-02-20 00:43:28.0000001,11.776917
2009-08-21 08:00:48.0000002,7.941717
2009-08-21 08:00:48.0000001,7.1863465
2009-08-21 08:00:48.0000003,8.001063
2014-12-24 03:00:00.00000034,6.8817873
2014-12-24 03:00:00.00000013,27.435202
2014-12-24 03:00:00.0000001,15.0954275
2014-12-24 03:00:00.00000032,7.243281
2014-12-24 03:00:00.0000006,5.256407
2014-12-24 03:00:00.00000037,6.3715205
2014-12-24 03:00:00.00000012,10.434052
2014-12-24 03:00:00.00000023,22.56062
2014-12-24 03:00:00.00000041,4.7746296
2014-12-24 03:00:00.0000008,7.6710963
2014-12-24 03:00:00.00000024,13.474523
2014-12-24 03:00:00.00000038,7.1928596
2014-12-24 03:00:00.0000009,6.6959395
2014-12-24 03:00:00.00000018,14.431984
2014-12-24 03:00:00.00000011,24.59144
2014-12-24 03:00:00.00000021,11.481845
2014-12-24 03:00:00.00000030,7.823869
2014-12-24 03:00:00.00000010,5.6226997
2014-12-24 03:00:00.0000004,9.059963
2014-12-24 03:00:00.00000022,13.276689
2014-12-24 03:00:00.00000028,6.529442
2012-08-19 12:46:40.0000003,14.004783
2012-08-19 12:46:40.0000002,4.732335
2012-08-19 12:46:40.0000001,8.120332
2013-12-02 17:53:24.0000003,12.500986
2013-12-02 17:53:24.0000001,11.552957
2013-12-02 17:53:24.0000002,11.307843
2011-11-07 18:53:08.0000002,9.65279
2011-11-07 18:53:08.0000001,12.789923
2009-05-16 23:36:24.0000001,8.544086
2009-05-16 23:36:24.0000002,5.5056615
2011-01-10 10:56:56.0000003,7.305844
2011-01-10 10:56:56.0000002,30.483507
2011-01-10 10:56:56.0000001,5.573505
2010-10-07 10:54:20.0000002,7.515941
2010-10-07 10:54:20.0000005,14.74257
2010-10-07 10:54:20.0000001,5.9866505
2010-10-07 10:54:20.0000004,7.756432
2011-02-21 20:11:08.0000001,7.819891
2011-02-21 20:11:08.0000005,6.5641875
2011-02-21 20:11:08.0000002,9.347966
2011-02-21 20:11:08.0000003,7.2992144
2011-02-21 20:11:08.0000004,36.50949
2009-10-04 22:54:56.0000003,7.9275017
2015-04-11 20:31:32.0000007,5.729058
2015-04-11 20:31:32.00000012,5.8379316
2015-04-11 20:31:32.0000003,34.273262
2015-04-11 20:31:32.0000006,11.650378
2015-04-11 20:31:32.0000002,22.727732
2015-04-11 20:31:32.0000009,11.585769
2015-04-11 20:31:32.00000010,4.98504
2015-04-11 20:31:32.0000001,7.959231
2012-04-02 02:53:24.0000001,12.552212
2014-04-21 16:00:36.0000001,5.832214
2014-04-21 16:00:36.0000003,10.043664
2014-04-21 16:00:36.0000002,5.0514545
2012-03-22 21:11:36.0000006,13.026463
2012-03-22 21:11:36.0000008,7.697512
2012-03-22 21:11:36.0000005,10.555101
2012-03-22 21:11:36.0000001,10.142847
2012-03-22 21:11:36.0000004,4.68206
2012-03-22 21:11:36.0000007,5.223251
2012-03-22 21:11:36.0000002,8.5755625
2012-03-22 21:11:36.0000003,20.938942
2011-04-08 00:57:44.0000001,5.068225
2011-02-20 12:31:04.0000001,9.384168
2011-02-20 12:31:04.0000003,3.9588084
2011-02-06 17:08:24.0000004,16.755379
2011-02-06 17:08:24.0000002,7.0147247
2011-02-06 17:08:24.0000001,9.018334
2013-01-01 22:04:56.0000001,8.386228
2013-04-23 17:52:44.0000001,17.120773
2013-04-23 17:52:44.0000002,5.9904914
2013-07-02 21:47:24.0000003,4.869662
2013-07-02 21:47:24.0000002,15.800096
2013-07-02 21:47:24.0000001,18.45839
2010-01-01 13:19:40.0000002,17.603437
2010-01-01 13:19:40.0000005,8.882048
2010-01-01 13:19:40.0000001,9.240031
2010-01-01 13:19:40.0000003,60.17569
2013-04-26 20:41:16.0000001,7.3030443
2010-03-06 23:51:08.0000002,13.284188
2010-03-06 23:51:08.0000001,8.358038
2014-04-17 16:58:28.0000001,9.677024
2014-04-17 16:58:28.0000002,12.492266
2014-01-06 16:39:16.0000001,27.065884
2015-02-12 05:37:56.0000002,4.7382793
2011-12-22 01:00:08.0000001,15.014777
2011-12-22 01:00:08.0000002,7.307569
2011-08-20 17:04:24.0000001,5.2421165
2011-06-30 13:07:36.0000001,5.969735
2011-06-30 13:07:36.0000005,10.348044
2011-06-30 13:07:36.0000002,7.379987
2011-06-30 13:07:36.0000004,7.354395
2011-06-30 13:07:36.0000003,9.275602
2014-04-27 02:57:00.000000100,4.2299805
2014-04-27 02:57:00.000000130,5.8068366
2014-04-27 02:57:00.000000109,33.418217
2014-04-27 02:57:00.00000096,19.420694
2014-04-27 02:57:00.00000063,15.315905
2014-04-27 02:57:00.000000177,7.4556417
2014-04-27 02:57:00.000000132,19.921654
2014-04-27 02:57:00.000000170,19.177645
2014-04-27 02:57:00.00000021,13.87565
2014-04-27 02:57:00.000000136,12.200664
2014-04-27 02:57:00.00000032,11.556958
2014-04-27 02:57:00.000000107,5.8469753
2014-04-27 02:57:00.00000028,37.357124
2014-04-27 02:57:00.00000026,16.985182
2014-04-27 02:57:00.000000139,7.8712463
2014-04-27 02:57:00.00000015,22.065825
2014-04-27 02:57:00.00000095,4.493594
2014-04-27 02:57:00.000000105,23.76392
2014-04-27 02:57:00.000000196,10.32303
2014-04-27 02:57:00.0000001,4.928065
2014-04-27 02:57:00.000000175,13.330194
2014-04-27 02:57:00.000000188,17.0371
2014-04-27 02:57:00.00000051,14.724658
2014-04-27 02:57:00.00000055,7.2002883
2014-04-27 02:57:00.00000016,15.216915
2014-04-27 02:57:00.000000169,7.6240034
2014-04-27 02:57:00.00000086,13.4377
2014-04-27 02:57:00.000000148,15.387333
2014-04-27 02:57:00.00000087,17.497318
2014-04-27 02:57:00.00000027,16.447367
2014-04-27 02:57:00.000000120,20.777145
2014-04-27 02:57:00.00000068,4.7274184
2014-04-27 02:57:00.00000099,7.682675
2014-04-27 02:57:00.000000193,9.009698
2014-04-27 02:57:00.00000081,21.411747
2014-04-27 02:57:00.000000135,22.539248
2014-04-27 02:57:00.000000181,6.069349
2014-04-27 02:57:00.00000020,5.5115137
2014-04-27 02:57:00.000000157,22.128504
2014-04-27 02:57:00.00000079,20.929163
2014-04-27 02:57:00.00000019,7.2464123
2014-04-27 02:57:00.000000126,13.911546
2014-04-27 02:57:00.0000002,4.923309
2014-04-27 02:57:00.00000062,9.857101
2014-04-27 02:57:00.00000085,12.956243
2014-04-27 02:57:00.00000014,16.058456
2014-04-27 02:57:00.000000161,11.436477
2014-04-27 02:57:00.00000084,14.529233
2014-04-27 02:57:00.000000122,18.480816
2014-04-27 02:57:00.000000111,7.8796687
2014-04-27 02:57:00.000000113,10.192585
2014-04-27 02:57:00.00000071,9.742476
2014-04-27 02:57:00.00000077,11.696354
2014-04-27 02:57:00.000000134,46.1681
2014-04-27 02:57:00.000000103,11.6507
2014-04-27 02:57:00.000000102,14.252614
2014-04-27 02:57:00.000000160,22.415926
2014-04-27 02:57:00.00000042,4.605927
2014-04-27 02:57:00.00000054,7.7666802
2014-04-27 02:57:00.00000049,13.920014
2014-04-27 02:57:00.000000147,11.176782
2014-04-27 02:57:00.00000045,8.876507
2014-04-27 02:57:00.0000003,20.606617
2014-04-27 02:57:00.000000182,8.166036
2014-04-27 02:57:00.000000180,9.292799
2014-04-27 02:57:00.00000038,22.92466
2014-04-27 02:57:00.0000005,9.370435
2014-04-27 02:57:00.000000108,4.4834766
2014-04-27 02:57:00.00000092,6.411003
2014-04-27 02:57:00.000000192,5.7896156
2014-04-27 02:57:00.000000165,6.387698
2014-04-27 02:57:00.000000115,10.611466
2014-04-27 02:57:00.00000029,9.507695
2014-04-27 02:57:00.00000050,5.725417
2014-04-27 02:57:00.000000119,7.861435
2014-04-27 02:57:00.00000011,15.686748
2014-04-27 02:57:00.000000114,6.959929
2014-04-27 02:57:00.000000190,13.696976
2014-04-27 02:57:00.00000061,10.904565
2014-04-27 02:57:00.00000098,10.2711525
2014-04-27 02:57:00.00000040,7.0915685
2014-04-27 02:57:00.000000117,19.033066
2014-04-27 02:57:00.000000150,7.529061
2014-04-27 02:57:00.00000035,8.259988
2014-04-27 02:57:00.00000022,17.48787
2014-04-27 02:57:00.000000146,7.3488913
2014-04-27 02:57:00.00000018,9.614387
2014-04-27 02:57:00.00000041,12.749657
2014-04-27 02:57:00.00000089,18.344915
2014-04-27 02:57:00.00000088,8.103216
2014-04-27 02:57:00.000000101,10.167101
2014-04-27 02:57:00.00000058,25.395262
2014-04-27 02:57:00.00000030,8.1149235
2014-04-27 02:57:00.000000156,13.33214
2014-04-27 02:57:00.00000024,8.4963255
2014-04-27 02:57:00.000000163,7.9483633
2014-04-27 02:57:00.000000152,13.050204
2014-04-27 02:57:00.00000037,6.047208
2014-04-27 02:57:00.00000065,5.3467507
2014-04-27 02:57:00.0000006,24.512142
2014-04-27 02:57:00.00000060,9.263486
2014-04-27 02:57:00.000000110,7.2987833
2014-04-27 02:57:00.00000034,5.704783
2014-04-27 02:57:00.000000149,27.590528
2014-04-27 02:57:00.000000176,4.4443774
2014-04-27 02:57:00.000000184,6.4811797
2014-04-27 02:57:00.000000118,7.161558
2014-04-27 02:57:00.000000186,14.144015
2014-04-27 02:57:00.000000104,10.971301
2014-04-27 02:57:00.00000080,25.170147
2014-04-27 02:57:00.000000121,8.083117
2014-04-27 02:57:00.00000093,6.9552407
2014-04-27 02:57:00.00000056,12.204377
2014-04-27 02:57:00.00000044,14.488407
2014-04-27 02:57:00.00000048,8.104546
2014-04-27 02:57:00.00000059,15.290065
2014-04-27 02:57:00.000000194,19.59859
2014-04-27 02:57:00.000000185,21.95683
2014-04-27 02:57:00.000000125,18.58466
2014-04-27 02:57:00.00000046,11.926758
2014-04-27 02:57:00.00000070,18.167866
2014-04-27 02:57:00.000000133,13.497372
2011-01-18 10:26:40.0000003,4.689257
2011-01-18 10:26:40.0000002,8.574665
2012-04-20 07:57:20.0000001,9.559253
2012-04-20 07:57:20.0000004,5.3614745
2012-04-20 07:57:20.0000003,5.915018
2012-04-20 07:57:20.0000002,4.696963
2011-12-13 22:00:00.00000071,12.652697
2011-12-13 22:00:00.000000178,4.41783
2011-12-13 22:00:00.00000016,7.355661
2011-12-13 22:00:00.000000127,6.938055
2011-12-13 22:00:00.00000065,4.308301
2011-12-13 22:00:00.000000227,4.278848
2011-12-13 22:00:00.000000257,5.993381
2011-12-13 22:00:00.000000238,7.567953
2011-12-13 22:00:00.0000008,8.175281
2011-12-13 22:00:00.000000252,5.151912
2011-12-13 22:00:00.000000204,12.650904
2011-12-13 22:00:00.000000120,9.648838
2011-12-13 22:00:00.000000175,4.173439
2011-12-13 22:00:00.00000010,12.137545
2011-12-13 22:00:00.00000048,6.403503
2011-12-13 22:00:00.000000189,4.521979
2011-12-13 22:00:00.00000011,4.9815774
2011-12-13 22:00:00.000000247,7.468309
2011-12-13 22:00:00.000000261,4.225096
2011-12-13 22:00:00.0000004,11.88992
2011-12-13 22:00:00.00000014,11.5411215
2011-12-13 22:00:00.000000151,36.24082
2011-12-13 22:00:00.00000025,6.1874604
2011-12-13 22:00:00.00000039,9.893633
2011-12-13 22:00:00.000000179,7.330573
2011-12-13 22:00:00.000000137,11.05259
2011-12-13 22:00:00.00000091,15.05018
2011-12-13 22:00:00.000000109,5.462605
2011-12-13 22:00:00.000000174,8.276546
2011-12-13 22:00:00.000000225,16.106314
2011-12-13 22:00:00.000000207,6.427445
2011-12-13 22:00:00.000000269,24.42247
2011-12-13 22:00:00.000000234,7.0082483
2011-12-13 22:00:00.00000017,6.7155123
2011-12-13 22:00:00.00000046,6.0253596
2011-12-13 22:00:00.00000057,12.614097
2011-12-13 22:00:00.000000105,8.046414
2011-12-13 22:00:00.000000114,15.000709
2011-12-13 22:00:00.00000030,5.0879836
2011-12-13 22:00:00.000000100,6.3919344
2011-12-13 22:00:00.00000088,14.394452
2011-12-13 22:00:00.000000242,7.911443
2011-12-13 22:00:00.000000113,6.850555
2011-12-13 22:00:00.000000157,11.11582
2011-12-13 22:00:00.000000177,11.969487
2011-12-13 22:00:00.000000169,8.577621
2011-12-13 22:00:00.000000123,4.1240096
2011-12-13 22:00:00.000000182,30.42689
2011-12-13 22:00:00.000000129,7.2530246
2011-12-13 22:00:00.000000136,24.629444
2011-12-13 22:00:00.000000187,5.821586
2011-12-13 22:00:00.000000218,8.08794
2011-12-13 22:00:00.000000167,25.291927
2011-12-13 22:00:00.000000192,8.906134
2011-12-13 22:00:00.00000024,5.950609
2011-12-13 22:00:00.00000093,10.755363
2011-12-13 22:00:00.000000260,4.6073065
2011-12-13 22:00:00.00000038,4.1667976
2011-12-13 22:00:00.000000208,6.7964272
2011-12-13 22:00:00.000000210,5.9291134
2011-12-13 22:00:00.000000181,6.3313813
2011-12-13 22:00:00.000000111,10.144135
2011-12-13 22:00:00.000000161,15.277236
2011-12-13 22:00:00.000000209,4.7022614
2011-12-13 22:00:00.00000029,6.702888
2011-12-13 22:00:00.00000067,4.9263496
2011-12-13 22:00:00.000000202,5.222136
2011-12-13 22:00:00.000000245,9.022146
2011-12-13 22:00:00.000000206,8.976185
2011-12-13 22:00:00.0000003,6.3581967
2011-12-13 22:00:00.00000060,13.716103
2011-12-13 22:00:00.00000053,5.1034365
2011-12-13 22:00:00.000000201,10.083653
2011-12-13 22:00:00.000000212,10.4906225
2011-12-13 22:00:00.000000235,14.980887
2011-12-13 22:00:00.000000170,24.721952
2011-12-13 22:00:00.000000253,4.4030666
2011-12-13 22:00:00.000000172,17.392643
2011-12-13 22:00:00.00000086,4.3286552
2011-12-13 22:00:00.000000223,40.665306
2011-12-13 22:00:00.0000009,11.10098
2011-12-13 22:00:00.00000031,11.135619
2011-12-13 22:00:00.000000243,9.648439
2011-12-13 22:00:00.000000133,9.95527
2011-12-13 22:00:00.000000199,8.099663
2011-12-13 22:00:00.000000104,25.529694
2011-12-13 22:00:00.00000023,49.032063
2011-12-13 22:00:00.00000075,33.54749
2011-12-13 22:00:00.000000217,4.938376
2011-12-13 22:00:00.000000220,7.4924555
2011-12-13 22:00:00.000000211,4.6161003
2011-12-13 22:00:00.000000150,8.346577
2011-12-13 22:00:00.00000020,6.9600997
2011-12-13 22:00:00.000000254,8.024091
2011-12-13 22:00:00.000000183,7.5428233
2011-12-13 22:00:00.000000166,12.454607
2011-12-13 22:00:00.00000063,6.7353473
2011-12-13 22:00:00.000000124,5.1721306
2011-12-13 22:00:00.000000219,8.486814
2011-12-13 22:00:00.00000099,13.629494
2011-12-13 22:00:00.00000041,6.6403193
2011-12-13 22:00:00.00000080,9.8638
2011-12-13 22:00:00.000000216,24.506796
2011-12-13 22:00:00.000000240,4.7938275
2011-12-13 22:00:00.000000153,7.1903496
2011-12-13 22:00:00.00000068,4.058853
2011-12-13 22:00:00.000000263,9.069469
2011-12-13 22:00:00.00000061,11.982042
2011-12-13 22:00:00.000000162,6.098717
2011-12-13 22:00:00.00000045,5.6111636
2011-12-13 22:00:00.000000193,4.6412845
2011-12-13 22:00:00.000000112,28.414898
2011-12-13 22:00:00.000000165,5.5010414
2011-12-13 22:00:00.000000255,11.578469
2011-12-13 22:00:00.000000106,29.33649
2011-12-13 22:00:00.000000125,13.075891
2011-12-13 22:00:00.000000250,8.016981
2011-12-13 22:00:00.0000006,5.965654
2011-12-13 22:00:00.00000090,4.6405654
2011-12-13 22:00:00.00000055,5.0064154
2011-12-13 22:00:00.000000188,9.072879
2011-12-13 22:00:00.000000259,13.866298
2011-12-13 22:00:00.000000142,13.858888
2011-12-13 22:00:00.000000155,6.6484776
2011-12-13 22:00:00.00000082,4.7515903
2011-12-13 22:00:00.00000069,7.511007
2011-12-13 22:00:00.00000097,11.481139
2011-12-13 22:00:00.000000107,28.33451
2011-12-13 22:00:00.000000126,6.1055446
2011-12-13 22:00:00.00000012,9.43439
2011-12-13 22:00:00.000000158,6.7768273
2011-12-13 22:00:00.000000196,7.0666676
2011-12-13 22:00:00.000000132,24.576931
2011-12-13 22:00:00.000000244,5.78102
2011-12-13 22:00:00.000000268,8.539839
2011-12-13 22:00:00.00000064,5.7736373
2011-12-13 22:00:00.000000159,10.637427
2011-12-13 22:00:00.000000163,21.937916
2011-12-13 22:00:00.000000232,16.614483
2011-12-13 22:00:00.0000007,9.965984
2011-12-13 22:00:00.00000054,4.4960933
2011-12-13 22:00:00.000000230,15.453387
2011-12-13 22:00:00.000000256,6.3984704
2011-12-13 22:00:00.000000146,6.7539496
2011-12-13 22:00:00.000000265,8.362948
2011-12-13 22:00:00.00000076,6.448379
2011-12-13 22:00:00.00000062,17.91784
2011-12-13 22:00:00.00000032,6.0066347
2011-12-13 22:00:00.000000213,4.875945
2011-12-13 22:00:00.00000083,13.941168
2011-12-13 22:00:00.00000026,10.438294
2011-12-13 22:00:00.000000239,12.214771
2011-12-13 22:00:00.000000233,10.126746
2011-12-13 22:00:00.00000089,7.8896556
2011-12-13 22:00:00.000000267,6.6429086
2011-12-13 22:00:00.000000176,7.927712
2011-12-13 22:00:00.000000139,4.928856
2011-12-13 22:00:00.00000027,4.6122165
2011-12-13 22:00:00.00000042,8.682903
2011-12-13 22:00:00.000000241,12.173994
2011-12-13 22:00:00.000000222,7.5582876
2012-03-12 09:50:24.0000001,8.31705
2012-03-12 09:50:24.0000003,6.263935
2012-03-12 09:50:24.0000002,6.3314586
2014-05-13 07:33:52.0000006,5.433505
2014-05-13 07:33:52.0000004,6.3521943
2014-05-13 07:33:52.0000001,9.558709
2014-05-13 07:33:52.0000002,5.1998568
2014-05-13 07:33:52.0000003,14.10892
2011-06-30 09:37:08.0000002,9.739243
2011-06-30 09:37:08.0000003,4.36325
2012-09-18 17:13:40.0000002,6.978148
2012-09-18 17:13:40.0000001,6.7107024
2011-06-07 12:11:56.0000004,17.298523
2011-06-07 12:11:56.0000001,12.716431
2011-06-07 12:11:56.0000003,29.00849
2011-06-07 12:11:56.0000002,5.343179
2011-06-07 12:11:56.0000005,6.5870757
2010-05-21 23:04:44.0000002,18.927202
2010-05-21 23:04:44.0000001,14.781999
2009-01-28 16:36:28.0000002,6.6402473
2009-01-28 16:36:28.0000003,46.195335
2009-01-28 16:36:28.0000005,6.156868
2009-01-28 16:36:28.0000006,10.097918
2009-01-28 16:36:28.0000001,5.5310802
2012-03-12 02:58:56.0000001,14.350847
2010-07-21 22:06:12.0000005,7.930301
2010-07-21 22:06:12.0000003,6.167749
2010-07-21 22:06:12.0000001,24.673588
2010-07-21 22:06:12.0000002,10.782952
2009-04-12 16:00:56.0000001,11.796735
2013-05-24 13:37:32.0000001,7.4669824
2011-07-29 20:50:36.0000001,12.153685
2011-07-29 20:50:36.0000003,25.65136
2011-07-29 20:50:36.0000002,4.7860093
2014-03-05 21:07:12.0000003,12.787488
2014-03-05 21:07:12.0000004,7.9435124
2009-11-28 15:07:24.0000004,46.445137
2009-11-28 15:07:24.0000001,9.3636465
2009-11-28 15:07:24.0000003,5.921108
2015-04-11 14:16:12.0000003,7.25765
2015-04-11 14:16:12.00000010,5.1255383
2015-04-11 14:16:12.00000011,5.9840484
2015-04-11 14:16:12.0000001,7.900545
2015-04-11 14:16:12.0000002,6.642697
2015-04-11 14:16:12.0000006,56.891525
2015-04-11 14:16:12.0000007,5.7649503
2015-04-11 14:16:12.0000008,9.570605
2014-11-15 10:57:20.0000002,4.5756598
2014-11-15 10:57:20.0000001,7.373291
2010-07-31 15:47:28.0000001,4.8060384
2014-05-12 20:56:48.0000005,5.0013328
2014-05-12 20:56:48.0000001,7.8544493
2014-05-12 20:56:48.0000004,8.368201
2014-05-12 20:56:48.0000003,7.971573
2014-05-12 20:56:48.0000002,10.925228
2014-01-16 06:00:48.0000001,10.584686
2014-04-23 11:18:40.0000003,11.099153
2014-04-23 11:18:40.0000002,7.52348
2014-04-23 11:18:40.0000001,10.8618355
2011-09-22 04:49:56.0000001,35.681835
2011-10-28 07:35:52.0000003,5.878081
2011-10-28 07:35:52.0000002,10.923734
2011-10-28 07:35:52.0000001,6.049611
2015-05-10 19:54:00.0000001,8.069132
2015-05-10 19:54:00.0000003,6.556681
2015-05-10 19:54:00.0000005,9.931786
2015-05-10 19:54:00.0000004,10.833266
2011-03-28 23:18:48.0000001,9.568351
2014-08-26 01:31:04.0000001,27.022058
2015-02-26 15:55:48.0000004,13.511346
2015-02-26 15:55:48.0000003,8.661328
2015-02-26 15:55:48.0000002,6.7305493
2013-11-22 15:36:36.0000002,4.714043
2010-02-13 11:03:04.0000002,4.9298964
2010-02-13 11:03:04.0000001,4.5943813
2010-02-13 11:03:04.0000004,5.083787
2010-02-13 11:03:04.0000003,5.5099583
2011-06-26 18:48:08.0000004,7.956677
2011-06-26 18:48:08.0000005,15.562584
2011-06-26 18:48:08.0000002,5.23776
2011-06-26 18:48:08.0000001,7.583239
2010-10-14 23:48:56.0000001,5.387912
2010-10-14 23:48:56.0000002,41.5261
2010-10-14 23:48:56.0000003,12.055619
2010-10-14 23:48:56.0000004,6.1683245
2011-01-22 07:48:28.0000001,8.489795
2011-10-17 18:49:20.0000003,15.500441
2011-10-17 18:49:20.0000002,7.2046714
2011-10-17 18:49:20.0000005,9.088867
2009-03-24 16:39:12.0000002,9.060721
2009-03-24 16:39:12.0000004,7.4982843
2009-03-24 16:39:12.0000003,10.427634
2009-03-24 16:39:12.0000001,6.07326
2014-07-21 18:19:00.000000102,8.53394
2014-07-21 18:19:00.000000106,10.010181
2014-07-21 18:19:00.000000107,5.8832035
2014-07-21 18:19:00.00000094,35.91088
2014-07-21 18:19:00.000000161,7.811772
2014-07-21 18:19:00.000000129,16.786171
2014-07-21 18:19:00.00000083,5.268023
2014-07-21 18:19:00.000000163,14.92337
2014-07-21 18:19:00.000000117,10.938328
2014-07-21 18:19:00.00000028,4.74104
2014-07-21 18:19:00.00000089,13.456754
2014-07-21 18:19:00.000000130,6.6486106
2014-07-21 18:19:00.000000105,7.4752073
2014-07-21 18:19:00.000000123,16.183954
2014-07-21 18:19:00.000000103,55.228703
2014-07-21 18:19:00.000000227,8.426136
2014-07-21 18:19:00.000000189,9.63491
2014-07-21 18:19:00.000000168,8.482426
2014-07-21 18:19:00.000000173,11.605728
2014-07-21 18:19:00.000000128,15.59285
2014-07-21 18:19:00.000000143,28.166502
2014-07-21 18:19:00.00000018,21.147732
2014-07-21 18:19:00.00000049,11.31844
2014-07-21 18:19:00.00000022,7.2709265
2014-07-21 18:19:00.000000200,6.138099
2014-07-21 18:19:00.000000193,10.082446
2014-07-21 18:19:00.000000231,9.344891
2014-07-21 18:19:00.000000202,11.795516
2014-07-21 18:19:00.00000092,33.699375
2014-07-21 18:19:00.000000148,6.5336075
2014-07-21 18:19:00.00000057,4.7078223
2014-07-21 18:19:00.00000074,7.391051
2014-07-21 18:19:00.000000183,13.467379
2014-07-21 18:19:00.000000221,4.2147965
2014-07-21 18:19:00.00000078,7.9661264
2014-07-21 18:19:00.00000058,6.3830504
2014-07-21 18:19:00.000000214,6.8727093
2014-07-21 18:19:00.000000122,9.868504
2014-07-21 18:19:00.000000137,4.318263
2014-07-21 18:19:00.00000027,8.167742
2014-07-21 18:19:00.00000047,21.038408
2014-07-21 18:19:00.00000061,9.770782
2014-07-21 18:19:00.000000196,9.887578
2014-07-21 18:19:00.000000125,15.6312065
2014-07-21 18:19:00.000000126,17.715893
2014-07-21 18:19:00.000000145,4.479003
2014-07-21 18:19:00.00000080,13.83459
2014-07-21 18:19:00.00000055,9.332578
2014-07-21 18:19:00.00000066,11.030399
2014-07-21 18:19:00.000000111,5.7939243
2014-07-21 18:19:00.00000042,7.4114847
2014-07-21 18:19:00.000000215,5.174639
2014-07-21 18:19:00.00000043,27.777136
2014-07-21 18:19:00.000000119,19.277393
2014-07-21 18:19:00.000000115,13.046649
2014-07-21 18:19:00.0000009,10.424394
2014-07-21 18:19:00.00000075,9.910401
2014-07-21 18:19:00.000000118,4.6731653
2014-07-21 18:19:00.00000038,18.416695
2014-07-21 18:19:00.000000124,10.380337
2014-07-21 18:19:00.000000242,8.430052
2014-07-21 18:19:00.00000019,7.275219
2014-07-21 18:19:00.00000056,11.519775
2014-07-21 18:19:00.000000239,7.131096
2014-07-21 18:19:00.000000101,9.748334
2014-07-21 18:19:00.000000216,42.083076
2014-07-21 18:19:00.000000198,6.052335
2014-07-21 18:19:00.000000174,38.8492
2014-07-21 18:19:00.00000070,7.652086
2014-07-21 18:19:00.0000004,11.812048
2014-07-21 18:19:00.000000135,7.93451
2014-07-21 18:19:00.000000165,8.549159
2014-07-21 18:19:00.00000010,12.387573
2014-07-21 18:19:00.000000211,7.6132674
2014-07-21 18:19:00.000000190,9.038423
2014-07-21 18:19:00.00000021,6.9808183
2014-07-21 18:19:00.000000204,6.376232
2014-07-21 18:19:00.000000112,7.2535434
2014-07-21 18:19:00.000000169,20.931322
2014-07-21 18:19:00.000000226,8.486537
2014-07-21 18:19:00.000000109,6.123213
2014-07-21 18:19:00.000000113,19.072052
2014-07-21 18:19:00.000000127,17.43421
2014-07-21 18:19:00.000000182,11.920378
2014-07-21 18:19:00.00000036,9.1922865
2014-07-21 18:19:00.000000220,4.193855
2014-07-21 18:19:00.000000121,7.2491565
2014-07-21 18:19:00.00000050,10.774048
2014-07-21 18:19:00.000000178,5.930037
2014-07-21 18:19:00.000000166,8.160712
2014-07-21 18:19:00.000000224,6.9981527
2014-07-21 18:19:00.000000134,6.487623
2014-07-21 18:19:00.000000195,12.841665
2014-07-21 18:19:00.00000015,40.82415
2014-07-21 18:19:00.0000005,54.64737
2014-07-21 18:19:00.000000120,15.0250225
2014-07-21 18:19:00.000000133,6.962851
2014-07-21 18:19:00.00000044,8.784812
2014-07-21 18:19:00.000000233,7.3782864
2014-07-21 18:19:00.00000063,11.715662
2014-07-21 18:19:00.000000167,9.714682
2014-07-21 18:19:00.000000208,8.150904
2014-07-21 18:19:00.00000030,11.295645
2014-07-21 18:19:00.00000098,6.621361
2014-07-21 18:19:00.000000179,8.050867
2014-07-21 18:19:00.000000219,4.677958
2014-07-21 18:19:00.0000006,4.8272724
2014-07-21 18:19:00.0000008,13.709839
2014-07-21 18:19:00.00000031,23.330015
2014-07-21 18:19:00.000000225,6.0100913
2014-07-21 18:19:00.000000235,9.233209
2014-07-21 18:19:00.000000104,10.1546335
2014-07-21 18:19:00.00000011,4.492699
2014-07-21 18:19:00.00000026,4.668519
2014-07-21 18:19:00.000000228,7.4677277
2014-07-21 18:19:00.000000154,8.095831
2014-07-21 18:19:00.000000240,5.5225854
2014-07-21 18:19:00.00000069,9.516571
2014-07-21 18:19:00.000000210,9.7585945
2014-07-21 18:19:00.00000097,26.223734
2014-07-21 18:19:00.000000136,7.899416
2014-07-21 18:19:00.000000150,9.900793
2014-07-21 18:19:00.00000060,4.3791
2014-07-21 18:19:00.00000073,5.520237
2014-07-21 18:19:00.000000177,21.816021
2014-07-21 18:19:00.000000222,8.934818
2014-07-21 18:19:00.0000003,19.898306
2014-07-21 18:19:00.00000012,5.078563
2014-07-21 18:19:00.000000139,6.3920193
2014-07-21 18:19:00.000000194,10.428889
2014-07-21 18:19:00.00000014,9.754167
2014-07-21 18:19:00.00000051,6.1331034
2014-07-21 18:19:00.000000218,7.6758003
2014-07-21 18:19:00.000000181,6.5395246
2014-07-21 18:19:00.000000114,14.491312
2014-07-21 18:19:00.00000072,7.8546295
2014-07-21 18:19:00.000000213,7.0082574
2014-07-21 18:19:00.00000064,5.3083806
2012-12-07 16:13:08.0000001,16.068369
2011-06-13 09:55:04.0000005,9.240445
2011-06-13 09:55:04.0000004,5.6632466
2011-06-13 09:55:04.0000001,9.173797
2014-12-27 22:31:56.0000002,12.860872
2014-11-24 09:50:20.0000001,5.7243166
2014-11-24 09:50:20.0000002,20.881634
2015-02-17 12:29:52.0000003,7.5507164
2015-02-17 12:29:52.0000002,9.978928
2015-02-17 12:29:52.0000004,16.770649
2015-02-17 12:29:52.0000001,5.0227714
2010-02-21 21:57:20.0000001,9.809915
2010-02-21 21:57:20.0000002,4.5931363
2010-09-20 16:48:00.000000101,11.944953
2010-09-20 16:48:00.000000140,7.3533626
2010-09-20 16:48:00.00000052,7.825499
2010-09-20 16:48:00.00000038,11.523629
2010-09-20 16:48:00.000000135,7.8814116
2010-09-20 16:48:00.000000145,9.227582
2010-09-20 16:48:00.00000090,10.468653
2010-09-20 16:48:00.00000088,27.702059
2010-09-20 16:48:00.000000161,17.098925
2010-09-20 16:48:00.000000160,8.461917
2010-09-20 16:48:00.00000012,7.4092507
2010-09-20 16:48:00.00000028,41.552395
2010-09-20 16:48:00.000000117,21.636507
2010-09-20 16:48:00.00000018,6.6444583
2010-09-20 16:48:00.00000059,7.2817683
2010-09-20 16:48:00.00000061,5.5377507
2010-09-20 16:48:00.00000037,7.686137
2010-09-20 16:48:00.000000133,13.129309
2010-09-20 16:48:00.000000141,12.108519
2010-09-20 16:48:00.000000113,27.857363
2010-09-20 16:48:00.00000067,17.563993
2010-09-20 16:48:00.00000066,23.633059
2010-09-20 16:48:00.000000128,11.16684
2010-09-20 16:48:00.000000109,10.466758
2010-09-20 16:48:00.000000167,24.649008
2010-09-20 16:48:00.00000065,6.3368926
2010-09-20 16:48:00.000000157,32.946404
2010-09-20 16:48:00.00000045,12.266683
2010-09-20 16:48:00.00000054,9.065124
2010-09-20 16:48:00.00000076,7.4482894
2010-09-20 16:48:00.000000125,14.559687
2010-09-20 16:48:00.00000031,13.922097
2010-09-20 16:48:00.000000105,8.929918
2010-09-20 16:48:00.00000017,8.937509
2010-09-20 16:48:00.000000127,6.5297956
2010-09-20 16:48:00.000000149,36.24855
2010-09-20 16:48:00.00000039,26.974566
2010-09-20 16:48:00.00000095,37.226707
2010-09-20 16:48:00.00000062,8.773755
2010-09-20 16:48:00.00000029,9.515359
2010-09-20 16:48:00.000000155,26.98892
2010-09-20 16:48:00.000000123,8.158039
2010-09-20 16:48:00.00000020,9.497399
2010-09-20 16:48:00.0000003,10.345328
2010-09-20 16:48:00.000000102,7.0110955
2010-09-20 16:48:00.00000096,9.149007
2010-09-20 16:48:00.00000087,9.23327
2010-09-20 16:48:00.00000063,27.394018
2010-09-20 16:48:00.00000078,9.911834
2010-09-20 16:48:00.00000049,6.072593
2010-09-20 16:48:00.000000115,13.403316
2010-09-20 16:48:00.00000080,10.1525545
2010-09-20 16:48:00.00000046,16.252207
2010-09-20 16:48:00.00000048,9.5633955
2010-09-20 16:48:00.00000033,26.083244
2010-09-20 16:48:00.000000136,7.4903207
2010-09-20 16:48:00.00000032,15.841864
2010-09-20 16:48:00.00000082,16.633688
2010-09-20 16:48:00.00000091,13.147612
2010-09-20 16:48:00.00000051,29.56468
2010-09-20 16:48:00.000000107,9.467506
2010-09-20 16:48:00.000000150,7.5727
2010-09-20 16:48:00.00000070,8.227345
2010-09-20 16:48:00.000000165,29.328882
2010-09-20 16:48:00.00000097,27.76469
2010-09-20 16:48:00.00000075,8.0193615
2010-09-20 16:48:00.000000164,12.399942
2010-09-20 16:48:00.000000162,5.9528947
2010-09-20 16:48:00.00000026,7.4020386
2010-09-20 16:48:00.000000126,10.063965
2010-09-20 16:48:00.00000077,14.076032
2010-09-20 16:48:00.000000138,6.6763597
2010-09-20 16:48:00.000000118,17.430359
2010-09-20 16:48:00.00000011,12.825319
2010-09-20 16:48:00.00000073,17.812271
2010-09-20 16:48:00.000000120,9.3221655
2010-09-20 16:48:00.00000034,25.676546
2010-09-20 16:48:00.00000057,9.506747
2010-09-20 16:48:00.00000044,14.418187
2010-09-20 16:48:00.00000079,13.692417
2010-09-20 16:48:00.00000013,13.084572
2010-09-20 16:48:00.00000060,7.592534
2010-09-20 16:48:00.00000098,15.897346
2010-09-20 16:48:00.00000022,6.880053
2010-09-20 16:48:00.00000043,13.110132
2010-09-20 16:48:00.000000130,6.5848203
2010-09-20 16:48:00.00000094,12.941551
2010-09-20 16:48:00.000000153,12.946724
2010-09-20 16:48:00.0000009,15.898539
2010-09-20 16:48:00.000000119,7.990468
2010-09-20 16:48:00.00000089,9.956112
2010-09-20 16:48:00.00000053,12.704284
2010-09-20 16:48:00.00000014,11.599612
2010-09-20 16:48:00.00000093,14.570705
2010-09-20 16:48:00.000000144,8.059502
2010-09-20 16:48:00.00000030,16.024529
2010-09-20 16:48:00.000000147,28.061312
2010-09-20 16:48:00.000000108,16.648445
2010-09-20 16:48:00.00000064,8.901671
2010-09-20 16:48:00.00000010,11.549374
2010-09-20 16:48:00.00000042,11.507786
2012-04-01 22:22:28.0000001,7.560135
2012-03-05 09:19:32.0000001,6.644313
2012-03-05 09:19:32.0000002,6.018591
2012-03-05 09:19:32.0000005,13.423698
2012-03-05 09:19:32.0000003,10.448949
2012-03-05 09:19:32.0000004,5.654407
2012-08-20 14:47:36.0000003,7.0775785
2012-08-20 14:47:36.0000004,34.31595
2011-12-01 01:36:08.0000002,5.1015115
2013-06-21 11:33:28.0000002,7.4214153
2013-06-21 11:33:28.0000004,8.677681
2013-06-21 11:33:28.0000001,6.052576
2013-06-21 11:33:28.0000003,16.40595
2013-04-10 11:33:28.0000001,17.386988
2013-04-10 11:33:28.0000002,11.764362
2014-03-29 14:59:28.0000003,5.077181
2014-03-29 14:59:28.0000002,7.6871715
2010-04-05 06:01:24.0000001,5.869242
2014-12-01 00:12:44.0000001,26.669373
2012-08-01 18:54:24.0000001,9.174805
2012-08-01 18:54:24.0000002,6.5957003
2012-08-01 18:54:24.0000003,6.2945786
2013-07-13 18:28:20.0000005,8.316797
2013-07-13 18:28:20.0000001,5.6497245
2013-07-13 18:28:20.0000002,9.755736
2013-07-13 18:28:20.0000004,8.099216
2014-03-06 04:23:32.0000001,9.624347
2014-10-07 19:04:08.0000002,11.939479
2014-10-07 19:04:08.0000005,9.6290245
2014-10-07 19:04:08.0000006,11.895303
2014-10-07 19:04:08.0000004,5.7749066
2013-08-21 09:32:24.0000002,12.826533
2013-08-21 09:32:24.0000004,12.941105
2013-08-21 09:32:24.0000003,7.841839
2015-01-26 07:13:44.0000006,8.028447
2015-01-26 07:13:44.0000002,8.876663
2015-01-26 07:13:44.0000004,8.338534
2015-01-26 07:13:44.0000003,11.356858
2009-03-16 09:55:24.0000003,6.636175
2009-03-16 09:55:24.0000005,5.001428
2009-03-16 09:55:24.0000004,9.518393
2009-03-16 09:55:24.0000006,6.346288
2009-03-16 09:55:24.0000002,4.4462085
2011-03-06 21:01:00.000000150,5.5224915
2011-03-06 21:01:00.00000026,4.3278236
2011-03-06 21:01:00.000000148,7.200249
2011-03-06 21:01:00.00000088,5.250799
2011-03-06 21:01:00.00000098,4.994719
2011-03-06 21:01:00.00000054,11.95565
2011-03-06 21:01:00.000000101,10.05305
2011-03-06 21:01:00.000000175,7.315842
2011-03-06 21:01:00.00000029,8.887597
2011-03-06 21:01:00.000000106,3.9899547
2011-03-06 21:01:00.00000099,5.604171
2011-03-06 21:01:00.000000158,8.684978
2011-03-06 21:01:00.000000130,6.248277
2011-03-06 21:01:00.00000027,4.240413
2011-03-06 21:01:00.00000032,18.431442
2011-03-06 21:01:00.000000111,13.082497
2011-03-06 21:01:00.00000024,12.318297
2011-03-06 21:01:00.000000118,9.151438
2011-03-06 21:01:00.00000016,7.665308
2011-03-06 21:01:00.00000066,9.840885
2011-03-06 21:01:00.000000133,12.289874
2011-03-06 21:01:00.00000070,5.04224
2011-03-06 21:01:00.000000104,5.3336706
2011-03-06 21:01:00.00000076,7.9051743
2011-03-06 21:01:00.000000141,6.7429166
2011-03-06 21:01:00.000000145,5.542031
2011-03-06 21:01:00.000000143,6.30971
2011-03-06 21:01:00.00000092,5.6589594
2011-03-06 21:01:00.00000080,5.331652
2011-03-06 21:01:00.00000015,24.811165
2011-03-06 21:01:00.000000153,16.21646
2011-03-06 21:01:00.00000093,10.488945
2011-03-06 21:01:00.000000162,25.846926
2011-03-06 21:01:00.00000062,7.617767
2011-03-06 21:01:00.000000129,14.555306
2011-03-06 21:01:00.000000107,18.028593
2011-03-06 21:01:00.00000045,4.9047904
2011-03-06 21:01:00.000000115,11.395523
2011-03-06 21:01:00.0000002,4.2539062
2011-03-06 21:01:00.00000044,7.949813
2011-03-06 21:01:00.000000167,6.546768
2011-03-06 21:01:00.000000169,4.3955507
2011-03-06 21:01:00.00000067,42.68926
2011-03-06 21:01:00.0000007,6.1645226
2011-03-06 21:01:00.000000135,45.361324
2011-03-06 21:01:00.000000128,11.52415
2011-03-06 21:01:00.0000004,6.863032
2011-03-06 21:01:00.00000010,7.7207513
2011-03-06 21:01:00.000000151,11.276403
2011-03-06 21:01:00.00000055,9.227635
2011-03-06 21:01:00.00000095,7.453616
2011-03-06 21:01:00.000000102,8.57059
2011-03-06 21:01:00.00000034,7.7577925
2011-03-06 21:01:00.000000108,4.4639487
2011-03-06 21:01:00.00000012,4.229961
2011-03-06 21:01:00.00000085,4.228188
2011-03-06 21:01:00.0000001,11.291754
2011-03-06 21:01:00.00000035,5.2274365
2011-03-06 21:01:00.00000097,12.572428
2011-03-06 21:01:00.000000105,6.560207
2011-03-06 21:01:00.00000020,10.2170105
2011-03-06 21:01:00.000000114,4.4848175
2011-03-06 21:01:00.00000038,4.0811706
2011-03-06 21:01:00.0000006,9.112673
2011-03-06 21:01:00.00000086,7.246972
2011-03-06 21:01:00.00000049,5.845356
2011-03-06 21:01:00.000000147,6.293612
2011-03-06 21:01:00.00000040,4.180232
2011-03-06 21:01:00.00000064,6.2851253
2011-03-06 21:01:00.00000061,11.602404
2011-03-06 21:01:00.0000005,5.5530524
2011-03-06 21:01:00.0000009,5.644831
2011-03-06 21:01:00.00000042,4.461276
2011-03-06 21:01:00.00000022,27.552979
2011-03-06 21:01:00.00000021,16.902514
2011-03-06 21:01:00.00000094,5.15102
2011-03-06 21:01:00.000000156,7.5643816
2011-03-06 21:01:00.00000072,5.372068
2011-03-06 21:01:00.00000031,12.5103655
2011-03-06 21:01:00.00000089,6.073247
2011-03-06 21:01:00.00000023,9.623862
2011-03-06 21:01:00.00000046,5.69699
2011-03-06 21:01:00.00000087,5.667747
2011-03-06 21:01:00.00000053,12.876473
2011-03-06 21:01:00.0000008,4.0314307
2011-03-06 21:01:00.000000157,4.8261333
2011-03-06 21:01:00.00000077,12.450464
2011-03-06 21:01:00.00000073,10.221152
2011-03-06 21:01:00.00000047,4.539847
2011-03-06 21:01:00.000000172,6.0242825
2011-03-06 21:01:00.00000084,8.597315
2011-03-06 21:01:00.000000122,13.951565
2011-03-06 21:01:00.000000154,16.316196
2011-03-06 21:01:00.000000136,10.138464
2011-03-06 21:01:00.00000075,3.7798784
2011-03-06 21:01:00.00000014,5.458276
2009-09-04 20:52:28.0000002,5.5484905
2009-09-04 20:52:28.0000003,4.761045
2009-09-04 20:52:28.0000004,5.3380857
2009-09-04 20:52:28.0000001,4.4373074
2013-09-25 05:52:12.0000002,11.829895
2013-09-25 05:52:12.0000001,34.345062
2010-04-16 10:32:24.0000002,7.3322754
2010-04-16 10:32:24.0000001,32.642162
2011-10-12 07:24:40.0000001,8.658521
2011-10-12 07:24:40.0000003,7.653388
2011-10-12 07:24:40.0000002,25.419098
2010-06-13 13:34:56.0000001,7.419564
2011-11-20 02:39:04.0000002,19.423304
2011-11-20 02:39:04.0000001,4.9335437
2010-12-13 06:42:16.0000002,4.2907066
2010-12-13 06:42:16.0000001,9.729441
2009-11-24 08:58:48.0000003,8.148136
2009-11-24 08:58:48.0000001,4.216665
2009-11-24 08:58:48.0000006,3.359733
2009-11-24 08:58:48.0000002,8.756175
2009-11-24 08:58:48.0000005,8.6229315
2009-11-24 08:58:48.0000007,9.454967
2014-09-22 07:14:16.0000002,15.567507
2011-05-30 09:32:56.0000001,7.2617087
2012-09-21 05:41:36.0000001,8.152756
2010-11-22 19:30:04.0000002,8.892048
2010-11-22 19:30:04.0000001,10.977634
2010-10-05 02:09:00.0000005,5.7782655
2010-10-05 02:09:00.0000006,19.20029
2010-10-05 02:09:00.0000007,10.383806
2010-10-05 02:09:00.00000018,21.277697
2010-10-05 02:09:00.00000011,19.81842
2010-10-05 02:09:00.00000023,10.585358
2010-10-05 02:09:00.00000012,9.399277
2010-10-05 02:09:00.00000022,4.7710557
2010-10-05 02:09:00.00000013,19.194332
2010-10-05 02:09:00.0000003,20.64651
2010-10-05 02:09:00.00000010,4.357373
2010-10-05 02:09:00.0000001,7.5695467
2010-10-05 02:09:00.00000021,5.333142
2010-10-05 02:09:00.0000008,12.705925
2010-10-05 02:09:00.00000027,6.267601
2010-10-05 02:09:00.0000002,18.16223
2010-10-05 02:09:00.00000015,5.662562
2014-08-23 16:30:24.0000002,8.876863
2014-08-23 16:30:24.0000001,6.457527
2012-03-15 08:17:36.0000001,8.923873
2012-03-15 08:17:36.0000002,5.4302053
2012-03-15 08:17:36.0000005,18.87036
2012-03-15 08:17:36.0000004,19.095812
2012-03-15 08:17:36.0000003,5.2336693
2013-10-04 02:53:20.0000001,6.189268
2013-10-04 02:53:20.0000002,14.115186
2009-03-28 15:09:20.0000001,8.803833
2009-03-28 15:09:20.0000003,15.765768
2009-03-28 15:09:20.0000002,16.285707
2012-01-25 22:43:44.0000003,10.354945
2012-01-25 22:43:44.0000004,8.746145
2012-01-25 22:43:44.0000002,4.991624
2012-01-25 22:43:44.0000001,15.600612
2011-07-21 07:51:32.0000002,5.8670964
2011-07-21 07:51:32.0000003,10.332808
2011-07-21 07:51:32.0000001,5.7437143
2010-12-01 22:04:52.0000001,7.9089046
2013-06-23 02:54:32.0000003,7.4446993
2013-06-23 02:54:32.0000002,6.108411
2014-03-24 22:36:24.0000004,9.199347
2014-03-24 22:36:24.0000002,8.550097
2014-03-24 22:36:24.0000001,5.459369
2014-03-24 22:36:24.0000003,7.903509
2013-09-13 01:54:20.0000001,6.967908
2013-10-14 18:30:36.0000003,15.297144
2013-10-14 18:30:36.0000002,8.119923
2013-10-14 18:30:36.0000004,15.337276
2013-10-14 18:30:36.0000001,4.6287713
2013-11-18 15:07:28.0000006,9.689921
2013-11-18 15:07:28.0000004,55.8245
2013-11-18 15:07:28.0000001,5.7914934
2013-11-18 15:07:28.0000005,6.554213
2013-11-18 15:07:28.0000002,7.212382
2011-02-20 23:35:12.0000001,6.7265735
2011-02-20 23:35:12.0000004,9.731149
2011-02-20 23:35:12.0000005,20.868652
2011-02-20 23:35:12.0000003,12.328105
2011-02-20 23:35:12.0000002,13.752827
2010-02-06 19:59:16.0000001,10.912725
2012-03-10 02:36:04.0000003,8.233296
2012-03-10 02:36:04.0000002,11.695511
2012-03-10 02:36:04.0000001,6.3950934
2014-04-13 17:35:52.0000002,7.0876145
2010-04-04 21:59:56.0000002,7.0352397
2010-04-04 21:59:56.0000001,12.907315
2010-04-04 21:59:56.0000003,9.349221
2010-04-04 21:59:56.0000004,5.749401
2013-03-23 04:51:12.0000001,15.150645
2010-06-29 00:22:24.0000002,48.101166
2010-06-29 00:22:24.0000001,4.6376777
2011-10-17 12:37:56.0000002,5.3167825
2011-10-17 12:37:56.0000001,6.5152016
2012-01-30 19:07:52.0000003,10.780212
2012-01-30 19:07:52.0000002,6.941153
2012-01-30 19:07:52.0000004,9.528685
2012-01-30 19:07:52.0000001,5.417534
2012-01-30 19:07:52.0000005,9.273347
2011-05-30 01:44:40.0000001,8.817382
2011-05-30 01:44:40.0000002,6.111555
2011-02-08 01:04:08.0000001,8.646378
2012-05-23 16:25:16.0000002,6.8031354
2011-09-20 18:02:28.0000001,9.867209
2009-10-08 10:04:36.0000001,35.0912
2009-10-08 10:04:36.0000003,10.278859
2009-10-08 10:04:36.0000002,27.478022
2010-07-02 22:03:04.0000002,12.526104
2010-07-02 22:03:04.0000001,7.1479774
2012-05-03 14:11:36.0000002,6.762692
2012-05-03 14:11:36.0000005,10.226368
2012-05-03 14:11:36.0000004,29.91879
2012-05-03 14:11:36.0000003,15.220933
2012-05-03 14:11:36.0000001,5.952525
2013-04-04 16:31:56.0000001,15.175995
2013-04-04 16:31:56.0000002,8.026207
2009-12-02 15:59:56.0000001,32.90329
2009-12-02 15:59:56.0000002,6.532343
2010-01-03 02:03:40.0000002,7.26313
2010-01-03 02:03:40.0000003,5.396719
2011-08-21 10:54:24.0000003,7.1247907
2011-08-21 10:54:24.0000002,63.46812
2011-08-21 10:54:24.0000001,13.570386
2011-01-30 14:38:24.0000003,6.128778
2011-01-30 14:38:24.0000002,14.7850065
2011-04-16 21:23:16.0000004,18.108952
2011-04-16 21:23:16.0000002,10.378478
2011-04-16 21:23:16.0000006,4.4206386
2013-10-05 19:51:04.0000006,7.4005423
2013-10-05 19:51:04.0000005,13.983001
2013-10-05 19:51:04.0000003,17.051157
2013-10-05 19:51:04.0000002,15.831929
2014-10-31 08:17:44.0000002,8.895427
2014-10-31 08:17:44.0000004,9.7103195
2014-10-31 08:17:44.0000005,9.045086
2014-10-31 08:17:44.0000001,9.058339
2014-10-31 08:17:44.0000003,21.531538
2009-05-31 21:24:56.0000001,12.905203
2014-06-04 01:50:40.0000001,15.1681595
2009-07-14 17:59:12.0000001,6.096063
2009-07-14 17:59:12.0000003,5.077314
2012-12-05 16:33:52.0000002,17.100517
2012-12-05 16:33:52.0000001,40.943447
2009-12-18 12:37:04.0000005,7.5121493
2009-12-18 12:37:04.0000001,9.508232
2009-12-18 12:37:04.0000006,12.401647
2009-12-18 12:37:04.0000004,9.551993
2009-12-18 12:37:04.0000007,10.671589
2009-12-18 12:37:04.0000002,10.218565
2012-11-21 15:12:48.0000001,6.714301
2011-05-03 07:01:40.0000001,11.743579
2011-05-03 07:01:40.0000002,5.043465
2011-05-03 07:01:40.0000003,5.4710894
2010-09-21 06:27:32.0000002,16.779547
2010-09-21 06:27:32.0000001,8.906182
2011-10-07 22:08:20.0000003,4.6288204
2011-10-07 22:08:20.0000006,9.082488
2009-02-08 08:48:20.0000001,4.399559
2013-09-24 21:16:40.0000006,8.863972
2013-09-24 21:16:40.0000003,9.716907
2013-09-24 21:16:40.0000001,10.920494
2013-09-24 21:16:40.0000007,12.831948
2013-09-24 21:16:40.0000002,13.532469
2013-09-24 21:16:40.0000004,10.9107065
2012-03-14 19:10:48.0000005,12.970233
2012-03-14 19:10:48.0000008,5.0261755
2012-03-14 19:10:48.0000002,9.355929
2012-03-14 19:10:48.0000004,6.4294114
2012-03-14 19:10:48.0000001,6.357057
2012-03-14 19:10:48.0000009,7.813353
2012-03-14 19:10:48.0000006,12.931487
2009-11-12 11:01:20.0000001,7.0650797
2009-11-12 11:01:20.0000002,4.5228415
2009-06-21 04:28:48.0000002,13.810472
2009-06-21 04:28:48.0000003,12.508373
2014-01-25 12:36:52.0000002,9.006627
2014-01-25 12:36:52.0000001,8.839687
2012-12-27 13:23:48.0000001,11.705439
2011-06-28 16:09:44.0000001,5.969513
2010-12-01 08:35:20.0000001,9.967117
2012-11-19 12:40:40.0000005,6.2199864
2012-11-19 12:40:40.0000001,6.1140738
2012-11-19 12:40:40.0000002,8.377555
2012-11-19 12:40:40.0000003,12.013438
2012-11-19 12:40:40.0000004,46.15298
2009-07-13 17:58:04.0000001,10.103192
2009-07-13 17:58:04.0000003,6.297859
2009-07-13 17:58:04.0000002,7.6018925
2011-06-25 11:42:36.0000003,4.6030545
2011-06-25 11:42:36.0000002,25.434557
2012-01-26 07:33:00.000000128,11.257847
2012-01-26 07:33:00.00000032,8.338771
2012-01-26 07:33:00.000000163,6.03802
2012-01-26 07:33:00.000000155,7.2137666
2012-01-26 07:33:00.000000153,8.527423
2012-01-26 07:33:00.00000049,5.484011
2012-01-26 07:33:00.00000095,4.6240463
2012-01-26 07:33:00.000000158,15.313267
2012-01-26 07:33:00.00000050,7.0045366
2012-01-26 07:33:00.00000015,6.59031
2012-01-26 07:33:00.00000062,8.921147
2012-01-26 07:33:00.00000037,15.672001
2012-01-26 07:33:00.00000069,11.230385
2012-01-26 07:33:00.000000142,4.4663963
2012-01-26 07:33:00.000000150,5.3754687
2012-01-26 07:33:00.000000147,7.737534
2012-01-26 07:33:00.000000125,6.7723413
2012-01-26 07:33:00.000000124,29.024187
2012-01-26 07:33:00.000000129,5.874323
2012-01-26 07:33:00.00000033,10.662588
2012-01-26 07:33:00.0000004,32.54062
2012-01-26 07:33:00.00000029,9.570455
2012-01-26 07:33:00.000000113,5.9341407
2012-01-26 07:33:00.00000017,10.998928
2012-01-26 07:33:00.00000067,10.025589
2012-01-26 07:33:00.000000141,29.8785
2012-01-26 07:33:00.00000036,12.338703
2012-01-26 07:33:00.000000162,19.537233
2012-01-26 07:33:00.000000118,9.497658
2012-01-26 07:33:00.000000154,25.993088
2012-01-26 07:33:00.000000143,9.392377
2012-01-26 07:33:00.00000083,7.820058
2012-01-26 07:33:00.000000191,7.688194
2012-01-26 07:33:00.000000140,10.484766
2012-01-26 07:33:00.00000086,4.4775467
2012-01-26 07:33:00.0000002,9.030385
2012-01-26 07:33:00.000000170,5.984997
2012-01-26 07:33:00.00000010,6.897881
2012-01-26 07:33:00.00000053,7.029666
2012-01-26 07:33:00.000000102,10.667156
2012-01-26 07:33:00.00000055,5.980408
2012-01-26 07:33:00.0000007,9.227022
2012-01-26 07:33:00.00000013,5.929307
2012-01-26 07:33:00.000000165,30.976503
2012-01-26 07:33:00.00000026,4.4414177
2012-01-26 07:33:00.000000137,5.772312
2012-01-26 07:33:00.00000048,9.9031725
2012-01-26 07:33:00.00000059,10.038698
2012-01-26 07:33:00.000000132,8.23804
2012-01-26 07:33:00.00000096,11.92459
2012-01-26 07:33:00.000000190,4.2556286
2012-01-26 07:33:00.000000156,8.004421
2012-01-26 07:33:00.00000075,8.670165
2012-01-26 07:33:00.00000084,5.859027
2012-01-26 07:33:00.0000006,4.575575
2012-01-26 07:33:00.00000021,6.937806
2012-01-26 07:33:00.0000001,12.262714
2012-01-26 07:33:00.0000005,5.034289
2012-01-26 07:33:00.00000034,5.4106345
2012-01-26 07:33:00.000000117,4.506835
2012-01-26 07:33:00.000000106,10.382983
2012-01-26 07:33:00.00000077,7.954183
2012-01-26 07:33:00.00000045,5.19704
2012-01-26 07:33:00.000000116,10.851353
2012-01-26 07:33:00.0000009,20.142061
2012-01-26 07:33:00.000000146,4.8315735
2012-01-26 07:33:00.00000027,21.008781
2012-01-26 07:33:00.000000127,7.3178697
2012-01-26 07:33:00.000000172,5.1064825
2012-01-26 07:33:00.00000074,4.4947467
2012-01-26 07:33:00.00000014,19.497759
2012-01-26 07:33:00.000000108,8.198007
2012-01-26 07:33:00.000000109,14.709606
2012-01-26 07:33:00.000000152,6.0265512
2012-01-26 07:33:00.00000047,5.924368
2012-01-26 07:33:00.000000192,9.967203
2012-01-26 07:33:00.00000054,5.9464293
2012-01-26 07:33:00.000000185,5.179033
2012-01-26 07:33:00.000000187,8.737534
2012-01-26 07:33:00.00000060,9.937433
2012-01-26 07:33:00.000000130,7.3469677
2012-01-26 07:33:00.00000046,10.222436
2012-01-26 07:33:00.000000182,6.818531
2012-01-26 07:33:00.000000177,11.650809
2012-01-26 07:33:00.000000135,26.927961
2012-01-26 07:33:00.00000063,4.5455346
2012-01-26 07:33:00.00000079,6.664684
2012-01-26 07:33:00.000000169,8.452243
2012-01-26 07:33:00.00000094,9.031629
2012-01-26 07:33:00.000000176,11.445446
2012-01-26 07:33:00.00000061,4.306394
2012-01-26 07:33:00.000000188,4.865054
2012-01-26 07:33:00.000000174,12.053275
2012-01-26 07:33:00.000000126,6.8117695
2012-01-26 07:33:00.000000139,31.678942
2012-01-26 07:33:00.000000184,5.2108846
2012-01-26 07:33:00.000000107,4.340803
2012-01-26 07:33:00.00000038,5.1889896
2012-01-26 07:33:00.000000134,4.0743217
2012-01-26 07:33:00.00000058,19.482864
2012-01-26 07:33:00.00000078,4.908293
2012-01-26 07:33:00.00000019,4.7451296
2012-01-26 07:33:00.000000111,8.752565
2012-01-26 07:33:00.000000178,19.393108
2012-01-26 07:33:00.0000003,9.244633
2012-01-26 07:33:00.00000052,13.100369
2012-01-26 07:33:00.00000040,10.606023
2012-01-26 07:33:00.000000148,10.922823
2012-01-26 07:33:00.00000066,12.438169
2012-01-26 07:33:00.00000041,5.191961
2012-01-26 07:33:00.00000070,8.8137245
2012-01-26 07:33:00.000000157,30.19115
2012-01-26 07:33:00.000000179,8.121062
2012-01-26 07:33:00.000000112,16.339397
2012-01-26 07:33:00.00000073,6.5916524
2012-01-26 07:33:00.000000138,17.209333
2012-01-26 07:33:00.00000092,11.192947
2012-01-26 07:33:00.000000164,17.62557
2012-01-26 07:33:00.000000123,8.962752
2012-01-26 07:33:00.00000043,4.8421817
2012-01-26 07:33:00.00000093,5.6520267
2012-01-26 07:33:00.00000016,22.226692
2012-01-26 07:33:00.000000144,7.59657
2012-01-26 07:33:00.00000042,6.681804
2012-01-26 07:33:00.00000011,9.067469
2012-01-26 07:33:00.00000035,9.840086
2012-01-26 07:33:00.00000098,7.301112
2012-01-26 07:33:00.000000149,21.681326
2012-01-26 07:33:00.000000110,4.8223944
2012-01-26 07:33:00.000000159,10.990281
2015-03-20 23:34:40.0000007,7.36568
2015-03-20 23:34:40.0000002,26.157007
2015-03-20 23:34:40.0000006,4.7986383
2013-12-14 03:20:48.0000001,31.533884
2013-12-14 03:20:48.0000002,4.602559
2014-04-14 07:03:52.0000001,8.323573
2014-04-14 07:03:52.0000002,12.183942
2015-05-21 07:08:08.0000002,7.513589
2011-08-30 16:48:24.0000003,7.4423018
2011-08-30 16:48:24.0000002,11.143279
2011-08-30 16:48:24.0000001,6.816482
2010-12-09 07:29:00.000000189,4.460807
2010-12-09 07:29:00.00000027,17.512445
2010-12-09 07:29:00.000000184,10.78021
2010-12-09 07:29:00.00000030,4.637344
2010-12-09 07:29:00.00000011,4.6170025
2010-12-09 07:29:00.00000065,8.266349
2010-12-09 07:29:00.00000063,7.2316227
2010-12-09 07:29:00.000000133,15.194176
2010-12-09 07:29:00.00000054,6.9373193
2010-12-09 07:29:00.00000021,11.828134
2010-12-09 07:29:00.000000162,5.3716006
2010-12-09 07:29:00.000000144,8.538158
2010-12-09 07:29:00.000000116,9.564871
2010-12-09 07:29:00.000000142,4.866364
2010-12-09 07:29:00.000000113,11.205327
2010-12-09 07:29:00.000000105,8.105973
2010-12-09 07:29:00.00000047,4.7948775
2010-12-09 07:29:00.0000008,6.558964
2010-12-09 07:29:00.00000099,4.0414968
2010-12-09 07:29:00.00000048,5.7284174
2010-12-09 07:29:00.00000076,11.999725
2010-12-09 07:29:00.000000174,16.465626
2010-12-09 07:29:00.000000130,21.236982
2010-12-09 07:29:00.000000177,7.6079016
2010-12-09 07:29:00.00000088,6.6195626
2010-12-09 07:29:00.00000091,6.318882
2010-12-09 07:29:00.00000072,4.389038
2010-12-09 07:29:00.00000014,8.212252
2010-12-09 07:29:00.000000157,6.616751
2010-12-09 07:29:00.000000109,12.4083805
2010-12-09 07:29:00.00000016,7.1140347
2010-12-09 07:29:00.00000023,6.055436
2010-12-09 07:29:00.000000118,7.2010818
2010-12-09 07:29:00.00000017,6.082589
2010-12-09 07:29:00.00000032,9.629757
2010-12-09 07:29:00.000000188,9.305849
2010-12-09 07:29:00.00000040,5.8371005
2010-12-09 07:29:00.00000037,9.613291
2010-12-09 07:29:00.000000128,7.4087234
2010-12-09 07:29:00.00000057,6.263944
2010-12-09 07:29:00.000000125,8.953318
2010-12-09 07:29:00.000000159,6.611995
2010-12-09 07:29:00.00000018,5.621129
2010-12-09 07:29:00.000000107,5.639842
2010-12-09 07:29:00.00000051,16.952435
2010-12-09 07:29:00.00000042,7.818362
2010-12-09 07:29:00.00000059,6.705299
2010-12-09 07:29:00.00000075,5.026628
2010-12-09 07:29:00.00000035,7.7607718
2010-12-09 07:29:00.00000029,6.4308844
2010-12-09 07:29:00.00000045,7.5614343
2010-12-09 07:29:00.00000055,5.701346
2010-12-09 07:29:00.000000140,8.177651
2010-12-09 07:29:00.00000060,9.201629
2010-12-09 07:29:00.000000185,12.273603
2010-12-09 07:29:00.000000120,5.128059
2010-12-09 07:29:00.000000104,6.0620003
2010-12-09 07:29:00.000000191,5.1470213
2010-12-09 07:29:00.000000106,5.2335787
2010-12-09 07:29:00.00000039,5.640424
2010-12-09 07:29:00.000000132,4.031959
2010-12-09 07:29:00.00000019,6.9267507
2010-12-09 07:29:00.000000166,4.3067856
2010-12-09 07:29:00.000000111,6.7504754
2010-12-09 07:29:00.00000013,5.492144
2010-12-09 07:29:00.000000138,5.614963
2010-12-09 07:29:00.00000085,31.672457
2010-12-09 07:29:00.000000169,5.8929105
2010-12-09 07:29:00.000000153,11.582609
2010-12-09 07:29:00.00000033,47.44357
2010-12-09 07:29:00.000000173,9.555417
2010-12-09 07:29:00.00000077,5.5160017
2010-12-09 07:29:00.000000190,4.42887
2010-12-09 07:29:00.000000137,5.0079346
2010-12-09 07:29:00.0000009,7.4055405
2010-12-09 07:29:00.000000155,7.958407
2010-12-09 07:29:00.0000004,16.809399
2010-12-09 07:29:00.000000119,5.488268
2010-12-09 07:29:00.000000100,7.0919695
2010-12-09 07:29:00.00000024,5.308929
2010-12-09 07:29:00.00000096,12.597816
2010-12-09 07:29:00.000000170,7.9527454
2010-12-09 07:29:00.000000131,6.4400754
2010-12-09 07:29:00.00000022,11.65177
2010-12-09 07:29:00.00000053,6.5198574
2010-12-09 07:29:00.000000165,61.234062
2010-12-09 07:29:00.000000114,8.507866
2010-12-09 07:29:00.00000074,9.073867
2010-12-09 07:29:00.00000070,6.6245923
2010-12-09 07:29:00.000000167,4.486101
2010-12-09 07:29:00.000000110,5.730282
2010-12-09 07:29:00.00000020,11.951328
2010-12-09 07:29:00.000000147,7.4259577
2010-12-09 07:29:00.000000178,28.628424
2010-12-09 07:29:00.000000146,6.9353776
2010-12-09 07:29:00.000000103,7.6695538
2010-12-09 07:29:00.000000149,9.980275
2010-12-09 07:29:00.000000182,10.364033
2010-12-09 07:29:00.000000124,7.769394
2010-12-09 07:29:00.000000154,10.602176
2010-12-09 07:29:00.000000117,6.978437
2010-12-09 07:29:00.00000034,10.084561
2010-12-09 07:29:00.00000084,9.552239
2010-12-09 07:29:00.00000064,6.4837756
2010-12-09 07:29:00.000000126,14.409875
2010-12-09 07:29:00.00000082,7.5391603
2010-12-09 07:29:00.00000092,10.551773
2010-12-09 07:29:00.00000087,5.527619
2010-12-09 07:29:00.00000095,20.71948
2010-12-09 07:29:00.000000101,9.09322
2010-12-09 07:29:00.000000122,6.698081
2010-12-09 07:29:00.000000160,6.5310273
2010-12-09 07:29:00.000000175,8.201695
2010-12-09 07:29:00.00000043,7.5070076
2010-12-09 07:29:00.00000061,11.148285
2010-12-09 07:29:00.000000179,4.6724863
2010-12-09 07:29:00.00000049,7.375819
2010-12-09 07:29:00.000000172,45.093502
2010-12-09 07:29:00.000000192,7.701214
2010-12-09 07:29:00.000000194,5.451182
2010-12-09 07:29:00.00000052,9.029831
2010-12-09 07:29:00.00000058,5.526731
2010-12-09 07:29:00.00000010,6.7848225
2010-12-09 07:29:00.000000108,5.570147
2010-12-09 07:29:00.000000129,8.969736
2010-12-09 07:29:00.000000163,7.3935976
2010-12-09 07:29:00.000000161,8.808286
2010-12-09 07:29:00.000000187,5.9946423
2010-12-09 07:29:00.000000158,6.493141
2010-12-09 07:29:00.000000121,9.891825
2010-12-09 07:29:00.000000176,5.0747676
2011-09-25 13:01:20.0000005,7.6920023
2011-09-25 13:01:20.0000001,7.49696
2011-09-25 13:01:20.0000004,9.12486
2011-09-25 13:01:20.0000006,13.136793
2011-09-25 13:01:20.0000003,5.289245
2012-09-08 04:35:16.0000001,24.216938
2012-05-08 03:50:00.00000011,21.161037
2012-05-08 03:50:00.0000002,4.854123
2012-05-08 03:50:00.0000008,16.690773
2012-05-08 03:50:00.0000007,7.2249417
2012-05-08 03:50:00.00000015,15.218807
2012-05-08 03:50:00.00000016,7.350901
2012-05-08 03:50:00.0000003,6.079217
2012-05-08 03:50:00.00000014,4.726482
2012-05-08 03:50:00.0000004,14.881777
2010-10-06 21:23:24.0000003,5.4902186
2010-10-06 21:23:24.0000001,7.052553
2010-10-06 21:23:24.0000005,11.619293
2010-10-06 21:23:24.0000002,5.6687636
2010-10-06 21:23:24.0000004,6.621351
2014-05-17 02:47:12.0000002,12.764648
2009-07-31 07:30:56.0000002,4.2486987
2009-07-31 07:30:56.0000001,7.8603096
2012-03-06 07:33:04.0000002,8.596989
2009-01-29 22:15:48.0000001,10.687298
2013-03-17 12:44:04.0000001,6.8067546
2014-06-18 09:23:32.0000001,18.941494
2011-09-21 13:15:36.0000004,7.6688027
2011-09-21 13:15:36.0000003,7.895161
2011-09-21 13:15:36.0000001,8.29225
2011-09-21 13:15:36.0000002,49.1601
2015-03-12 19:43:24.0000001,21.823582
2015-03-12 19:43:24.0000002,40.377834
2015-03-12 19:43:24.0000007,8.960491
2015-03-12 19:43:24.0000004,16.232859
2014-01-18 17:43:28.0000005,7.929878
2014-01-18 17:43:28.0000003,5.743627
2014-01-18 17:43:28.0000002,15.74308
2014-01-18 17:43:28.0000004,13.411706
2011-04-05 01:15:44.0000001,9.596528
2011-04-05 01:15:44.0000002,9.8922
2011-09-04 01:36:36.0000002,15.777289
2010-08-09 08:53:56.0000004,9.838401
2010-08-09 08:53:56.0000006,8.514596
2010-08-09 08:53:56.0000002,10.890075
2010-08-09 08:53:56.0000003,16.094805
2010-08-09 08:53:56.0000005,9.491728
2010-03-27 07:05:08.0000001,4.500524
2011-11-16 12:52:52.0000002,7.613436
2011-11-16 12:52:52.0000003,6.0556045
2011-11-16 12:52:52.0000001,47.738335
2009-10-29 10:48:40.0000002,8.304505
2009-10-29 10:48:40.0000001,10.881015
2015-02-01 00:48:44.0000009,18.329115
2015-02-01 00:48:44.0000004,10.087709
2015-02-01 00:48:44.0000008,8.523864
2015-02-01 00:48:44.0000006,8.998902
2015-02-01 00:48:44.0000007,13.557804
2014-04-03 02:31:08.0000001,7.0236998
2010-07-04 03:28:44.0000001,16.745552
2009-03-31 23:01:36.0000002,7.6506805
2009-03-31 23:01:36.0000001,24.79215
2009-03-31 23:01:36.0000003,12.923454
2012-02-02 00:49:56.0000002,5.5433393
2012-02-02 00:49:56.0000001,20.561357
2012-02-02 00:49:56.0000003,16.57083
2012-02-02 00:49:56.0000004,12.90019
2014-01-26 15:28:52.0000003,8.077663
2012-02-14 15:32:40.0000002,5.4084754
2012-02-14 15:32:40.0000004,6.1915927
2012-02-14 15:32:40.0000001,8.4439745
2012-02-14 15:32:40.0000003,8.521972
2011-12-06 11:07:40.0000001,17.414762
2011-12-06 11:07:40.0000005,6.3450737
2011-07-12 19:41:48.0000002,14.50697
2011-07-12 19:41:48.0000003,11.038327
2011-07-12 19:41:48.0000004,7.7314086
2010-09-16 14:27:16.0000001,7.372344
2010-09-16 14:27:16.0000003,11.231656
2010-09-16 14:27:16.0000004,11.009977
2010-09-16 14:27:16.0000005,11.5371275
2014-06-11 01:13:40.0000001,11.525236
2013-05-18 15:28:40.0000003,8.71174
2013-05-18 15:28:40.0000002,9.47394
2015-02-14 20:20:56.0000001,8.879739
2015-02-14 20:20:56.0000002,8.002261
2015-02-14 20:20:56.0000004,5.530943
2009-01-22 12:27:20.0000003,6.684076
2011-04-23 21:22:20.0000001,4.714464
2013-09-01 17:57:04.0000002,4.9448643
2013-09-01 17:57:04.0000003,7.5166335
2013-04-22 13:19:16.0000001,21.33993
2013-04-22 13:19:16.0000002,10.941615
2013-04-22 13:19:16.0000003,6.9396806
2015-02-21 18:39:16.0000002,5.169913
2009-04-23 00:05:40.0000001,25.072802
2009-04-23 00:05:40.0000003,7.5992723
2012-05-28 05:48:40.0000001,29.2758
2010-01-03 20:04:52.0000001,16.541899
2013-03-09 21:40:52.0000003,12.786248
2013-03-09 21:40:52.0000002,7.9581923
2011-04-21 08:22:32.0000001,4.0755014
2011-02-20 09:22:16.0000002,28.49917
2011-02-20 09:22:16.0000001,8.001538
2010-07-22 09:37:12.0000003,7.92813
2010-07-22 09:37:12.0000004,6.8711133
2010-07-22 09:37:12.0000001,9.879955
2011-01-24 20:47:04.0000002,9.223302
2013-07-22 15:05:16.0000004,11.028517
2013-07-22 15:05:16.0000001,4.5997906
2013-07-22 15:05:16.0000002,23.10221
2013-07-22 15:05:16.0000003,5.6192083
2013-01-23 16:22:04.0000003,13.4006815
2013-01-23 16:22:04.0000002,10.0845375
2013-01-23 16:22:04.0000001,9.333706
2013-01-06 12:46:36.0000001,3.601573
2013-01-06 12:46:36.0000002,6.681601
2012-02-13 04:52:32.0000001,48.487137
2013-02-07 08:34:24.0000001,10.085828
2013-02-07 08:34:24.0000003,10.498854
2013-02-07 08:34:24.0000004,8.505623
2013-02-07 08:34:24.0000002,14.203362
2015-02-21 17:23:28.0000005,14.842105
2015-02-21 17:23:28.0000003,8.703919
2015-02-21 17:23:28.0000002,9.223891
2015-02-21 17:23:28.0000001,8.299448
2015-02-21 17:23:28.0000006,4.611789
2013-06-19 13:36:52.0000004,8.6166725
2013-06-19 13:36:52.0000001,9.381537
2013-06-19 13:36:52.0000002,10.444867
2013-06-19 13:36:52.0000005,41.45722
2013-06-19 13:36:52.0000003,21.208696
2015-06-26 16:04:04.0000002,5.6096525
2015-06-26 16:04:04.0000001,4.339804
2010-06-05 07:08:36.0000001,6.758401
2011-10-28 13:48:16.0000002,9.879055
2011-10-28 13:48:16.0000001,7.029012
2011-10-28 13:48:16.0000003,5.8652678
2012-09-29 02:53:20.0000001,10.947263
2011-08-06 12:59:12.0000001,14.063454
2012-11-19 22:15:32.0000002,29.263065
2013-11-29 20:09:12.0000002,8.832826
2012-05-31 17:54:48.0000003,10.724851
2012-05-31 17:54:48.0000002,8.792837
2012-05-31 17:54:48.0000001,4.815322
2012-05-31 17:54:48.0000004,6.8921824
2012-04-20 08:03:52.0000001,11.853571
2012-04-20 08:03:52.0000002,8.654735
2012-04-20 08:03:52.0000003,8.298122
2009-01-26 18:26:48.0000001,7.407822
2009-01-26 18:26:48.0000003,5.761909
2009-01-26 18:26:48.0000004,10.544629
2009-01-26 18:26:48.0000002,8.095409
2011-10-20 00:50:48.0000003,14.203939
2011-10-20 00:50:48.0000002,4.9152527
2011-10-20 00:50:48.0000001,4.9533625
2011-06-03 11:45:16.0000002,10.803838
2011-06-03 11:45:16.0000004,9.368424
2011-06-03 11:45:16.0000005,5.3423357
2011-06-03 11:45:16.0000001,4.129854
2011-06-03 11:45:16.0000003,5.5825076
2011-10-25 20:34:20.0000001,7.285979
2012-07-05 18:30:36.0000005,10.582787
2012-07-05 18:30:36.0000006,7.7042713
2012-07-05 18:30:36.0000003,5.0560308
2012-07-05 18:30:36.0000001,10.072883
2012-07-05 18:30:36.0000007,7.7439256
2012-07-05 18:30:36.0000002,6.714382
2015-04-07 14:31:12.0000002,9.3853245
2015-04-07 14:31:12.0000003,6.125714
2013-08-28 00:27:36.0000002,10.972856
2013-08-28 00:27:36.0000001,7.073182
2012-11-20 21:54:00.00000037,6.762407
2012-11-20 21:54:00.00000081,12.3904915
2012-11-20 21:54:00.000000210,8.986692
2012-11-20 21:54:00.00000050,5.0979686
2012-11-20 21:54:00.000000175,53.46641
2012-11-20 21:54:00.000000208,6.189077
2012-11-20 21:54:00.000000198,6.0860515
2012-11-20 21:54:00.000000185,7.9993367
2012-11-20 21:54:00.00000028,11.132218
2012-11-20 21:54:00.000000134,7.5084367
2012-11-20 21:54:00.00000091,5.2761936
2012-11-20 21:54:00.00000033,4.709116
2012-11-20 21:54:00.00000082,7.218032
2012-11-20 21:54:00.000000142,29.161577
2012-11-20 21:54:00.000000180,28.021858
2012-11-20 21:54:00.00000093,16.522848
2012-11-20 21:54:00.000000159,5.0626693
2012-11-20 21:54:00.000000165,7.602333
2012-11-20 21:54:00.000000235,7.282235
2012-11-20 21:54:00.00000089,5.675
2012-11-20 21:54:00.000000168,18.302237
2012-11-20 21:54:00.000000224,6.047026
2012-11-20 21:54:00.000000158,6.6041946
2012-11-20 21:54:00.000000212,55.67361
2012-11-20 21:54:00.000000147,35.95685
2012-11-20 21:54:00.000000140,12.943119
2012-11-20 21:54:00.00000018,17.031166
2012-11-20 21:54:00.000000124,5.7382345
2012-11-20 21:54:00.000000181,8.702009
2012-11-20 21:54:00.000000187,12.191896
2012-11-20 21:54:00.00000058,20.440298
2012-11-20 21:54:00.000000151,19.870523
2012-11-20 21:54:00.000000126,7.044706
2012-11-20 21:54:00.00000099,13.284866
2012-11-20 21:54:00.000000120,9.057984
2012-11-20 21:54:00.0000009,5.0989995
2012-11-20 21:54:00.000000206,7.346976
2012-11-20 21:54:00.00000079,6.18401
2012-11-20 21:54:00.000000237,14.457175
2012-11-20 21:54:00.000000143,14.335078
2012-11-20 21:54:00.000000111,6.5103135
2012-11-20 21:54:00.000000106,10.067485
2012-11-20 21:54:00.000000245,5.619219
2012-11-20 21:54:00.00000032,12.188068
2012-11-20 21:54:00.00000075,8.067695
2012-11-20 21:54:00.000000244,28.217293
2012-11-20 21:54:00.00000094,4.5577645
2012-11-20 21:54:00.000000118,31.638855
2012-11-20 21:54:00.000000188,9.33479
2012-11-20 21:54:00.00000051,17.777933
2012-11-20 21:54:00.000000109,11.939094
2012-11-20 21:54:00.0000003,7.546037
2012-11-20 21:54:00.000000114,24.993282
2012-11-20 21:54:00.00000013,5.3663034
2012-11-20 21:54:00.000000192,6.757841
2012-11-20 21:54:00.000000228,4.670633
2012-11-20 21:54:00.000000236,10.365499
2012-11-20 21:54:00.000000178,14.203631
2012-11-20 21:54:00.00000027,12.067328
2012-11-20 21:54:00.000000176,5.2662663
2012-11-20 21:54:00.0000008,7.2601104
2012-11-20 21:54:00.00000061,18.008486
2012-11-20 21:54:00.00000011,14.150021
2012-11-20 21:54:00.00000096,7.510648
2012-11-20 21:54:00.000000231,8.381095
2012-11-20 21:54:00.000000190,13.523104
2012-11-20 21:54:00.000000166,36.292698
2012-11-20 21:54:00.00000022,5.5221796
2012-11-20 21:54:00.000000234,15.550362
2012-11-20 21:54:00.00000035,8.1588545
2012-11-20 21:54:00.00000041,15.203484
2012-11-20 21:54:00.000000113,7.214243
2012-11-20 21:54:00.00000045,12.451415
2012-11-20 21:54:00.000000157,13.289649
2012-11-20 21:54:00.000000163,16.595318
2012-11-20 21:54:00.000000193,13.579182
2012-11-20 21:54:00.00000063,7.497264
2012-11-20 21:54:00.000000183,6.7687526
2012-11-20 21:54:00.000000182,16.396645
2012-11-20 21:54:00.000000117,9.711758
2012-11-20 21:54:00.000000156,17.162256
2012-11-20 21:54:00.000000220,8.208613
2012-11-20 21:54:00.000000227,7.201629
2012-11-20 21:54:00.000000194,13.632853
2012-11-20 21:54:00.000000201,9.157104
2012-11-20 21:54:00.000000115,47.167496
2012-11-20 21:54:00.000000217,9.973524
2012-11-20 21:54:00.00000017,13.884675
2012-11-20 21:54:00.000000139,4.856073
2012-11-20 21:54:00.00000038,11.188743
2012-11-20 21:54:00.000000107,5.2205143
2012-11-20 21:54:00.000000218,16.794958
2012-11-20 21:54:00.000000214,20.611135
2012-11-20 21:54:00.000000213,11.76395
2012-11-20 21:54:00.000000215,34.447544
2012-11-20 21:54:00.000000112,9.575133
2012-11-20 21:54:00.00000067,18.147577
2012-11-20 21:54:00.00000044,14.08446
2012-11-20 21:54:00.00000029,8.590261
2012-11-20 21:54:00.000000119,14.491855
2012-11-20 21:54:00.000000203,6.653068
2012-11-20 21:54:00.000000239,5.8834662
2012-11-20 21:54:00.000000125,15.896411
2012-11-20 21:54:00.00000064,8.881344
2012-11-20 21:54:00.000000153,7.6714683
2012-11-20 21:54:00.00000054,7.7708383
2012-11-20 21:54:00.000000177,11.951546
2012-11-20 21:54:00.000000243,12.35115
2012-11-20 21:54:00.000000128,5.4740195
2012-11-20 21:54:00.00000095,8.899442
2012-11-20 21:54:00.00000088,10.175697
2012-11-20 21:54:00.000000200,6.36356
2012-11-20 21:54:00.00000053,5.911686
2012-11-20 21:54:00.000000199,5.45092
2012-11-20 21:54:00.000000191,13.519243
2012-11-20 21:54:00.00000057,7.717981
2012-11-20 21:54:00.000000145,9.979514
2012-11-20 21:54:00.00000072,9.629034
2012-11-20 21:54:00.0000001,6.8366733
2012-11-20 21:54:00.000000241,6.1772075
2012-11-20 21:54:00.000000230,9.96534
2012-11-20 21:54:00.000000146,27.275934
2012-11-20 21:54:00.000000155,9.541482
2012-11-20 21:54:00.00000046,8.687725
2012-11-20 21:54:00.000000242,26.0182
2012-11-20 21:54:00.00000060,9.260731
2012-11-20 21:54:00.000000116,8.277735
2012-11-20 21:54:00.00000059,11.507162
2012-11-20 21:54:00.000000232,6.3790956
2012-11-20 21:54:00.000000162,9.3644
2012-11-20 21:54:00.00000070,10.125194
2012-11-20 21:54:00.00000052,28.532513
2012-11-20 21:54:00.000000129,27.744753
2012-11-20 21:54:00.000000136,14.417233
2012-11-20 21:54:00.000000226,10.808159
2012-11-20 21:54:00.000000240,13.338776
2012-11-20 21:54:00.000000141,8.646292
2012-11-20 21:54:00.000000204,15.404185
2012-11-20 21:54:00.000000137,5.710799
2011-02-22 14:18:40.0000001,9.378934
2014-06-23 00:16:00.00000066,30.925434
2014-06-23 00:16:00.00000039,7.556302
2014-06-23 00:16:00.00000076,8.362108
2014-06-23 00:16:00.00000030,35.688
2014-06-23 00:16:00.00000070,15.427502
2014-06-23 00:16:00.00000065,8.435444
2014-06-23 00:16:00.00000056,24.089207
2014-06-23 00:16:00.00000038,6.2393165
2014-06-23 00:16:00.00000071,23.208792
2014-06-23 00:16:00.00000013,9.681015
2014-06-23 00:16:00.00000073,8.219636
2014-06-23 00:16:00.0000001,13.971381
2014-06-23 00:16:00.00000026,12.439703
2014-06-23 00:16:00.00000090,10.376164
2014-06-23 00:16:00.00000092,21.867376
2014-06-23 00:16:00.00000044,10.0080595
2014-06-23 00:16:00.00000064,10.001097
2014-06-23 00:16:00.00000068,28.211931
2014-06-23 00:16:00.00000033,8.895725
2014-06-23 00:16:00.00000089,36.343384
2014-06-23 00:16:00.0000004,7.230677
2014-06-23 00:16:00.00000062,18.406147
2014-06-23 00:16:00.00000019,8.469918
2014-06-23 00:16:00.00000041,10.18009
2014-06-23 00:16:00.00000024,15.489903
2014-06-23 00:16:00.00000074,18.327974
2014-06-23 00:16:00.00000018,14.000164
2014-06-23 00:16:00.00000043,4.6859064
2014-06-23 00:16:00.00000022,6.344076
2014-06-23 00:16:00.00000088,10.163945
2014-06-23 00:16:00.00000057,4.7951326
2014-06-23 00:16:00.00000087,7.735055
2014-06-23 00:16:00.00000016,24.48179
2014-06-23 00:16:00.00000078,9.294011
2014-06-23 00:16:00.00000040,8.672519
2014-06-23 00:16:00.00000077,7.6428623
2014-06-23 00:16:00.00000015,12.847803
2014-06-23 00:16:00.00000047,7.1551614
2014-06-23 00:16:00.0000005,4.636141
2014-06-23 00:16:00.00000034,56.108646
2014-06-23 00:16:00.00000028,8.364894
2014-06-23 00:16:00.00000081,19.628143
2014-06-23 00:16:00.00000067,11.253687
2014-06-23 00:16:00.00000085,6.7426023
2014-06-23 00:16:00.00000082,8.277385
2014-06-23 00:16:00.00000063,18.47769
2014-06-23 00:16:00.00000079,7.0435553
2014-06-23 00:16:00.00000061,7.66918
2014-06-23 00:16:00.00000037,17.255177
2014-06-23 00:16:00.00000036,5.2337728
2014-06-23 00:16:00.00000049,17.551765
2014-06-23 00:16:00.00000025,41.877785
2014-06-23 00:16:00.0000009,8.081218
2014-06-23 00:16:00.00000069,15.024551
2011-11-24 02:36:48.0000003,10.529175
2011-11-24 02:36:48.0000002,5.238198
2011-11-24 02:36:48.0000001,12.007326
2013-06-05 01:34:56.0000001,11.405211
2013-03-18 12:51:12.0000001,11.1949625
2013-03-18 12:51:12.0000003,4.376544
2013-03-18 12:51:12.0000002,16.965448
2014-12-14 09:04:36.0000001,8.852332
2014-12-14 09:04:36.0000003,7.118816
2014-12-14 09:04:36.0000002,7.861921
2012-05-31 13:14:12.0000004,8.888127
2012-05-31 13:14:12.0000001,14.134363
2012-05-31 13:14:12.0000002,9.418287
2012-05-31 13:14:12.0000003,5.16308
2011-01-16 18:57:12.0000001,6.4510493
2011-01-16 18:57:12.0000002,4.8235273
2009-04-25 10:52:56.0000004,9.454549
2009-04-25 10:52:56.0000002,11.463711
2009-04-25 10:52:56.0000005,7.914467
2009-04-20 11:11:40.0000001,5.5253634
2012-07-20 06:53:32.0000001,3.8209617
2009-10-22 21:57:36.0000005,12.724434
2009-10-22 21:57:36.0000002,16.400585
2009-10-22 21:57:36.0000004,6.1982193
2009-10-22 21:57:36.0000003,4.849174
2009-03-16 10:30:12.0000001,13.443774
2009-07-14 12:12:36.0000004,7.261612
2009-07-14 12:12:36.0000001,8.481598
2009-07-14 12:12:36.0000003,10.778986
2009-07-14 12:12:36.0000007,10.855996
2009-07-14 12:12:36.0000002,14.062742
2009-07-14 12:12:36.0000005,10.005956
2009-07-14 12:12:36.0000008,8.897391
2009-07-14 12:12:36.0000006,6.6229286
2014-11-12 09:06:32.0000004,7.432388
2014-11-12 09:06:32.0000001,6.856176
2014-11-12 09:06:32.0000003,6.342512
2014-11-12 09:06:32.0000005,23.004047
2014-11-12 09:06:32.0000002,7.9186425
2011-04-10 11:57:12.0000002,8.56845
2011-04-10 11:57:12.0000003,7.5479293
2011-04-10 11:57:12.0000004,5.12133
2011-04-10 11:57:12.0000001,6.8696265
2011-09-20 11:58:52.0000003,5.5711284
2011-09-20 11:58:52.0000001,12.619429
2011-09-20 11:58:52.0000002,14.946784
2010-09-24 17:16:16.0000001,8.640321
2010-02-12 13:51:28.0000004,6.542123
2010-02-12 13:51:28.0000005,8.572879
2010-02-12 13:51:28.0000001,6.708543
2010-02-12 13:51:28.0000003,6.6028743
2010-02-12 13:51:28.0000002,11.459866
2011-01-03 21:51:28.0000002,7.7285748
2011-01-03 21:51:28.0000001,3.791234
2011-07-26 13:10:56.0000003,4.740626
2011-07-26 13:10:56.0000002,8.255627
2011-07-26 13:10:56.0000001,7.3485365
2011-08-18 13:00:16.0000003,10.658161
2011-08-18 13:00:16.0000002,7.2555766
2013-06-20 19:49:52.0000004,7.8689885
2013-06-20 19:49:52.0000001,7.2614365
2013-06-20 19:49:52.0000005,4.907926
2013-06-20 19:49:52.0000002,23.781971
2013-06-20 19:49:52.0000003,10.440276
2013-09-25 22:00:00.00000079,11.588496
2013-09-25 22:00:00.00000025,11.8596525
2013-09-25 22:00:00.000000225,8.505505
2013-09-25 22:00:00.000000204,12.489024
2013-09-25 22:00:00.00000053,28.722784
2013-09-25 22:00:00.000000111,13.711321
2013-09-25 22:00:00.00000014,7.702291
2013-09-25 22:00:00.000000172,55.24256
2013-09-25 22:00:00.000000154,4.8611717
2013-09-25 22:00:00.000000133,4.341571
2013-09-25 22:00:00.000000160,9.482299
2013-09-25 22:00:00.000000119,6.1064324
2013-09-25 22:00:00.000000223,5.3352847
2013-09-25 22:00:00.0000008,7.6833496
2013-09-25 22:00:00.000000103,8.977062
2013-09-25 22:00:00.000000178,6.4085927
2013-09-25 22:00:00.00000023,6.1563845
2013-09-25 22:00:00.00000022,6.546546
2013-09-25 22:00:00.00000076,6.0562496
2013-09-25 22:00:00.00000020,7.4000964
2013-09-25 22:00:00.000000142,13.092248
2013-09-25 22:00:00.00000059,7.515907
2013-09-25 22:00:00.000000110,6.291911
2013-09-25 22:00:00.000000205,10.377744
2013-09-25 22:00:00.000000182,10.258546
2013-09-25 22:00:00.00000081,8.751533
2013-09-25 22:00:00.000000230,22.612675
2013-09-25 22:00:00.000000164,12.102745
2013-09-25 22:00:00.00000090,10.94495
2013-09-25 22:00:00.000000106,8.666665
2013-09-25 22:00:00.00000078,7.7090626
2013-09-25 22:00:00.0000001,51.27534
2013-09-25 22:00:00.000000126,11.540074
2013-09-25 22:00:00.000000156,7.4605417
2013-09-25 22:00:00.000000137,11.398171
2013-09-25 22:00:00.00000039,7.7505794
2013-09-25 22:00:00.00000017,18.765434
2013-09-25 22:00:00.00000054,11.065301
2013-09-25 22:00:00.000000135,19.004347
2013-09-25 22:00:00.000000112,21.221659
2013-09-25 22:00:00.000000148,7.2276273
2013-09-25 22:00:00.000000143,32.392056
2013-09-25 22:00:00.00000043,6.3543296
2013-09-25 22:00:00.000000203,6.5272045
2013-09-25 22:00:00.00000040,8.035022
2013-09-25 22:00:00.00000035,10.191942
2013-09-25 22:00:00.000000117,16.511745
2013-09-25 22:00:00.000000244,7.156586
2013-09-25 22:00:00.0000002,17.670135
2013-09-25 22:00:00.000000246,60.37589
2013-09-25 22:00:00.00000091,20.211136
2013-09-25 22:00:00.000000235,7.100295
2013-09-25 22:00:00.000000237,31.233421
2013-09-25 22:00:00.000000185,6.4253907
2013-09-25 22:00:00.000000233,8.455731
2013-09-25 22:00:00.00000075,7.770652
2013-09-25 22:00:00.00000026,11.945162
2013-09-25 22:00:00.00000061,8.953628
2013-09-25 22:00:00.000000179,15.12072
2013-09-25 22:00:00.000000120,8.6621275
2013-09-25 22:00:00.000000165,20.866459
2013-09-25 22:00:00.000000224,14.161284
2013-09-25 22:00:00.000000192,23.327127
2013-09-25 22:00:00.00000084,12.866018
2013-09-25 22:00:00.000000169,5.9404874
2013-09-25 22:00:00.000000175,28.212284
2013-09-25 22:00:00.000000132,6.861035
2013-09-25 22:00:00.00000048,18.059877
2013-09-25 22:00:00.000000229,7.6472397
2013-09-25 22:00:00.00000036,17.952547
2013-09-25 22:00:00.000000177,8.449086
2013-09-25 22:00:00.000000217,7.457508
2013-09-25 22:00:00.000000183,11.253776
2013-09-25 22:00:00.000000107,13.896546
2013-09-25 22:00:00.00000058,12.723029
2013-09-25 22:00:00.00000073,6.9967966
2013-09-25 22:00:00.000000245,6.639827
2013-09-25 22:00:00.000000157,15.703027
2013-09-25 22:00:00.000000227,26.410112
2013-09-25 22:00:00.00000064,14.854931
2013-09-25 22:00:00.00000024,49.247223
2013-09-25 22:00:00.000000221,8.071848
2013-09-25 22:00:00.000000139,32.077038
2013-09-25 22:00:00.00000028,6.939467
2013-09-25 22:00:00.00000057,7.3425784
2013-09-25 22:00:00.000000222,10.443737
2013-09-25 22:00:00.000000215,22.607424
2013-09-25 22:00:00.00000094,18.346138
2013-09-25 22:00:00.000000214,9.504807
2013-09-25 22:00:00.000000101,6.592576
2013-09-25 22:00:00.00000055,7.249932
2013-09-25 22:00:00.00000049,22.859356
2013-09-25 22:00:00.000000216,16.143213
2013-09-25 22:00:00.000000123,9.027969
2013-09-25 22:00:00.000000136,6.3664317
2013-09-25 22:00:00.000000211,16.4905
2013-09-25 22:00:00.000000145,6.0524325
2013-09-25 22:00:00.000000250,38.265312
2013-09-25 22:00:00.000000188,10.140555
2013-09-25 22:00:00.000000202,5.7463284
2013-09-25 22:00:00.000000242,11.891282
2013-09-25 22:00:00.000000140,8.901876
2013-09-25 22:00:00.000000171,9.149796
2013-09-25 22:00:00.00000099,5.237191
2013-09-25 22:00:00.000000187,8.808073
2013-09-25 22:00:00.000000161,9.856943
2013-09-25 22:00:00.000000189,8.26982
2013-09-25 22:00:00.0000003,10.615592
2013-09-25 22:00:00.000000249,7.2605925
2013-09-25 22:00:00.000000195,6.068686
2013-09-25 22:00:00.00000072,11.290513
2013-09-25 22:00:00.00000012,10.630839
2013-09-25 22:00:00.000000149,8.533003
2013-09-25 22:00:00.000000197,10.969338
2013-09-25 22:00:00.00000038,56.05224
2013-09-25 22:00:00.0000009,19.248798
2013-09-25 22:00:00.00000089,15.84568
2013-09-25 22:00:00.000000199,28.186544
2013-09-25 22:00:00.000000219,6.0249543
2013-09-25 22:00:00.000000159,12.343719
2013-09-25 22:00:00.000000173,10.503448
2013-09-25 22:00:00.000000209,17.95511
2013-09-25 22:00:00.000000196,8.646515
2013-09-25 22:00:00.00000093,6.5582504
2013-09-25 22:00:00.000000155,19.089594
2013-09-25 22:00:00.000000121,8.569108
2013-09-25 22:00:00.000000134,12.451666
2013-09-25 22:00:00.000000228,7.511607
2013-09-25 22:00:00.00000092,12.6912565
2013-09-25 22:00:00.00000030,5.6752086
2013-09-25 22:00:00.00000062,11.678088
2013-09-25 22:00:00.0000005,8.880171
2013-09-25 22:00:00.00000097,36.770966
2013-09-25 22:00:00.00000019,16.506947
2013-09-25 22:00:00.000000180,8.007819
2013-09-25 22:00:00.000000200,15.397737
2013-09-25 22:00:00.000000186,8.165845
2013-09-25 22:00:00.000000176,7.146966
2013-09-25 22:00:00.00000082,8.186605
2013-09-25 22:00:00.00000098,7.9717355
2013-09-25 22:00:00.00000085,9.397411
2013-09-25 22:00:00.0000004,6.1230674
2013-09-25 22:00:00.00000032,18.494154
2013-09-25 22:00:00.00000070,8.063783
2013-09-25 22:00:00.00000074,11.297659
2013-09-25 22:00:00.000000118,10.751097
2013-09-25 22:00:00.0000007,7.5384474
2013-09-25 22:00:00.00000050,12.774794
2013-09-25 22:00:00.00000044,5.4668746
2013-09-25 22:00:00.00000095,6.7297883
2009-01-15 02:42:48.0000001,5.328933
2011-07-06 18:07:44.0000001,9.133884
2011-07-06 18:07:44.0000003,5.3005886
2011-07-06 18:07:44.0000005,6.1095896
2011-09-08 01:28:24.0000001,32.067585
2014-07-11 12:36:08.0000002,6.4879727
2010-11-04 05:01:44.0000001,4.012288
2009-10-04 10:04:12.0000001,6.5473466
2009-10-04 10:04:12.0000003,4.876438
2009-10-04 10:04:12.0000002,4.3511686
2009-10-04 10:04:12.0000004,3.6550581
2013-02-28 12:52:44.0000001,7.781587
2013-02-28 12:52:44.0000003,8.857909
2013-02-28 12:52:44.0000004,9.940006
2013-02-28 12:52:44.0000002,4.6170063
2013-08-03 07:11:53.0000001,32.579018
2015-01-26 23:13:33.0000001,10.957506
2012-10-31 11:09:53.0000001,12.600632
2012-10-31 11:09:53.0000002,19.936176
2011-12-23 23:30:09.0000001,15.49879
2015-01-29 11:01:21.0000001,6.1265163
2015-01-29 11:01:21.0000002,9.003989
2014-01-31 11:11:05.0000001,21.442293
2014-01-31 11:11:05.0000003,10.051273
2014-01-31 11:11:05.0000004,10.622571
2014-01-31 11:11:05.0000006,8.50285
2014-01-31 11:11:05.0000005,8.037197
2015-02-20 11:08:29.0000006,5.519366
2015-02-20 11:08:29.0000002,16.077116
2015-02-20 11:08:29.0000004,11.406577
2015-02-20 11:08:29.0000003,9.933765
2015-02-20 11:08:29.0000005,5.645991
2014-08-31 04:03:29.0000001,7.465048
2014-08-01 18:38:09.0000001,8.896201
2014-08-01 18:38:09.0000002,7.968639
2009-05-16 14:53:41.0000007,6.059975
2009-05-16 14:53:41.0000006,6.3176274
2009-12-17 06:28:05.0000001,7.6139507
2009-12-17 06:28:05.0000002,3.889456
2009-12-17 06:28:05.0000003,7.21446
2010-02-23 17:25:09.0000001,5.6942625
2010-02-23 17:25:09.0000002,4.4684157
2012-07-30 16:54:49.0000003,6.687054
2012-07-30 16:54:49.0000001,11.770471
2012-07-30 16:54:49.0000005,7.0166893
2012-07-30 16:54:49.0000004,6.288916
2012-07-30 16:54:49.0000002,10.323926
2013-08-26 11:47:37.0000003,19.567108
2013-08-26 11:47:37.0000002,6.5760036
2013-08-26 11:47:37.0000004,38.511127
2013-03-06 23:49:53.0000006,6.8308554
2013-03-06 23:49:53.0000005,7.169113
2013-03-06 23:49:53.0000003,7.3382087
2013-03-06 23:49:53.0000002,5.3744845
2013-03-06 23:49:53.0000001,14.283763
2013-03-06 23:49:53.0000004,9.617715
2010-10-30 13:31:13.0000005,7.103261
2010-10-30 13:31:13.0000003,4.717939
2010-10-30 13:31:13.0000004,3.9295983
2010-10-30 13:31:13.0000002,6.2242227
2012-03-25 16:56:01.0000001,5.2451396
2012-03-25 16:56:01.0000002,7.831437
2013-10-17 22:21:57.0000002,12.301922
2013-10-17 22:21:57.0000004,12.446538
2013-10-17 22:21:57.0000005,17.157583
2013-10-17 22:21:57.0000001,8.204944
2010-09-15 16:44:25.0000001,12.315743
2010-09-15 16:44:25.0000002,13.657927
2010-09-15 16:44:25.0000003,8.232946
2014-05-09 00:30:41.0000003,11.344997
2014-05-09 00:30:41.0000001,48.468483
2014-05-09 00:30:41.0000002,16.413471
2010-12-11 17:32:33.0000001,5.6321216
2010-06-14 05:10:09.0000001,9.195293
2012-03-05 13:24:37.0000003,9.070276
2012-03-05 13:24:37.0000001,6.1437993
2011-03-03 07:09:09.0000002,8.528677
2011-03-03 07:09:09.0000001,9.030065
2010-07-01 22:11:33.0000001,8.809185
2010-07-01 22:11:33.0000002,7.779944
2010-07-01 22:11:33.0000004,5.336643
2012-01-07 21:39:05.0000002,8.697956
2010-08-22 12:30:21.0000002,5.8586025
2010-08-22 12:30:21.0000001,4.9205594
2012-05-26 00:31:25.0000002,24.37969
2011-12-16 09:20:01.0000001,13.212245
2012-01-26 20:09:45.0000003,15.114412
2012-01-26 20:09:45.0000004,10.367739
2012-01-26 20:09:45.0000002,6.964644
2012-01-26 20:09:45.0000001,7.267189
2010-02-03 11:33:29.0000002,5.1702647
2010-02-03 11:33:29.0000001,7.960845
2014-10-07 11:52:13.0000005,40.595974
2014-10-07 11:52:13.0000001,6.057018
2014-10-07 11:52:13.0000004,16.983551
2014-10-07 11:52:13.0000002,7.1970453
2014-10-07 11:52:13.0000007,7.8595943
2014-10-07 11:52:13.0000003,9.377458
2013-05-06 23:46:25.0000001,9.485724
2015-06-13 19:17:09.0000006,8.7336645
2015-06-13 19:17:09.0000004,10.064922
2015-06-13 19:17:09.0000002,18.539074
2015-06-13 19:17:09.0000003,15.159238
2015-06-13 19:17:09.0000001,5.971997
2011-06-29 00:15:21.0000001,5.44607
2011-06-29 00:15:21.0000002,4.874212
2011-06-29 00:15:21.0000003,10.150115
2009-11-28 13:50:17.0000003,7.6151376
2009-11-28 13:50:17.0000001,4.0681205
2010-05-02 12:05:45.0000001,8.176702
2009-10-12 14:18:01.0000001,6.0146513
2015-01-13 12:07:53.0000002,6.599635
2015-01-13 12:07:53.0000007,11.973371
2015-01-13 12:07:53.0000001,15.106432
2015-01-13 12:07:53.0000004,3.6927664
2015-01-13 12:07:53.0000006,8.883405
2015-03-04 21:42:57.0000002,6.46309
2015-03-04 21:42:57.0000009,5.6305585
2015-03-04 21:42:57.0000005,7.2478523
2015-03-04 21:42:57.0000003,12.094009
2015-03-04 21:42:57.00000010,8.398646
2015-03-04 21:42:57.0000004,19.683289
2015-03-04 21:42:57.0000008,5.733178
2015-03-04 21:42:57.0000001,12.015759
2015-03-04 21:42:57.0000007,5.245403
2012-01-31 09:15:49.0000005,7.3088145
2012-01-31 09:15:49.0000002,8.93275
2012-01-31 09:15:49.0000006,11.589921
2012-01-31 09:15:49.0000003,5.052807
2012-01-31 09:15:49.0000004,5.9561105
2011-03-22 12:59:49.0000003,13.878918
2011-03-22 12:59:49.0000005,4.9524126
2011-03-22 12:59:49.0000004,6.4616847
2014-10-05 17:21:45.0000001,5.826835
2013-07-05 00:58:17.0000003,8.35013
2013-07-05 00:58:17.0000002,17.318176
2010-09-28 21:50:05.0000001,5.0196624
2010-09-28 21:50:05.0000003,19.769066
2010-09-28 21:50:05.0000002,6.873742
2010-09-28 21:50:05.0000004,11.860163
2010-09-28 21:50:05.0000005,5.2938404
2012-05-25 09:21:17.0000001,4.8915515
2012-05-25 09:21:17.0000002,6.112929
2012-05-25 09:21:17.0000003,5.928325
2010-01-30 00:57:21.0000003,7.393195
2010-01-30 00:57:21.0000004,5.9252224
2009-10-16 16:14:41.0000004,5.3166585
2009-10-16 16:14:41.0000001,5.4150085
2009-10-16 16:14:41.0000003,4.883811
2012-04-02 08:39:21.0000003,5.3679576
2012-04-02 08:39:21.0000001,5.99536
2009-09-04 06:54:49.0000001,5.05208
2012-08-29 09:53:33.0000002,9.527112
2012-08-29 09:53:33.0000001,9.5897665
2011-03-13 05:34:57.0000001,11.103216
2010-10-22 00:49:05.0000001,5.5495944
2010-09-12 22:12:53.0000001,10.832204
2014-09-13 04:51:21.0000001,27.923052
2014-09-13 04:51:21.0000002,15.970704
2010-08-17 07:59:05.0000003,8.031652
2010-08-17 07:59:05.0000001,4.184426
2010-08-17 07:59:05.0000002,9.367043
2011-03-06 23:14:17.0000001,9.972483
2014-06-19 08:41:17.0000001,6.3044386
2014-06-19 08:41:17.0000002,6.1691217
2014-06-19 08:41:17.0000006,15.937193
2014-06-19 08:41:17.0000004,11.27536
2014-06-19 08:41:17.0000003,7.224706
2014-06-19 08:41:17.0000005,5.7034373
2015-02-26 23:20:13.0000004,5.8103313
2015-02-26 23:20:13.0000002,7.906116
2015-02-26 23:20:13.0000009,20.408297
2015-02-26 23:20:13.0000007,5.65136
2015-02-26 23:20:13.0000005,10.014272
2015-02-26 23:20:13.0000001,19.30175
2015-02-26 23:20:13.0000006,22.780182
2015-02-26 23:20:13.0000003,4.6030855
2013-10-09 15:11:41.0000001,7.6106462
2013-10-09 15:11:41.0000003,4.9053416
2013-10-09 15:11:41.0000002,24.722443
2011-09-01 09:53:49.0000002,6.9642425
2011-09-01 09:53:49.0000003,11.773949
2011-09-01 09:53:49.0000005,5.8318515
2011-09-01 09:53:49.0000001,11.958576
2011-11-28 14:13:37.0000001,9.417682
2011-11-28 14:13:37.0000003,6.560662
2010-09-28 00:16:53.0000002,16.13862
2010-09-28 00:16:53.0000004,10.0308
2010-09-28 00:16:53.0000001,5.6959143
2013-08-30 11:20:21.0000002,16.01446
2013-08-30 11:20:21.0000001,15.700336
2013-09-19 21:24:21.0000002,4.7760735
2013-09-19 21:24:21.0000003,6.41097
2012-07-01 22:30:29.0000001,4.9821362
2013-01-19 08:04:21.0000001,8.185729
2011-07-02 00:38:01.0000003,5.885423
2011-07-02 00:38:01.0000002,9.047531
2014-02-08 17:24:57.0000001,15.315794
2010-01-13 01:56:57.0000001,5.4824114
2014-01-05 12:00:13.0000005,8.400716
2014-01-05 12:00:13.0000003,12.099249
2014-01-05 12:00:13.0000002,7.5045195
2014-01-05 12:00:13.0000004,7.9707823
2014-01-05 12:00:13.0000006,5.100963
2014-01-05 12:00:13.0000001,29.604607
2011-02-04 09:12:53.0000003,10.377347
2011-02-04 09:12:53.0000001,10.104346
2011-02-04 09:12:53.0000005,5.979324
2011-02-04 09:12:53.0000002,5.936605
2012-03-08 12:33:25.0000005,5.9550204
2012-03-08 12:33:25.0000002,16.149536
2012-03-08 12:33:25.0000001,6.7664304
2012-03-08 12:33:25.0000004,14.47405
2009-07-31 18:15:57.0000002,5.0435867
2009-07-10 20:17:05.0000001,4.731009
2009-07-10 20:17:05.0000002,5.2614737
2010-11-05 14:33:37.0000002,17.710596
2010-11-05 14:33:37.0000003,4.8048887
2010-11-05 14:33:37.0000001,12.709165
2010-11-05 14:33:37.0000004,27.990965
2010-03-09 08:49:13.0000002,7.9899487
2010-03-09 08:49:13.0000001,6.6970944
2010-03-09 08:49:13.0000003,4.7084846
2010-08-21 21:56:25.0000001,6.120936
2011-07-27 09:24:33.0000004,6.090737
2011-07-27 09:24:33.0000002,4.3919554
2011-07-27 09:24:33.0000005,11.877612
2011-07-27 09:24:33.0000001,8.467245
2011-07-27 09:24:33.0000003,7.8902345
2010-10-09 17:11:17.0000002,7.128223
2014-01-16 23:24:37.0000001,14.213385
2009-09-25 15:13:57.0000005,34.386875
2009-09-25 15:13:57.0000007,5.6199613
2009-09-25 15:13:57.0000006,5.5167866
2009-09-25 15:13:57.0000004,8.803188
2009-12-13 20:44:37.0000001,8.302767
2009-12-13 20:44:37.0000004,9.660015
2009-12-13 20:44:37.0000002,7.4365563
2009-12-13 20:44:37.0000003,7.1127076
2010-05-26 21:31:05.0000004,7.916758
2010-05-26 21:31:05.0000003,11.653137
2010-05-26 21:31:05.0000005,4.4465117
2010-05-26 21:31:05.0000001,8.495618
2010-05-26 21:31:05.0000002,6.5081086
2010-05-03 08:36:41.0000003,5.9722557
2010-05-03 08:36:41.0000005,5.4134445
2010-05-03 08:36:41.0000001,7.8031797
2010-05-03 08:36:41.0000002,8.222641
2009-06-22 08:08:29.0000001,16.814642
2009-06-22 08:08:29.0000002,8.253931
2009-01-20 17:38:05.0000003,6.444387
2009-01-20 17:38:05.0000005,3.825324
2009-01-20 17:38:05.0000004,7.3612204
2009-01-20 17:38:05.0000001,4.578922
2009-01-20 17:38:05.0000002,35.843925
2013-02-04 16:08:01.0000002,13.193609
2013-02-04 16:08:01.0000001,8.503461
2009-07-22 09:50:25.0000001,5.310033
2009-07-22 09:50:25.0000002,6.589658
2009-07-22 09:50:25.0000003,6.2270827
2013-07-17 06:50:17.0000001,15.325745
2011-01-24 20:18:49.0000002,6.2940645
2011-01-24 20:18:49.0000004,7.1652465
2011-01-24 20:18:49.0000001,4.1029615
2012-04-25 17:29:21.0000002,18.216589
2012-04-25 17:29:21.0000004,4.461947
2012-04-25 17:29:21.0000001,10.547166
2012-04-25 17:29:21.0000003,13.193772
2010-01-23 14:32:17.0000001,7.673497
2010-01-23 14:32:17.0000002,5.916831
2012-03-07 01:22:57.0000001,7.0086813
2012-03-07 01:22:57.0000002,10.697932
2012-06-02 01:16:05.0000002,4.3318176
2012-06-02 01:16:05.0000005,33.882446
2011-02-18 20:57:57.0000003,5.736747
2011-02-18 20:57:57.0000001,11.567321
2011-02-18 20:57:57.0000002,4.724917
2010-11-03 17:52:21.0000001,4.793312
2011-10-20 13:46:33.0000004,11.13445
2011-10-20 13:46:33.0000001,44.286175
2013-11-29 15:09:45.0000002,7.9357266
2013-11-29 15:09:45.0000001,11.315356
2015-06-24 07:28:01.0000001,7.6529374
2015-06-24 07:28:01.0000003,77.86463
2015-06-24 07:28:01.0000004,5.749011
2015-06-24 07:28:01.0000002,14.967526
2015-06-24 07:28:01.0000005,5.360866
2010-03-27 11:29:05.0000001,5.464297
2010-03-27 11:29:05.0000003,5.457953
2010-03-27 11:29:05.0000002,4.049683
2014-06-09 11:18:25.0000005,5.8525014
2014-06-09 11:18:25.0000003,12.488975
2014-06-09 11:18:25.0000001,8.785198
2014-06-09 11:18:25.0000004,5.891066
2014-06-09 11:18:25.0000002,8.239585
2012-08-08 09:47:53.0000002,5.1101336
2012-08-08 09:47:53.0000003,4.8678713
2012-08-08 09:47:53.0000001,8.314929
2014-10-28 12:23:09.0000003,19.230896
2014-10-28 12:23:09.0000006,8.712655
2014-10-28 12:23:09.0000004,12.291564
2014-10-28 12:23:09.0000005,8.555574
2014-10-28 12:23:09.0000002,6.6416836
2013-04-04 02:55:13.0000001,16.709873
2011-07-11 20:43:33.0000003,12.53231
2011-07-11 20:43:33.0000002,6.0056634
2013-02-23 14:25:29.0000001,13.766075
2010-01-30 18:58:33.0000007,7.1120734
2010-01-30 18:58:33.0000002,12.021082
2010-01-30 18:58:33.0000003,4.8264074
2010-01-30 18:58:33.0000004,13.351316
2010-01-30 18:58:33.0000005,6.287667
2013-10-07 11:12:33.0000003,9.290057
2013-10-07 11:12:33.0000002,7.144449
2013-10-07 11:12:33.0000001,7.752305
2012-10-08 12:29:21.0000001,7.668364
2014-08-22 06:49:41.0000002,7.28431
2014-08-22 06:49:41.0000001,4.707766
2014-04-26 22:02:17.0000001,14.524987
2010-05-13 08:48:41.0000004,28.950428
2010-05-13 08:48:41.0000002,5.786696
2010-05-13 08:48:41.0000001,15.497769
2010-05-13 08:48:41.0000003,9.023535
2014-06-22 14:49:13.0000004,5.4676476
2014-06-22 14:49:13.0000003,5.411776
2013-01-22 14:06:33.0000002,5.1830473
2013-01-22 14:06:33.0000004,10.258234
2013-01-22 14:06:33.0000001,10.9570875
2013-01-22 14:06:33.0000003,54.31623
2010-10-08 11:25:09.0000001,7.9719496
2010-10-08 11:25:09.0000002,5.772389
2015-03-14 02:23:17.0000001,7.584243
2015-03-14 02:23:17.0000005,26.55406
2015-03-14 02:23:17.0000007,17.712694
2015-03-14 02:23:17.0000003,19.60812
2014-09-20 00:55:21.0000001,11.591145
2014-09-25 20:52:09.0000003,17.677286
2014-09-25 20:52:09.0000007,18.80817
2014-09-25 20:52:09.0000008,7.171452
2014-09-25 20:52:09.0000006,7.864627
2014-09-25 20:52:09.0000001,6.240532
2014-09-25 20:52:09.0000004,13.418524
2013-08-20 09:05:33.0000001,9.290699
2012-01-19 00:39:29.0000001,14.404409
2009-12-23 09:09:21.0000002,15.905131
2009-12-23 09:09:21.0000003,10.850829
2009-12-23 09:09:21.0000001,13.284398
2012-12-15 06:35:45.0000002,16.459322
2012-12-15 06:35:45.0000003,54.22075
2012-12-15 06:35:45.0000004,5.4125323
2013-09-30 07:03:29.0000001,9.675916
2014-06-10 11:21:37.0000001,7.704208
2014-06-10 11:21:37.0000002,12.44576
2015-05-30 05:00:57.0000001,49.693687
2015-05-30 05:00:57.0000002,17.53962
2014-04-15 08:04:25.0000001,7.8098316
2014-04-15 08:04:25.0000002,13.0005245
2012-09-04 21:59:45.0000001,6.6835155
2012-06-23 19:15:29.0000001,6.780842
2014-09-23 18:20:01.0000002,9.119851
2014-09-23 18:20:01.0000001,8.810894
2011-06-30 21:50:17.0000002,9.756159
2011-06-30 21:50:17.0000006,6.436051
2011-06-30 21:50:17.0000005,7.5632772
2011-06-30 21:50:17.0000004,10.217245
2011-06-30 21:50:17.0000001,4.8007765
2011-06-30 21:50:17.0000003,6.9003224
2013-04-09 08:59:41.0000001,5.7485094
2013-02-14 03:56:45.0000001,6.7004256
2009-02-23 21:09:17.0000002,7.7241945
2009-02-23 21:09:17.0000003,4.40975
2009-02-23 21:09:17.0000001,6.074505
2013-04-05 20:47:57.0000001,14.56672
2013-04-05 20:47:57.0000003,9.835917
2013-04-05 20:47:57.0000002,16.85035
2013-03-11 06:58:05.0000001,9.295213
2012-01-05 05:51:01.0000002,6.466546
2009-05-11 10:47:33.0000001,14.540851
2014-02-22 02:07:01.0000001,17.3534
2014-02-22 02:07:01.0000004,6.975039
2014-02-22 02:07:01.0000005,8.48278
2014-02-22 02:07:01.0000002,13.9462185
2014-02-22 02:07:01.0000003,11.354723
2013-07-25 01:56:37.0000002,14.403536
2013-07-25 01:56:37.0000001,13.895259
2013-10-15 08:16:21.0000001,6.6627727
2014-08-26 23:35:49.0000003,10.989536
2014-08-26 23:35:49.0000004,19.862545
2014-08-26 23:35:49.0000001,8.455568
2009-08-28 23:01:41.0000007,9.479366
2009-08-28 23:01:41.0000004,6.348473
2009-08-28 23:01:41.0000003,4.0713735
2009-08-28 23:01:41.0000005,48.833706
2009-08-07 07:07:37.0000003,10.235983
2009-08-07 07:07:37.0000002,11.962927
2009-08-07 07:07:37.0000001,10.025417
2013-11-11 13:49:53.0000004,55.80921
2013-11-11 13:49:53.0000003,11.247962
2013-11-11 13:49:53.0000006,18.380873
2013-11-11 13:49:53.0000005,6.28041
2013-11-11 13:49:53.0000001,7.3101654
2013-11-11 13:49:53.0000002,10.052547
2012-08-11 19:58:29.0000002,8.024321
2012-08-11 19:58:29.0000003,5.6197205
2012-08-11 19:58:29.0000004,7.9236364
2012-08-11 19:58:29.0000001,10.798762
2011-06-29 06:25:41.0000001,28.841072
2014-10-19 15:14:45.0000001,23.502901
2014-12-16 13:40:25.0000001,10.034536
2014-12-16 13:40:25.0000002,9.589328
2010-06-11 13:37:21.0000004,7.241965
2010-06-11 13:37:21.0000001,5.673873
2010-06-11 13:37:21.0000002,8.048767
2012-12-09 22:30:13.0000003,14.602961
2012-12-09 22:30:13.0000001,12.142848
2010-06-21 20:21:45.0000001,16.855793
2011-05-11 19:56:09.0000002,12.232426
2013-06-17 06:37:49.0000001,4.1350493
2009-07-29 07:52:01.0000004,5.87749
2009-07-29 07:52:01.0000002,14.871598
2009-07-29 07:52:01.0000003,5.1804857
2009-07-29 07:52:01.0000001,4.600503
2014-08-08 00:02:41.0000001,9.8670025
2014-08-08 00:02:41.0000003,12.7904005
2014-08-08 00:02:41.0000005,14.674937
2009-02-19 09:17:21.0000001,10.143138
2013-09-12 12:50:13.0000004,5.4053087
2013-09-12 12:50:13.0000002,14.59027
2013-09-12 12:50:13.0000006,35.511288
2013-09-12 12:50:13.0000005,8.709982
2011-06-26 03:33:25.0000001,15.164094
2013-09-28 09:59:33.0000002,8.790971
2013-09-28 09:59:33.0000001,6.4225464
2010-04-20 07:32:21.0000001,9.509338
2010-04-20 07:32:21.0000002,5.159509
2011-04-16 06:38:33.0000001,5.486229
2011-09-18 18:33:13.0000001,7.2379622
2011-09-18 18:33:13.0000002,22.071003
2014-03-04 16:24:45.0000003,17.485512
2014-03-04 16:24:45.0000002,8.235456
2013-08-03 15:48:29.0000001,6.3619466
2012-06-21 19:47:25.0000003,6.194307
2012-06-21 19:47:25.0000001,7.5470467
2012-06-21 19:47:25.0000002,7.2978954
2014-03-10 12:25:21.0000003,5.563668
2014-03-10 12:25:21.0000002,8.450453
2014-03-10 12:25:21.0000001,15.20284
2014-11-10 10:52:41.0000002,22.02542
2014-11-10 10:52:41.0000003,15.5281515
2010-10-17 23:04:25.0000001,8.638659
2009-12-22 15:59:53.0000001,4.3031077
2009-12-22 15:59:53.0000002,4.2719235
2009-12-22 15:59:53.0000004,12.280018
2014-05-08 21:23:41.0000002,4.57112
2014-05-08 21:23:41.0000003,11.436447
2014-05-08 21:23:41.0000004,8.786878
2014-05-08 21:23:41.0000005,9.822277
2009-10-28 17:56:45.0000002,5.7135997
2009-10-28 17:56:45.0000001,4.580884
2014-07-10 07:03:29.0000002,11.593923
2014-07-10 07:03:29.0000001,6.576658
2012-07-15 03:53:37.0000004,11.660964
2010-03-31 05:33:53.0000001,5.497283
2010-03-31 05:33:53.0000002,6.7806187
2010-07-06 20:52:53.0000003,7.541201
2010-07-06 20:52:53.0000001,6.3839045
2010-07-06 20:52:53.0000002,5.7209353
2013-06-10 11:29:13.0000002,4.872248
2013-06-10 11:29:13.0000006,6.679714
2013-06-10 11:29:13.0000004,6.655035
2013-06-10 11:29:13.0000005,5.7193055
2013-06-10 11:29:13.0000003,11.308165
2015-04-25 01:06:17.0000008,8.246475
2015-04-25 01:06:17.0000004,5.95887
2015-04-25 01:06:17.0000001,5.0819097
2015-04-25 01:06:17.0000006,8.704414
2015-04-25 01:06:17.0000002,10.458337
2011-05-27 14:47:09.0000001,7.497061
2011-05-27 14:47:09.0000004,10.453953
2011-05-27 14:47:09.0000002,10.576207
2011-05-27 14:47:09.0000003,8.355791
2012-10-28 13:55:57.0000002,9.327407
2011-06-12 01:07:57.0000002,18.965199
2011-06-12 01:07:57.0000001,14.518468
2014-12-11 15:20:49.0000002,50.99287
2014-12-11 15:20:49.0000003,8.096289
2011-06-19 04:08:49.0000001,6.043174
2015-06-02 09:11:17.0000003,7.2414293
2015-06-02 09:11:17.0000006,5.4954333
2015-06-02 09:11:17.0000001,10.698541
2015-06-02 09:11:17.0000004,5.620008
2015-06-02 09:11:17.0000005,12.580865
2014-05-09 02:23:21.0000001,11.459378
2011-10-08 12:54:49.0000003,8.279433
2011-10-08 12:54:49.0000001,12.084811
2009-06-02 08:34:33.0000003,8.380291
2009-06-02 08:34:33.0000002,6.210977
2010-12-09 17:21:29.0000001,5.406782
2013-06-22 01:59:25.0000001,8.353008
2014-12-07 19:56:45.0000002,6.355951
2014-12-07 19:56:45.0000003,9.395484
2013-12-04 17:40:13.0000006,8.887902
2013-12-04 17:40:13.0000004,12.413159
2013-12-04 17:40:13.0000002,11.804483
2013-12-04 17:40:13.0000005,4.4151907
2013-12-04 17:40:13.0000001,5.0071692
2013-12-04 17:40:13.0000007,10.645224
2013-12-04 17:40:13.0000003,40.04194
2014-07-20 17:05:09.0000001,18.447983
2010-12-15 08:39:33.0000003,5.199599
2010-12-15 08:39:33.0000002,5.426283
2010-12-15 08:39:33.0000004,47.280605
2010-12-15 08:39:33.0000001,4.6621914
2011-02-07 08:56:09.0000001,9.020246
2012-05-26 11:54:53.0000003,7.0374374
2012-04-24 17:57:05.0000002,4.8237114
2012-04-24 17:57:05.0000003,32.13434
2012-04-24 17:57:05.0000001,12.712978
2014-01-11 19:20:17.0000002,7.4405255
2015-01-05 21:43:13.0000003,8.086939
2015-01-05 21:43:13.0000002,9.093225
2013-04-23 13:19:17.0000002,11.730922
2013-04-23 13:19:17.0000003,7.629512
2011-07-19 22:20:41.0000003,18.460846
2012-03-18 02:27:41.0000002,35.141586
2012-03-18 02:27:41.0000003,11.602722
2009-01-19 19:48:17.0000003,10.06643
2011-06-21 22:19:45.0000002,4.904113
2011-06-21 22:19:45.0000003,11.754229
2011-06-21 22:19:45.0000001,14.653466
2012-02-10 06:28:17.0000001,7.7633586
2013-01-13 00:20:53.0000002,10.418255
2013-01-13 00:20:53.0000003,10.97325
2015-03-28 09:52:37.0000002,4.2067647
2015-03-28 09:52:37.0000001,7.453948
2015-05-02 15:18:33.0000001,9.823272
2015-05-02 15:18:33.0000005,5.194333
2015-05-02 15:18:33.0000002,8.029775
2015-05-02 15:18:33.0000006,7.3614755
2015-05-02 15:18:33.0000004,13.617913
2015-05-02 15:18:33.0000007,6.7345667
2015-05-02 15:18:33.0000003,12.259366
2012-01-01 00:37:29.0000005,14.051341
2012-01-01 00:37:29.0000001,7.351448
2012-01-01 00:37:29.0000003,8.477317
2012-01-01 00:37:29.0000002,9.94691
2010-06-24 19:32:25.0000001,8.53817
2010-06-24 19:32:25.0000002,4.384809
2010-04-25 09:00:01.0000001,11.482358
2010-04-25 09:00:01.0000002,10.400756
2009-08-11 21:41:09.0000001,13.587584
2012-06-12 07:19:17.0000002,8.167216
2012-06-12 07:19:17.0000001,6.2457848
2011-12-30 11:16:05.0000002,10.782984
2011-12-30 11:16:05.0000001,7.610236
2011-12-30 11:16:05.0000003,8.180374
2011-12-30 11:16:05.0000004,7.8307986
2013-11-28 13:17:13.0000001,9.082512
2010-06-14 20:51:37.0000001,18.469837
2010-06-14 20:51:37.0000002,9.6073
2012-06-10 00:46:17.0000004,15.036481
2012-06-10 00:46:17.0000002,11.824229
2013-02-10 19:51:53.0000001,8.861425
2013-02-10 19:51:53.0000002,15.2553215
2010-02-20 04:04:13.0000001,8.375319
2010-02-20 04:04:13.0000002,7.1703258
2010-02-20 04:04:13.0000003,5.5539346
2014-01-01 16:33:01.0000004,5.526168
2014-01-01 16:33:01.0000001,9.138996
2014-01-01 16:33:01.0000002,10.968603
2014-01-01 16:33:01.0000003,12.122496
2013-06-04 08:06:57.0000002,7.8539414
2013-06-04 08:06:57.0000005,6.4874864
2013-06-04 08:06:57.0000003,12.875693
2013-06-04 08:06:57.0000004,5.8919683
2013-06-04 08:06:57.0000001,4.2889657
2012-07-13 08:45:21.0000001,28.979082
2012-07-13 08:45:21.0000003,6.6485877
2012-07-13 08:45:21.0000004,5.725949
2012-07-13 08:45:21.0000002,10.971739
2014-06-09 13:01:21.0000002,9.052909
2014-06-09 13:01:21.0000001,7.674911
2010-10-01 13:11:05.0000002,6.998478
2010-10-01 13:11:05.0000004,7.1230407
2010-10-01 13:11:05.0000003,28.731758
2010-02-27 22:55:09.0000002,6.347771
2010-02-27 22:55:09.0000003,5.9624023
2012-11-23 05:37:53.0000001,13.898044
2009-10-05 15:41:37.0000001,5.5981197
2009-12-01 02:33:57.0000001,8.81744
2013-04-30 14:43:33.0000003,20.160498
2013-04-30 14:43:33.0000002,18.343506
2013-04-30 14:43:33.0000001,13.670706
2015-05-17 04:17:33.0000001,10.615425
2015-05-17 04:17:33.0000002,9.689029
2015-05-17 04:17:33.0000003,9.781543
2015-05-17 04:17:33.0000004,8.488242
2014-07-26 23:31:41.0000001,7.715551
2009-11-07 16:37:49.0000001,4.6863117
2009-11-07 16:37:49.0000003,7.229761
2009-11-07 16:37:49.0000002,46.144882
2009-11-07 16:37:49.0000005,4.727813
2012-11-07 12:46:29.0000003,8.204413
2012-11-07 12:46:29.0000001,12.257657
2012-11-07 12:46:29.0000002,5.2539244
2011-01-07 09:25:57.0000002,4.5113635
2011-01-07 09:25:57.0000001,4.8283744
2012-07-18 16:28:21.0000002,5.1929874
2009-12-17 10:33:45.0000001,10.60033
2009-12-17 10:33:45.0000002,9.761313
2009-12-17 10:33:45.0000003,5.473557
2009-12-17 10:33:45.0000004,5.244065
2013-03-08 19:03:09.0000001,13.968019
2013-03-08 19:03:09.0000004,7.9674444
2011-03-11 23:36:13.0000001,7.2046804
2011-03-11 23:36:13.0000002,6.770492
2011-03-11 23:36:13.0000004,5.4083176
2011-03-11 23:36:13.0000003,5.400886
2009-12-10 22:45:01.0000002,4.9256763
2009-12-10 22:45:01.0000001,12.5893755
2009-12-10 22:45:01.0000003,4.2382097
2009-12-10 22:45:01.0000005,16.958477
2012-07-13 11:00:05.0000003,32.156715
2012-07-13 11:00:05.0000002,15.51142
2012-07-13 11:00:05.0000006,48.934692
2012-07-13 11:00:05.0000001,8.9496155
2012-07-21 17:57:17.0000001,7.8441906
2009-04-23 02:42:05.0000002,7.1281996
2009-04-23 02:42:05.0000001,8.910679
2012-11-03 23:49:17.0000003,11.513745
2012-11-03 23:49:17.0000002,4.801906
2012-11-03 23:49:17.0000004,5.240843
2012-11-03 23:49:17.0000001,13.807593
2012-02-21 20:07:25.0000002,4.2440495
2012-02-21 20:07:25.0000001,4.1032615
2012-03-26 05:24:13.0000001,18.18721
2010-02-01 20:28:45.0000001,5.1023865
2010-02-01 20:28:45.0000002,7.085358
2010-02-01 20:28:45.0000003,4.19189
2009-09-26 04:36:49.0000001,4.437739
2009-01-29 15:29:09.0000002,29.116459
2009-01-29 15:29:09.0000001,4.3583345
2009-12-29 02:06:33.0000002,13.217263
2009-12-29 02:06:33.0000001,8.205781
2010-09-06 00:39:05.0000001,7.8624673
2012-09-08 21:13:49.0000004,7.526618
2012-09-08 21:13:49.0000001,9.238769
2012-09-08 21:13:49.0000002,7.597876
2012-09-08 21:13:49.0000003,7.0901227
2010-11-04 16:19:25.0000001,9.882881
2009-12-08 07:36:17.0000001,12.099166
2009-12-08 07:36:17.0000002,12.006179
2012-08-30 20:32:49.0000001,9.793185
2013-06-08 16:55:13.0000002,6.9728956
2013-06-08 16:55:13.0000001,9.442828
2014-07-01 11:05:21.0000002,5.794926
2014-07-01 11:05:21.0000001,9.144689
2013-08-19 16:21:05.0000002,17.09805
2014-12-26 21:10:45.0000001,7.727623
2012-10-25 16:20:37.0000001,12.313285
2012-10-25 16:20:37.0000002,39.103992
2013-08-14 11:02:17.0000001,5.758474
2013-08-14 11:02:17.0000002,21.45279
2010-10-01 01:22:01.0000001,10.469204
2012-12-07 19:33:49.0000002,57.949028
2012-12-07 19:33:49.0000001,6.0382767
2011-07-11 01:40:45.0000001,8.827954
2013-07-18 01:45:01.0000001,6.668377
2013-07-18 01:45:01.0000002,5.8773084
2009-06-25 10:29:21.0000002,4.3211293
2009-06-25 10:29:21.0000001,4.1947956
2012-07-31 20:04:53.0000005,5.7896175
2012-07-31 20:04:53.0000003,5.743716
2012-07-31 20:04:53.0000004,4.2084317
2012-07-31 20:04:53.0000001,8.367352
2010-11-15 22:25:13.0000001,6.3538322
2015-06-08 05:02:45.0000002,12.501589
2015-06-08 05:02:45.0000001,26.02449
2013-12-08 20:26:29.0000001,6.111364
2013-12-08 20:26:29.0000002,10.224477
2013-12-08 20:26:29.0000003,9.323635
2009-05-10 00:24:57.0000002,11.23089
2009-05-10 00:24:57.0000004,4.8840265
2009-05-10 00:24:57.0000003,8.992303
2009-05-10 00:24:57.0000005,5.2349977
2009-05-10 00:24:57.0000001,4.343161
2009-02-28 10:19:41.0000002,3.9301445
2009-02-28 10:19:41.0000001,6.901174
2011-08-19 17:42:57.0000001,4.4647093
2011-08-19 17:42:57.0000002,8.171578
2014-06-05 22:56:05.0000007,11.435288
2014-06-05 22:56:05.0000002,23.782814
2014-06-05 22:56:05.0000001,55.141636
2014-06-05 22:56:05.0000006,5.204065
2014-06-05 22:56:05.0000005,5.843901
2014-06-05 22:56:05.0000003,25.30646
2014-07-16 18:33:41.0000001,7.8981094
2014-07-16 18:33:41.0000002,9.078531
2014-07-16 18:33:41.0000003,15.320307
2009-07-14 22:41:09.0000002,5.100905
2009-07-14 22:41:09.0000004,4.5445147
2009-07-14 22:41:09.0000001,32.04711
2013-11-21 14:19:21.0000002,7.978588
2015-01-02 11:55:57.0000005,6.9901667
2015-01-02 11:55:57.0000002,10.354031
2015-01-02 11:55:57.0000004,24.839848
2015-01-02 11:55:57.0000001,7.9715924
2011-09-26 22:26:57.0000001,5.5643697
2015-04-14 01:41:05.0000001,11.996349
2013-05-14 16:23:49.0000002,13.49942
2013-05-14 16:23:49.0000001,13.24487
2013-11-23 22:19:37.0000002,14.518178
2013-11-23 22:19:37.0000001,9.6974325
2014-07-14 16:18:37.0000001,5.075394
2010-07-30 12:04:17.0000001,4.338183
2010-07-30 12:04:17.0000002,7.9897017
2011-07-27 21:48:49.0000002,7.698119
2011-07-27 21:48:49.0000001,6.3624806
2014-03-18 19:55:17.0000003,6.0800824
2014-03-18 19:55:17.0000002,14.046568
2014-03-18 19:55:17.0000004,8.228984
2014-07-28 21:44:21.0000001,11.961368
2009-05-23 07:56:37.0000001,6.856333
2010-06-05 23:05:25.0000004,12.017967
2010-06-05 23:05:25.0000005,4.9356356
2010-06-05 23:05:25.0000003,10.45414
2010-06-05 23:05:25.0000001,8.147879
2010-06-05 23:05:25.0000002,10.453387
2012-07-01 19:59:49.0000001,5.695367
2015-06-07 17:23:09.0000004,9.005488
2015-06-07 17:23:09.0000003,7.217132
2015-06-07 17:23:09.0000002,6.4931107
2015-06-07 17:23:09.0000001,10.447853
2013-03-10 07:31:45.0000001,5.9070024
2011-03-24 17:44:01.0000001,9.991865
2011-03-24 17:44:01.0000003,7.2780385
2014-03-28 21:55:17.0000002,19.109064
2014-03-28 21:55:17.0000004,6.1832995
2014-03-28 21:55:17.0000005,7.8195276
2014-03-28 21:55:17.0000006,7.1830297
2013-04-28 20:00:05.0000002,56.180878
2013-04-28 20:00:05.0000001,6.934926
2013-04-28 20:00:05.0000004,12.357489
2013-04-28 20:00:05.0000003,4.899226
2012-04-27 18:37:09.0000003,10.026758
2012-04-27 18:37:09.0000001,9.891646
2012-04-27 18:37:09.0000004,10.653546
2014-04-05 18:11:33.0000001,11.590703
2013-11-07 22:25:25.0000002,15.813476
2010-06-19 03:06:33.0000002,5.528988
2012-06-30 03:53:29.0000003,8.796883
2012-06-30 03:53:29.0000001,14.091078
2011-09-15 02:11:49.0000002,16.603676
2011-09-15 02:11:49.0000001,22.751862
2012-08-08 04:45:25.0000001,47.82932
2011-05-19 16:01:41.0000004,5.4607053
2011-05-19 16:01:41.0000002,5.6378527
2011-05-19 16:01:41.0000005,5.0666842
2011-05-19 16:01:41.0000003,23.473944
2009-12-27 04:00:09.0000001,15.014257
2010-01-11 12:38:33.0000006,26.545422
2010-01-11 12:38:33.0000003,7.346759
2010-01-11 12:38:33.0000005,5.7344127
2010-01-11 12:38:33.0000001,6.4785357
2010-01-11 12:38:33.0000004,6.7074223
2010-10-16 09:26:33.0000004,24.353462
2010-10-16 09:26:33.0000002,6.482195
2014-07-25 18:06:37.0000002,8.921574
2014-07-25 18:06:37.0000004,9.473461
2014-07-25 18:06:37.0000005,14.195141
2014-07-25 18:06:37.0000003,7.355882
2014-07-25 18:06:37.0000001,10.146805
2013-03-18 15:54:21.0000001,11.09419
2013-03-18 15:54:21.0000002,5.2474337
2010-05-13 06:34:57.0000002,7.150745
2010-05-13 06:34:57.0000001,7.019198
2009-05-16 08:13:05.0000001,24.614874
2014-05-13 21:07:29.0000003,8.019795
2014-05-13 21:07:29.0000002,9.196969
2010-04-23 16:10:29.0000001,5.87106
2010-04-23 16:10:29.0000003,7.219514
2010-04-23 16:10:29.0000002,5.5920715
2015-05-25 22:13:09.0000002,74.783676
2015-05-25 22:13:09.0000001,16.039568
2013-11-16 18:33:25.0000003,6.9788227
2013-11-16 18:33:25.0000004,16.856518
2013-11-16 18:33:25.0000002,13.77955
2013-11-16 18:33:25.0000001,11.118336
2012-04-16 17:48:09.0000001,6.69315
2012-04-16 17:48:09.0000002,6.328526
2012-04-16 17:48:09.0000003,8.689041
2014-12-29 12:55:53.0000002,9.74516
2014-12-29 12:55:53.0000001,26.74996
2014-12-29 12:55:53.0000003,13.734338
2009-08-02 14:01:33.0000002,5.7929225
2009-08-02 14:01:33.0000003,30.71968
2009-08-02 14:01:33.0000001,4.928543
2015-01-12 15:36:37.0000003,21.448984
2015-01-12 15:36:37.0000004,43.22804
2015-01-12 15:36:37.0000005,12.59928
2015-01-12 15:36:37.0000009,18.638111
2015-01-12 15:36:37.0000006,7.719084
2015-01-12 15:36:37.0000001,17.105743
2015-01-12 15:36:37.0000007,12.940339
2014-09-04 19:52:09.0000002,6.657677
2014-09-04 19:52:09.0000001,5.878192
2014-09-04 19:52:09.0000003,5.002346
2014-09-04 19:52:09.0000004,20.371384
2009-06-01 17:42:01.0000001,12.073468
2009-06-01 17:42:01.0000002,8.941275
2009-06-01 17:42:01.0000003,4.9273996
2010-09-21 01:35:09.0000001,10.364728
2010-09-21 01:35:09.0000002,6.7629943
2013-05-26 15:18:37.0000004,23.645655
2013-05-26 15:18:37.0000002,9.68129
2009-09-20 23:07:01.0000002,16.516665
2009-08-12 23:00:37.0000001,17.326546
2012-07-18 09:44:53.0000005,8.489259
2012-07-18 09:44:53.0000001,6.3623104
2012-07-18 09:44:53.0000004,4.6526823
2012-07-18 09:44:53.0000002,5.8111215
2009-09-25 21:43:49.0000005,8.599739
2009-09-25 21:43:49.0000007,13.109778
2009-09-25 21:43:49.0000003,6.7888513
2009-09-25 21:43:49.0000006,4.379639
2009-09-25 21:43:49.0000008,11.519517
2009-09-25 21:43:49.0000001,7.120621
2009-03-22 20:58:33.0000002,11.234396
2009-03-22 20:58:33.0000001,8.653191
2011-12-09 21:19:25.0000002,9.228401
2011-12-09 21:19:25.0000005,10.875846
2011-12-09 21:19:25.0000006,4.9274826
2013-07-05 20:44:49.0000002,4.2367773
2013-12-20 15:58:29.0000005,15.007434
2013-12-20 15:58:29.0000002,11.318441
2013-12-20 15:58:29.0000003,41.485317
2013-12-20 15:58:29.0000004,13.495478
2014-10-06 14:37:25.0000004,12.793782
2014-10-06 14:37:25.0000003,20.206282
2014-10-06 14:37:25.0000002,10.4773
2014-10-06 14:37:25.0000001,7.8424177
2015-01-18 23:09:25.0000003,26.557287
2015-01-18 23:09:25.0000002,8.751046
2014-05-01 14:11:21.0000002,14.393928
2014-05-01 14:11:21.0000004,8.325637
2014-05-01 14:11:21.0000005,8.934736
2014-05-01 14:11:21.0000006,6.9416537
2014-05-01 14:11:21.0000001,10.721859
2014-05-01 14:11:21.0000003,22.249695
2012-05-22 14:54:45.0000002,7.1870947
2012-05-22 14:54:45.0000001,6.504821
2009-06-17 14:41:57.0000001,10.818485
2009-09-16 10:27:37.0000001,8.580236
2009-09-16 10:27:37.0000002,6.926329
2014-02-06 13:26:49.0000001,11.723594
2015-04-16 02:42:33.0000001,10.682743
2011-06-06 07:28:25.0000002,27.202888
2011-06-06 07:28:25.0000003,5.222615
2011-06-06 07:28:25.0000001,4.7527184
2011-06-06 07:28:25.0000005,14.670592
2011-06-06 07:28:25.0000004,4.7100425
2013-02-27 19:25:13.0000003,18.470306
2013-02-27 19:25:13.0000007,12.525046
2013-02-27 19:25:13.0000006,13.518213
2013-02-27 19:25:13.0000004,5.94459
2013-02-27 19:25:13.0000002,5.9748054
2013-02-27 19:25:13.0000005,8.257386
2014-10-03 01:06:05.0000001,6.963763
2014-10-03 01:06:05.0000002,5.1888604
2010-06-26 00:14:53.0000001,7.5892625
2009-09-15 08:28:53.0000001,7.8767204
2009-09-15 08:28:53.0000002,12.739996
2009-09-15 08:28:53.0000004,7.139656
2009-09-15 08:28:53.0000005,5.7905464
2011-08-09 05:27:05.0000001,9.331506
2010-10-20 08:49:45.0000001,7.0203695
2010-10-20 08:49:45.0000002,5.794985
2012-02-08 11:14:49.0000002,5.6518884
2012-02-08 11:14:49.0000001,7.2446303
2012-02-08 11:14:49.0000004,8.691629
2013-08-07 02:16:45.0000001,29.042803
2012-10-26 00:32:13.0000001,17.585627
2012-07-18 22:34:53.0000001,5.5571632
2011-05-17 22:09:17.0000001,12.738961
2009-04-04 00:20:37.0000001,18.322775
2009-04-04 00:20:37.0000003,7.8041024
2009-04-04 00:20:37.0000002,12.899269
2009-09-04 18:43:33.0000003,8.146724
2009-09-04 18:43:33.0000004,10.627297
2010-09-19 17:13:29.0000001,13.303193
2010-09-19 17:13:29.0000007,11.285299
2010-09-19 17:13:29.0000005,9.5106535
2010-09-19 17:13:29.0000004,6.4536953
2010-09-19 17:13:29.0000003,13.36859
2010-09-19 17:13:29.0000002,9.334729
2013-03-19 18:08:29.0000003,10.921826
2013-03-19 18:08:29.0000004,12.050528
2011-11-22 00:15:25.0000002,5.6477857
2011-11-22 00:15:25.0000001,9.323433
2011-04-23 11:01:49.0000005,4.367956
2011-04-23 11:01:49.0000004,5.9143224
2011-04-23 11:01:49.0000003,3.7237213
2012-10-19 06:56:29.0000001,6.2429795
2012-10-19 06:56:29.0000002,4.452248
2009-12-16 14:45:21.0000002,5.776317
2009-12-16 14:45:21.0000003,7.379073
2009-12-16 14:45:21.0000001,12.906531
2012-08-13 21:49:53.0000002,5.912389
2012-08-13 21:49:53.0000003,3.8084514
2012-08-13 21:49:53.0000001,4.3300734
2010-11-08 10:01:37.0000001,5.7127476
2010-11-08 10:01:37.0000002,7.8382277
2010-11-08 10:01:37.0000006,5.4413843
2010-11-08 10:01:37.0000007,10.992853
2010-11-08 10:01:37.0000005,29.968178
2010-11-08 10:01:37.0000004,4.5079165
2010-12-05 16:35:49.0000001,5.733792
2010-12-05 16:35:49.0000002,9.347698
2014-10-15 12:10:49.0000001,11.236865
2009-04-01 19:28:09.0000004,14.508663
2009-04-01 19:28:09.0000002,7.9327784
2009-04-01 19:28:09.0000003,5.347644
2009-04-01 19:28:09.0000007,18.394756
2009-04-01 19:28:09.0000005,6.2035027
2009-04-01 19:28:09.0000006,9.514182
2011-11-26 02:04:29.0000002,10.088529
2011-11-26 02:04:29.0000001,11.68331
2009-01-11 07:56:01.0000003,5.8182507
2009-01-11 07:56:01.0000002,3.7747636
2012-05-30 09:19:13.0000001,6.1678157
2014-06-10 01:06:25.0000001,17.197134
2014-06-10 01:06:25.0000003,18.534708
2014-06-10 01:06:25.0000002,47.84077
2014-10-28 22:42:33.0000002,17.433954
2014-10-28 22:42:33.0000001,22.296091
2009-03-20 12:14:53.0000004,8.927381
2009-03-20 12:14:53.0000007,5.4298615
2009-03-20 12:14:53.0000002,9.067927
2009-03-20 12:14:53.0000005,12.378356
2009-03-20 12:14:53.0000001,4.9736185
2009-03-20 12:14:53.0000006,6.6110044
2009-03-20 12:14:53.0000003,17.012165
2010-06-20 12:42:37.0000003,7.080167
2010-06-20 12:42:37.0000001,14.275178
2014-08-05 16:09:05.0000001,6.6496596
2014-11-06 01:40:49.0000003,4.869737
2014-11-06 01:40:49.0000002,13.945027
2014-11-06 01:40:49.0000001,7.9624805
2014-07-19 21:05:37.0000005,4.57994
2014-07-19 21:05:37.0000001,11.10183
2014-07-19 21:05:37.0000004,13.200109
2014-07-19 21:05:37.0000003,8.148027
2015-02-19 11:39:21.0000005,7.739157
2015-02-19 11:39:21.0000002,10.994471
2015-02-19 11:39:21.0000003,8.023978
2012-10-02 14:17:13.0000003,7.009358
2012-10-02 14:17:13.0000002,10.550742
2012-04-17 09:47:57.0000001,6.689477
2012-04-17 09:47:57.0000003,13.304649
2012-04-17 09:47:57.0000002,28.933453
2011-04-16 00:01:17.0000002,15.090078
2011-04-16 00:01:17.0000001,4.383993
2010-06-18 08:54:37.0000003,10.745357
2010-06-18 08:54:37.0000002,16.471292
2010-06-18 08:54:37.0000001,10.383918
2012-10-20 00:36:37.0000005,7.796308
2012-10-20 00:36:37.0000003,34.972054
2012-10-20 00:36:37.0000004,5.3757424
2014-06-19 22:37:09.0000001,7.4423523
2014-06-19 22:37:09.0000003,10.2217045
2014-06-19 22:37:09.0000005,15.096231
2011-05-11 13:24:37.0000004,8.571382
2011-05-11 13:24:37.0000001,8.71766
2011-05-11 13:24:37.0000003,4.9397254
2014-04-09 08:42:05.0000002,10.77791
2014-04-09 08:42:05.0000001,8.172361
2014-10-13 00:42:05.0000001,16.058216
2013-12-08 10:41:05.0000003,6.2799025
2013-12-08 10:41:05.0000008,14.333929
2013-12-08 10:41:05.0000006,11.210747
2013-12-08 10:41:05.0000004,7.239432
2013-12-08 10:41:05.0000001,11.921742
2013-12-08 10:41:05.0000005,8.620103
2013-02-14 02:02:13.0000001,5.0606356
2009-07-04 13:00:57.0000001,9.8540745
2009-07-04 13:00:57.0000003,8.279565
2013-03-20 03:01:29.0000001,4.108555
2010-08-25 12:03:21.0000002,10.590783
2010-08-25 12:03:21.0000001,5.9340334
2013-09-08 03:47:57.0000001,17.814981
2013-09-08 03:47:57.0000003,8.509428
2012-12-19 16:29:33.0000002,10.243366
2012-12-19 16:29:33.0000001,6.3431726
2009-05-15 21:19:13.0000001,11.380881
2009-05-15 21:19:13.0000002,7.196985
2012-06-06 17:33:05.0000001,9.535862
2012-06-06 17:33:05.0000002,6.169988
2012-06-06 17:33:05.0000003,12.495324
2012-06-06 17:33:05.0000004,8.397089
2011-09-20 00:07:17.0000001,9.823094
2010-01-29 08:32:53.0000007,4.864371
2010-01-29 08:32:53.0000004,10.200151
2010-01-29 08:32:53.0000001,4.6329365
2010-01-29 08:32:53.0000003,9.580912
2010-01-29 08:32:53.0000005,6.4345555
2010-01-29 08:32:53.0000006,6.3043942
2015-05-15 01:51:49.0000002,9.264084
2015-05-15 01:51:49.0000001,12.352961
2015-05-15 01:51:49.0000005,8.900538
2015-05-15 01:51:49.0000004,4.140041
2011-07-26 05:14:29.0000001,48.493523
2011-09-09 03:00:05.0000002,17.828947
2011-09-09 03:00:05.0000001,4.802139
2012-11-12 10:06:17.0000004,6.863439
2012-11-12 10:06:17.0000005,10.065008
2012-11-12 10:06:17.0000002,7.653688
2012-11-12 10:06:17.0000001,10.576304
2012-01-05 22:37:13.0000001,11.098353
2012-01-05 22:37:13.0000002,16.585083
2012-12-07 02:02:01.0000002,19.420582
2012-12-07 02:02:01.0000001,12.664451
2011-08-18 08:36:13.0000001,4.980762
2011-08-18 08:36:13.0000004,6.716307
2011-08-18 08:36:13.0000003,11.01257
2011-08-18 08:36:13.0000006,7.3843646
2011-08-18 08:36:13.0000002,15.493858
2014-05-16 15:30:05.0000002,8.057352
2014-05-16 15:30:05.0000001,9.414221
2014-03-15 07:19:25.0000001,12.1448765
2009-12-21 17:23:09.0000001,5.682615
2013-12-01 22:23:57.0000002,6.3001137
2013-12-01 22:23:57.0000001,16.719402
2014-01-03 15:48:49.0000003,10.33496
2014-01-03 15:48:49.0000002,7.266404
2013-01-19 20:19:45.0000003,17.517002
2013-01-19 20:19:45.0000001,8.668562
2013-01-19 20:19:45.0000004,6.460139
2012-08-31 03:00:21.0000001,5.3702974
2012-07-21 16:32:41.0000001,5.637946
2012-07-21 16:32:41.0000002,4.8525424
2012-12-20 23:43:09.0000002,19.388283
2012-12-20 23:43:09.0000006,7.558832
2012-12-20 23:43:09.0000005,14.1336355
2012-12-20 23:43:09.0000003,6.3881054
2009-06-13 18:40:13.0000002,12.243511
2009-06-13 18:40:13.0000003,11.625763
2014-11-16 09:12:45.0000001,15.629263
2013-03-25 15:17:33.0000001,4.307458
2009-09-28 05:36:49.0000001,6.882082
2013-07-08 17:31:29.0000001,6.0463195
2013-07-08 17:31:29.0000002,20.373522
2010-11-27 12:54:09.0000005,5.330496
2010-11-27 12:54:09.0000004,6.776631
2010-11-27 12:54:09.0000001,4.408563
2010-11-27 12:54:09.0000003,3.8711934
2010-11-27 12:54:09.0000002,15.699701
2011-02-15 02:43:33.0000002,11.395245
2011-02-15 02:43:33.0000001,15.2465105
2012-10-25 06:12:37.0000001,7.4099154
2014-05-01 06:39:54.0000001,5.183147
2015-03-17 21:44:26.0000001,13.245641
2015-03-17 21:44:26.0000006,9.264156
2015-03-17 21:44:26.0000005,17.22853
2015-03-17 21:44:26.0000003,12.351582
2015-03-17 21:44:26.0000004,12.851736
2011-05-02 13:26:54.0000003,5.4672246
2011-05-02 13:26:54.0000001,4.1057396
2011-05-02 13:26:54.0000002,10.869547
2009-01-06 07:36:34.0000003,8.793024
2009-01-06 07:36:34.0000002,6.2643585
2009-01-06 07:36:34.0000004,10.826669
2010-06-23 10:29:22.0000005,4.279097
2010-06-23 10:29:22.0000001,14.536158
2010-06-23 10:29:22.0000004,4.8764467
2010-06-23 10:29:22.0000003,11.795851
2010-06-23 10:29:22.0000002,10.623277
2013-01-22 08:20:26.0000001,4.6259356
2013-01-22 08:20:26.0000002,6.820614
2009-11-25 11:14:26.0000001,5.0927105
2009-11-25 11:14:26.0000002,9.538185
2012-12-04 06:52:02.0000001,12.5498295
2012-12-04 06:52:02.0000002,13.2234955
2012-12-04 06:52:02.0000003,9.448615
2014-05-27 10:31:46.0000001,9.271134
2014-05-27 10:31:46.0000003,21.479513
2014-05-27 10:31:46.0000002,19.574486
2009-09-20 22:15:46.0000001,8.397554
2011-06-30 08:40:22.0000001,4.901504
2011-06-30 08:40:22.0000002,8.872562
2010-05-10 09:14:30.0000003,7.9006405
2010-05-10 09:14:30.0000001,5.25553
2010-05-10 09:14:30.0000002,5.9218197
2010-05-10 09:14:30.0000004,5.1221323
2010-11-25 16:10:30.0000001,15.636455
2014-11-18 16:06:14.0000001,8.643372
2013-01-20 20:41:26.0000003,14.11034
2013-01-20 20:41:26.0000001,17.201544
2015-06-07 00:38:14.0000003,8.094356
2009-01-03 00:51:02.0000004,9.498172
2009-01-03 00:51:02.0000003,6.6845117
2010-09-28 11:54:02.0000004,6.0716343
2010-09-28 11:54:02.0000005,8.637295
2010-09-28 11:54:02.0000003,5.893742
2010-09-28 11:54:02.0000001,6.522188
2010-09-28 11:54:02.0000002,20.208847
2013-11-07 17:01:14.0000001,40.891094
2013-11-07 17:01:14.0000006,6.6132526
2013-11-07 17:01:14.0000002,8.08776
2013-11-07 17:01:14.0000003,4.9871235
2013-11-07 17:01:14.0000005,6.512383
2013-11-07 17:01:14.0000004,9.836485
2009-11-29 08:05:46.0000001,6.141151
2012-10-21 17:43:26.0000003,7.3841887
2012-10-21 17:43:26.0000002,10.537013
2012-10-21 17:43:26.0000006,5.607474
2012-10-21 17:43:26.0000001,7.843876
2012-10-21 17:43:26.0000004,14.569948
2012-10-21 17:43:26.0000005,9.352414
2013-07-31 06:52:46.0000001,5.581592
2013-02-04 12:10:10.0000002,6.5453415
2013-02-04 12:10:10.0000001,6.9378223
2013-10-18 09:06:14.0000001,7.432985
2009-04-26 17:29:42.0000004,5.382006
2009-04-26 17:29:42.0000002,6.800715
2009-04-26 17:29:42.0000005,9.86139
2009-04-26 17:29:42.0000003,7.228948
2009-04-26 17:29:42.0000006,7.0491056
2015-04-12 21:56:22.0000004,21.014627
2015-04-12 21:56:22.0000002,9.65252
2015-04-12 21:56:22.0000001,55.10825
2015-02-25 22:00:38.0000003,27.098532
2015-02-25 22:00:38.0000006,11.810744
2015-02-25 22:00:38.0000001,17.161177
2015-02-25 22:00:38.0000004,11.973275
2015-02-25 22:00:38.0000005,24.246977
2013-12-30 00:48:42.0000003,5.3828735
2013-12-30 00:48:42.0000002,17.641762
2013-12-30 00:48:42.0000001,9.535896
2012-11-20 21:15:22.0000004,10.396995
2012-11-20 21:15:22.0000001,5.983375
2012-11-20 21:15:22.0000003,18.992662
2012-11-20 21:15:22.0000006,9.241816
2012-11-20 21:15:22.0000005,13.718624
2012-11-20 21:15:22.0000002,22.54243
2012-11-20 21:15:22.0000007,9.877965
2010-03-21 16:52:58.0000002,29.834972
2010-03-21 16:52:58.0000001,10.869484
2010-03-21 16:52:58.0000004,13.527515
2010-10-06 23:31:54.0000002,5.770444
2013-07-09 21:59:42.0000002,42.929924
2012-06-23 09:43:42.0000006,15.991852
2012-06-23 09:43:42.0000001,4.3125873
2012-06-23 09:43:42.0000003,8.991824
2012-06-23 09:43:42.0000005,5.4538736
2009-01-21 20:04:30.0000004,8.633507
2009-01-21 20:04:30.0000008,6.986192
2009-01-21 20:04:30.0000009,6.001866
2009-01-21 20:04:30.0000003,8.412184
2009-01-21 20:04:30.0000001,6.245466
2009-01-21 20:04:30.0000005,6.7414694
2009-01-21 20:04:30.0000002,6.6178346
2009-01-21 20:04:30.0000007,4.8874927
2013-12-18 14:26:58.0000003,26.892096
2013-12-18 14:26:58.0000001,10.552291
2014-04-26 18:02:26.0000002,11.917132
2014-04-26 18:02:26.0000001,10.234202
2010-11-21 00:32:50.0000003,5.5760083
2010-11-21 00:32:50.0000002,12.551408
2010-11-21 00:32:50.0000001,5.1681066
2013-02-07 21:29:22.0000003,8.664959
2013-02-07 21:29:22.0000002,9.186423
2013-02-07 21:29:22.0000004,12.496547
2013-02-07 21:29:22.0000001,12.045871
2010-11-15 18:15:14.0000002,8.100196
2010-11-15 18:15:14.0000001,7.655918
2010-11-15 18:15:14.0000003,6.0561533
2010-11-15 18:15:14.0000004,6.5207486
2013-10-26 10:46:46.0000005,8.525126
2013-10-26 10:46:46.0000002,11.470811
2013-10-26 10:46:46.0000004,10.42675
2013-10-26 10:46:46.0000001,5.49924
2013-07-18 10:24:58.0000001,6.445202
2010-05-14 04:15:54.0000001,6.5740547
2013-09-14 18:51:46.0000002,13.160416
2009-05-27 23:09:54.0000001,9.816689
2013-05-23 23:54:42.0000002,9.32621
2013-05-23 23:54:42.0000006,6.511602
2013-05-23 23:54:42.0000001,14.008629
2013-05-23 23:54:42.0000005,14.671491
2013-05-23 23:54:42.0000003,11.633051
2015-05-23 01:00:22.0000001,4.8793135
2009-11-23 19:06:14.0000004,9.181166
2009-11-23 19:06:14.0000003,6.479458
2009-11-23 19:06:14.0000002,4.7112823
2009-11-23 19:06:14.0000006,59.170532
2011-06-22 00:06:34.0000001,6.339228
2014-07-02 02:27:22.0000001,4.1332297
2012-11-18 14:55:42.0000002,6.5284724
2012-11-18 14:55:42.0000003,8.446414
2012-11-18 14:55:42.0000004,6.3817396
2009-01-12 17:54:26.0000001,4.6924458
2012-10-10 06:59:02.0000002,9.347949
2012-10-10 06:59:02.0000003,7.510615
2012-10-10 06:59:02.0000001,5.617765
2010-01-24 14:09:58.0000001,6.0023274
2010-09-01 08:23:54.0000001,12.53327
2011-12-10 23:39:06.0000002,21.083738
2011-05-22 03:09:50.0000002,20.497416
2011-05-22 03:09:50.0000005,5.1984925
2011-05-22 03:09:50.0000001,5.8460765
2011-05-22 03:09:50.0000004,20.91929
2011-05-22 03:09:50.0000003,18.82147
2013-06-29 14:26:06.0000004,19.040895
2013-06-29 14:26:06.0000003,6.5754623
2013-06-29 14:26:06.0000002,7.532456
2013-06-29 14:26:06.0000001,14.294772
2011-01-25 10:31:26.0000001,12.61335
2011-01-25 10:31:26.0000002,7.8689747
2013-02-11 01:03:30.0000001,23.956837
2009-12-17 15:54:46.0000005,10.4287615
2009-12-17 15:54:46.0000003,5.223956
2009-12-17 15:54:46.0000001,9.705978
2009-12-17 15:54:46.0000004,5.7444263
2012-03-17 05:33:02.0000001,9.898901
2009-10-24 19:48:30.0000001,5.4475136
2009-10-24 19:48:30.0000002,7.131977
2009-10-24 19:48:30.0000003,12.250923
2013-03-23 00:10:26.0000004,34.66232
2013-03-23 00:10:26.0000002,5.172021
2013-03-23 00:10:26.0000001,45.724842
2013-03-23 00:10:26.0000003,18.434362
2010-06-16 18:41:54.0000001,6.928648
2010-06-16 18:41:54.0000002,7.6840878
2011-01-15 04:13:38.0000002,4.028894
2014-07-27 11:25:18.0000001,4.9922953
2014-07-27 11:25:18.0000002,5.5172787
2011-11-02 08:21:50.0000002,6.1373563
2015-05-16 04:37:50.0000001,10.392468
2015-05-16 04:37:50.0000002,11.017242
2009-03-15 03:31:14.0000002,9.572585
2009-03-15 03:31:14.0000001,6.3816376
2014-09-08 19:07:46.0000002,13.733188
2009-08-28 11:58:58.0000001,4.2005024
2010-04-24 23:31:50.0000001,5.4946957
2010-04-24 23:31:50.0000003,10.339997
2013-06-13 14:50:50.0000002,12.8281
2013-06-13 14:50:50.0000001,9.948721
2010-07-07 06:22:38.0000002,14.908841
2010-07-07 06:22:38.0000001,8.133174
2009-03-24 00:11:26.0000001,8.214741
2009-03-24 00:11:26.0000002,9.4006405
2013-10-23 14:27:10.0000001,6.127423
2011-03-03 21:31:42.0000007,12.067019
2011-03-03 21:31:42.0000001,6.140018
2011-03-03 21:31:42.0000008,9.038345
2011-03-03 21:31:42.0000006,6.5895143
2011-03-03 21:31:42.0000005,6.4363613
2011-09-05 10:47:26.0000002,14.35929
2011-09-05 10:47:26.0000003,14.782451
2011-09-05 10:47:26.0000004,9.915188
2012-08-04 23:34:58.0000001,10.686351
2012-08-04 23:34:58.0000004,5.262076
2012-08-04 23:34:58.0000002,6.554692
2015-01-29 13:15:50.0000003,10.646898
2015-01-29 13:15:50.0000004,6.867011
2015-01-29 13:15:50.0000007,10.484164
2015-01-29 13:15:50.0000006,12.421234
2015-01-29 13:15:50.0000008,5.057844
2015-01-29 13:15:50.0000005,7.323926
2015-01-29 13:15:50.0000002,7.469131
2015-01-29 13:15:50.0000009,7.8664
2012-09-16 12:48:06.0000004,7.006959
2012-09-16 12:48:06.0000001,12.202972
2012-09-16 12:48:06.0000003,15.716699
2015-04-10 11:56:54.0000008,7.106029
2015-04-10 11:56:54.0000001,14.64709
2015-04-10 11:56:54.0000002,28.019772
2015-04-10 11:56:54.0000007,57.51309
2015-04-10 11:56:54.0000003,7.964438
2015-05-05 12:32:14.0000007,11.558389
2015-05-05 12:32:14.0000006,11.175362
2015-05-05 12:32:14.0000003,10.514111
2015-05-05 12:32:14.0000004,5.3929157
2015-05-05 12:32:14.0000002,10.244364
2015-05-05 12:32:14.0000005,11.862557
2015-05-05 12:32:14.0000001,17.517952
2013-10-15 23:31:26.0000001,7.003509
2014-08-24 01:17:38.0000001,4.9772043
2013-04-04 07:01:06.0000003,11.789339
2013-04-04 07:01:06.0000001,4.8319826
2013-04-04 07:01:06.0000002,8.069025
2013-06-21 18:06:14.0000001,9.025131
2013-06-21 18:06:14.0000005,11.944394
2013-06-21 18:06:14.0000004,6.552934
2013-06-21 18:06:14.0000003,11.972939
2013-06-21 18:06:14.0000006,8.765182
2009-08-03 21:09:42.0000001,6.4096575
2009-08-03 21:09:42.0000003,5.9997945
2009-08-03 21:09:42.0000002,8.015887
2009-08-03 21:09:42.0000004,5.638267
2013-10-13 19:52:54.0000003,5.822991
2013-10-13 19:52:54.0000001,5.9872603
2014-11-14 11:09:46.0000001,7.605093
2014-11-14 11:09:46.0000002,31.295984
2015-06-25 01:01:46.0000003,5.3143907
2015-06-25 01:01:46.0000001,8.571641
2009-05-19 15:44:30.0000003,9.267929
2014-01-26 08:48:30.0000001,16.593426
2014-01-26 08:48:30.0000002,4.6121345
2012-01-19 02:06:02.0000001,4.354786
2014-12-25 21:32:58.0000001,10.446277
2012-08-09 07:49:02.0000001,11.05081
2012-08-09 07:49:02.0000003,15.153602
2012-08-09 07:49:02.0000002,7.01345
2014-08-10 05:03:50.0000001,30.173666
2010-01-11 15:18:14.0000002,5.50595
2010-01-11 15:18:14.0000003,5.023226
2010-01-11 15:18:14.0000004,9.115023
2010-01-11 15:18:14.0000001,6.915752
2009-11-10 15:56:38.0000006,5.9102364
2009-11-10 15:56:38.0000002,8.093503
2009-11-10 15:56:38.0000004,9.952172
2009-11-10 15:56:38.0000003,48.7474
2009-11-10 15:56:38.0000005,4.5359974
2009-11-10 15:56:38.0000001,10.049577
2012-10-18 09:17:42.0000002,8.470134
2012-10-18 09:17:42.0000001,9.489209
2010-12-06 13:19:58.0000003,5.7740974
2010-12-06 13:19:58.0000002,8.421273
2010-12-06 13:19:58.0000001,10.14838
2011-07-30 15:27:58.0000003,7.0596204
2011-07-30 15:27:58.0000002,6.6731057
2011-07-20 04:21:54.0000001,5.4431634
2011-07-20 04:21:54.0000002,7.7770915
2009-03-10 19:51:34.0000003,5.5930777
2009-03-10 19:51:34.0000004,11.079087
2009-03-10 19:51:34.0000005,5.1962
2009-03-10 19:51:34.0000002,11.7630825
2009-03-10 19:51:34.0000001,6.017375
2011-11-15 22:33:42.0000001,8.445324
2011-11-15 22:33:42.0000002,13.191985
2010-09-24 22:40:06.0000005,7.697888
2010-09-24 22:40:06.0000003,25.389654
2010-09-24 22:40:06.0000006,6.5373206
2010-09-24 22:40:06.0000002,7.9015355
2010-09-24 22:40:06.0000001,7.310434
2010-02-06 17:37:10.0000007,4.449792
2010-02-06 17:37:10.0000004,5.6099916
2010-02-06 17:37:10.0000006,6.794795
2010-02-06 17:37:10.0000003,4.9207244
2012-05-11 02:43:18.0000002,7.479412
2012-05-11 02:43:18.0000001,4.1570516
2011-09-25 21:18:06.0000001,8.609518
2011-09-25 21:18:06.0000002,11.098457
2013-12-18 03:16:02.0000001,13.748869
2012-01-26 01:32:42.0000001,8.238186
2012-01-26 01:32:42.0000002,4.428866
2011-10-02 03:06:34.0000001,7.1142693
2012-03-31 12:52:46.0000002,7.0542593
2012-03-31 12:52:46.0000001,18.009966
2014-06-15 00:51:42.0000001,14.465219
2009-04-21 17:27:58.0000001,8.597157
2009-04-21 17:27:58.0000002,6.4757137
2012-08-13 15:02:26.0000002,5.9747367
2012-08-13 15:02:26.0000003,7.301538
2014-10-27 11:56:50.0000001,6.9751635
2014-10-27 11:56:50.0000002,18.692862
2014-10-27 11:56:50.0000003,11.180502
2009-09-29 18:03:18.0000001,12.44545
2011-10-30 16:52:26.0000001,5.3055196
2011-10-30 16:52:26.0000002,5.679766
2014-11-24 23:39:26.0000002,19.08527
2014-11-24 23:39:26.0000001,29.131681
2011-08-16 14:41:50.0000001,8.692045
2011-08-16 14:41:50.0000003,6.0778646
2011-08-16 14:41:50.0000002,8.577231
2013-01-14 18:42:54.0000002,21.313465
2013-01-14 18:42:54.0000006,6.6345916
2013-01-14 18:42:54.0000001,5.4085293
2013-01-14 18:42:54.0000007,4.4429617
2013-01-14 18:42:54.0000008,10.240138
2009-04-18 23:09:34.0000002,11.555134
2009-11-11 21:20:18.0000001,5.1908207
2009-11-11 21:20:18.0000003,17.362875
2012-07-24 01:12:50.0000004,16.92232
2012-07-24 01:12:50.0000003,5.4591637
2012-07-24 01:12:50.0000001,12.85053
2012-07-24 01:12:50.0000002,6.5951858
2012-07-24 01:12:50.0000005,10.251354
2009-04-18 02:44:34.0000003,7.733876
2009-04-18 02:44:34.0000002,12.59784
2014-07-18 06:32:22.0000001,7.3167825
2014-01-10 12:28:38.0000001,11.011207
2011-08-08 15:27:22.0000001,4.104358
2014-07-30 14:42:34.0000001,8.007022
2014-07-30 14:42:34.0000003,26.864086
2014-07-30 14:42:34.0000002,16.198196
2014-08-26 16:39:54.0000002,13.958185
2014-10-11 00:26:38.0000002,15.144949
2014-10-11 00:26:38.0000003,13.349406
2014-10-11 00:26:38.0000001,12.005006
2014-10-11 00:26:38.0000005,12.548421
2014-10-11 00:26:38.0000007,5.474631
2014-10-11 00:26:38.0000006,22.270412
2009-08-15 14:25:02.0000001,10.574659
2009-09-22 06:43:46.0000001,5.6190276
2014-05-14 00:00:34.0000001,8.708205
2014-05-14 00:00:34.0000002,10.75342
2014-10-14 01:57:26.0000001,4.5243278
2009-05-31 20:56:38.0000002,37.602768
2009-05-31 20:56:38.0000003,7.3888764
2009-05-31 20:56:38.0000001,4.7607174
2009-07-11 12:59:58.0000001,8.939539
2010-06-02 15:33:06.0000001,4.834129
2010-06-02 15:33:06.0000002,5.720825
2010-06-02 15:33:06.0000003,4.821245
2010-01-30 02:13:06.0000002,4.1671157
2010-01-30 02:13:06.0000001,4.670351
2010-01-30 02:13:06.0000003,9.752862
2014-01-05 17:47:02.0000003,7.459933
2014-01-05 17:47:02.0000002,10.871372
2009-03-21 09:59:50.0000003,46.851425
2009-03-21 09:59:50.0000002,10.32145
2009-03-21 09:59:50.0000001,5.254086
2009-08-26 23:55:38.0000002,8.542076
2009-06-09 15:10:50.0000002,48.370476
2009-06-09 15:10:50.0000001,4.907607
2011-09-18 06:14:54.0000001,7.6877756
2009-03-27 16:05:22.0000004,31.874783
2009-03-27 16:05:22.0000005,5.110139
2009-03-27 16:05:22.0000001,9.817326
2009-03-27 16:05:22.0000006,6.8675127
2009-03-27 16:05:22.0000003,10.075691
2009-03-27 16:05:22.0000002,6.617765
2015-05-29 10:02:42.0000005,9.399256
2015-05-29 10:02:42.0000003,7.9933286
2015-05-29 10:02:42.0000004,8.941837
2012-09-07 23:20:34.0000004,17.875761
2012-09-07 23:20:34.0000003,13.695777
2012-09-07 23:20:34.0000001,6.265499
2014-03-07 10:36:50.0000002,8.8821335
2014-03-07 10:36:50.0000001,9.487935
2013-03-17 23:47:50.0000002,17.34955
2013-03-17 23:47:50.0000001,6.8080473
2015-06-30 20:03:50.0000005,10.063504
2015-06-30 20:03:50.0000001,106.345535
2015-06-30 20:03:50.0000003,10.652085
2015-06-30 20:03:50.0000004,6.569621
2015-05-11 02:21:26.0000002,4.7717414
2015-05-11 02:21:26.0000001,13.199227
2015-01-10 14:32:14.0000001,9.051352
2014-12-05 14:14:14.0000001,10.489462
2014-12-05 14:14:14.0000002,12.326433
2012-04-23 12:23:18.0000001,7.3988514
2012-04-23 12:23:18.0000003,4.7257314
2012-04-23 12:23:18.0000002,33.038612
2012-09-01 13:33:14.0000003,6.131285
2012-09-01 13:33:14.0000002,11.228212
2012-09-01 13:33:14.0000001,12.984824
2011-04-17 14:55:58.0000001,4.0315166
2010-05-31 20:43:42.0000002,7.929186
2013-11-22 23:44:34.0000002,12.7433
2013-11-22 23:44:34.0000001,8.045305
2013-05-17 05:30:10.0000002,12.7543745
2013-05-17 05:30:10.0000001,7.556235
2009-07-28 11:13:10.0000001,11.000099
2014-05-18 14:43:26.0000001,10.108272
2014-05-18 14:43:26.0000002,6.6219316
2014-05-18 14:43:26.0000003,7.199607
2011-10-08 18:18:26.0000005,9.576523
2011-10-08 18:18:26.0000001,4.640186
2011-10-08 18:18:26.0000004,12.905934
2013-09-27 04:39:14.0000001,13.661403
2011-02-08 01:44:18.0000001,11.08239
2015-01-12 06:21:38.0000001,7.1978717
2015-01-12 06:21:38.0000002,20.944221
2010-03-23 13:23:34.0000004,5.496097
2010-03-23 13:23:34.0000002,14.936002
2010-03-23 13:23:34.0000001,5.1106524
2009-04-02 06:19:02.0000001,9.132961
2012-01-12 18:05:10.0000003,9.391683
2012-01-12 18:05:10.0000001,25.918274
2014-11-21 02:04:42.0000002,11.064162
2014-11-21 02:04:42.0000003,13.789606
2014-11-21 02:04:42.0000001,25.732422
2010-10-09 03:54:42.0000001,5.537689
2012-04-03 12:26:14.0000002,5.554297
2012-04-03 12:26:14.0000001,32.754566
2012-04-03 12:26:14.0000003,11.445458
2010-12-21 08:46:02.0000005,10.871633
2010-12-21 08:46:02.0000004,8.277615
2010-12-21 08:46:02.0000003,10.351554
2010-06-19 22:52:30.0000002,5.8649116
2010-06-19 22:52:30.0000001,10.831429
2013-01-03 01:43:10.0000001,23.080376
2013-11-24 03:44:46.0000004,11.102808
2013-11-24 03:44:46.0000002,16.718082
2013-11-24 03:44:46.0000005,15.178871
2011-04-16 12:57:18.0000001,6.410956
2012-10-11 22:24:18.0000001,11.038562
2010-12-13 23:24:02.0000002,8.961606
2010-12-13 23:24:02.0000001,9.651292
2011-09-14 23:42:46.0000001,10.666483
2011-05-17 23:42:46.0000001,4.854191
2011-05-17 23:42:46.0000004,46.20467
2011-05-17 23:42:46.0000002,10.330651
2011-05-17 23:42:46.0000005,4.5472317
2011-05-17 23:42:46.0000007,8.283242
2013-06-30 03:37:26.0000002,5.4737983
2013-06-30 03:37:26.0000005,17.967825
2013-06-30 03:37:26.0000001,4.732301
2013-06-30 03:37:26.0000004,18.023924
2011-05-26 21:36:54.0000001,5.2393603
2009-11-09 06:00:22.0000001,4.35912
2014-01-09 17:27:18.0000002,36.798065
2014-01-09 17:27:18.0000001,5.273821
2014-01-09 17:27:18.0000005,10.041569
2014-01-09 17:27:18.0000006,5.558634
2014-01-09 17:27:18.0000007,7.6436586
2012-07-01 00:24:58.0000003,7.2961307
2012-07-01 00:24:58.0000001,8.434538
2012-07-01 00:24:58.0000002,12.37723
2010-06-02 14:55:22.0000003,7.3481216
2010-06-02 14:55:22.0000002,5.006926
2010-06-02 14:55:22.0000004,6.4884357
2010-06-02 14:55:22.0000006,6.98924
2010-06-02 14:55:22.0000001,15.405479
2010-06-02 14:55:22.0000005,8.416747
2013-03-07 08:50:34.0000001,21.433159
2013-03-07 08:50:34.0000005,7.358609
2013-03-07 08:50:34.0000002,14.14344
2013-03-07 08:50:34.0000006,12.76406
2013-03-07 08:50:34.0000003,13.38032
2013-03-07 08:50:34.0000004,13.344322
2013-10-28 00:33:30.0000001,8.269592
2013-11-23 16:33:30.0000003,12.682618
2013-11-23 16:33:30.0000001,6.4764566
2014-11-06 07:56:46.0000002,7.1376104
2014-11-06 07:56:46.0000001,7.5212526
2013-04-05 12:38:22.0000001,18.36171
2014-11-06 02:02:10.0000001,5.673514
2012-10-09 07:47:46.0000002,9.434529
2012-10-09 07:47:46.0000001,12.099056
2012-10-09 07:47:46.0000003,10.53374
2012-10-09 07:47:46.0000004,10.1384115
2012-10-09 07:47:46.0000005,5.4266343
2013-11-21 22:21:58.0000001,17.728252
2014-12-20 01:57:26.0000001,9.229722
2014-12-20 01:57:26.0000004,6.535506
2014-12-20 01:57:26.0000003,11.109223
2014-12-20 01:57:26.0000002,5.7945867
2010-01-09 13:24:22.0000003,5.833777
2011-11-02 02:18:18.0000001,18.306831
2009-03-11 21:46:54.0000003,8.456611
2009-03-11 21:46:54.0000005,15.374
2009-03-11 21:46:54.0000001,8.59035
2009-03-11 21:46:54.0000004,25.993578
2014-12-07 03:45:18.0000001,7.767649
2014-12-07 03:45:18.0000002,15.51531
2014-12-07 03:45:18.0000004,16.848972
2014-12-07 03:45:18.0000003,7.9663796
2014-11-29 19:23:58.0000001,11.392028
2010-03-04 09:49:38.0000002,17.396275
2010-03-04 09:49:38.0000001,8.373152
2010-03-04 09:49:38.0000003,3.9056313
2009-10-10 06:52:06.0000001,4.8077426
2009-10-10 06:52:06.0000002,9.815759
2012-08-22 20:54:46.0000003,7.0536103
2012-08-22 20:54:46.0000001,8.702802
2012-08-22 20:54:46.0000002,5.846693
2015-05-01 07:49:14.0000001,4.9596987
2009-02-21 20:49:34.0000001,8.526365
2012-08-10 14:04:14.0000005,7.559692
2012-08-10 14:04:14.0000006,21.07327
2012-08-10 14:04:14.0000004,6.428651
2012-08-10 14:04:14.0000003,5.119593
2012-08-10 14:04:14.0000007,5.069276
2012-08-10 14:04:14.0000002,9.131979
2013-05-10 21:08:18.0000002,19.76919
2013-05-10 21:08:18.0000003,8.061975
2013-05-10 21:08:18.0000005,5.851496
2013-05-10 21:08:18.0000004,12.612103
2013-05-10 21:08:18.0000001,4.982251
2009-09-25 12:59:18.0000001,7.9192333
2014-08-02 21:05:42.0000002,14.194679
2014-08-02 21:05:42.0000001,5.8546386
2013-10-29 20:16:10.0000002,5.5237403
2013-10-29 20:16:10.0000001,15.652658
2009-11-11 22:49:46.0000003,8.85408
2009-11-11 22:49:46.0000002,7.482946
2009-11-11 22:49:46.0000001,5.3936157
2009-10-17 03:52:42.0000002,7.3356476
2009-10-17 03:52:42.0000007,5.3655667
2009-10-17 03:52:42.0000006,6.5591874
2009-10-17 03:52:42.0000003,13.555883
2009-10-17 03:52:42.0000001,5.8485227
2009-10-17 03:52:42.0000004,5.576555
2014-02-27 09:36:26.0000007,11.728937
2014-02-27 09:36:26.0000008,8.949755
2014-02-27 09:36:26.0000002,5.6158404
2014-02-27 09:36:26.0000005,5.704087
2014-02-27 09:36:26.0000003,6.3094954
2014-02-27 09:36:26.0000006,11.097739
2014-02-27 09:36:26.0000004,15.233625
2014-02-27 09:36:26.0000009,4.906554
2012-12-26 17:12:30.0000003,9.852706
2012-12-26 17:12:30.0000005,22.550573
2012-12-26 17:12:30.0000001,7.978835
2012-12-26 17:12:30.0000004,9.981315
2014-03-11 20:24:02.0000003,7.961581
2014-03-11 20:24:02.0000002,7.199432
2014-03-11 20:24:02.0000004,7.483692
2011-01-29 09:28:38.0000002,6.739577
2011-01-29 09:28:38.0000001,7.482222
2011-01-29 09:28:38.0000003,7.467408
2011-01-29 09:28:38.0000005,5.7333655
2011-01-29 09:28:38.0000004,7.0595613
2015-05-07 15:33:26.0000003,5.9187617
2015-05-07 15:33:26.0000007,6.1937556
2015-05-07 15:33:26.0000001,10.60209
2015-05-07 15:33:26.0000002,13.174098
2015-05-07 15:33:26.0000006,6.894039
2010-10-25 13:31:22.0000003,4.8795795
2010-10-25 13:31:22.0000002,14.93823
2010-10-25 13:31:22.0000001,4.630718
2010-10-25 13:31:22.0000004,9.832389
2012-09-10 21:07:54.0000005,20.187695
2012-09-10 21:07:54.0000004,11.956999
2012-09-10 21:07:54.0000003,5.0453887
2012-09-10 21:07:54.0000007,10.373288
2012-09-10 21:07:54.0000002,10.689711
2012-09-10 21:07:54.0000006,9.498311
2012-09-10 21:07:54.0000001,7.289785
2012-04-15 21:54:22.0000001,7.0549383
2012-04-20 00:06:10.0000007,6.2335606
2012-04-20 00:06:10.0000001,6.845601
2012-04-20 00:06:10.0000002,8.0182705
2012-04-20 00:06:10.0000006,6.912734
2012-04-20 00:06:10.0000005,4.6298237
2012-04-20 00:06:10.0000008,13.904614
2012-06-12 23:10:42.0000001,10.280547
2012-06-12 23:10:42.0000003,10.836412
2012-06-12 23:10:42.0000002,35.707085
2009-04-30 22:25:26.0000004,14.385869
2009-04-30 22:25:26.0000003,11.537451
2009-04-30 22:25:26.0000002,6.7980704
2009-04-30 22:25:26.0000001,6.1619387
2011-02-20 06:18:34.0000001,26.429842
2011-02-20 06:18:34.0000002,5.3273587
2013-04-21 19:50:54.0000003,43.357555
2011-06-11 21:33:18.0000001,12.5393305
2013-02-06 18:21:18.0000006,9.089299
2013-02-06 18:21:18.0000002,9.26642
2013-02-06 18:21:18.0000003,13.142183
2013-02-06 18:21:18.0000004,7.1233068
2014-05-01 21:05:34.0000002,5.4187546
2014-05-01 21:05:34.0000003,16.88925
2013-07-21 11:41:26.0000001,15.683122
2013-07-21 11:41:26.0000002,5.0209646
2011-04-22 19:23:54.0000001,11.467986
2011-04-22 19:23:54.0000003,6.6662602
2011-04-22 19:23:54.0000002,47.47714
2012-09-04 05:46:50.0000001,5.515148
2012-09-04 05:46:50.0000002,27.026928
2009-03-24 11:57:34.0000005,13.125669
2009-03-24 11:57:34.0000004,5.7567306
2009-03-24 11:57:34.0000003,4.4485016
2009-03-24 11:57:34.0000002,3.8215735
2009-03-24 11:57:34.0000001,5.1991277
2011-07-05 22:05:34.0000001,7.6480975
2011-09-17 15:41:06.0000001,7.5345407
2011-09-17 15:41:06.0000003,5.664323
2011-12-25 04:37:10.0000001,7.4301443
2015-03-05 13:21:58.0000002,11.651445
2015-03-05 13:21:58.0000003,8.125537
2014-09-01 09:16:10.0000001,8.389076
2015-06-21 17:16:10.0000007,7.720089
2015-06-21 17:16:10.0000002,13.571666
2015-06-21 17:16:10.0000006,13.339872
2015-06-21 17:16:10.0000003,11.901028
2015-06-21 17:16:10.0000004,9.655488
2010-06-02 22:04:10.0000003,7.854562
2010-06-02 22:04:10.0000004,14.256346
2010-06-02 22:04:10.0000005,7.2465324
2010-06-02 22:04:10.0000006,5.4898634
2014-03-01 09:37:02.0000001,5.9160647
2014-03-01 09:37:02.0000002,6.171672
2014-03-01 09:37:02.0000003,54.989464
2011-07-18 12:12:18.0000001,6.364319
2011-07-18 12:12:18.0000003,5.346895
2011-07-18 12:12:18.0000002,7.1771717
2015-02-27 19:36:02.0000009,13.809666
2015-02-27 19:36:02.00000010,4.733768
2015-02-27 19:36:02.00000012,14.950379
2015-02-27 19:36:02.0000004,6.0336113
2015-02-27 19:36:02.00000011,8.595152
2015-02-27 19:36:02.0000003,9.432093
2015-02-27 19:36:02.0000001,31.547392
2015-02-27 19:36:02.0000002,6.9376965
2015-02-27 19:36:02.0000007,25.473814
2012-04-16 21:10:10.0000001,9.109624
2015-06-14 08:26:26.0000001,5.488779
2014-01-15 22:45:42.0000003,6.8913803
2014-01-15 22:45:42.0000001,56.6202
2014-01-15 22:45:42.0000002,13.800833
2013-04-06 19:16:10.0000001,4.195948
2013-04-06 19:16:10.0000003,8.497563
2013-04-06 19:16:10.0000004,8.303365
2013-04-06 19:16:10.0000005,12.909142
2014-03-08 16:08:26.0000002,13.081549
2014-03-08 16:08:26.0000004,5.218607
2013-12-06 23:40:42.0000001,9.491131
2013-12-06 23:40:42.0000006,35.34919
2013-12-06 23:40:42.0000002,38.435684
2013-12-06 23:40:42.0000003,14.3892
2013-08-19 17:09:50.0000001,4.936242
2013-08-19 17:09:50.0000002,10.697268
2013-08-19 17:09:50.0000004,6.489814
2013-08-19 17:09:50.0000003,11.178765
2009-11-02 21:38:38.0000001,10.593751
2009-06-03 09:11:30.0000004,8.954695
2009-06-03 09:11:30.0000003,13.60263
2009-06-03 09:11:30.0000002,7.728667
2009-06-03 09:11:30.0000005,5.4132676
2015-03-12 13:01:54.0000002,10.005592
2015-03-12 13:01:54.0000005,14.383107
2015-03-12 13:01:54.0000004,9.739949
2015-03-12 13:01:54.0000001,5.9453545
2013-02-05 06:13:58.0000003,13.37036
2013-02-05 06:13:58.0000002,54.255432
2013-02-05 06:13:58.0000001,19.109785
2014-05-19 06:39:34.0000001,5.6899533
2014-10-04 21:48:22.0000003,7.339704
2014-10-04 21:48:22.0000002,8.607025
2014-10-04 21:48:22.0000004,31.055996
2012-01-22 04:13:34.0000005,10.187379
2012-01-22 04:13:34.0000006,5.672478
2012-01-22 04:13:34.0000004,8.5368595
2012-01-22 04:13:34.0000002,11.408091
2010-07-27 06:13:02.0000001,18.201565
2013-06-21 11:19:18.0000002,5.373185
2013-06-21 11:19:18.0000001,10.712695
2010-12-23 05:52:26.0000001,28.387302
2010-12-23 05:52:26.0000002,47.090927
2010-12-17 10:33:34.0000004,8.53249
2010-12-17 10:33:34.0000002,4.7366204
2012-06-04 11:34:58.0000003,9.581224
2012-06-04 11:34:58.0000004,6.413129
2012-06-04 11:34:58.0000001,16.516768
2009-07-05 16:31:30.0000001,4.345445
2009-07-05 16:31:30.0000002,6.407222
2009-07-05 16:31:30.0000003,24.382824
2012-12-08 20:08:38.0000004,5.474564
2012-12-08 20:08:38.0000003,10.425838
2012-12-08 20:08:38.0000005,12.669337
2010-06-23 08:34:50.0000003,9.309968
2010-06-23 08:34:50.0000002,4.963479
2010-06-23 08:34:50.0000001,6.6365814
2012-03-07 10:57:46.0000001,8.404648
2012-03-07 10:57:46.0000004,14.890898
2012-03-07 10:57:46.0000005,6.2154317
2012-03-07 10:57:46.0000002,7.3882036
2012-03-07 10:57:46.0000003,8.258596
2010-02-24 07:06:54.0000001,6.931582
2013-12-29 01:20:50.0000003,17.341005
2013-12-29 01:20:50.0000001,7.4137983
2014-03-28 22:34:26.0000001,25.44342
2014-03-28 22:34:26.0000004,5.076151
2014-03-28 22:34:26.0000003,10.194982
2010-12-04 21:08:38.0000002,10.941847
2010-12-04 21:08:38.0000001,17.746851
2010-12-04 21:08:38.0000006,7.7999797
2010-12-04 21:08:38.0000003,6.594487
2010-03-07 17:09:42.0000002,16.869383
2010-03-07 17:09:42.0000003,6.356288
2010-03-07 17:09:42.0000001,11.530442
2010-03-07 17:09:42.0000004,12.054242
2013-09-07 19:43:18.0000004,13.413119
2013-09-07 19:43:18.0000005,18.579226
2013-09-07 19:43:18.0000006,11.41101
2013-09-07 19:43:18.0000008,8.462258
2013-09-07 19:43:18.0000001,7.1726227
2013-12-20 15:31:06.0000001,9.003437
2013-12-20 15:31:06.0000002,10.429281
2010-09-06 04:31:54.0000001,19.202559
2013-11-01 05:26:54.0000001,55.703945
2010-03-07 00:47:26.0000004,16.810377
2012-03-20 01:55:42.0000001,17.948254
2011-10-02 05:06:46.0000001,13.484373
2010-10-31 18:45:58.0000003,4.940975
2010-10-31 18:45:58.0000002,18.318436
2010-10-31 18:45:58.0000001,7.460947
2010-10-31 18:45:58.0000005,4.6062684
2015-02-03 09:00:58.0000002,10.582465
2012-08-08 08:58:50.0000001,7.5055003
2012-08-08 08:58:50.0000004,5.451811
2012-08-08 08:58:50.0000005,6.974522
2012-08-08 08:58:50.0000003,8.7268715
2011-04-08 15:01:02.0000001,9.442103
2011-04-08 15:01:02.0000003,6.519217
2009-01-14 03:42:38.0000001,9.229477
2015-01-10 09:38:54.0000007,12.088799
2015-01-10 09:38:54.0000003,7.3669806
2015-01-10 09:38:54.0000004,14.497607
2010-12-04 09:25:10.0000001,10.993836
2010-12-04 09:25:10.0000002,7.9761887
2009-05-12 17:08:06.0000001,15.187283
2013-11-07 02:07:22.0000001,17.62683
2014-10-03 00:50:06.0000004,17.105074
2014-10-03 00:50:06.0000001,6.6604033
2014-10-03 00:50:06.0000002,12.588922
2010-06-18 19:19:26.0000001,29.256758
2010-06-18 19:19:26.0000002,4.641592
2010-06-18 19:19:26.0000003,5.564741
2010-05-10 03:55:14.0000001,8.772258
2013-06-21 00:00:34.0000001,21.300951
2013-06-21 00:00:34.0000002,21.660868
2013-06-21 00:00:34.0000003,12.435375
2009-03-11 16:02:14.0000006,6.6862373
2009-03-11 16:02:14.0000004,6.7410545
2009-03-11 16:02:14.0000002,10.518634
2009-03-11 16:02:14.0000001,4.2437363
2009-03-11 16:02:14.0000005,7.340462
2009-03-11 16:02:14.0000003,6.037519
2013-07-05 17:38:14.0000001,9.430134
2013-08-26 01:11:14.0000002,11.206036
2013-08-26 01:11:14.0000001,10.238922
2012-07-30 01:49:10.0000001,4.190914
2012-07-30 01:49:10.0000002,16.931622
2011-05-13 03:57:10.0000001,5.7892556
2012-02-29 12:03:34.0000004,12.136922
2012-02-29 12:03:34.0000002,4.948574
2012-02-29 12:03:34.0000001,8.270899
2013-12-17 17:59:22.0000001,5.552868
2012-09-18 09:58:54.0000003,10.516032
2012-09-18 09:58:54.0000002,37.25398
2012-09-18 09:58:54.0000001,12.127354
2013-07-23 18:56:30.0000002,6.9441786
2013-07-23 18:56:30.0000001,7.197693
2014-05-15 01:39:14.0000001,30.020386
2013-09-16 14:16:34.0000003,7.085149
2013-09-16 14:16:34.0000001,38.67496
2014-01-04 17:27:38.0000001,25.869293
2014-01-04 17:27:38.0000002,9.742853
2014-01-04 17:27:38.0000003,9.766378
2011-03-10 18:16:14.0000003,7.3988805
2011-03-10 18:16:14.0000004,5.4098935
2011-03-10 18:16:14.0000001,4.6901207
2013-04-05 06:42:26.0000002,7.682544
2013-04-05 06:42:26.0000001,12.931717
2009-03-11 12:01:30.0000001,13.752583
2009-03-11 12:01:30.0000002,5.7791095
2009-03-11 12:01:30.0000004,6.6530495
2015-01-20 05:31:06.0000001,57.344852
2009-08-03 17:06:06.0000001,5.6008945
2014-01-05 08:51:10.0000001,6.359131
2010-03-13 01:23:10.0000002,21.325037
2010-03-13 01:23:10.0000003,5.4047403
2012-05-30 02:28:50.0000001,9.83055
2012-07-26 12:40:38.0000002,6.8495326
2012-07-26 12:40:38.0000001,31.355743
2012-07-26 12:40:38.0000003,9.4399185
2010-09-22 16:28:54.0000003,6.869568
2010-09-22 16:28:54.0000001,8.554011
2010-09-22 16:28:54.0000002,28.938887
2014-05-26 22:57:10.0000002,6.501063
2014-05-26 22:57:10.0000003,14.187625
2014-05-26 22:57:10.0000005,6.604811
2014-05-26 22:57:10.0000004,10.815889
2012-02-11 07:03:34.0000001,4.1771517
2010-06-27 05:03:38.0000001,5.9585695
2014-09-29 11:51:06.0000001,21.05002
2014-09-29 11:51:06.0000002,6.3499775
2010-09-04 18:31:42.0000002,11.227723
2010-09-04 18:31:42.0000001,17.395775
2015-04-14 19:20:46.0000001,10.199994
2015-04-14 19:20:46.0000005,5.7770905
2015-04-14 19:20:46.00000010,4.9243875
2015-04-14 19:20:46.0000007,4.7393765
2015-04-14 19:20:46.0000004,6.211228
2015-04-14 19:20:46.0000003,11.883753
2015-04-14 19:20:46.0000006,7.674282
2015-04-14 19:20:46.0000002,8.3409815
2015-04-14 19:20:46.0000009,10.616266
2009-07-20 08:53:34.0000002,5.039296
2009-07-20 08:53:34.0000001,7.308908
2013-04-03 16:09:02.0000002,4.5149927
2013-04-03 16:09:02.0000001,71.578705
2009-11-20 23:19:58.0000001,6.801879
2009-11-20 23:19:58.0000002,9.882057
2012-08-04 09:01:54.0000002,9.784156
2012-08-04 09:01:54.0000001,4.317257
2011-09-22 20:05:22.0000007,9.205397
2011-09-22 20:05:22.0000001,10.383422
2011-09-22 20:05:22.0000005,11.302588
2011-09-22 20:05:22.0000006,5.347556
2014-08-09 01:27:30.0000002,7.1115766
2011-02-15 05:44:42.0000002,12.738356
2011-02-15 05:44:42.0000001,47.801376
2014-10-31 12:04:26.0000002,34.506092
2014-10-31 12:04:26.0000001,7.1498923
2015-02-09 07:16:26.0000006,5.004671
2015-02-09 07:16:26.0000004,6.154153
2015-02-09 07:16:26.0000007,5.726262
2015-02-09 07:16:26.0000001,4.836098
2015-02-09 07:16:26.0000002,9.955193
2015-02-09 07:16:26.0000008,5.7011003
2015-02-09 07:16:26.0000003,8.74445
2011-09-08 17:26:34.0000001,8.442349
2011-09-08 17:26:34.0000003,11.6901455
2011-09-08 17:26:34.0000002,10.717897
2011-09-08 17:26:34.0000004,7.337484
2013-04-10 21:03:42.0000004,6.439771
2013-04-10 21:03:42.0000005,9.224126
2013-04-10 21:03:42.0000003,5.9788575
2013-04-10 21:03:42.0000002,11.416458
2013-04-10 21:03:42.0000001,5.616731
2011-12-29 19:29:50.0000003,6.911924
2011-12-29 19:29:50.0000004,14.424925
2011-12-29 19:29:50.0000001,9.198242
2013-09-26 15:50:06.0000003,4.964259
2013-09-26 15:50:06.0000005,16.481836
2013-09-26 15:50:06.0000002,6.8085227
2013-09-26 15:50:06.0000001,12.549072
2013-09-26 15:50:06.0000004,7.3714833
2012-10-01 07:18:06.0000001,5.369357
2012-10-01 07:18:06.0000002,6.889502
2013-03-14 21:43:46.0000001,14.488598
2012-10-05 23:47:02.0000001,10.116142
2009-02-08 00:04:06.0000004,12.916084
2009-02-08 00:04:06.0000002,30.169838
2012-02-04 22:47:18.0000001,5.3556046
2012-02-04 22:47:18.0000003,6.362151
2012-05-06 03:01:10.0000003,5.9454684
2012-05-06 03:01:10.0000002,11.601742
2014-07-08 08:56:58.0000001,8.026172
2010-01-09 08:29:14.0000003,3.970449
2010-01-09 08:29:14.0000002,7.5555625
2010-01-09 08:29:14.0000001,14.148731
2010-01-09 08:29:14.0000004,4.885056
2010-12-06 03:36:58.0000001,4.417534
2011-10-19 05:25:18.0000002,29.35549
2011-10-19 05:25:18.0000001,7.1595364
2014-06-14 08:13:22.0000002,17.978537
2014-06-14 08:13:22.0000003,17.221899
2014-06-14 08:13:22.0000001,13.725322
2011-02-19 10:14:58.0000002,5.853589
2014-12-25 03:10:26.0000001,11.003537
2009-06-16 14:32:38.0000003,5.839705
2009-06-16 14:32:38.0000001,8.251385
2009-06-16 14:32:38.0000005,9.951136
2009-06-16 14:32:38.0000006,7.5248156
2009-06-16 14:32:38.0000002,7.7365623
2009-06-16 14:32:38.0000004,16.629648
2010-08-16 17:14:18.0000001,44.786232
2013-04-29 09:18:06.0000004,7.199541
2013-04-29 09:18:06.0000002,34.947613
2013-04-29 09:18:06.0000005,10.063486
2013-04-29 09:18:06.0000001,22.557821
2013-04-29 09:18:06.0000003,11.092641
2013-06-23 14:52:34.0000002,29.856327
2013-06-23 14:52:34.0000001,5.346676
2013-03-28 05:22:58.0000001,7.1048846
2015-06-08 20:18:30.0000006,9.488022
2015-06-08 20:18:30.0000003,6.1263347
2015-06-08 20:18:30.0000002,16.611984
2015-06-08 20:18:30.0000001,9.536103
2015-06-08 20:18:30.0000004,10.539093
2015-06-08 20:18:30.0000005,11.675503
2011-09-08 13:39:06.0000001,7.425632
2012-03-03 02:30:54.0000001,7.112813
2012-03-03 02:30:54.0000002,7.6788855
2012-03-03 02:30:54.0000004,9.834719
2010-03-27 20:11:10.0000003,5.643553
2010-03-27 20:11:10.0000001,7.941175
2010-03-27 20:11:10.0000002,11.081219
2009-08-11 22:40:02.0000002,7.931627
2009-08-11 22:40:02.0000003,30.087885
2009-08-11 22:40:02.0000004,4.2090807
2009-08-11 22:40:02.0000005,13.51723
2009-08-11 22:40:02.0000001,5.400114
2012-12-27 21:01:54.0000001,6.9377213
2012-12-27 21:01:54.0000003,6.2276473
2012-12-27 21:01:54.0000006,9.258255
2012-12-27 21:01:54.0000007,17.47717
2012-12-27 21:01:54.0000008,10.595146
2015-04-16 18:45:22.0000003,7.4540462
2015-04-16 18:45:22.0000002,5.983882
2015-04-16 18:45:22.0000001,10.844079
2015-04-16 18:45:22.0000005,18.991573
2014-05-17 10:51:46.0000001,7.270094
2014-05-17 10:51:46.0000004,6.8857784
2014-05-17 10:51:46.0000002,30.078897
2009-05-04 11:23:18.0000001,7.789921
2009-05-04 11:23:18.0000003,6.8222556
2009-05-04 11:23:18.0000002,8.13172
2013-07-22 14:30:06.0000002,6.098865
2013-07-22 14:30:06.0000001,15.907501
2015-05-31 20:48:54.0000005,4.3245225
2015-05-31 20:48:54.0000004,15.687095
2015-05-31 20:48:54.0000001,4.6903276
2010-07-16 06:44:06.0000001,5.606226
2010-07-16 06:44:06.0000003,12.322011
2010-07-16 06:44:06.0000004,16.055208
2010-07-16 06:44:06.0000002,14.772509
2013-01-06 12:39:54.0000003,7.2807283
2013-01-06 12:39:54.0000001,7.5810823
2013-01-06 12:39:54.0000004,8.124704
2013-01-06 12:39:54.0000002,6.243545
2013-01-06 12:39:54.0000005,3.9863782
2012-12-15 15:55:42.0000001,7.6406636
2012-12-15 15:55:42.0000002,10.223754
2010-05-06 11:35:26.0000001,6.0791183
2010-05-06 11:35:26.0000003,24.5626
2014-01-06 10:16:02.0000001,19.527967
2014-01-06 10:16:02.0000002,6.0791607
2012-07-24 04:44:26.0000001,8.896672
2010-08-06 15:37:14.0000007,6.9877815
2010-08-06 15:37:14.0000003,7.73962
2010-08-06 15:37:14.0000006,8.475699
2010-08-06 15:37:14.0000005,30.537878
2010-08-06 15:37:14.0000004,10.466832
2010-08-06 15:37:14.0000002,11.04657
2010-08-06 15:37:14.0000001,6.1158943
2010-11-10 23:21:50.0000002,6.8129244
2010-11-10 23:21:50.0000003,7.406701
2013-03-31 00:09:58.0000002,8.810461
2013-03-31 00:09:58.0000003,10.701762
2010-02-01 00:05:42.0000001,9.763384
2010-02-01 00:05:42.0000002,14.349736
2009-06-18 18:47:22.0000003,11.91975
2009-06-18 18:47:22.0000001,8.6190605
2009-06-18 18:47:22.0000002,9.710149
2015-01-03 08:47:26.0000001,10.567815
2015-01-03 08:47:26.0000002,11.114818
2014-06-20 02:16:34.0000001,7.3985915
2011-02-03 07:13:06.0000001,5.5581827
2014-01-14 18:48:06.0000007,11.941795
2014-01-14 18:48:06.0000002,6.456207
2014-01-14 18:48:06.0000003,5.6155276
2014-01-14 18:48:06.0000004,7.7588525
2014-01-14 18:48:06.0000001,9.217023
2014-01-14 18:48:06.0000005,7.7234254
2014-01-14 18:48:06.0000006,6.750699
2013-10-18 05:08:54.0000001,33.02397
2011-07-20 08:05:02.0000003,7.879172
2011-07-20 08:05:02.0000002,5.41018
2011-07-20 08:05:02.0000004,8.6033125
2009-05-03 16:02:54.0000005,8.003688
2009-05-03 16:02:54.0000003,5.8421893
2009-05-03 16:02:54.0000002,6.768409
2009-05-03 16:02:54.0000001,14.284454
2012-09-06 17:58:06.0000001,4.735148
2012-09-06 17:58:06.0000003,10.526092
2014-04-06 16:47:14.0000003,6.8547716
2014-09-06 03:52:50.0000002,11.63648
2013-07-27 09:59:18.0000001,7.624862
2014-12-26 20:19:38.0000002,6.443792
2014-01-01 13:06:34.0000001,6.0675516
2011-12-25 15:35:54.0000003,6.84583
2011-12-25 15:35:54.0000004,8.220643
2015-05-14 23:11:58.0000001,16.521105
2015-05-14 23:11:58.0000007,9.687708
2015-05-14 23:11:58.0000003,7.601744
2015-05-14 23:11:58.0000005,8.122636
2015-05-14 23:11:58.0000008,9.929798
2015-05-14 23:11:58.0000002,12.916093
2015-05-14 23:11:58.0000006,6.249064
2015-04-22 09:54:06.0000002,7.4529266
2015-04-22 09:54:06.0000003,6.429363
2009-03-22 07:02:02.0000001,7.6401515
2012-04-30 04:34:50.0000001,17.235426
2009-01-21 09:13:50.0000003,4.500755
2009-01-21 09:13:50.0000004,5.878318
2009-01-21 09:13:50.0000001,9.442299
2009-01-21 09:13:50.0000002,7.3104253
2010-06-11 18:07:10.0000002,4.970342
2010-06-11 18:07:10.0000001,4.3030524
2010-06-11 18:07:10.0000004,12.5769825
2010-06-11 18:07:10.0000003,13.215439
2012-09-01 19:04:18.0000002,8.542572
2014-06-18 06:22:42.0000001,7.025164
2014-06-18 06:22:42.0000002,9.905442
2009-12-09 08:34:30.0000001,6.7705617
2009-12-09 08:34:30.0000002,5.8419266
2009-12-09 08:34:30.0000003,44.466885
2009-12-09 08:34:30.0000004,48.013935
2013-06-06 02:54:50.0000002,11.247784
2013-06-06 02:54:50.0000003,7.073388
2010-07-19 12:15:54.0000003,6.47339
2010-07-19 12:15:54.0000002,11.722244
2010-07-19 12:15:54.0000001,6.1981664
2010-07-19 12:15:54.0000004,5.334571
2013-12-18 12:36:46.0000001,9.6518955
2013-12-18 12:36:46.0000003,41.996788
2013-12-18 12:36:46.0000004,7.8927145
2013-12-18 12:36:46.0000002,9.969378
2009-01-25 21:17:18.0000002,8.194179
2009-01-25 21:17:18.0000003,6.449684
2012-10-03 09:18:22.0000002,8.027478
2012-10-03 09:18:22.0000003,10.905671
2012-10-03 09:18:22.0000004,7.0059643
2012-10-03 09:18:22.0000001,14.65848
2012-10-03 09:18:22.0000005,12.124172
2012-06-13 19:49:50.0000003,10.139136
2012-06-13 19:49:50.0000002,11.911224
2012-06-13 19:49:50.0000001,4.724438
2011-09-03 00:03:42.0000004,4.8279667
2011-09-03 00:03:42.0000009,13.64297
2011-09-03 00:03:42.0000001,6.6808534
2011-09-03 00:03:42.0000003,6.717994
2011-09-03 00:03:42.0000006,8.380469
2011-09-03 00:03:42.0000002,7.012439
2011-09-03 00:03:42.0000005,7.778481
2009-01-27 13:27:30.0000002,10.103425
2009-01-27 13:27:30.0000001,7.3479366
2009-07-03 00:41:38.0000001,9.0872
2009-07-03 00:41:38.0000002,4.8775487
2010-05-29 11:51:30.0000001,5.4206576
2013-07-02 22:27:14.0000005,7.931168
2013-07-02 22:27:14.0000003,11.9832945
2015-05-09 11:33:58.0000004,6.176661
2015-05-09 11:33:58.0000001,7.772237
2015-05-09 11:33:58.0000003,35.008343
2011-07-18 00:04:54.0000002,4.681441
2011-04-03 03:46:18.0000002,9.996467
2009-11-03 13:04:46.0000003,6.2944555
2009-11-03 13:04:46.0000002,17.782797
2009-11-03 13:04:46.0000001,8.809569
2010-06-25 14:00:14.0000002,7.087964
2010-12-20 09:39:02.0000001,13.907762
2010-12-20 09:39:02.0000002,6.5352774
2014-05-20 14:43:10.0000001,9.709821
2014-05-20 14:43:10.0000002,5.980262
2010-09-16 05:07:10.0000001,5.7530236
2011-08-01 17:44:30.0000006,7.3190885
2011-08-01 17:44:30.0000005,5.821687
2011-08-01 17:44:30.0000001,9.097897
2011-08-01 17:44:30.0000002,8.342937
2011-08-01 17:44:30.0000004,4.94604
2011-03-01 07:23:14.0000003,5.8433313
2011-03-01 07:23:14.0000001,5.7569604
2011-06-24 13:23:18.0000004,13.067215
2011-06-24 13:23:18.0000001,14.764588
2011-06-24 13:23:18.0000002,16.846327
2011-06-24 13:23:18.0000003,10.469614
2013-11-19 02:41:10.0000001,9.346236
2012-01-01 18:02:46.0000003,4.4384007
2012-01-01 18:02:46.0000002,7.91493
2015-03-28 19:31:26.0000002,6.360003
2015-03-28 19:31:26.0000006,7.4746146
2015-03-28 19:31:26.0000001,8.720439
2015-03-28 19:31:26.0000005,12.811231
2010-07-13 11:53:15.0000004,7.569375
2010-07-13 11:53:15.0000001,11.896792
2010-07-13 11:53:15.0000007,14.618806
2010-07-13 11:53:15.0000002,9.077557
2013-02-07 13:47:59.0000004,8.89859
2013-02-07 13:47:59.0000001,4.5647554
2013-02-07 13:47:59.0000003,8.585485
2013-08-08 14:38:43.0000001,4.4614387
2013-08-08 14:38:43.0000003,5.689789
2015-05-19 13:58:11.0000003,35.67288
2015-05-19 13:58:11.0000008,11.870604
2015-05-19 13:58:11.0000005,13.036919
2015-05-19 13:58:11.0000007,44.546806
2015-05-19 13:58:11.0000004,7.2992034
2015-05-19 13:58:11.0000002,14.52693
2012-07-31 22:21:11.0000001,7.0743103
2012-07-31 22:21:11.0000002,5.1389513
2013-01-03 08:50:31.0000001,11.026017
2013-01-03 08:50:31.0000002,6.9064016
2013-01-03 08:50:31.0000007,7.4345403
2013-01-03 08:50:31.0000004,8.924415
2013-01-03 08:50:31.0000006,29.808567
2013-01-03 08:50:31.0000005,20.249367
2009-04-14 17:43:23.0000003,5.429506
2009-04-14 17:43:23.0000007,12.709125
2009-04-14 17:43:23.0000006,9.209327
2009-04-14 17:43:23.0000008,6.078809
2009-04-14 17:43:23.0000004,10.027699
2009-04-14 17:43:23.0000005,6.6918607
2009-11-19 22:48:27.0000003,8.689463
2009-11-19 22:48:27.0000002,19.285057
2009-11-19 22:48:27.0000004,6.685473
2013-02-15 00:37:15.0000003,14.590882
2013-02-15 00:37:15.0000002,13.065708
2013-02-15 00:37:15.0000001,9.1226845
2012-03-25 04:50:39.0000002,11.130253
2012-03-24 23:33:59.0000001,6.560452
2012-12-26 18:28:55.0000002,7.035348
2012-12-26 18:28:55.0000005,16.436424
2012-12-26 18:28:55.0000001,11.097378
2012-12-26 18:28:55.0000003,5.2700067
2012-12-26 18:28:55.0000007,27.26016
2012-12-26 18:28:55.0000006,56.583683
2011-07-06 19:56:23.0000004,6.906254
2011-07-06 19:56:23.0000002,5.229662
2011-07-06 19:56:23.0000006,14.4425125
2011-07-06 19:56:23.0000007,10.479136
2011-07-06 19:56:23.0000003,8.138043
2014-12-15 10:41:15.0000001,5.099867
2014-12-15 10:41:15.0000002,23.469332
2014-12-15 10:41:15.0000003,12.801551
2011-08-14 21:39:31.0000001,8.411584
2011-08-14 21:39:31.0000002,7.781887
2010-06-06 21:04:55.0000001,6.166588
2013-09-27 19:02:51.0000001,13.507803
2013-09-27 19:02:51.0000003,36.755154
2013-09-27 19:02:51.0000004,8.372299
2013-09-27 19:02:51.0000002,9.637059
2013-05-28 18:24:27.0000003,13.119913
2013-05-28 18:24:27.0000001,6.341097
2013-05-28 18:24:27.0000004,8.514377
2013-05-28 18:24:27.0000002,4.7968607
2015-06-15 14:34:03.0000002,5.746171
2010-07-04 16:44:11.0000001,6.600695
2010-07-04 16:44:11.0000002,4.905174
2014-11-26 06:46:23.0000001,13.57386
2010-07-27 11:37:43.0000001,14.430709
2010-07-27 11:37:43.0000003,9.144442
2010-07-27 11:37:43.0000005,15.60746
2010-07-27 11:37:43.0000006,10.035659
2010-07-27 11:37:43.0000004,8.441001
2010-07-27 11:37:43.0000002,27.056347
2010-12-19 16:25:15.0000004,11.525529
2010-12-19 16:25:15.0000003,6.1741424
2010-12-19 16:25:15.0000001,8.022434
2012-08-19 12:06:39.0000001,4.906742
2011-02-26 12:32:15.0000001,4.291151
2011-02-26 12:32:15.0000002,6.8454485
2015-06-18 20:56:55.0000003,9.390719
2015-06-18 20:56:55.0000005,28.498898
2015-06-18 20:56:55.0000007,37.636642
2015-06-18 20:56:55.0000006,4.9888024
2013-11-24 21:33:11.0000001,56.52127
2013-11-24 21:33:11.0000002,11.247828
2015-04-28 20:15:27.0000002,52.12926
2015-04-28 20:15:27.0000006,7.2549
2015-04-28 20:15:27.0000001,8.582698
2015-04-28 20:15:27.0000005,7.7485113
2015-04-28 20:15:27.0000008,16.449572
2013-01-23 13:49:19.0000002,9.973391
2013-01-23 13:49:19.0000003,41.220333
2014-03-12 19:19:31.0000003,25.385254
2014-03-12 19:19:31.0000001,28.672369
2014-03-12 19:19:31.0000002,7.7402825
2010-07-26 09:54:11.0000001,5.5171394
2012-01-03 08:49:15.0000002,6.2347584
2012-01-03 08:49:15.0000001,46.966682
2012-01-03 08:49:15.0000004,4.915594
2012-01-03 08:49:15.0000003,4.3776927
2012-11-05 14:49:19.0000002,18.001898
2012-11-05 14:49:19.0000001,5.030638
2012-06-09 19:03:11.0000004,7.531743
2012-06-09 19:03:11.0000006,10.696081
2012-06-09 19:03:11.0000002,4.416036
2012-06-09 19:03:11.0000003,10.44312
2012-06-09 19:03:11.0000001,9.285501
2010-10-17 23:12:19.0000004,8.448361
2010-10-17 23:12:19.0000005,6.1051507
2010-10-17 23:12:19.0000001,4.81542
2010-10-17 23:12:19.0000002,10.619971
2010-10-17 23:12:19.0000003,4.6292405
2014-06-07 12:21:11.0000001,36.805214
2014-06-07 12:21:11.0000004,7.44821
2011-09-08 22:37:43.0000004,6.3047915
2011-09-08 22:37:43.0000003,9.391972
2011-09-08 22:37:43.0000005,18.07522
2011-09-08 22:37:43.0000002,10.758389
2014-10-30 19:25:15.0000003,54.821434
2014-10-30 19:25:15.0000005,5.436552
2014-10-30 19:25:15.0000001,5.1837144
2014-10-30 19:25:15.0000002,40.551487
2014-10-30 19:25:15.0000004,9.184741
2010-06-18 22:52:11.0000002,4.6631308
2011-02-16 05:49:51.0000001,5.687561
2011-09-13 13:31:51.0000004,6.829948
2011-09-13 13:31:51.0000003,47.15172
2011-09-13 13:31:51.0000002,6.1127257
2009-09-28 04:31:39.0000001,10.175185
2009-01-11 03:31:55.0000001,16.596552
2009-01-11 03:31:55.0000003,10.764308
2009-01-11 03:31:55.0000004,11.276994
2009-01-11 03:31:55.0000002,5.8077416
2014-01-24 03:38:19.0000001,19.625347
2014-08-06 18:03:31.0000002,10.889797
2014-08-06 18:03:31.0000001,9.409685
2009-08-26 00:46:43.0000001,6.0437503
2014-01-19 09:28:55.0000001,19.064665
2010-01-27 06:01:59.0000001,5.7902207
2011-11-30 23:09:47.0000003,12.663237
2011-11-30 23:09:47.0000002,10.251824
2011-11-30 23:09:47.0000001,6.296655
2014-08-03 23:37:31.0000003,10.907336
2014-08-03 23:37:31.0000002,12.587701
2014-08-03 23:37:31.0000001,7.182259
2014-10-06 09:24:11.0000002,20.720333
2014-10-06 09:24:11.0000004,36.107742
2014-10-06 09:24:11.0000003,9.200938
2014-10-06 09:24:11.0000001,10.530551
2009-08-28 12:38:19.0000001,10.986449
2009-08-28 12:38:19.0000004,17.283535
2009-08-28 12:38:19.0000003,25.26712
2009-08-28 12:38:19.0000002,7.23765
2012-03-15 18:23:55.0000001,6.030743
2012-03-15 18:23:55.0000004,11.339382
2012-03-15 18:23:55.0000005,7.9122434
2012-03-15 18:23:55.0000003,8.864037
2011-11-23 21:07:43.0000003,4.4039264
2011-11-23 21:07:43.0000002,13.855523
2012-11-23 07:58:23.0000001,7.8442097
2010-11-17 19:10:23.0000007,23.112911
2010-11-17 19:10:23.0000006,7.625359
2010-11-17 19:10:23.0000001,5.08484
2010-11-17 19:10:23.0000002,27.89334
2010-11-17 19:10:23.0000008,10.625533
2010-11-17 19:10:23.0000004,5.189737
2015-02-14 13:15:19.0000003,12.827461
2015-02-14 13:15:19.0000006,9.401634
2015-02-14 13:15:19.0000004,5.867628
2015-02-14 13:15:19.0000008,7.9778404
2015-02-14 13:15:19.0000001,18.017069
2013-01-12 22:40:39.0000003,4.603764
2013-01-12 22:40:39.0000004,11.876807
2013-01-12 22:40:39.0000001,12.278544
2013-01-12 22:40:39.0000005,7.484294
2013-01-12 22:40:39.0000006,5.440876
2011-04-12 12:06:07.0000002,7.3515697
2011-04-12 12:06:07.0000001,32.89372
2010-11-04 20:14:39.0000005,5.09328
2010-11-04 20:14:39.0000002,5.3064094
2010-11-04 20:14:39.0000004,7.862011
2010-11-04 20:14:39.0000003,6.7031875
2010-11-04 20:14:39.0000001,6.6325407
2011-04-25 19:14:55.0000003,7.6679416
2011-04-25 19:14:55.0000001,5.4283915
2011-04-25 19:14:55.0000004,6.814464
2011-04-25 19:14:55.0000002,5.9888334
2011-04-25 19:14:55.0000005,6.97108
2010-02-15 14:20:31.0000001,7.298581
2013-03-23 15:41:07.0000001,9.42517
2013-03-23 15:41:07.0000004,9.166679
2013-03-23 15:41:07.0000005,6.014919
2012-12-09 06:04:39.0000001,55.227455
2013-11-07 16:38:15.0000003,8.153221
2013-11-07 16:38:15.0000002,8.119665
2013-11-07 16:38:15.0000001,8.020496
2011-08-08 11:18:15.0000004,9.472083
2011-08-08 11:18:15.0000003,8.099469
2011-08-08 11:18:15.0000002,6.568785
2009-05-08 22:14:51.0000004,4.758222
2009-05-08 22:14:51.0000001,12.786447
2009-05-08 22:14:51.0000003,10.61289
2012-11-15 18:22:19.0000002,15.16526
2012-11-15 18:22:19.0000007,6.8980966
2012-11-15 18:22:19.0000003,5.2467256
2012-11-15 18:22:19.0000005,9.739623
2012-11-15 18:22:19.0000001,22.427485
2012-11-15 18:22:19.0000004,9.228397
2012-11-15 18:22:19.0000006,11.796441
2010-01-31 00:33:03.0000002,6.397761
2010-01-31 00:33:03.0000004,4.6209736
2010-01-31 00:33:03.0000001,21.790602
2010-01-31 00:33:03.0000007,5.688222
2010-01-31 00:33:03.0000003,11.00037
2012-04-20 07:30:43.0000003,5.420104
2012-04-20 07:30:43.0000002,14.375373
2012-04-20 07:30:43.0000004,6.960524
2012-04-20 07:30:43.0000001,9.328672
2009-09-29 09:38:15.0000002,6.4382405
2009-09-29 09:38:15.0000001,8.829178
2010-12-31 05:30:19.0000002,5.6207414
2010-12-31 05:30:19.0000001,11.604555
2009-01-18 18:22:07.0000001,20.204924
2009-01-28 11:27:19.0000002,4.507471
2013-05-04 05:00:43.0000001,9.536584
2014-02-23 13:22:03.0000002,7.507191
2014-02-23 13:22:03.0000001,5.3417087
2010-10-28 12:38:55.0000003,9.241068
2010-10-28 12:38:55.0000002,6.497892
2010-10-28 12:38:55.0000001,10.117282
2015-05-20 19:39:11.0000002,14.925007
2015-05-20 19:39:11.0000009,13.324494
2015-05-20 19:39:11.0000001,11.262924
2015-05-20 19:39:11.0000008,12.807548
2015-05-20 19:39:11.0000007,31.294653
2015-05-20 19:39:11.0000005,7.5530486
2015-05-20 19:39:11.0000006,8.608172
2015-03-20 16:33:07.0000002,9.889284
2015-03-20 16:33:07.0000001,8.106265
2013-04-26 17:05:07.0000001,9.581507
2014-01-11 17:47:47.0000005,24.109362
2014-01-11 17:47:47.0000006,5.6131277
2014-01-11 17:47:47.0000002,16.005371
2014-01-11 17:47:47.0000003,6.303944
2014-01-11 17:47:47.0000004,10.578325
2012-03-10 10:48:43.0000001,8.692092
2012-03-10 10:48:43.0000004,10.835435
2012-03-10 10:48:43.0000003,6.51634
2012-03-10 10:48:43.0000005,4.171777
2012-03-10 10:48:43.0000002,9.036675
2012-07-12 02:46:07.0000002,20.363424
2009-01-06 14:48:51.0000003,5.08293
2009-01-06 14:48:51.0000002,5.883875
2009-01-06 14:48:51.0000001,5.3105645
2015-04-15 03:30:27.0000001,5.1301847
2015-04-26 21:44:23.0000001,35.05449
2015-04-26 21:44:23.0000003,12.511876
2014-11-24 05:03:51.0000001,15.775373
2014-03-05 23:16:07.0000002,59.745758
2015-01-04 00:28:11.0000005,7.687595
2015-01-04 00:28:11.0000001,9.4950285
2015-01-04 00:28:11.0000002,5.200959
2015-01-04 00:28:11.0000003,9.967213
2014-12-17 20:56:31.0000004,5.8366904
2014-12-17 20:56:31.0000002,16.960787
2014-12-17 20:56:31.0000001,9.204524
2010-10-04 16:17:03.0000002,4.2826595
2010-10-04 16:17:03.0000003,4.377052
2010-10-04 16:17:03.0000005,8.680523
2010-10-04 16:17:03.0000004,10.178324
2010-10-09 15:48:51.0000001,5.015758
2010-10-09 15:48:51.0000005,10.460606
2010-10-09 15:48:51.0000002,5.2918653
2013-10-10 11:09:23.0000006,6.2954526
2013-10-10 11:09:23.0000004,9.459733
2013-10-10 11:09:23.0000002,6.941263
2013-10-10 11:09:23.0000003,7.0122957
2013-10-10 11:09:23.0000005,10.113218
2010-12-14 00:39:07.0000001,20.114021
2010-12-14 00:39:07.0000002,5.7861896
2010-12-14 00:39:07.0000003,9.2856245
2013-01-08 07:03:07.0000004,7.7351403
2013-01-08 07:03:07.0000003,11.513419
2013-01-08 07:03:07.0000002,6.900954
2012-10-28 17:21:19.0000004,6.5532284
2012-10-28 17:21:19.0000002,5.6314616
2010-03-10 10:37:39.0000003,6.9351034
2010-03-10 10:37:39.0000004,5.75735
2010-03-10 10:37:39.0000001,6.469358
2010-03-10 10:37:39.0000002,12.689752
2012-04-27 22:32:19.0000001,5.153621
2012-04-27 22:32:19.0000003,5.4072533
2009-04-14 06:55:19.0000001,42.24225
2009-04-14 06:55:19.0000002,4.24895
2013-07-22 14:22:51.0000001,22.710283
2012-02-11 21:23:07.0000002,4.7321324
2012-02-11 21:23:07.0000001,6.9896436
2012-02-11 21:23:07.0000004,3.9539392
2012-02-11 21:23:07.0000003,5.554893
2015-05-10 12:37:51.0000001,19.385096
2015-05-10 12:37:51.0000004,5.1634154
2015-05-10 12:37:51.0000006,7.7604504
2010-12-11 13:31:11.0000001,9.135462
2010-12-11 13:31:11.0000002,10.121061
2010-03-01 22:21:55.0000001,3.784988
2010-03-01 22:21:55.0000004,8.978235
2014-11-03 22:00:07.0000001,7.54461
2009-08-26 16:50:19.0000001,4.1926994
2009-08-26 16:50:19.0000002,7.112013
2010-06-07 10:02:51.0000002,3.9643917
2010-06-07 10:02:51.0000001,5.9136624
2010-06-07 10:02:51.0000004,15.100045
2010-06-07 10:02:51.0000003,11.070227
2015-03-08 14:59:23.0000002,15.917206
2015-03-08 14:59:23.0000004,56.947372
2015-03-08 14:59:23.0000005,19.200953
2010-12-13 05:52:47.0000001,8.682091
2012-10-12 15:21:55.0000001,7.1151695
2011-05-17 07:53:55.0000002,5.1618953
2011-05-17 07:53:55.0000004,7.7059817
2011-05-17 07:53:55.0000001,7.9147325
2012-12-26 20:55:27.0000002,12.75459
2012-12-26 20:55:27.0000005,11.063994
2012-12-26 20:55:27.0000004,13.046175
2009-02-22 14:59:11.0000001,11.438647
2011-12-17 16:19:47.0000003,12.870491
2011-12-17 16:19:47.0000001,11.248439
2014-12-02 23:54:11.0000002,10.127613
2014-12-02 23:54:11.0000001,8.589681
2014-11-11 11:21:07.0000001,5.738992
2014-07-11 12:35:19.0000003,11.769281
2014-07-11 12:35:19.0000001,9.565952
2014-07-11 12:35:19.0000002,16.910883
2010-01-25 15:04:11.0000001,5.250177
2010-01-25 15:04:11.0000002,8.79338
2014-01-26 13:51:39.0000002,11.10579
2014-01-26 13:51:39.0000003,7.1078677
2011-11-18 04:49:19.0000002,4.9868
2011-11-18 04:49:19.0000003,47.234993
2011-11-18 04:49:19.0000001,4.284394
2014-11-30 15:46:23.0000001,7.9743757
2014-11-30 15:46:23.0000004,7.967272
2014-11-30 15:46:23.0000006,33.741116
2014-11-30 15:46:23.0000005,5.3754516
2011-08-20 15:50:39.0000002,28.418608
2010-06-22 14:25:19.0000005,13.115921
2010-06-22 14:25:19.0000003,6.6724277
2010-06-22 14:25:19.0000002,5.6428075
2010-06-22 14:25:19.0000006,4.9347563
2010-06-22 14:25:19.0000004,9.482226
2010-12-06 18:51:31.0000001,9.250647
2010-12-06 18:51:31.0000002,15.49253
2014-05-25 19:46:59.0000004,19.247013
2014-05-25 19:46:59.0000002,11.555033
2014-05-25 19:46:59.0000001,7.727848
2009-11-20 14:03:03.0000003,8.01239
2009-11-20 14:03:03.0000004,13.701409
2009-11-20 14:03:03.0000001,13.026839
2009-11-20 14:03:03.0000005,8.688698
2009-11-20 14:03:03.0000002,8.606208
2010-09-17 18:21:11.0000001,14.444977
2011-02-23 21:35:19.0000001,4.6482987
2011-02-23 21:35:19.0000002,11.259345
2013-01-03 11:41:47.0000001,4.350861
2014-04-04 05:47:11.0000001,13.91051
2014-08-18 19:09:19.0000001,9.578855
2014-08-18 19:09:19.0000002,15.457864
2010-04-12 08:22:27.0000001,5.4580784
2010-04-12 08:22:27.0000002,10.272205
2010-06-05 08:18:11.0000002,15.354864
2010-06-05 08:18:11.0000001,4.834199
2010-06-05 08:18:11.0000003,28.948963
2013-05-07 23:58:31.0000001,24.879744
2013-01-11 20:08:07.0000002,7.6132016
2013-02-17 23:55:55.0000001,13.030963
2013-02-17 23:55:55.0000002,23.028376
2013-02-17 23:55:55.0000003,13.503814
2010-11-26 06:04:59.0000001,4.692908
2013-10-09 17:27:39.0000002,9.59048
2013-02-27 13:28:43.0000003,8.291535
2013-02-27 13:28:43.0000001,4.5294876
2013-02-27 13:28:43.0000004,6.95793
2013-02-27 13:28:43.0000002,5.6085663
2009-08-28 07:10:39.0000001,7.645167
2009-08-28 07:10:39.0000002,8.705788
2009-08-28 07:10:39.0000004,4.912981
2009-08-28 07:10:39.0000003,5.240007
2015-01-12 17:05:51.0000006,8.238695
2015-01-12 17:05:51.0000007,6.155237
2015-01-12 17:05:51.0000002,5.4690666
2015-01-12 17:05:51.0000003,5.1454816
2014-05-01 07:16:07.0000001,5.4313154
2009-01-12 07:47:39.0000004,5.4014964
2009-01-12 07:47:39.0000002,7.0425596
2009-01-12 07:47:39.0000003,6.526826
2014-02-09 21:05:31.0000001,22.998764
2014-02-09 21:05:31.0000002,11.89188
2012-05-14 03:52:59.0000001,6.7640743
2011-04-28 19:39:43.0000005,6.931082
2011-04-28 19:39:43.0000001,6.3705654
2011-04-28 19:39:43.0000002,3.6824632
2011-04-28 19:39:43.0000004,4.011365
2010-02-15 10:14:23.0000002,9.737964
2010-02-15 10:14:23.0000003,19.362955
2010-02-15 10:14:23.0000004,10.258026
2010-08-18 05:24:15.0000002,9.210379
2010-08-18 05:24:15.0000001,9.260323
2010-05-31 06:46:59.0000001,38.577957
2014-11-17 00:03:47.0000002,16.668596
2012-11-16 00:09:43.0000001,8.557475
2012-03-09 06:03:23.0000001,10.076057
2013-10-18 13:05:19.0000002,8.496933
2013-10-18 13:05:19.0000001,22.385464
2013-10-18 13:05:19.0000003,6.2456765
2010-01-16 04:52:31.0000001,31.284052
2013-08-18 00:32:15.0000002,16.291265
2013-08-18 00:32:15.0000001,7.0997467
2010-12-11 16:12:35.0000004,13.494664
2010-12-11 16:12:35.0000005,9.404826
2010-12-11 16:12:35.0000001,7.004753
2010-12-11 16:12:35.0000002,8.9882
2013-05-23 12:09:23.0000001,13.311098
2013-05-23 12:09:23.0000003,6.436572
2013-05-23 12:09:23.0000002,7.3533983
2014-12-11 08:20:39.0000003,7.369154
2014-12-11 08:20:39.0000002,6.0170107
2011-01-28 19:41:11.0000002,4.8704267
2011-01-28 19:41:11.0000001,11.374584
2011-03-24 04:46:51.0000001,26.242851
2013-04-07 00:24:27.0000001,6.1895266
2013-04-07 00:24:27.0000003,5.6833367
2013-04-07 00:24:27.0000004,6.8823147
2010-08-17 21:22:39.0000002,21.538809
2010-08-17 21:22:39.0000003,6.9502993
2010-08-17 21:22:39.0000001,6.7864637
2013-12-10 14:00:35.0000004,9.193579
2013-12-10 14:00:35.0000001,8.454907
2013-12-10 14:00:35.0000003,8.308853
2011-09-18 05:32:51.0000002,47.368042
2011-09-18 05:32:51.0000001,9.1315565
2011-09-18 05:32:51.0000003,12.478443
2011-09-10 20:44:59.0000002,7.5644526
2011-09-10 20:44:59.0000001,7.313433
2011-04-28 09:50:03.0000002,31.784414
2011-04-28 09:50:03.0000003,7.7683926
2011-04-28 09:50:03.0000004,8.6531925
2010-02-26 18:34:51.0000002,6.82511
2013-12-05 23:29:15.0000001,14.120354
2013-12-05 23:29:15.0000004,4.649304
2013-12-05 23:29:15.0000003,29.21922
2013-12-05 23:29:15.0000005,55.963192
2010-01-13 08:28:59.0000003,8.858556
2010-01-13 08:28:59.0000001,9.223007
2010-01-13 08:28:59.0000004,12.095437
2010-01-13 08:28:59.0000005,7.016924
2010-07-16 07:07:27.0000001,7.3102655
2012-06-16 14:33:19.0000002,9.816846
2013-05-08 17:02:39.0000001,14.577823
2013-05-08 17:02:39.0000003,11.574817
2013-05-08 17:02:39.0000005,8.632961
2013-05-08 17:02:39.0000004,5.9957867
2013-05-08 17:02:39.0000002,10.169504
2013-05-08 17:02:39.0000006,6.647487
2013-05-08 17:02:39.0000007,10.340195
2011-02-28 08:34:27.0000004,11.252397
2011-02-28 08:34:27.0000002,5.7373157
2011-02-28 08:34:27.0000006,12.991555
2011-02-28 08:34:27.0000007,5.1549487
2011-02-28 08:34:27.0000005,15.133613
2011-02-28 08:34:27.0000003,9.494262
2011-02-28 08:34:27.0000001,8.4866
2012-12-13 19:05:27.0000001,5.9008074
2012-12-13 19:05:27.0000002,7.8644924
2012-12-13 19:05:27.0000003,10.282038
2009-03-25 01:20:55.0000001,7.735565
2011-01-18 12:43:35.0000001,10.733064
2010-07-13 07:38:03.0000007,10.033888
2010-07-13 07:38:03.0000004,9.639412
2010-07-13 07:38:03.0000002,8.773864
2010-07-13 07:38:03.0000006,13.058019
2010-07-13 07:38:03.0000005,7.6912293
2010-07-13 07:38:03.0000001,6.4757676
2009-01-26 15:16:43.0000001,31.364254
2009-01-26 15:16:43.0000002,4.159438
2015-05-18 01:13:35.0000001,6.304437
2012-11-09 18:17:35.0000001,13.249368
2012-11-09 18:17:35.0000006,9.227904
2012-11-09 18:17:35.0000005,8.417213
2012-11-09 18:17:35.0000003,8.919856
2010-07-05 19:21:35.0000005,4.746745
2010-07-05 19:21:35.0000003,4.347339
2010-07-05 19:21:35.0000004,11.67583
2010-07-05 19:21:35.0000002,10.743328
2014-09-11 00:28:47.0000001,9.186559
2014-09-11 00:28:47.0000002,5.89914
2010-03-22 16:20:15.0000001,29.232908
2010-03-22 16:20:15.0000002,6.9283495
2009-06-21 00:54:23.0000003,12.667327
2009-06-21 00:54:23.0000001,13.219102
2013-05-02 14:48:31.0000001,12.669852
2011-09-12 09:15:15.0000003,6.9998083
2011-09-12 09:15:15.0000004,8.879141
2011-09-12 09:15:15.0000002,7.304614
2011-09-12 09:15:15.0000001,6.6397314
2009-02-27 07:09:23.0000001,8.408573
2011-08-22 10:42:15.0000003,8.905638
2011-08-22 10:42:15.0000002,16.631994
2011-08-22 10:42:15.0000001,7.701082
2011-11-29 22:19:51.0000001,11.931345
2011-11-29 22:19:51.0000002,10.338936
2009-01-30 22:47:07.0000004,16.685022
2009-01-30 22:47:07.0000001,5.394222
2009-01-30 22:47:07.0000003,3.8301907
2012-04-18 20:03:35.0000004,8.452295
2012-04-18 20:03:35.0000003,4.548054
2012-04-18 20:03:35.0000001,9.967644
2012-04-18 20:03:35.0000002,5.9791346
2013-09-26 20:54:19.0000002,11.684479
2011-06-25 23:18:27.0000001,11.926269
2009-01-17 02:21:55.0000001,4.950352
2009-01-17 02:21:55.0000002,4.0070615
2014-11-01 15:31:15.0000002,14.361979
2014-11-01 15:31:15.0000003,11.965614
2014-11-01 15:31:15.0000004,6.146545
2011-06-08 11:31:51.0000003,5.256443
2011-06-08 11:31:51.0000002,7.2843904
2011-06-08 11:31:51.0000001,8.715456
2013-07-12 23:17:31.0000004,6.9992304
2013-07-12 23:17:31.0000005,55.87336
2012-07-10 18:24:47.0000002,9.0139
2012-07-10 18:24:47.0000001,18.73292
2012-07-10 18:24:47.0000003,7.276504
2013-05-14 03:15:31.0000001,16.901451
2009-04-20 21:08:35.0000006,5.416799
2009-04-20 21:08:35.0000003,5.5810037
2009-04-20 21:08:35.0000002,14.963165
2009-04-20 21:08:35.0000001,10.412554
2011-01-19 08:30:47.0000003,8.433988
2011-01-19 08:30:47.0000002,8.699616
2011-01-19 08:30:47.0000001,5.910166
2009-09-25 10:19:35.0000003,5.305023
2009-09-25 10:19:35.0000001,10.130073
2009-09-25 10:19:35.0000002,5.794264
2012-02-17 15:11:23.0000001,5.428116
2009-12-23 20:14:19.0000003,9.593294
2009-12-23 20:14:19.0000001,5.4274073
2009-12-23 20:14:19.0000002,11.201766
2012-09-14 05:42:59.0000001,9.6834955
2012-09-14 05:42:59.0000002,7.1115146
2009-04-06 13:47:15.0000002,16.83629
2013-11-29 21:36:07.0000004,10.454355
2011-11-07 00:22:31.0000001,4.8986025
2011-11-07 00:22:31.0000002,7.4839606
2009-09-04 08:02:51.0000001,9.955582
2015-02-16 17:32:27.0000004,10.900951
2015-02-16 17:32:27.0000002,11.068782
2015-02-16 17:32:27.0000003,7.8768167
2015-02-16 17:32:27.0000001,7.3213325
2012-04-14 11:59:11.0000004,19.013655
2012-04-14 11:59:11.0000002,4.3087783
2012-04-14 11:59:11.0000001,6.541565
2011-12-11 11:05:51.0000001,6.274373
2011-12-11 11:05:51.0000003,8.364424
2010-01-03 13:07:27.0000001,10.176832
2009-03-06 00:13:03.0000003,8.344377
2009-03-06 00:13:03.0000001,10.092965
2010-01-04 19:54:27.0000002,9.156734
2010-01-04 19:54:27.0000001,5.5719094
2010-01-04 19:54:27.0000003,4.1039677
2014-08-01 16:50:03.0000004,20.982224
2014-08-01 16:50:03.0000001,5.3546567
2014-08-01 16:50:03.0000003,14.659682
2014-08-01 16:50:03.0000002,13.843815
2010-11-25 16:22:19.0000001,5.187386
2010-09-04 10:06:23.0000001,13.364488
2009-04-28 13:35:27.0000002,10.288002
2009-04-28 13:35:27.0000001,4.966888
2009-04-28 13:35:27.0000003,29.119444
2009-04-28 13:35:27.0000004,8.509909
2012-07-26 00:23:59.0000006,8.633335
2012-07-26 00:23:59.0000007,4.411113
2012-07-26 00:23:59.0000001,7.319382
2012-07-26 00:23:59.0000004,7.8372955
2012-07-26 00:23:59.0000005,8.092944
2012-07-26 00:23:59.0000002,10.949997
2012-07-26 00:23:59.0000003,5.62922
2014-04-29 15:15:43.0000002,9.354981
2014-04-29 15:15:43.0000001,8.128104
2014-04-29 15:15:43.0000003,5.764643
2010-04-23 00:00:03.0000002,14.787567
2010-04-23 00:00:03.0000003,5.2978263
2010-05-22 23:46:19.0000001,6.935865
2010-05-22 23:46:19.0000002,18.387264
2010-05-22 23:46:19.0000003,13.719966
2014-06-14 12:32:11.0000005,9.791885
2014-06-14 12:32:11.0000002,13.827244
2014-06-14 12:32:11.0000004,11.394435
2014-06-14 12:32:11.0000006,10.976608
2014-06-14 12:32:11.0000003,37.769356
2012-06-09 22:57:15.0000002,6.4420247
2012-06-09 22:57:15.0000005,7.425353
2014-04-22 01:28:15.0000001,26.230007
2013-01-31 01:19:15.0000001,18.412222
2013-01-31 01:19:15.0000002,10.865008
2014-12-19 21:54:27.0000003,7.7686133
2014-12-19 21:54:27.0000002,17.217045
2014-12-19 21:54:27.0000004,8.796996
2014-12-19 21:54:27.0000001,12.402495
2010-10-22 20:56:51.0000004,5.410966
2010-10-22 20:56:51.0000001,16.014181
2011-10-04 11:48:35.0000004,6.7123275
2011-10-04 11:48:35.0000003,12.283763
2011-10-04 11:48:35.0000002,6.9395695
2010-12-31 13:32:39.0000001,8.559166
2010-04-10 11:05:27.0000002,6.7696157
2010-04-10 11:05:27.0000001,6.1411414
2013-10-02 21:12:59.0000001,10.049473
2013-10-02 21:12:59.0000002,12.775676
2013-10-02 21:12:59.0000004,6.698609
2013-10-02 21:12:59.0000005,14.334234
2013-10-02 21:12:59.0000006,11.8740835
2013-10-02 21:12:59.0000007,22.137188
2013-10-02 21:12:59.0000008,17.194815
2013-10-02 21:12:59.0000003,26.332981
2009-03-14 05:27:55.0000001,7.3132706
2009-04-20 14:05:51.0000003,5.7753553
2009-04-20 14:05:51.0000002,15.901765
2009-04-20 14:05:51.0000001,25.854036
2009-04-20 14:05:51.0000004,8.950848
2011-02-21 23:46:07.0000001,4.2109885
2010-08-21 20:25:07.0000001,6.153313
2009-11-16 21:03:31.0000003,9.427605
2009-11-16 21:03:31.0000002,13.299922
2009-11-16 21:03:31.0000004,7.480834
2009-11-16 21:03:31.0000001,16.084234
2014-11-29 11:16:23.0000002,9.897134
2014-11-29 11:16:23.0000001,10.059315
2010-12-01 21:02:35.0000001,6.7910957
2010-12-01 21:02:35.0000002,7.295824
2009-04-13 18:30:39.0000002,7.055289
2009-04-13 18:30:39.0000001,7.4955797
2010-06-02 19:45:19.0000002,10.86262
2010-06-02 19:45:19.0000001,9.009963
2010-06-02 19:45:19.0000004,9.217523
2012-04-16 14:29:35.0000001,4.427147
2014-08-06 18:15:43.0000001,6.760496
2014-08-06 18:15:43.0000002,14.732152
2010-04-20 11:53:23.0000005,8.794294
2010-04-20 11:53:23.0000002,5.551142
2010-04-20 11:53:23.0000006,5.22462
2010-04-20 11:53:23.0000003,14.075818
2010-04-20 11:53:23.0000004,11.193538
2009-05-21 20:50:31.0000005,8.54248
2009-05-21 20:50:31.0000006,11.39949
2009-05-21 20:50:31.0000002,16.10561
2009-05-21 20:50:31.0000001,13.85687
2014-08-16 21:59:59.0000002,10.388664
2014-08-16 21:59:59.0000001,15.869936
2010-09-13 07:05:39.0000001,6.0248713
2010-09-13 07:05:39.0000002,6.2918024
2010-01-28 12:25:11.0000001,6.219388
2013-10-13 19:39:55.0000005,5.541673
2013-10-13 19:39:55.0000004,6.2370157
2013-10-13 19:39:55.0000007,5.4800944
2013-10-13 19:39:55.0000001,10.85849
2013-10-13 19:39:55.0000003,9.128531
2013-10-13 19:39:55.0000006,6.193438
2013-10-13 19:39:55.0000002,9.51453
2013-09-20 13:38:55.0000003,7.5713463
2013-09-20 13:38:55.0000002,14.499571
2013-09-20 13:38:55.0000006,9.319383
2013-09-20 13:38:55.0000001,11.101957
2014-11-11 12:10:59.0000003,7.7933583
2014-11-11 12:10:59.0000002,14.034481
2012-09-09 23:40:03.0000001,18.305254
2013-02-18 11:13:23.0000004,21.286715
2013-02-18 11:13:23.0000001,5.7529087
2013-02-18 11:13:23.0000003,26.849888
2013-02-18 11:13:23.0000002,8.010573
2011-06-05 12:38:43.0000002,5.865111
2011-06-05 12:38:43.0000003,6.5453234
2011-06-05 12:38:43.0000001,46.445766
2014-11-27 07:37:55.0000001,9.313978
2010-05-23 15:28:55.0000001,8.917413
2012-10-15 20:10:31.0000001,5.831954
2012-10-15 20:10:31.0000004,13.508889
2012-10-15 20:10:31.0000002,17.393637
2012-10-15 20:10:31.0000003,6.2041254
2012-06-27 06:52:39.0000001,7.0388875
2013-06-07 13:52:55.0000001,6.535499
2013-06-07 13:52:55.0000002,9.679441
2013-06-07 13:52:55.0000006,29.037394
2013-06-07 13:52:55.0000003,11.768813
2013-06-07 13:52:55.0000004,9.046561
2009-06-04 19:34:15.0000003,11.672834
2009-06-04 19:34:15.0000001,14.024461
2009-06-04 19:34:15.0000004,9.763006
2009-06-04 19:34:15.0000002,8.768819
2013-09-29 22:12:07.0000002,15.398492
2013-09-29 22:12:07.0000003,8.037555
2013-12-04 08:37:11.0000003,8.072491
2013-12-04 08:37:11.0000002,13.52276
2013-12-04 08:37:11.0000001,12.814493
2010-05-02 12:39:55.0000002,9.98754
2009-07-13 01:18:55.0000002,4.4874377
2009-07-13 01:18:55.0000001,5.720557
2015-05-20 00:59:15.0000004,4.9543924
2015-05-20 00:59:15.0000003,22.180058
2009-12-03 18:02:47.0000001,9.537078
2014-06-24 02:41:11.0000001,29.170874
2012-01-13 02:08:43.0000001,7.724392
2012-08-06 21:07:55.0000001,11.326408
2012-08-06 21:07:55.0000002,9.10554
2012-08-06 21:07:55.0000004,5.998854
2012-08-06 21:07:55.0000005,8.305238
2012-08-06 21:07:55.0000003,6.5262547
2009-07-13 07:32:31.0000001,6.521428
2009-07-13 07:32:31.0000003,6.621639
2009-07-13 07:32:31.0000002,8.782116
2014-09-10 17:52:51.0000001,5.883753
2014-09-10 17:52:51.0000003,9.587601
2014-09-10 17:52:51.0000002,17.512398
2014-09-10 17:52:51.0000005,10.794046
2014-09-10 17:52:51.0000004,11.634213
2009-09-28 19:21:59.0000004,4.087187
2009-09-28 19:21:59.0000005,6.187689
2009-09-28 19:21:59.0000002,5.81863
2009-09-28 19:21:59.0000008,7.536099
2009-09-28 19:21:59.0000001,5.2098475
2015-05-23 12:59:39.0000004,11.817214
2015-05-23 12:59:39.0000002,13.202314
2015-05-23 12:59:39.0000001,7.4205847
2010-02-10 12:16:03.0000001,5.4093137
2010-02-10 12:16:03.0000002,11.751294
2014-01-11 23:10:59.0000004,13.856678
2014-01-11 23:10:59.0000003,17.600443
2014-01-11 23:10:59.0000005,13.924576
2014-01-11 23:10:59.0000001,13.161985
2014-01-11 23:10:59.0000002,26.474133
2010-04-24 20:15:07.0000002,11.552848
2013-08-07 00:31:07.0000001,53.48577
2012-10-21 19:47:23.0000001,5.743768
2012-10-21 19:47:23.0000003,8.556868
2012-10-21 19:47:23.0000004,11.610245
2013-05-24 07:22:51.0000002,5.7107444
2009-09-13 20:12:31.0000002,5.425974
2009-09-13 20:12:31.0000001,5.617859
2010-10-31 08:51:59.0000002,4.9998956
2010-10-31 08:51:59.0000001,15.377753
2013-06-04 23:58:11.0000007,6.390531
2013-06-04 23:58:11.0000001,17.50529
2013-06-04 23:58:11.0000003,10.20124
2013-06-04 23:58:11.0000005,6.5297127
2013-06-04 23:58:11.0000002,26.061861
2013-06-04 23:58:11.0000004,9.412508
2013-06-04 23:58:11.0000008,31.217352
2010-03-22 22:11:31.0000001,12.492679
2010-03-22 22:11:31.0000002,6.4437
2011-01-15 12:49:59.0000002,10.926675
2011-01-15 12:49:59.0000001,11.6096735
2009-06-13 18:36:47.0000001,15.153132
2009-06-13 18:36:47.0000002,9.445073
2009-06-13 18:36:47.0000003,9.929597
2009-05-06 16:41:35.0000001,9.965425
2014-08-08 17:32:47.0000004,5.833335
2014-08-08 17:32:47.0000001,39.321323
2014-08-08 17:32:47.0000002,16.01997
2014-04-02 11:55:15.0000001,9.277935
2014-04-02 11:55:15.0000002,6.136085
2011-01-04 10:12:51.0000003,7.107356
2011-01-04 10:12:51.0000004,5.0808854
2011-01-04 10:12:51.0000001,4.993879
2011-01-04 10:12:51.0000005,4.6712976
2010-09-22 09:42:31.0000002,9.880675
2010-09-22 09:42:31.0000004,10.774078
2010-09-22 09:42:31.0000001,8.926566
2013-08-19 19:39:23.0000003,7.91249
2013-08-19 19:39:23.0000001,6.215479
2014-07-08 10:21:39.0000002,10.432397
2014-07-08 10:21:39.0000006,12.741904
2014-07-08 10:21:39.0000003,4.562749
2014-07-08 10:21:39.0000005,11.94819
2014-07-08 10:21:39.0000004,11.212524
2014-07-08 10:21:39.0000001,4.213298
2015-03-11 16:36:39.0000003,12.152618
2015-03-11 16:36:39.0000001,7.3786883
2015-03-11 16:36:39.0000002,18.27629
2015-05-29 18:59:35.0000005,41.086662
2015-05-29 18:59:35.0000004,14.235277
2015-05-29 18:59:35.0000002,8.650711
2015-05-29 18:59:35.0000001,8.251051
2011-10-26 17:48:43.0000001,5.0722556
2011-10-26 17:48:43.0000008,6.462064
2011-10-26 17:48:43.0000002,9.594897
2011-10-26 17:48:43.0000004,6.8033056
2011-10-26 17:48:43.0000003,5.1484094
2011-10-26 17:48:43.0000007,4.664723
2014-06-24 09:49:55.0000004,12.374846
2014-06-24 09:49:55.0000007,5.5263762
2014-06-24 09:49:55.0000001,5.2620125
2014-06-24 09:49:55.0000006,6.863935
2014-06-24 09:49:55.0000002,11.599858
2014-06-24 09:49:55.0000003,8.307339
2014-06-24 09:49:55.0000005,5.033771
2009-03-14 20:59:19.0000001,12.71827
2009-01-29 18:38:03.0000002,7.002511
2009-01-29 18:38:03.0000001,29.206573
2010-07-23 00:03:59.0000001,13.078879
2013-01-11 12:28:03.0000004,8.46589
2013-01-11 12:28:03.0000003,6.9554286
2013-01-11 12:28:03.0000002,5.798797
2013-01-11 12:28:03.0000005,10.692449
2013-01-11 12:28:03.0000001,8.200761
2013-02-20 02:00:23.0000001,13.950672
2013-02-20 02:00:23.0000002,6.0000052
2013-02-20 02:00:23.0000003,8.9146805
2009-11-03 19:53:27.0000004,12.478963
2009-11-03 19:53:27.0000003,6.837562
2009-12-19 21:56:15.0000002,7.0464745
2009-12-19 21:56:15.0000001,7.9948664
2014-03-22 12:24:03.0000001,36.805233
2014-03-22 12:24:03.0000002,7.2859287
2009-12-21 21:20:43.0000003,8.057443
2009-12-21 21:20:43.0000001,9.264697
2009-08-21 15:35:07.0000002,4.9726243
2009-08-21 15:35:07.0000004,47.16035
2009-08-21 15:35:07.0000003,5.7864532
2010-04-25 13:28:47.0000002,5.3325057
2010-04-25 13:28:47.0000003,24.117777
2010-11-02 18:49:59.0000001,12.081207
2010-11-02 18:49:59.0000003,5.386871
2010-11-02 18:49:59.0000002,7.99268
2011-04-02 00:27:03.0000006,9.230209
2011-04-02 00:27:03.0000002,6.03252
2011-04-02 00:27:03.0000004,5.3092504
2011-04-02 00:27:03.0000003,6.941404
2011-04-02 00:27:03.0000005,8.386291
2011-04-02 00:27:03.0000001,5.9890623
2013-12-29 12:31:55.0000001,8.238452
2013-12-29 12:31:55.0000002,11.977837
2013-12-29 12:31:55.0000003,8.566728
2012-05-02 12:02:03.0000003,8.483462
2012-05-02 12:02:03.0000002,12.589991
2012-05-02 12:02:03.0000004,6.6572323
2012-05-02 12:02:03.0000005,8.103618
2012-05-02 12:02:03.0000001,5.2825623
2009-07-21 10:36:43.0000001,4.4177213
2009-07-21 10:36:43.0000003,7.75249
2009-07-21 10:36:43.0000002,7.556585
2012-09-16 18:14:55.0000003,5.051429
2012-09-16 18:14:55.0000001,12.177587
2012-09-16 18:14:55.0000004,5.368193
2010-04-21 06:28:47.0000002,6.3660173
2009-03-02 09:30:07.0000001,7.496846
2009-03-02 09:30:07.0000002,4.446622
2010-12-18 15:32:19.0000001,6.9947987
2013-02-20 08:23:31.0000001,6.1371226
2015-02-11 20:51:51.0000006,34.767975
2015-02-11 20:51:51.0000002,9.449147
2015-02-11 20:51:51.0000003,4.965126
2015-02-11 20:51:51.0000005,5.946958
2015-02-11 20:51:51.0000007,10.252982
2015-02-11 20:51:51.0000004,7.4431915
2013-12-07 01:41:59.0000001,11.0792465
2013-12-07 01:41:59.0000003,13.531069
2014-03-04 12:06:35.0000002,8.027344
2014-03-04 12:06:35.0000004,9.261986
2014-03-04 12:06:35.0000003,12.914186
2014-03-04 12:06:35.0000001,7.122704
2013-05-21 06:52:59.0000001,13.552621
2013-05-21 06:52:59.0000004,5.9106054
2013-05-21 06:52:59.0000002,6.282244
2009-09-09 08:09:19.0000002,7.5977173
2009-09-09 08:09:19.0000001,7.9131017
2012-06-22 20:50:55.0000001,17.854063
2010-04-06 09:14:59.0000001,16.592934
2010-04-06 09:14:59.0000003,4.7557735
2010-04-06 09:14:59.0000002,29.11478
2009-04-03 07:49:39.0000002,8.2825
2009-04-03 07:49:39.0000001,6.797429
2011-08-28 16:06:43.0000001,10.496069
2010-12-19 15:52:31.0000001,12.351181
2010-12-19 15:52:31.0000002,4.681019
2010-12-19 15:52:31.0000004,4.956837
2010-12-19 15:52:31.0000003,5.3730006
2014-07-12 00:15:59.0000004,6.175747
2014-07-12 00:15:59.0000003,5.9025726
2014-07-12 00:15:59.0000002,9.207376
2009-03-31 10:27:19.0000004,9.46377
2009-03-31 10:27:19.0000002,7.572083
2009-03-31 10:27:19.0000001,17.489426
2014-07-31 10:39:39.0000002,4.6325927
2012-06-02 07:16:31.0000001,5.45689
2012-06-02 07:16:31.0000003,48.945847
2012-06-02 07:16:31.0000002,13.710583
2012-09-27 15:03:15.0000001,36.34317
2012-07-05 02:23:47.0000001,4.5522075
2013-09-14 18:28:03.0000002,21.84954
2013-09-14 18:28:03.0000003,18.985357
2009-04-22 04:26:35.0000001,14.886349
2015-02-14 09:08:11.0000003,21.534561
2012-01-19 20:26:35.0000004,4.4659047
2012-01-19 20:26:35.0000005,12.683891
2012-01-19 20:26:35.0000001,6.2375717
2015-03-13 13:04:59.0000001,11.081502
2015-03-13 13:04:59.0000002,10.115845
2015-03-13 13:04:59.0000006,10.007512
2015-03-13 13:04:59.0000004,6.191464
2015-03-13 13:04:59.0000007,15.148739
2015-03-13 13:04:59.0000003,8.809987
2015-03-13 13:04:59.0000005,6.3495083
2013-07-25 13:47:39.0000002,10.344911
2013-07-25 13:47:39.0000001,10.14784
2014-03-07 11:45:35.0000001,8.470983
2014-03-07 11:45:35.0000002,25.91997
2013-10-31 06:09:15.0000001,20.837502
2014-09-11 06:41:15.0000001,5.049708
2014-09-11 06:41:15.0000002,4.7010283
2014-09-11 06:41:15.0000004,9.059709
2014-09-11 06:41:15.0000003,12.911802
2012-06-04 09:50:39.0000005,32.267258
2012-06-04 09:50:39.0000003,5.971863
2012-06-04 09:50:39.0000001,11.545485
2012-06-04 09:50:39.0000004,9.4144125
2012-06-04 09:50:39.0000002,7.784694
2010-06-07 07:37:55.0000002,6.1539116
2010-06-07 07:37:55.0000003,4.5526457
2010-06-07 07:37:55.0000001,7.107449
2010-06-07 07:37:55.0000004,4.3964295
2015-02-25 18:00:51.0000009,5.89185
2015-02-25 18:00:51.0000006,5.385627
2015-02-25 18:00:51.0000002,26.116873
2015-02-25 18:00:51.0000003,6.6935434
2015-02-25 18:00:51.00000010,8.58231
2015-02-25 18:00:51.0000004,8.488386
2015-02-25 18:00:51.0000005,6.020153
2015-02-08 08:44:03.0000001,12.713738
2010-12-11 15:16:35.0000001,5.8841796
2010-12-11 15:16:35.0000002,4.7103057
2014-05-19 18:38:19.0000002,5.359957
2014-05-19 18:38:19.0000001,9.241879
2009-07-19 08:38:51.0000001,5.962216
2013-08-20 12:05:47.0000001,9.801815
2013-08-20 12:05:47.0000003,9.059597
2013-08-20 12:05:47.0000004,8.521059
2013-08-20 12:05:47.0000002,11.193665
2014-03-11 19:48:15.0000007,10.225307
2014-03-11 19:48:15.0000001,10.393447
2014-03-11 19:48:15.0000005,7.0272465
2014-03-11 19:48:15.0000006,11.495233
2014-03-11 19:48:15.0000004,11.175722
2014-03-11 19:48:15.0000002,17.670948
2014-03-11 19:48:15.0000003,11.237976
2013-01-09 02:05:51.0000002,6.2328353
2009-08-08 11:41:51.0000001,4.3994536
2009-08-08 11:41:51.0000004,10.414867
2009-08-08 11:41:51.0000002,6.0411725
2014-06-18 16:08:03.0000001,8.411891
2014-06-18 16:08:03.0000002,17.545628
2013-06-02 16:26:47.0000003,8.675238
2013-06-02 16:26:47.0000002,6.128418
2009-07-29 10:02:47.0000002,7.0772047
2009-07-29 10:02:47.0000001,6.7918644
2013-02-16 14:26:51.0000002,7.2889023
2012-05-11 03:48:31.0000001,5.7385535
2010-01-22 05:47:59.0000001,7.5216007
2012-11-12 11:57:03.0000002,56.14827
2012-01-04 00:06:39.0000001,6.324424
2010-12-28 20:17:27.0000002,4.5199347
2010-12-28 20:17:27.0000001,6.0371313
2010-12-28 20:17:27.0000004,5.409908
2009-03-18 08:03:07.0000002,10.863844
2009-03-18 08:03:07.0000001,4.4206057
2011-10-07 12:38:19.0000004,14.4654255
2011-10-07 12:38:19.0000003,4.4055295
2011-10-07 12:38:19.0000002,18.51375
2011-10-07 12:38:19.0000005,10.142808
2009-12-12 22:01:31.0000005,11.374848
2009-12-12 22:01:31.0000002,8.624605
2009-12-12 22:01:31.0000004,5.9106493
2009-12-12 22:01:31.0000006,4.9972706
2009-12-12 22:01:31.0000003,11.76257
2015-04-19 20:44:15.0000003,15.394327
2015-04-19 20:44:15.0000002,6.3398685
2015-04-19 20:44:15.0000004,9.773774
2012-03-23 01:36:31.0000002,6.171912
2012-03-23 01:36:31.0000001,3.8521466
2014-10-08 21:24:47.0000001,11.549971
2014-10-08 21:24:47.0000002,13.543778
2011-02-03 01:27:31.0000001,13.946354
2011-05-20 23:42:59.0000002,6.259116
2014-01-04 10:54:59.0000001,16.463573
2014-01-04 10:54:59.0000003,9.099002
2009-11-23 05:45:11.0000001,28.472675
2013-01-22 16:25:11.0000003,10.107596
2013-01-22 16:25:11.0000002,40.392494
2013-01-22 16:25:11.0000001,11.512645
2015-05-12 08:31:07.0000007,39.034786
2015-05-12 08:31:07.0000008,5.5892396
2015-05-12 08:31:07.0000001,11.213852
2015-05-12 08:31:07.0000009,9.887887
2015-05-12 08:31:07.0000005,8.352145
2015-05-12 08:31:07.0000006,7.5733476
2015-05-12 08:31:07.0000002,37.068924
2015-05-12 08:31:07.0000004,8.159167
2013-09-26 06:58:55.0000001,6.585375
2013-09-26 06:58:55.0000002,11.051467
2014-09-14 23:26:11.0000003,12.118597
2014-09-14 23:26:11.0000002,12.972504
2009-08-26 08:06:15.0000002,12.475365
2009-08-26 08:06:15.0000003,35.140068
2009-08-26 08:06:15.0000001,7.1419735
2014-10-13 06:14:51.0000001,7.02356
2013-02-02 16:07:55.0000002,11.388345
2013-02-02 16:07:55.0000001,6.4582176
2013-02-02 16:07:55.0000003,7.1814156
2014-04-05 01:52:27.0000005,5.4179773
2014-04-05 01:52:27.0000001,23.409357
2010-02-23 20:29:51.0000002,6.5629306
2010-02-23 20:29:51.0000003,7.024576
2011-01-25 00:01:03.0000002,7.0966597
2011-01-25 00:01:03.0000001,9.760563
2013-11-01 13:07:47.0000002,9.964599
2013-11-01 13:07:47.0000001,8.420817
2013-11-01 13:07:47.0000005,9.908133
2013-11-01 13:07:47.0000004,10.7600355
2015-03-07 15:25:59.0000004,5.8006372
2015-03-07 15:25:59.0000002,21.963322
2015-03-07 15:25:59.0000001,10.722936
2013-10-06 21:05:11.0000002,28.27303
2013-10-06 21:05:11.0000001,11.514133
2009-04-16 15:57:31.0000002,7.9995823
2012-02-21 20:45:03.0000002,6.82189
2012-02-21 20:45:03.0000001,8.652131
2010-01-10 12:55:43.0000002,8.066408
2015-01-31 01:05:19.0000004,19.975388
2015-01-31 01:05:19.0000007,25.532848
2015-01-31 01:05:19.0000006,8.007048
2015-01-31 01:05:19.0000001,10.016124
2015-01-31 01:05:19.0000003,5.3326044
2015-01-31 01:05:19.0000002,16.121073
2011-10-23 17:43:43.0000001,5.6638403
2015-03-16 21:12:19.0000003,24.864172
2015-03-16 21:12:19.0000004,7.6449256
2015-03-16 21:12:19.0000005,11.842259
2015-03-16 21:12:19.0000008,15.870949
2015-03-16 21:12:19.0000001,13.571674
2012-09-29 20:16:51.0000001,8.161789
2012-09-29 20:16:51.0000002,24.695
2012-09-29 20:16:51.0000003,6.783756
2012-09-29 20:16:51.0000005,11.957474
2009-08-03 16:28:07.0000001,4.3953032
2009-08-03 16:28:07.0000003,5.8476706
2009-08-03 16:28:07.0000004,7.0770025
2009-08-03 16:28:07.0000002,14.706913
2009-07-30 15:49:15.0000003,8.918857
2009-07-30 15:49:15.0000001,8.113737
2009-07-30 15:49:15.0000005,6.9301844
2015-01-18 14:06:23.0000005,17.852869
2015-01-18 14:06:23.0000002,21.224659
2015-03-02 14:08:03.0000002,4.901368
2015-03-02 14:08:03.0000001,9.284303
2009-09-07 19:35:39.0000003,7.5857835
2009-09-07 19:35:39.0000002,8.661483
2014-07-01 15:15:23.0000004,9.632474
2014-07-01 15:15:23.0000002,18.126492
2014-07-01 15:15:23.0000005,16.68968
2014-07-01 15:15:23.0000006,5.2569494
2014-07-01 15:15:23.0000001,31.454597
2013-04-18 02:55:07.0000001,19.159576
2010-02-10 16:57:19.0000001,8.609642
2013-02-15 18:45:39.0000001,11.377422
2011-06-22 01:50:11.0000001,17.172756
2014-05-06 23:54:59.0000002,15.375489
2014-05-06 23:54:59.0000004,4.7628956
2014-05-06 23:54:59.0000003,4.048777
2014-05-06 23:54:59.0000001,12.546094
2012-04-23 21:05:31.0000003,22.29977
2012-04-23 21:05:31.0000004,9.771361
2012-04-23 21:05:31.0000002,8.868868
2012-04-23 21:05:31.0000006,4.878291
2012-04-23 21:05:31.0000001,39.45847
2012-04-23 21:05:31.0000005,6.26453
2009-03-20 07:29:39.0000003,5.548181
2009-03-20 07:29:39.0000001,12.8377695
2009-03-20 07:29:39.0000002,6.8323274
2014-06-25 15:08:19.0000001,7.3896646
2014-06-25 15:08:19.0000002,7.1440196
2011-06-09 14:51:15.0000003,8.304107
2011-06-09 14:51:15.0000004,7.083347
2011-06-09 14:51:15.0000001,8.1048
2011-06-09 14:51:15.0000002,10.037563
2015-01-27 13:08:24.0000001,5.860506
2011-07-24 14:52:56.0000001,9.297789
2011-10-08 11:53:44.0000001,14.566129
2012-12-01 21:12:12.0000004,4.9925146
2013-11-22 15:43:12.0000001,4.70859
2012-07-15 16:45:04.0000005,5.9213448
2012-07-15 16:45:04.0000001,6.66189
2014-06-14 13:39:00.00000014,12.084991
2014-06-14 13:39:00.000000113,9.70275
2014-06-14 13:39:00.0000006,7.675934
2014-06-14 13:39:00.000000139,9.605436
2014-06-14 13:39:00.0000004,6.404917
2014-06-14 13:39:00.000000171,10.971762
2014-06-14 13:39:00.00000011,14.270511
2014-06-14 13:39:00.00000064,5.6828227
2014-06-14 13:39:00.00000090,7.9438276
2014-06-14 13:39:00.00000041,6.4816084
2014-06-14 13:39:00.00000081,4.498634
2014-06-14 13:39:00.000000164,10.499247
2014-06-14 13:39:00.00000080,16.29412
2014-06-14 13:39:00.00000026,33.91946
2014-06-14 13:39:00.00000058,9.574131
2014-06-14 13:39:00.000000150,14.699286
2014-06-14 13:39:00.00000030,6.960282
2014-06-14 13:39:00.00000091,5.2203603
2014-06-14 13:39:00.000000175,7.27717
2014-06-14 13:39:00.000000101,19.411137
2014-06-14 13:39:00.00000085,8.4389
2014-06-14 13:39:00.000000105,7.891769
2014-06-14 13:39:00.00000069,7.157757
2014-06-14 13:39:00.000000149,90.56346
2010-08-22 21:14:08.0000004,4.0497413
2011-06-24 20:34:48.0000003,8.869593
2011-06-24 20:34:48.0000004,5.791036
2011-03-28 20:38:36.0000001,9.162807
2009-10-21 02:11:24.0000001,13.341829
2011-05-21 13:16:20.0000002,9.595906
2015-01-31 20:54:04.0000003,7.8561687
2010-05-10 10:37:04.0000001,7.7266264
2010-03-20 21:35:20.0000001,11.177991
2010-03-20 21:35:20.0000002,7.455314
2012-08-22 22:39:20.0000004,5.4726753
2012-08-22 22:39:20.0000002,9.386212
2012-12-23 02:29:16.0000002,19.734472
2011-10-02 23:36:00.00000031,5.6765795
2011-10-02 23:36:00.00000070,8.071558
2011-10-02 23:36:00.00000068,11.787231
2011-10-02 23:36:00.00000034,14.91587
2011-10-02 23:36:00.00000042,8.85653
2011-10-02 23:36:00.00000032,8.395408
2011-10-02 23:36:00.00000028,4.926664
2011-10-02 23:36:00.00000078,4.6516356
2011-10-02 23:36:00.00000027,7.649656
2011-10-02 23:36:00.00000018,4.8865356
2011-10-02 23:36:00.00000061,9.20813
2011-10-02 23:36:00.00000045,4.543584
2011-10-02 23:36:00.00000016,5.0918584
2011-10-02 23:36:00.00000052,7.9444833
2011-10-02 23:36:00.00000098,7.4917912
2011-10-02 23:36:00.00000048,8.606934
2013-03-21 12:47:28.0000004,8.150374
2013-03-21 12:47:28.0000007,4.959645
2010-09-05 22:31:32.0000001,8.751812
2013-07-12 23:33:24.0000003,15.696222
2015-06-08 20:02:56.0000002,14.892979
2011-10-11 22:13:48.0000001,10.292571
2011-10-11 22:13:48.0000004,4.9954677
2013-09-14 16:53:20.0000004,10.123884
2013-09-14 16:53:20.0000003,20.150568
2014-02-06 09:09:56.0000002,10.639807
2009-06-10 16:55:00.00000028,6.6782513
2009-06-10 16:55:00.00000020,10.783029
2009-06-10 16:55:00.0000001,6.009431
2009-06-10 16:55:00.000000133,7.9646263
2009-06-10 16:55:00.00000026,6.5111604
2009-06-10 16:55:00.000000142,17.411871
2009-06-10 16:55:00.00000038,6.800621
2009-06-10 16:55:00.00000042,10.271284
2009-06-10 16:55:00.000000112,6.5324645
2009-06-10 16:55:00.00000096,6.5389285
2009-06-10 16:55:00.00000050,8.045944
2009-06-10 16:55:00.00000092,10.678854
2009-06-10 16:55:00.000000167,6.9708548
2009-06-10 16:55:00.000000110,5.304576
2009-06-10 16:55:00.00000015,13.461229
2009-06-10 16:55:00.000000104,27.05635
2009-06-10 16:55:00.00000019,46.624508
2009-06-10 16:55:00.000000168,4.7227173
2009-06-10 16:55:00.00000059,8.024028
2009-06-10 16:55:00.000000136,8.708431
2009-06-10 16:55:00.00000087,32.38417
2009-06-10 16:55:00.000000134,5.279183
2009-06-10 16:55:00.00000032,7.0395603
2013-06-26 11:19:36.0000001,7.7066317
2009-05-02 20:11:32.0000002,4.571653
2009-05-02 20:11:32.0000003,11.724808
2011-06-24 12:03:00.00000031,8.407136
2011-06-24 12:03:00.00000064,6.0658765
2011-06-24 12:03:00.000000153,15.02382
2011-06-24 12:03:00.00000014,6.8845315
2011-06-24 12:03:00.000000192,29.012722
2011-06-24 12:03:00.000000121,6.774137
2011-06-24 12:03:00.000000140,5.5791216
2011-06-24 12:03:00.000000155,4.647644
2011-06-24 12:03:00.00000016,5.0095067
2011-06-24 12:03:00.00000084,5.5028224
2011-06-24 12:03:00.00000080,4.211676
2011-06-24 12:03:00.000000123,4.9023776
2011-06-24 12:03:00.000000125,6.601275
2011-06-24 12:03:00.00000032,10.051103
2011-06-24 12:03:00.000000178,14.646043
2011-06-24 12:03:00.00000090,11.445741
2011-06-24 12:03:00.000000166,40.159317
2011-06-24 12:03:00.000000108,5.776756
2011-06-24 12:03:00.00000098,9.931871
2011-06-24 12:03:00.000000104,29.787119
2011-06-24 12:03:00.00000027,12.721154
2011-06-24 12:03:00.000000151,13.254587
2011-06-24 12:03:00.00000099,13.446424
2011-06-24 12:03:00.00000077,23.100449
2011-06-24 12:03:00.00000019,9.827333
2011-06-24 12:03:00.00000091,7.6696773
2011-06-24 12:03:00.000000132,11.727534
2011-06-24 12:03:00.000000161,7.428433
2011-06-24 12:03:00.00000024,5.449087
2011-06-24 12:03:00.00000034,7.786484
2011-06-24 12:03:00.00000050,17.16365
2011-06-24 12:03:00.00000023,45.2267
2011-06-24 12:03:00.00000049,8.190755
2011-06-24 12:03:00.000000115,12.535698
2011-06-24 12:03:00.0000008,6.2414913
2014-06-15 07:06:00.00000021,18.724821
2014-06-15 07:06:00.00000032,7.6374073
2014-06-15 07:06:00.00000029,5.1658626
2014-06-15 07:06:00.00000043,33.47593
2014-06-15 07:06:00.0000007,5.246322
2014-06-15 07:06:00.00000038,14.163354
2014-06-15 07:06:00.00000020,6.5463824
2014-06-15 07:06:00.00000027,56.479633
2012-08-09 01:30:36.0000001,11.783559
2015-05-30 21:29:04.0000002,12.92805
2015-05-30 21:29:04.0000005,10.428996
2009-10-26 12:01:36.0000004,29.188768
2013-02-02 15:45:08.0000004,7.7838054
2010-12-14 23:27:36.0000003,4.9156127
2010-12-14 23:27:36.0000004,4.90504
2010-12-14 23:27:36.0000002,9.122331
2014-04-14 13:48:32.0000001,36.429703
2014-04-14 13:48:32.0000002,9.326487
2014-08-07 16:57:56.0000001,9.362188
2009-09-14 02:19:00.00000022,8.465846
2009-09-14 02:19:00.00000010,10.460983
2009-09-14 02:19:00.0000004,4.950797
2009-09-14 02:19:00.00000011,4.534387
2009-09-14 02:19:00.00000023,9.409512
2009-09-14 02:19:00.00000041,5.158194
2009-09-14 02:19:00.00000013,10.447005
2014-03-17 16:07:56.0000001,9.111385
2011-06-12 11:31:48.0000003,5.46739
2011-06-12 11:31:48.0000001,7.598018
2011-06-12 11:31:48.0000002,12.862146
2015-06-24 14:19:52.0000003,12.599019
2010-08-21 22:21:32.0000003,7.3370333
2012-01-26 11:17:36.0000001,5.4076047
2015-02-27 14:15:52.0000001,12.881297
2015-02-27 14:15:52.0000002,11.962809
2014-09-14 17:22:12.0000004,10.630181
2009-01-02 17:45:40.0000004,30.992136
2009-01-02 17:45:40.0000001,6.590722
2009-01-02 17:45:40.0000002,8.08487
2009-01-02 17:45:40.0000003,5.683612
2009-01-01 11:04:24.0000003,11.27982
2009-01-01 11:04:24.0000001,6.5862427
2014-04-28 19:46:36.0000001,5.820625
2011-06-01 07:37:00.000000192,19.532001
2011-06-01 07:37:00.000000115,12.43845
2011-06-01 07:37:00.00000089,7.479789
2011-06-01 07:37:00.00000087,7.324791
2011-06-01 07:37:00.000000173,5.158261
2011-06-01 07:37:00.000000166,8.84657
2011-06-01 07:37:00.00000081,5.7134295
2011-06-01 07:37:00.00000041,5.1041174
2011-06-01 07:37:00.000000102,4.5844383
2011-06-01 07:37:00.000000215,14.874281
2011-06-01 07:37:00.0000006,26.166986
2011-06-01 07:37:00.000000161,6.1340857
2011-06-01 07:37:00.000000123,5.0132966
2011-06-01 07:37:00.000000117,8.325617
2011-06-01 07:37:00.0000004,18.002954
2011-06-01 07:37:00.000000133,8.134793
2011-06-01 07:37:00.000000160,6.4596367
2011-06-01 07:37:00.000000136,15.131796
2011-06-01 07:37:00.000000214,9.637598
2011-06-01 07:37:00.00000047,10.175714
2011-06-01 07:37:00.0000001,6.1997747
2011-06-01 07:37:00.00000096,5.060474
2011-06-01 07:37:00.000000150,19.291597
2011-06-01 07:37:00.00000072,14.691069
2011-06-01 07:37:00.00000064,6.389661
2010-08-27 18:45:00.00000048,15.832113
2010-08-27 18:45:00.000000210,13.84252
2010-08-27 18:45:00.000000159,4.7099566
2010-08-27 18:45:00.00000083,10.4387
2010-08-27 18:45:00.000000145,5.1050806
2010-08-27 18:45:00.00000096,27.55248
2010-08-27 18:45:00.00000036,5.3218637
2010-08-27 18:45:00.00000088,8.729723
2010-08-27 18:45:00.000000116,11.082545
2010-08-27 18:45:00.000000193,7.2589164
2010-08-27 18:45:00.000000121,5.127652
2010-08-27 18:45:00.00000074,15.029743
2010-08-27 18:45:00.00000075,8.51559
2010-08-27 18:45:00.000000130,13.914446
2010-08-27 18:45:00.000000224,6.470891
2010-08-27 18:45:00.00000072,5.321491
2010-08-27 18:45:00.000000128,9.472299
2010-08-27 18:45:00.000000163,10.437661
2010-08-27 18:45:00.000000171,8.251196
2010-08-27 18:45:00.000000157,11.115012
2010-08-27 18:45:00.000000147,7.366924
2010-08-27 18:45:00.000000119,4.4673915
2010-08-27 18:45:00.000000111,6.589985
2010-08-27 18:45:00.00000015,18.593464
2010-08-27 18:45:00.00000062,5.7089972
2010-08-27 18:45:00.000000127,6.2868085
2010-08-27 18:45:00.000000223,3.842132
2010-08-27 18:45:00.000000112,8.480659
2010-08-27 18:45:00.000000201,16.265348
2010-08-27 18:45:00.000000135,12.744921
2010-08-27 18:45:00.00000092,7.607322
2010-08-27 18:45:00.00000056,4.8490787
2010-08-27 18:45:00.000000105,9.97678
2010-08-27 18:45:00.000000222,5.5119815
2010-08-27 18:45:00.00000023,7.7227564
2011-02-12 00:43:24.0000002,6.4925656
2014-05-07 06:50:20.0000004,7.5647845
2010-08-14 02:13:00.000000131,10.322892
2010-08-14 02:13:00.00000097,7.5406117
2010-08-14 02:13:00.00000086,4.6820087
2010-08-14 02:13:00.00000051,7.2083273
2010-08-14 02:13:00.000000128,5.041731
2010-08-14 02:13:00.00000074,7.5789075
2010-08-14 02:13:00.000000169,5.147844
2010-08-14 02:13:00.000000127,8.933204
2010-08-14 02:13:00.00000036,6.0983334
2010-08-14 02:13:00.00000068,27.646536
2010-08-14 02:13:00.00000042,20.902884
2010-08-14 02:13:00.000000115,19.607342
2010-08-14 02:13:00.00000029,5.7186694
2010-08-14 02:13:00.0000003,58.506332
2010-08-14 02:13:00.00000037,17.563345
2010-08-14 02:13:00.000000121,4.3214293
2010-08-14 02:13:00.00000031,4.9712043
2010-08-14 02:13:00.00000094,13.291406
2010-08-14 02:13:00.000000136,14.824574
2010-08-14 02:13:00.00000018,7.932675
2010-08-14 02:13:00.000000125,7.7709684
2010-08-14 02:13:00.00000041,17.26166
2010-08-14 02:13:00.000000163,17.238901
2010-08-14 02:13:00.000000126,7.8855615
2010-08-14 02:13:00.0000008,10.627058
2010-08-14 02:13:00.00000057,5.992931
2010-08-14 02:13:00.00000050,15.737083
2010-08-14 02:13:00.000000152,5.6439147
2014-03-25 23:47:00.00000083,5.9540496
2014-03-25 23:47:00.000000139,5.247762
2014-03-25 23:47:00.000000122,19.624407
2014-03-25 23:47:00.00000093,6.754845
2014-03-25 23:47:00.00000039,10.107915
2014-03-25 23:47:00.000000119,7.380222
2014-03-25 23:47:00.00000067,14.158904
2014-03-25 23:47:00.00000034,10.04853
2014-03-25 23:47:00.00000040,13.499791
2014-03-25 23:47:00.000000137,11.606158
2014-03-25 23:47:00.00000076,22.649742
2014-03-25 23:47:00.00000057,9.277022
2014-03-25 23:47:00.000000104,9.169754
2014-03-25 23:47:00.00000069,5.1196485
2015-06-05 08:38:56.0000008,22.290983
2010-08-06 20:27:12.0000003,7.241681
2012-08-03 12:33:08.0000001,5.8965697
2010-09-29 16:43:00.00000088,10.276198
2010-09-29 16:43:00.00000034,11.519517
2010-09-29 16:43:00.00000069,12.885274
2010-09-29 16:43:00.000000172,8.811796
2010-09-29 16:43:00.000000152,6.8169436
2010-09-29 16:43:00.00000084,7.784506
2010-09-29 16:43:00.000000136,7.192462
2010-09-29 16:43:00.000000126,10.398772
2010-09-29 16:43:00.000000171,5.9102287
2010-09-29 16:43:00.000000139,6.791225
2010-09-29 16:43:00.0000002,6.1031632
2010-09-29 16:43:00.00000070,8.709414
2010-09-29 16:43:00.00000045,5.4822507
2010-09-29 16:43:00.0000009,9.640597
2010-09-29 16:43:00.00000057,12.44772
2010-09-29 16:43:00.000000118,7.0857654
2010-09-29 16:43:00.00000042,11.544086
2010-09-29 16:43:00.000000130,8.062658
2010-09-29 16:43:00.00000039,7.225897
2010-09-29 16:43:00.00000032,8.006299
2014-10-27 14:58:00.000000101,10.177759
2014-10-27 14:58:00.00000023,11.123094
2014-10-27 14:58:00.0000006,11.425581
2014-10-27 14:58:00.000000113,6.623892
2014-10-27 14:58:00.000000143,5.087153
2014-10-27 14:58:00.00000090,6.5355167
2014-10-27 14:58:00.000000104,20.421871
2014-10-27 14:58:00.000000148,41.71481
2014-10-27 14:58:00.00000060,7.3523173
2014-10-27 14:58:00.000000129,23.4554
2014-10-27 14:58:00.00000012,18.455482
2014-10-27 14:58:00.00000035,17.206913
2014-10-27 14:58:00.00000036,10.233668
2014-10-27 14:58:00.000000150,9.470178
2014-10-27 14:58:00.00000050,6.4796996
2014-10-27 14:58:00.000000103,8.542016
2014-10-27 14:58:00.00000067,6.4796
2014-10-27 14:58:00.00000066,6.160187
2009-10-08 23:44:56.0000003,8.142382
2012-11-03 17:11:00.00000064,14.945002
2012-11-03 17:11:00.00000074,6.1110363
2012-11-03 17:11:00.000000132,54.85103
2012-11-03 17:11:00.00000031,8.21484
2012-11-03 17:11:00.00000028,9.30846
2012-11-03 17:11:00.000000102,8.918817
2012-11-03 17:11:00.00000067,8.851394
2012-11-03 17:11:00.000000162,8.292331
2012-11-03 17:11:00.00000054,14.0521555
2012-11-03 17:11:00.00000046,6.375508
2012-11-03 17:11:00.000000113,30.848171
2012-11-03 17:11:00.00000093,6.775843
2012-11-03 17:11:00.00000032,7.1200047
2012-11-03 17:11:00.00000052,18.982021
2012-11-03 17:11:00.000000147,8.956313
2012-11-03 17:11:00.000000125,9.252199
2012-11-03 17:11:00.00000086,6.3940682
2012-11-03 17:11:00.0000009,8.1312475
2012-11-03 17:11:00.000000136,7.5357175
2012-11-03 17:11:00.00000077,9.099664
2012-11-03 17:11:00.00000099,17.130558
2012-11-03 17:11:00.00000096,10.096805
2012-11-03 17:11:00.000000161,7.817799
2012-11-03 17:11:00.000000124,10.874412
2012-11-03 17:11:00.00000016,20.28098
2012-11-03 17:11:00.00000058,4.653111
2012-11-03 17:11:00.00000083,10.312908
2012-11-03 17:11:00.00000082,8.378704
2012-11-03 17:11:00.00000075,31.030281
2012-11-03 17:11:00.00000061,12.733715
2012-11-03 17:11:00.00000012,7.859475
2012-11-03 17:11:00.00000057,4.4299746
2012-11-03 17:11:00.00000037,6.1251025
2012-11-03 17:11:00.000000106,7.7997813
2009-05-07 13:58:32.0000002,29.929466
2011-05-28 17:29:44.0000001,49.13001
2011-05-28 17:29:44.0000004,32.35586
2011-12-25 21:26:32.0000002,6.1349397
2009-05-06 01:49:12.0000002,13.997581
2009-05-06 01:49:12.0000004,5.379466
2011-03-11 01:44:00.00000030,8.149035
2011-03-11 01:44:00.00000027,37.448215
2011-03-11 01:44:00.0000009,7.321808
2011-03-11 01:44:00.00000047,31.521442
2011-03-11 01:44:00.00000092,4.3038173
2011-03-11 01:44:00.0000006,11.569679
2011-03-11 01:44:00.00000056,16.041557
2011-03-11 01:44:00.00000081,10.462492
2011-03-11 01:44:00.00000039,6.99203
2011-03-11 01:44:00.00000077,21.48093
2011-03-11 01:44:00.00000059,13.445644
2011-03-11 01:44:00.00000028,6.4381075
2011-03-11 01:44:00.00000036,11.86287
2011-03-11 01:44:00.00000038,21.26842
2011-03-11 01:44:00.00000065,16.870153
2011-03-11 01:44:00.0000003,7.725191
2013-01-27 00:09:12.0000003,7.4331274
2012-01-07 11:21:56.0000003,4.0904055
2012-01-07 11:21:56.0000001,6.8667254
2012-10-31 12:17:24.0000002,13.183134
2012-10-20 02:05:08.0000003,7.2780256
2014-10-11 15:11:24.0000003,5.260453
2009-08-17 12:27:08.0000002,9.812507
2014-04-09 09:23:12.0000004,13.180531
2009-11-25 19:32:52.0000004,5.4890532
2014-05-30 00:09:16.0000007,6.1110635
2014-05-30 00:09:16.0000006,18.35028
2013-01-07 17:08:32.0000002,10.253205
2013-02-18 17:37:28.0000001,5.9621763
2011-10-04 09:37:00.00000038,13.448876
2011-10-04 09:37:00.00000095,10.447527
2011-10-04 09:37:00.00000015,8.655736
2011-10-04 09:37:00.00000022,30.392963
2011-10-04 09:37:00.00000052,11.28992
2011-10-04 09:37:00.000000141,11.194845
2011-10-04 09:37:00.000000179,14.22215
2011-10-04 09:37:00.000000148,7.1328263
2011-10-04 09:37:00.00000014,7.355979
2011-10-04 09:37:00.00000085,5.7061877
2011-10-04 09:37:00.000000162,12.742382
2011-10-04 09:37:00.00000034,30.871294
2011-10-04 09:37:00.00000037,15.711208
2011-10-04 09:37:00.000000111,13.57547
2011-10-04 09:37:00.00000061,4.221104
2011-10-04 09:37:00.000000199,7.8539395
2011-10-04 09:37:00.000000158,20.238947
2011-10-04 09:37:00.000000149,8.058382
2011-10-04 09:37:00.00000069,19.474314
2011-10-04 09:37:00.00000077,10.64511
2011-10-04 09:37:00.000000165,16.252155
2011-10-04 09:37:00.00000044,11.715812
2011-10-04 09:37:00.000000191,12.203016
2011-10-04 09:37:00.000000164,5.3381557
2011-10-04 09:37:00.000000135,5.426017
2011-10-04 09:37:00.000000190,13.750734
2011-10-04 09:37:00.000000163,16.79001
2011-10-04 09:37:00.00000054,25.916868
2011-10-04 09:37:00.000000177,9.901433
2011-10-04 09:37:00.00000064,6.015343
2011-10-04 09:37:00.0000003,11.689376
2011-10-04 09:37:00.000000196,28.022871
2011-10-04 09:37:00.000000155,6.64104
2012-10-23 14:15:04.0000002,11.341874
2012-10-18 21:06:20.0000009,9.154974
2012-10-18 21:06:20.0000007,11.054531
2014-12-24 03:00:00.00000016,16.655384
2014-12-24 03:00:00.00000025,9.03852
2014-12-24 03:00:00.00000029,7.6725607
2014-12-24 03:00:00.00000040,11.2027235
2014-12-24 03:00:00.0000007,4.8970966
2014-12-24 03:00:00.00000019,6.22614
2014-12-24 03:00:00.00000039,5.358104
2010-10-07 10:54:20.0000003,48.554226
2011-02-21 20:11:08.0000006,9.51628
2009-10-04 22:54:56.0000002,11.029624
2015-04-11 20:31:32.00000011,6.9964724
2015-04-11 20:31:32.0000005,13.469749
2011-02-20 12:31:04.0000002,6.7394776
2013-01-01 22:04:56.0000002,9.623109
2013-01-01 22:04:56.0000003,8.846625
2013-04-23 17:52:44.0000003,56.69967
2010-01-01 13:19:40.0000004,12.352889
2010-03-06 23:51:08.0000003,12.427304
2014-04-27 02:57:00.000000155,11.772371
2014-04-27 02:57:00.00000072,10.550842
2014-04-27 02:57:00.00000043,8.255138
2014-04-27 02:57:00.00000073,14.970243
2014-04-27 02:57:00.00000013,16.14329
2014-04-27 02:57:00.000000191,6.6590767
2014-04-27 02:57:00.000000171,18.07069
2014-04-27 02:57:00.000000162,19.810322
2014-04-27 02:57:00.00000082,14.076272
2014-04-27 02:57:00.00000023,7.065578
2014-04-27 02:57:00.000000137,7.6915054
2014-04-27 02:57:00.00000057,17.391655
2014-04-27 02:57:00.000000174,5.822029
2014-04-27 02:57:00.00000012,4.957526
2014-04-27 02:57:00.000000158,5.0318947
2014-04-27 02:57:00.000000138,33.99225
2014-04-27 02:57:00.000000172,10.888412
2014-04-27 02:57:00.000000195,10.996417
2014-04-27 02:57:00.000000131,6.6907096
2014-04-27 02:57:00.000000140,14.352162
2014-04-27 02:57:00.000000154,5.1084714
2014-04-27 02:57:00.00000036,6.778774
2014-04-27 02:57:00.000000153,10.291786
2014-04-27 02:57:00.000000164,7.126582
2014-04-27 02:57:00.00000031,7.666349
2014-04-27 02:57:00.000000116,27.608744
2014-04-27 02:57:00.000000187,8.986004
2011-01-18 10:26:40.0000001,12.841305
2011-12-13 22:00:00.000000185,11.468438
2011-12-13 22:00:00.000000117,31.67064
2011-12-13 22:00:00.00000037,12.663418
2011-12-13 22:00:00.000000171,7.211999
2011-12-13 22:00:00.000000194,12.548731
2011-12-13 22:00:00.000000237,5.391218
2011-12-13 22:00:00.000000160,7.3162785
2011-12-13 22:00:00.000000145,4.878632
2011-12-13 22:00:00.00000035,10.021928
2011-12-13 22:00:00.00000081,5.1376057
2011-12-13 22:00:00.00000015,7.6300793
2011-12-13 22:00:00.000000118,8.5645485
2011-12-13 22:00:00.000000140,8.831242
2011-12-13 22:00:00.00000092,20.866634
2011-12-13 22:00:00.00000047,6.2150335
2011-12-13 22:00:00.000000119,7.0506525
2011-12-13 22:00:00.00000077,5.284884
2011-12-13 22:00:00.00000096,8.02365
2011-12-13 22:00:00.000000152,17.200937
2011-12-13 22:00:00.000000198,9.455239
2011-12-13 22:00:00.00000043,6.8222036
2011-12-13 22:00:00.000000115,5.058827
2011-12-13 22:00:00.000000236,4.086758
2011-12-13 22:00:00.000000200,5.8195295
2011-12-13 22:00:00.0000001,18.78583
2011-12-13 22:00:00.000000251,6.936648
2011-12-13 22:00:00.00000049,6.4617605
2011-12-13 22:00:00.00000034,9.180019
2011-12-13 22:00:00.000000262,5.5303445
2011-12-13 22:00:00.00000018,22.174675
2011-12-13 22:00:00.000000108,5.334829
2011-12-13 22:00:00.00000084,6.26871
2014-05-13 07:33:52.0000005,6.4990506
2011-06-30 09:37:08.0000001,9.058229
2009-01-28 16:36:28.0000004,10.687327
2010-07-21 22:06:12.0000004,13.923158
2013-05-24 13:37:32.0000003,13.216485
2013-05-24 13:37:32.0000002,6.296143
2014-03-05 21:07:12.0000002,4.973918
2014-03-05 21:07:12.0000005,5.53716
2009-11-28 15:07:24.0000002,7.4382405
2010-07-31 15:47:28.0000002,12.845354
2013-11-22 15:36:36.0000001,12.869008
2011-06-26 18:48:08.0000003,8.293089
2011-10-17 18:49:20.0000001,12.159714
2011-10-17 18:49:20.0000004,7.377179
2014-07-21 18:19:00.00000053,8.727821
2014-07-21 18:19:00.00000085,9.331707
2014-07-21 18:19:00.000000175,6.7728367
2014-07-21 18:19:00.00000076,11.462175
2014-07-21 18:19:00.000000147,12.3879
2014-07-21 18:19:00.0000001,18.453102
2014-07-21 18:19:00.0000007,7.8018975
2014-07-21 18:19:00.000000234,10.473292
2014-07-21 18:19:00.000000188,8.802337
2014-07-21 18:19:00.00000024,10.003935
2014-07-21 18:19:00.000000158,5.2534375
2014-07-21 18:19:00.00000093,12.550764
2014-07-21 18:19:00.00000081,7.6505656
2014-07-21 18:19:00.000000206,7.0805435
2014-07-21 18:19:00.00000095,26.623465
2014-07-21 18:19:00.000000164,4.136336
2014-07-21 18:19:00.00000062,6.9586816
2014-07-21 18:19:00.000000140,11.860718
2014-07-21 18:19:00.000000155,13.584207
2014-07-21 18:19:00.000000170,10.131866
2014-07-21 18:19:00.000000238,21.806541
2014-07-21 18:19:00.000000207,10.400207
2014-07-21 18:19:00.00000016,14.8319435
2014-07-21 18:19:00.000000237,14.177458
2014-07-21 18:19:00.00000045,6.063098
2014-07-21 18:19:00.000000110,5.5245986
2014-07-21 18:19:00.000000157,6.705719
2014-07-21 18:19:00.000000236,11.499604
2014-07-21 18:19:00.000000151,7.6275115
2014-07-21 18:19:00.000000192,5.5040483
2014-07-21 18:19:00.00000086,6.2864532
2014-07-21 18:19:00.00000040,7.15838
2014-07-21 18:19:00.000000209,5.1685405
2014-07-21 18:19:00.000000138,12.5529585
2014-07-21 18:19:00.000000131,11.487228
2014-07-21 18:19:00.000000243,9.321273
2014-07-21 18:19:00.000000199,15.223151
2014-07-21 18:19:00.00000041,12.983028
2014-07-21 18:19:00.000000180,13.280623
2014-07-21 18:19:00.00000052,8.159279
2014-07-21 18:19:00.00000084,7.5248694
2011-06-13 09:55:04.0000006,9.028093
2011-06-13 09:55:04.0000002,26.511467
2014-12-27 22:31:56.0000001,11.088069
2014-12-27 22:31:56.0000003,28.658836
2010-09-20 16:48:00.00000050,9.760969
2010-09-20 16:48:00.00000055,8.432803
2010-09-20 16:48:00.000000154,9.563862
2010-09-20 16:48:00.000000106,14.789713
2010-09-20 16:48:00.000000163,17.600039
2010-09-20 16:48:00.000000121,41.225487
2010-09-20 16:48:00.000000111,44.427383
2010-09-20 16:48:00.000000124,10.070413
2010-09-20 16:48:00.000000143,6.418828
2010-09-20 16:48:00.000000131,8.735513
2010-09-20 16:48:00.000000137,30.39613
2010-09-20 16:48:00.000000142,7.2479386
2010-09-20 16:48:00.00000036,8.3962755
2010-09-20 16:48:00.0000007,14.4784
2010-09-20 16:48:00.000000112,11.1504135
2010-09-20 16:48:00.000000104,9.752996
2010-09-20 16:48:00.00000056,15.564382
2010-09-20 16:48:00.000000114,8.652466
2010-09-20 16:48:00.000000152,5.975341
2010-09-20 16:48:00.00000072,24.493603
2010-09-20 16:48:00.0000004,10.581379
2010-09-20 16:48:00.00000058,16.884493
2010-09-20 16:48:00.00000081,9.2960005
2010-09-20 16:48:00.000000116,7.380879
2010-09-20 16:48:00.00000040,12.445724
2010-09-20 16:48:00.00000019,13.280252
2010-09-20 16:48:00.000000134,10.240785
2010-09-20 16:48:00.00000084,45.458736
2010-09-20 16:48:00.00000016,10.1460495
2010-09-20 16:48:00.000000103,6.9908276
2012-08-20 14:47:36.0000001,7.1458387
2011-12-01 01:36:08.0000001,4.084077
2014-03-29 14:59:28.0000001,10.406053
2014-08-18 01:19:48.0000001,9.315374
2012-04-30 20:04:20.0000001,4.412471
2013-07-13 18:28:20.0000003,55.87561
2014-10-07 19:04:08.0000003,6.078024
2014-10-07 19:04:08.0000001,7.3749027
2013-08-21 09:32:24.0000001,5.256429
2015-01-26 07:13:44.0000001,36.871853
2011-03-06 21:01:00.0000003,11.114046
2011-03-06 21:01:00.000000155,4.4864144
2011-03-06 21:01:00.000000164,5.43412
2011-03-06 21:01:00.000000131,8.035521
2011-03-06 21:01:00.00000091,8.051786
2011-03-06 21:01:00.000000144,14.9833355
2011-03-06 21:01:00.000000132,5.4074306
2011-03-06 21:01:00.000000134,5.1972327
2011-03-06 21:01:00.000000110,3.763931
2011-03-06 21:01:00.00000058,4.8602953
2011-03-06 21:01:00.00000081,32.167667
2011-03-06 21:01:00.00000048,16.687803
2011-03-06 21:01:00.00000079,7.189441
2011-03-06 21:01:00.000000142,12.678892
2011-03-06 21:01:00.00000090,9.369369
2011-03-06 21:01:00.000000125,6.398572
2011-03-06 21:01:00.000000119,3.558261
2011-03-06 21:01:00.000000117,14.635013
2011-03-06 21:01:00.00000065,8.295114
2011-03-06 21:01:00.000000163,4.9215574
2011-03-06 21:01:00.000000159,7.704486
2011-03-06 21:01:00.000000112,4.769304
2011-03-06 21:01:00.00000013,28.542185
2011-03-06 21:01:00.000000121,7.1069713
2011-03-06 21:01:00.000000152,4.8202724
2011-03-06 21:01:00.00000059,10.96704
2011-03-06 21:01:00.00000041,5.2503114
2011-03-06 21:01:00.000000174,7.9246345
2011-03-06 21:01:00.000000171,6.4490824
2011-03-06 21:01:00.00000069,13.906938
2011-03-06 21:01:00.00000050,4.1267457
2011-03-06 21:01:00.00000039,7.927843
2011-03-06 21:01:00.00000082,7.8272624
2011-03-06 21:01:00.000000165,6.3481526
2011-03-06 21:01:00.000000103,4.308242
2011-03-06 21:01:00.00000063,4.8857965
2011-03-06 21:01:00.000000100,16.18845
2011-03-06 21:01:00.000000124,9.706645
2011-03-06 21:01:00.000000126,5.9135346
2011-03-06 21:01:00.00000068,7.2548027
2011-03-06 21:01:00.00000030,6.088468
2009-11-24 08:58:48.0000008,5.9600744
2009-11-24 08:58:48.0000004,8.873397
2011-05-30 09:32:56.0000002,5.395888
2010-01-02 12:20:32.0000001,7.0755553
2010-10-05 02:09:00.00000026,6.5923886
2010-10-05 02:09:00.00000016,4.890416
2010-10-05 02:09:00.00000019,18.07265
2010-10-05 02:09:00.00000014,5.570902
2010-10-05 02:09:00.0000004,7.5117
2010-10-05 02:09:00.00000025,16.941751
2010-10-05 02:09:00.0000009,9.008482
2012-01-25 22:43:44.0000005,5.42704
2010-12-01 22:04:52.0000002,7.8375106
2013-06-23 02:54:32.0000001,18.285538
2013-11-18 15:07:28.0000003,9.434781
2013-08-06 23:56:32.0000002,7.1198854
2013-08-06 23:56:32.0000001,26.765156
2012-03-10 02:36:04.0000004,5.213471
2014-04-13 17:35:52.0000001,10.749716
2013-09-14 16:03:12.0000001,12.811766
2013-09-14 16:03:12.0000002,7.7842655
2013-09-14 16:03:12.0000003,7.31083
2014-04-05 18:27:08.0000001,8.9728985
2014-04-05 18:27:08.0000002,6.293971
2009-12-02 15:59:56.0000003,5.3382797
2010-01-03 02:03:40.0000001,4.1685047
2011-01-30 14:38:24.0000001,9.836136
2011-04-16 21:23:16.0000005,7.618823
2009-05-31 21:24:56.0000002,8.656971
2009-07-14 17:59:12.0000002,12.93047
2009-12-18 12:37:04.0000003,6.3749905
2012-11-21 15:12:48.0000002,6.445143
2011-10-07 22:08:20.0000002,7.2753105
2011-10-07 22:08:20.0000001,10.207088
2011-10-07 22:08:20.0000004,11.085219
2013-09-24 21:16:40.0000008,5.072613
2013-09-24 21:16:40.0000005,5.218725
2014-01-25 12:36:52.0000003,9.671227
2012-01-26 07:33:00.000000101,5.873274
2012-01-26 07:33:00.00000057,13.705539
2012-01-26 07:33:00.000000175,5.8150735
2012-01-26 07:33:00.00000024,7.202892
2012-01-26 07:33:00.00000097,5.2172174
2012-01-26 07:33:00.000000115,16.195305
2012-01-26 07:33:00.00000039,4.9039464
2012-01-26 07:33:00.000000161,6.671692
2012-01-26 07:33:00.000000173,8.347545
2012-01-26 07:33:00.000000183,9.794616
2012-01-26 07:33:00.00000020,11.181148
2012-01-26 07:33:00.00000022,9.339847
2012-01-26 07:33:00.000000136,12.765731
2012-01-26 07:33:00.0000008,15.632001
2012-01-26 07:33:00.000000100,9.609262
2012-01-26 07:33:00.00000023,8.862472
2012-01-26 07:33:00.00000056,7.030882
2012-01-26 07:33:00.00000018,8.319838
2012-01-26 07:33:00.00000076,20.242392
2012-01-26 07:33:00.00000080,7.1208553
2012-01-26 07:33:00.000000104,8.106091
2012-01-26 07:33:00.00000082,5.1321473
2012-01-26 07:33:00.00000025,5.297519
2012-01-26 07:33:00.000000181,31.264002
2012-01-26 07:33:00.000000105,5.946261
2015-03-20 23:34:40.0000001,9.23133
2015-03-20 23:34:40.0000008,8.79935
2015-03-20 23:34:40.0000003,19.697178
2013-12-14 03:20:48.0000003,10.113549
2010-12-09 07:29:00.000000164,11.520751
2010-12-09 07:29:00.000000141,12.006555
2010-12-09 07:29:00.00000073,9.922631
2010-12-09 07:29:00.00000062,5.8314323
2010-12-09 07:29:00.000000139,6.792461
2010-12-09 07:29:00.00000079,6.141568
2010-12-09 07:29:00.000000145,7.683295
2010-12-09 07:29:00.0000006,5.394881
2010-12-09 07:29:00.00000066,4.608117
2010-12-09 07:29:00.000000171,9.090879
2010-12-09 07:29:00.000000136,7.4780717
2010-12-09 07:29:00.00000026,20.244682
2010-12-09 07:29:00.00000044,4.7354617
2010-12-09 07:29:00.00000083,13.160806
2010-12-09 07:29:00.00000028,7.07337
2010-12-09 07:29:00.000000168,9.904173
2010-12-09 07:29:00.000000180,5.7909946
2010-12-09 07:29:00.00000094,6.2823668
2010-12-09 07:29:00.00000080,48.616615
2010-12-09 07:29:00.000000181,11.855157
2010-12-09 07:29:00.00000086,8.335825
2011-09-25 13:01:20.0000002,5.469118
2014-02-20 18:49:04.0000001,11.75963
2010-08-21 23:02:28.0000004,5.2114015
2010-08-21 23:02:28.0000001,13.425193
2010-08-21 23:02:28.0000002,6.2097015
2012-05-08 03:50:00.00000017,22.003769
2012-05-08 03:50:00.00000010,6.537198
2012-05-08 03:50:00.0000005,7.109897
2009-07-31 07:30:56.0000003,15.94337
2012-03-06 07:33:04.0000001,11.8488865
2015-03-12 19:43:24.0000006,36.98473
2014-01-18 17:43:28.0000001,10.027207
2011-09-04 01:36:36.0000001,7.2606993
2010-08-09 08:53:56.0000001,6.543252
2015-02-01 00:48:44.0000002,4.7255874
2014-01-26 15:28:52.0000001,10.239513
2014-01-26 15:28:52.0000002,14.384183
2011-12-06 11:07:40.0000004,11.635711
2011-07-12 19:41:48.0000001,8.065183
2010-09-16 14:27:16.0000002,8.605766
2015-02-14 20:20:56.0000003,5.2793703
2009-01-22 12:27:20.0000002,15.896177
2011-04-23 21:22:20.0000003,9.769238
2011-04-23 21:22:20.0000004,13.956273
2015-02-21 18:39:16.0000003,5.33652
2015-02-21 18:39:16.0000004,8.118599
2009-04-23 00:05:40.0000002,7.9097657
2013-03-09 21:40:52.0000001,9.948421
2010-07-22 09:37:12.0000002,32.34608
2012-07-31 02:46:40.0000001,8.439174
2015-02-21 17:23:28.0000004,14.427043
2012-11-19 22:15:32.0000001,8.509224
2009-01-26 18:26:48.0000005,6.8915806
2009-09-22 11:47:24.0000001,9.926956
2012-07-05 18:30:36.0000004,5.135001
2012-11-20 21:54:00.000000225,6.2443314
2012-11-20 21:54:00.00000025,13.946716
2012-11-20 21:54:00.00000036,25.127476
2012-11-20 21:54:00.000000102,16.161478
2012-11-20 21:54:00.000000105,28.007284
2012-11-20 21:54:00.000000167,18.302343
2012-11-20 21:54:00.000000186,7.6535926
2012-11-20 21:54:00.000000172,6.48493
2012-11-20 21:54:00.000000202,15.615987
2012-11-20 21:54:00.000000179,38.891056
2012-11-20 21:54:00.000000110,8.527932
2012-11-20 21:54:00.00000076,7.881237
2012-11-20 21:54:00.000000195,22.378386
2012-11-20 21:54:00.000000131,32.087948
2012-11-20 21:54:00.0000002,14.2170925
2012-11-20 21:54:00.00000068,28.361109
2012-11-20 21:54:00.000000138,9.777429
2012-11-20 21:54:00.00000090,8.675605
2012-11-20 21:54:00.000000169,8.0248575
2012-11-20 21:54:00.00000065,8.986812
2012-11-20 21:54:00.000000121,23.76038
2012-11-20 21:54:00.00000024,5.803096
2012-11-20 21:54:00.000000123,11.618239
2012-11-20 21:54:00.000000100,10.363291
2012-11-20 21:54:00.0000004,7.3749394
2012-11-20 21:54:00.00000098,5.5318694
2012-11-20 21:54:00.000000205,5.6712217
2012-11-20 21:54:00.000000103,30.455505
2012-11-20 21:54:00.00000092,16.208572
2012-11-20 21:54:00.00000040,7.4383345
2012-11-20 21:54:00.00000069,28.557228
2012-11-20 21:54:00.000000148,17.472164
2012-11-20 21:54:00.000000233,6.6076865
2014-06-23 00:16:00.00000054,13.028448
2014-06-23 00:16:00.00000059,35.851868
2014-06-23 00:16:00.00000051,7.586998
2014-06-23 00:16:00.00000012,10.652876
2014-06-23 00:16:00.00000046,42.22595
2014-06-23 00:16:00.00000032,7.1378427
2014-06-23 00:16:00.00000017,24.95971
2014-06-23 00:16:00.0000006,4.6583076
2014-06-23 00:16:00.00000084,9.046988
2014-06-23 00:16:00.00000021,45.326744
2014-06-23 00:16:00.0000007,5.3206067
2014-06-23 00:16:00.00000045,7.372636
2014-06-23 00:16:00.00000083,25.047424
2014-06-23 00:16:00.00000048,31.790613
2014-06-23 00:16:00.00000058,7.983166
2014-06-23 00:16:00.00000075,7.880613
2014-06-23 00:16:00.00000027,9.284724
2014-06-23 00:16:00.00000031,9.259669
2009-04-25 10:52:56.0000001,8.616033
2009-04-25 10:52:56.0000003,5.5812025
2009-04-20 11:11:40.0000002,9.455889
2009-10-22 21:57:36.0000001,16.534166
2013-11-28 11:00:04.0000001,10.001133
2014-05-25 15:07:04.0000001,6.134455
2011-08-18 13:00:16.0000001,5.5984664
2013-09-25 22:00:00.000000167,8.792842
2013-09-25 22:00:00.00000033,6.197998
2013-09-25 22:00:00.000000122,12.53894
2013-09-25 22:00:00.000000236,9.685113
2013-09-25 22:00:00.000000193,14.850378
2013-09-25 22:00:00.000000239,6.045706
2013-09-25 22:00:00.00000086,14.189061
2013-09-25 22:00:00.000000201,11.816868
2013-09-25 22:00:00.000000170,16.545977
2013-09-25 22:00:00.00000080,5.699933
2013-09-25 22:00:00.00000021,5.9011664
2013-09-25 22:00:00.000000240,7.9020386
2013-09-25 22:00:00.00000046,15.601556
2013-09-25 22:00:00.000000231,31.031849
2013-09-25 22:00:00.00000027,7.8172655
2013-09-25 22:00:00.00000045,5.9385095
2013-09-25 22:00:00.000000108,7.617395
2013-09-25 22:00:00.000000125,11.082471
2013-09-25 22:00:00.000000232,6.9423513
2013-09-25 22:00:00.000000184,13.332848
2013-09-25 22:00:00.00000096,11.370379
2013-09-25 22:00:00.000000158,10.109717
2013-09-25 22:00:00.000000131,16.834364
2013-09-25 22:00:00.000000207,6.863076
2013-09-25 22:00:00.00000068,8.350903
2013-09-25 22:00:00.000000194,13.191172
2013-09-25 22:00:00.00000011,55.817875
2013-09-25 22:00:00.000000243,19.86653
2013-09-25 22:00:00.000000138,13.227624
2013-09-25 22:00:00.00000069,8.180362
2013-09-25 22:00:00.00000067,6.9997
2013-09-25 22:00:00.000000152,12.618093
2013-07-20 12:06:44.0000002,11.124111
2013-07-20 12:06:44.0000001,10.733725
2014-07-11 12:36:08.0000003,56.374382
2014-01-31 11:11:05.0000002,13.777539
2014-08-31 04:03:29.0000002,9.668536
2014-08-31 04:03:29.0000003,27.26333
2014-08-01 18:38:09.0000004,19.820368
2014-08-01 18:38:09.0000003,24.880943
2009-05-16 14:53:41.0000005,13.495665
2009-05-16 14:53:41.0000001,26.036856
2009-05-16 14:53:41.0000004,25.637253
2013-08-26 11:47:37.0000001,8.715561
2010-10-30 13:31:13.0000001,4.9613013
2014-05-09 00:30:41.0000004,10.755918
2012-03-05 13:24:37.0000002,6.063287
2010-07-01 22:11:33.0000005,7.2816978
2010-07-01 22:11:33.0000006,22.130377
2012-01-07 21:39:05.0000001,48.930706
2012-05-26 00:31:25.0000001,5.191302
2014-10-07 11:52:13.0000006,10.862909
2015-06-13 19:17:09.0000005,6.8115196
2009-11-28 13:50:17.0000004,5.889014
2009-11-28 13:50:17.0000002,5.787705
2015-01-13 12:07:53.0000005,7.438256
2015-01-13 12:07:53.0000003,8.359741
2012-01-31 09:15:49.0000001,7.307749
2011-03-22 12:59:49.0000002,27.898087
2011-03-22 12:59:49.0000006,7.4214907
2013-07-05 00:58:17.0000001,4.5647044
2010-01-30 00:57:21.0000002,19.248493
2009-10-16 16:14:41.0000002,6.768137
2011-03-13 05:34:57.0000002,11.272533
2015-02-26 23:20:13.00000010,10.109279
2013-10-09 15:11:41.0000004,23.69192
2011-09-01 09:53:49.0000004,5.9549923
2010-09-28 00:16:53.0000003,6.6220636
2010-07-25 04:03:17.0000003,17.069553
2010-07-25 04:03:17.0000002,4.381523
2013-09-19 21:24:21.0000001,10.984698
2011-02-04 09:12:53.0000004,3.944333
2012-03-08 12:33:25.0000003,13.821864
2009-07-31 18:15:57.0000001,8.901947
2009-07-10 20:17:05.0000003,3.8985913
2010-08-21 21:56:25.0000002,11.149109
2010-10-09 17:11:17.0000001,7.35744
2009-09-25 15:13:57.0000001,8.385999
2009-09-25 15:13:57.0000003,6.369209
2009-09-25 15:13:57.0000002,11.676754
2010-05-03 08:36:41.0000004,7.610346
2011-01-24 20:18:49.0000003,5.6889353
2010-01-23 14:32:17.0000003,5.271236
2012-06-02 01:16:05.0000004,17.456108
2011-10-20 13:46:33.0000003,9.704927
2014-10-28 12:23:09.0000001,18.015606
2011-07-11 20:43:33.0000004,11.973996
2011-07-11 20:43:33.0000005,25.083649
2011-07-11 20:43:33.0000001,5.8281536
2013-02-23 14:25:29.0000002,14.264113
2010-01-30 18:58:33.0000008,9.778002
2010-01-30 18:58:33.0000006,8.106324
2010-01-30 18:58:33.0000001,7.2247148
2014-06-22 14:49:13.0000001,15.82007
2014-06-22 14:49:13.0000005,15.220758
2015-03-14 02:23:17.0000006,17.1048
2015-03-14 02:23:17.0000002,6.399685
2015-03-14 02:23:17.0000004,15.067588
2012-03-12 01:08:09.0000001,8.370987
2014-09-25 20:52:09.0000002,6.5598774
2014-09-25 20:52:09.0000005,21.952435
2012-12-15 06:35:45.0000001,10.500079
2012-01-05 05:51:01.0000001,7.8212423
2013-10-15 08:16:21.0000002,24.856886
2014-08-26 23:35:49.0000002,5.554959
2009-08-28 23:01:41.0000001,8.419684
2009-08-28 23:01:41.0000006,4.4905024
2014-12-16 13:40:25.0000003,12.357209
2012-12-09 22:30:13.0000006,6.8350234
2012-12-09 22:30:13.0000002,9.05671
2012-12-09 22:30:13.0000004,16.48166
2011-05-11 19:56:09.0000001,4.992535
2014-08-08 00:02:41.0000004,11.789856
2014-08-08 00:02:41.0000002,40.378563
2013-09-12 12:50:13.0000007,11.970541
2013-09-12 12:50:13.0000003,10.390184
2013-09-12 12:50:13.0000001,17.325184
2011-06-26 03:33:25.0000002,16.709583
2011-09-18 18:33:13.0000003,7.2221246
2014-03-04 16:24:45.0000001,89.74631
2014-11-10 10:52:41.0000001,38.05123
2009-12-22 15:59:53.0000003,12.290374
2014-05-08 21:23:41.0000001,9.814559
2012-07-15 03:53:37.0000001,14.653465
2012-07-15 03:53:37.0000002,10.537803
2012-07-15 03:53:37.0000003,8.540384
2013-06-10 11:29:13.0000001,11.827445
2015-04-25 01:06:17.0000007,14.658229
2015-04-25 01:06:17.0000003,13.206044
2012-10-28 13:55:57.0000001,8.901296
2011-06-12 01:07:57.0000003,7.4451523
2014-12-11 15:20:49.0000001,6.7243757
2011-06-19 04:08:49.0000002,14.391044
2012-04-14 22:29:37.0000001,5.526453
2015-06-02 09:11:17.0000007,11.147449
2011-10-08 12:54:49.0000002,6.421907
2009-06-02 08:34:33.0000001,12.324396
2011-10-01 15:04:57.0000001,29.692581
2013-06-22 01:59:25.0000002,12.263523
2010-12-15 08:39:33.0000005,4.8192515
2012-05-26 11:54:53.0000001,7.297484
2012-05-26 11:54:53.0000002,8.689284
2014-01-11 19:20:17.0000001,5.6279693
2015-01-05 21:43:13.0000001,22.668177
2011-07-19 22:20:41.0000002,13.575383
2011-07-19 22:20:41.0000004,8.027648
2011-07-19 22:20:41.0000001,15.239658
2012-03-18 02:27:41.0000001,5.954726
2009-01-19 19:48:17.0000001,4.286019
2009-01-19 19:48:17.0000002,4.800375
2013-01-13 00:20:53.0000001,9.831923
2013-11-28 13:17:13.0000002,22.555134
2012-06-10 00:46:17.0000006,4.163907
2012-06-10 00:46:17.0000003,12.844211
2012-06-10 00:46:17.0000005,9.110774
2010-02-20 04:04:13.0000004,21.80731
2014-01-01 16:33:01.0000005,15.818577
2010-10-01 13:11:05.0000001,5.9379125
2012-04-14 14:20:33.0000001,10.577393
2015-05-17 04:17:33.0000005,4.4502096
2014-07-26 23:31:41.0000003,15.936968
2014-07-26 23:31:41.0000002,9.889921
2009-11-07 16:37:49.0000004,8.066007
2011-01-07 09:25:57.0000003,7.485148
2012-07-18 16:28:21.0000001,7.627777
2013-03-08 19:03:09.0000003,10.092819
2009-12-10 22:45:01.0000004,11.999901
2012-07-13 11:00:05.0000004,8.437925
2013-04-28 10:36:37.0000001,7.217913
2009-04-23 02:42:05.0000003,8.734218
2013-06-08 16:55:13.0000003,9.430051
2012-10-25 16:20:37.0000004,7.710051
2012-10-25 16:20:37.0000003,33.692757
2012-07-31 20:04:53.0000006,7.8041124
2012-07-31 20:04:53.0000002,5.677001
2009-07-14 22:41:09.0000003,7.0218215
2011-09-03 19:22:17.0000001,8.26601
2011-09-03 19:22:17.0000003,9.008788
2011-09-03 19:22:17.0000002,17.140041
2013-11-21 14:19:21.0000001,43.339474
2015-01-02 11:55:57.0000003,17.958773
2013-11-23 22:19:37.0000004,5.637502
2013-11-23 22:19:37.0000003,8.625327
2013-11-23 22:19:37.0000005,10.79802
2011-04-04 19:54:33.0000001,5.2400174
2014-07-14 16:18:37.0000002,7.5526657
2014-03-18 19:55:17.0000001,6.720615
2010-06-05 23:05:25.0000006,7.13183
2014-09-09 22:48:37.0000001,8.622017
2014-09-09 22:48:37.0000002,5.6425314
2014-03-28 21:55:17.0000003,4.7539153
2014-03-28 21:55:17.0000001,7.2608943
2009-09-24 22:41:17.0000001,8.8693495
2012-04-27 18:37:09.0000002,9.19507
2014-04-05 18:11:33.0000002,15.204793
2013-11-07 22:25:25.0000003,7.5860524
2013-11-07 22:25:25.0000001,4.7567196
2012-06-30 03:53:29.0000002,4.8394494
2011-05-19 16:01:41.0000001,6.9430532
2010-01-11 12:38:33.0000002,4.1635003
2010-10-16 09:26:33.0000001,8.68805
2010-10-16 09:26:33.0000003,6.4998074
2014-07-25 18:06:37.0000007,7.3289723
2014-05-13 21:07:29.0000004,10.003691
2014-05-13 21:07:29.0000001,29.749723
2013-11-16 18:33:25.0000005,12.0921545
2009-08-02 14:01:33.0000004,7.706847
2015-01-12 15:36:37.0000008,11.278699
2013-05-26 15:18:37.0000005,23.43201
2013-05-26 15:18:37.0000001,55.794952
2013-05-26 15:18:37.0000003,14.250721
2009-09-20 23:07:01.0000001,9.28107
2009-09-25 21:43:49.0000004,9.071585
2009-09-25 21:43:49.00000010,11.456337
2009-03-22 20:58:33.0000003,14.092931
2011-12-09 21:19:25.0000001,6.8040376
2013-07-05 20:44:49.0000001,11.431008
2013-12-20 15:58:29.0000006,13.081436
2013-12-20 15:58:29.0000001,9.031462
2014-10-06 14:37:25.0000005,56.30924
2015-01-18 23:09:25.0000001,5.0120015
2014-02-06 13:26:49.0000002,4.919888
2013-02-27 19:25:13.0000001,16.956211
2009-09-15 08:28:53.0000003,11.195637
2012-07-18 22:34:53.0000003,7.191336
2011-05-17 22:09:17.0000002,4.4023185
2010-09-19 17:13:29.0000008,23.637556
2010-09-19 17:13:29.0000006,14.338981
2013-03-19 18:08:29.0000002,10.6297455
2013-03-19 18:08:29.0000001,13.318389
2011-04-23 11:01:49.0000001,9.938675
2013-07-04 05:39:13.0000001,13.520108
2010-11-08 10:01:37.0000003,5.214232
2009-04-01 19:28:09.0000001,6.1847916
2011-11-26 02:04:29.0000004,5.1524925
2011-11-26 02:04:29.0000003,4.1983824
2009-01-11 07:56:01.0000001,4.5901656
2012-05-30 09:19:13.0000002,6.225855
2014-10-28 22:42:33.0000003,12.059705
2014-07-19 21:05:37.0000002,13.128891
2012-10-02 14:17:13.0000001,5.44401
2012-10-20 00:36:37.0000002,6.8830285
2014-06-19 22:37:09.0000006,7.5359836
2014-06-19 22:37:09.0000004,8.689424
2011-05-11 13:24:37.0000002,9.276163
2014-10-13 00:42:05.0000002,9.1747465
2013-12-08 10:41:05.0000007,8.76553
2009-07-04 13:00:57.0000002,10.4773035
2015-06-30 04:09:45.0000001,32.92889
2013-09-08 03:47:57.0000002,9.025735
2009-05-15 21:19:13.0000004,27.806515
2010-01-29 08:32:53.0000002,8.752839
2015-05-15 01:51:49.0000003,5.8043823
2012-11-12 10:06:17.0000003,7.639386
2013-12-01 22:23:57.0000003,45.44371
2014-01-03 15:48:49.0000001,9.594493
2013-01-19 20:19:45.0000002,8.7381
2015-03-17 21:44:26.0000002,5.1066594
2009-01-06 07:36:34.0000005,6.0039997
2013-01-20 20:41:26.0000002,15.0132475
2015-06-07 00:38:14.0000001,10.189091
2009-01-03 00:51:02.0000002,13.06338
2009-01-03 00:51:02.0000001,10.667235
2009-08-02 05:08:42.0000001,24.364029
2013-10-18 09:06:14.0000002,6.6929784
2009-04-26 17:29:42.0000001,5.7007356
2015-02-25 22:00:38.0000002,14.629932
2010-10-06 23:31:54.0000001,13.728108
2009-01-21 20:04:30.0000006,9.333199
2013-12-18 14:26:58.0000002,45.704697
2014-04-26 18:02:26.0000003,5.9634504
2014-10-05 13:58:18.0000002,7.9466186
2014-10-05 13:58:18.0000001,7.756244
2013-05-23 23:54:42.0000004,7.617925
2009-11-23 19:06:14.0000005,12.003542
2010-09-01 08:23:54.0000002,7.0750313
2011-12-10 23:39:06.0000001,12.344495
2009-12-17 15:54:46.0000002,10.190233
2010-06-16 18:41:54.0000003,8.666518
2011-11-02 08:21:50.0000003,7.7651587
2011-11-02 08:21:50.0000001,9.367028
2009-03-15 03:31:14.0000003,6.1297293
2014-09-08 19:07:46.0000001,7.737636
2010-04-24 23:31:50.0000004,7.199235
2010-04-24 23:31:50.0000002,11.137931
2011-03-03 21:31:42.0000004,5.448502
2011-03-03 21:31:42.0000002,13.016277
2011-09-05 10:47:26.0000001,7.516383
2012-09-16 12:48:06.0000002,8.493538
2015-04-10 11:56:54.0000005,11.720516
2013-10-15 23:31:26.0000002,19.239214
2013-06-21 18:06:14.0000002,8.439111
2009-05-19 15:44:30.0000001,8.946916
2014-01-26 08:48:30.0000003,8.165329
2014-12-25 21:32:58.0000002,7.569896
2011-07-30 15:27:58.0000001,7.905283
2010-09-24 22:40:06.0000007,6.292622
2010-02-06 17:37:10.0000005,48.900387
2010-02-06 17:37:10.0000001,12.165408
2012-08-13 15:02:26.0000001,8.358542
2013-01-14 18:42:54.0000004,6.5631723
2013-01-14 18:42:54.0000005,8.254598
2009-11-11 21:20:18.0000002,6.1261053
2009-04-18 02:44:34.0000004,32.074383
2009-04-18 02:44:34.0000001,7.553808
2014-01-10 12:28:38.0000002,5.938254
2014-10-11 00:26:38.0000004,21.985277
2010-01-30 02:13:06.0000004,4.5407104
2009-08-26 23:55:38.0000001,8.034413
2012-09-07 23:20:34.0000002,10.367432
2012-09-07 23:20:34.0000005,9.108418
2015-01-10 14:32:14.0000002,13.473712
2010-05-31 20:43:42.0000001,5.562748
2010-05-31 20:43:42.0000003,5.677825
2014-05-18 14:43:26.0000004,7.7400146
2011-10-08 18:18:26.0000002,5.79686
2011-10-08 18:18:26.0000003,14.069279
2010-03-23 13:23:34.0000003,12.191424
2010-12-21 08:46:02.0000001,11.40011
2010-12-21 08:46:02.0000002,4.5463157
2010-06-19 22:52:30.0000003,8.167605
2013-01-03 01:43:10.0000002,10.031583
2013-11-24 03:44:46.0000001,13.677811
2011-04-16 12:57:18.0000002,4.643136
2012-10-11 22:24:18.0000002,10.130662
2011-05-17 23:42:46.0000006,7.027647
2011-05-17 23:42:46.0000003,4.3845844
2014-01-09 17:27:18.0000003,5.419674
2014-01-09 17:27:18.0000004,9.129824
2010-01-09 13:24:22.0000002,44.777832
2010-01-09 13:24:22.0000001,7.2572823
2009-03-11 21:46:54.0000006,7.015342
2012-08-22 20:54:46.0000004,9.712915
2012-08-22 20:54:46.0000005,26.205046
2009-02-21 20:49:34.0000002,11.055561
2012-08-10 14:04:14.0000001,8.628893
2009-10-17 03:52:42.0000005,9.746622
2014-02-27 09:36:26.0000001,12.855275
2014-03-11 20:24:02.0000005,12.345213
2014-03-11 20:24:02.0000001,6.5371623
2015-05-07 15:33:26.0000004,5.0916977
2012-09-10 21:07:54.0000008,7.1424537
2012-04-20 00:06:10.0000003,4.7513275
2012-04-20 00:06:10.0000004,14.0536585
2012-06-12 23:10:42.0000004,10.561139
2013-04-21 19:50:54.0000002,7.2274528
2013-02-06 18:21:18.0000005,18.699137
2014-05-01 21:05:34.0000001,27.13197
2011-04-22 19:23:54.0000004,5.2158628
2011-09-17 15:41:06.0000002,7.866199
2015-03-05 13:21:58.0000001,57.47539
2015-06-21 17:16:10.0000001,7.538961
2010-06-02 22:04:10.0000002,27.132963
2010-06-02 22:04:10.0000001,8.472742
2015-02-27 19:36:02.0000008,13.914069
2015-02-27 19:36:02.0000005,8.892007
2013-04-06 19:16:10.0000002,7.697235
2014-03-08 16:08:26.0000006,17.864649
2014-03-08 16:08:26.0000005,5.124156
2013-12-06 23:40:42.0000004,6.6969576
2013-12-06 23:40:42.0000005,14.33919
2014-09-13 19:05:02.0000001,6.646986
2015-03-12 13:01:54.0000003,5.16744
2015-03-12 13:01:54.0000006,5.430431
2014-10-04 21:48:22.0000001,11.792884
2012-01-22 04:13:34.0000001,24.883032
2012-01-22 04:13:34.0000003,9.257153
2010-12-17 10:33:34.0000003,13.245216
2010-12-17 10:33:34.0000001,28.610004
2012-06-04 11:34:58.0000002,9.010618
2012-12-08 20:08:38.0000001,15.945106
2012-12-08 20:08:38.0000002,9.513277
2013-12-29 01:20:50.0000002,19.673811
2014-03-28 22:34:26.0000002,10.742943
2013-09-07 19:43:18.0000002,15.58327
2013-09-07 19:43:18.0000007,6.716322
2010-03-07 00:47:26.0000002,12.095485
2010-03-07 00:47:26.0000003,7.3018622
2010-10-31 18:45:58.0000004,6.002909
2015-02-03 09:00:58.0000003,37.153637
2012-08-08 08:58:50.0000002,6.151618
2011-04-08 15:01:02.0000002,5.8183427
2015-01-10 09:38:54.0000006,6.3802295
2015-01-10 09:38:54.0000002,14.246714
2015-01-10 09:38:54.0000005,12.283477
2015-01-10 09:38:54.0000001,9.425611
2014-10-03 00:50:06.0000003,7.781289
2010-06-18 19:19:26.0000004,13.7837925
2013-06-21 00:00:34.0000004,8.975498
2012-02-29 12:03:34.0000003,6.8207216
2013-09-16 14:16:34.0000002,28.718693
2011-03-10 18:16:14.0000002,6.74968
2011-05-19 02:06:46.0000001,7.4961042
2014-08-08 15:26:18.0000001,8.95025
2009-03-11 12:01:30.0000003,5.349886
2012-07-26 12:40:38.0000004,9.45235
2014-05-26 22:57:10.0000001,10.36822
2010-09-04 18:31:42.0000004,11.51213
2011-09-22 20:05:22.0000002,6.1507998
2011-09-22 20:05:22.0000004,6.646324
2014-08-09 01:27:30.0000001,15.260023
2014-10-31 12:04:26.0000003,11.843091
2013-04-10 21:03:42.0000006,12.268051
2011-12-29 19:29:50.0000002,7.7847633
2013-03-14 21:43:46.0000002,4.5372157
2009-02-08 00:04:06.0000003,5.1987233
2012-02-04 22:47:18.0000002,4.4556274
2012-05-06 03:01:10.0000001,20.30588
2014-07-08 08:56:58.0000002,5.0817075
2014-07-08 08:56:58.0000005,4.855189
2014-07-08 08:56:58.0000004,14.78727
2014-07-08 08:56:58.0000003,9.72489
2011-02-19 10:14:58.0000001,6.609461
2010-08-16 17:14:18.0000002,7.0358467
2012-12-27 21:01:54.0000002,16.116539
2015-05-31 20:48:54.0000002,14.456793
2013-01-06 12:39:54.0000006,4.983272
2010-12-24 04:23:06.0000001,28.551872
2010-11-10 23:21:50.0000001,8.667793
2011-10-01 00:42:26.0000002,21.4346
2013-03-31 00:09:58.0000001,24.641365
2011-07-20 08:05:02.0000001,15.211683
2009-05-03 16:02:54.0000004,4.243608
2012-09-06 17:58:06.0000002,9.447564
2014-04-06 16:47:14.0000001,14.044359
2014-04-06 16:47:14.0000002,29.651766
2014-09-06 03:52:50.0000001,9.668822
2014-01-01 13:06:34.0000002,13.515394
2011-12-25 15:35:54.0000002,6.2722263
2011-12-25 15:35:54.0000005,4.9931145
2011-12-25 15:35:54.0000001,5.8099804
2015-05-14 23:11:58.0000004,13.99057
2015-04-22 09:54:06.0000001,6.8652196
2012-09-01 19:04:18.0000001,10.738491
2013-06-06 02:54:50.0000001,36.711224
2011-09-03 00:03:42.0000007,49.578392
2013-07-02 22:27:14.0000002,5.2536488
2011-07-18 00:04:54.0000001,18.911047
2011-04-03 03:46:18.0000001,5.1029606
2010-06-25 14:00:14.0000001,8.969722
2014-09-10 16:40:02.0000001,8.057599
2011-03-01 07:23:14.0000002,5.5227466
2011-06-24 13:23:18.0000005,11.940243
2012-01-01 18:02:46.0000001,19.101528
2015-03-28 19:31:26.0000004,9.652191
2010-07-13 11:53:15.0000006,10.202092
2010-07-13 11:53:15.0000005,7.209085
2010-07-13 11:53:15.0000003,5.713784
2013-02-07 13:47:59.0000002,14.259035
2015-05-19 13:58:11.0000006,36.623913
2015-05-19 13:58:11.0000009,15.835911
2012-07-31 22:21:11.0000003,6.3541536
2013-01-03 08:50:31.0000003,9.192574
2010-03-18 00:05:43.0000001,20.13617
2009-04-14 17:43:23.0000001,48.33809
2009-04-14 17:43:23.0000002,7.8262377
2015-06-15 14:34:03.0000001,12.030668
2014-11-26 06:46:23.0000002,29.118034
2010-12-19 16:25:15.0000002,7.71645
2015-06-18 20:56:55.0000004,5.1290145
2015-06-18 20:56:55.0000008,17.711708
2015-04-28 20:15:27.0000003,7.162033
2013-01-23 13:49:19.0000001,8.06936
2012-01-03 08:49:15.0000005,11.162905
2012-06-09 19:03:11.0000005,7.5330048
2012-06-09 19:03:11.0000007,10.763341
2009-05-27 02:00:51.0000001,16.175488
2014-06-07 12:21:11.0000003,12.164214
2011-09-08 22:37:43.0000001,7.378574
2010-06-18 22:52:11.0000001,21.527246
2011-09-13 13:31:51.0000001,11.878963
2011-09-13 13:31:51.0000005,7.447006
2014-10-06 09:24:11.0000005,25.47983
2012-03-15 18:23:55.0000002,6.9214997
2013-12-22 21:24:47.0000002,6.028172
2011-11-23 21:07:43.0000001,6.7692914
2010-11-17 19:10:23.0000003,6.259723
2010-11-17 19:10:23.0000005,10.50395
2015-02-14 13:15:19.0000007,7.825485
2013-01-12 22:40:39.0000008,8.277103
2013-01-12 22:40:39.0000009,19.68628
2013-01-12 22:40:39.0000007,7.2240057
2010-02-15 14:20:31.0000002,24.786922
2010-02-15 14:20:31.0000003,5.0983624
2013-03-23 15:41:07.0000003,10.238679
2009-05-08 22:14:51.0000002,5.475753
2010-01-31 00:33:03.0000005,7.535537
2009-01-18 18:22:07.0000002,8.684323
2009-01-28 11:27:19.0000001,6.5694933
2015-05-20 19:39:11.0000003,15.246462
2014-01-11 17:47:47.0000001,7.897557
2012-07-12 02:46:07.0000001,8.282119
2014-03-05 23:16:07.0000001,12.944845
2014-12-17 20:56:31.0000003,10.667255
2010-10-09 15:48:51.0000003,29.611057
2013-10-10 11:09:23.0000001,15.855048
2014-10-12 09:23:55.0000001,11.781758
2013-01-08 07:03:07.0000001,6.6732907
2012-10-28 17:21:19.0000001,7.812743
2012-10-28 17:21:19.0000003,11.276062
2014-12-26 20:46:23.0000001,11.654977
2015-05-10 12:37:51.0000003,12.060891
2010-12-11 13:31:11.0000003,6.207615
2010-03-01 22:21:55.0000003,6.575797
2010-03-01 22:21:55.0000002,15.455987
2015-03-08 14:59:23.0000001,26.58799
2015-03-08 14:59:23.0000003,35.66207
2009-06-08 11:06:23.0000001,60.553062
2014-01-26 13:51:39.0000001,8.628203
2014-11-30 15:46:23.0000003,5.042392
2011-08-20 15:50:39.0000001,10.261444
2010-06-22 14:25:19.0000008,49.47463
2010-06-22 14:25:19.0000001,5.880982
2014-05-25 19:46:59.0000003,26.657322
2014-04-04 05:47:11.0000002,12.904891
2013-01-11 20:08:07.0000003,9.754577
2013-01-11 20:08:07.0000001,4.9795284
2013-10-09 17:27:39.0000001,55.87316
2015-01-12 17:05:51.0000004,8.356201
2009-01-12 07:47:39.0000001,31.493681
2011-04-28 19:39:43.0000003,13.875477
2014-11-17 00:03:47.0000003,8.03178
2014-11-17 00:03:47.0000001,10.981307
2013-08-18 00:32:15.0000003,6.9419584
2013-05-23 12:09:23.0000005,6.8553452
2013-05-23 12:09:23.0000004,14.314641
2014-12-11 08:20:39.0000001,20.8259
2014-12-11 08:20:39.0000004,13.249277
2013-12-10 14:00:35.0000002,5.43154
2011-09-10 20:44:59.0000003,7.850381
2011-04-28 09:50:03.0000001,6.817416
2010-02-26 18:34:51.0000001,9.357572
2013-12-05 23:29:15.0000002,5.8605056
2012-12-13 19:05:27.0000004,6.146196
2012-11-09 18:17:35.0000002,13.379253
2010-07-05 19:21:35.0000001,9.6540985
2011-11-29 22:19:51.0000003,7.0480094
2009-01-30 22:47:07.0000002,14.258083
2009-01-30 22:47:07.0000005,5.638377
2013-09-26 20:54:19.0000001,13.18517
2014-09-16 18:22:23.0000001,8.851041
2011-06-25 23:18:27.0000003,6.754108
2011-06-25 23:18:27.0000002,11.967957
2009-01-17 02:21:55.0000003,5.5695767
2014-11-01 15:31:15.0000001,5.966568
2013-07-12 23:17:31.0000003,7.2832484
2013-07-12 23:17:31.0000002,11.610918
2013-07-12 23:17:31.0000001,9.54765
2009-09-24 04:23:47.0000001,5.567947
2009-04-20 21:08:35.0000005,7.690238
2009-04-20 21:08:35.0000004,9.329394
2009-04-06 13:47:15.0000001,4.8366766
2013-11-29 21:36:07.0000002,19.655275
2013-11-29 21:36:07.0000001,9.066544
2012-04-14 11:59:11.0000003,10.094635
2009-03-06 00:13:03.0000002,12.154965
2010-04-23 00:00:03.0000001,23.544897
2010-05-22 23:46:19.0000004,8.916509
2012-06-09 22:57:15.0000004,7.161857
2010-10-27 02:29:39.0000001,6.1803517
2010-10-22 20:56:51.0000003,11.756143
2013-10-07 08:53:39.0000001,4.9917283
2011-10-04 11:48:35.0000001,9.5777445
2010-12-31 13:32:39.0000002,7.0654807
2010-08-21 20:25:07.0000002,7.365349
2009-11-16 21:03:31.0000005,9.63902
2009-11-16 21:03:31.0000006,7.4556494
2010-12-01 21:02:35.0000003,12.770086
2010-04-20 11:53:23.0000001,6.528187
2013-09-20 13:38:55.0000005,6.3813214
2013-09-20 13:38:55.0000004,56.565857
2012-09-09 23:40:03.0000002,6.673235
2012-09-09 23:40:03.0000004,11.414538
2010-05-23 15:28:55.0000002,11.546268
2012-10-15 20:10:31.0000005,16.094172
2013-06-07 13:52:55.0000005,8.926033
2009-06-04 19:34:15.0000005,8.8991585
2013-09-29 22:12:07.0000001,27.398052
2010-05-02 12:39:55.0000003,5.9944906
2010-05-02 12:39:55.0000001,16.292894
2015-05-20 00:59:15.0000001,8.05217
2009-12-03 18:02:47.0000003,8.543726
2009-12-03 18:02:47.0000002,50.097588
2009-09-28 19:21:59.0000007,5.3838067
2009-09-28 19:21:59.0000006,8.835698
2015-05-23 12:59:39.0000003,17.37146
2014-01-11 23:10:59.0000006,9.130657
2010-04-24 20:15:07.0000001,5.404619
2013-05-24 07:22:51.0000001,8.567802
2009-08-06 02:50:03.0000001,15.625795
2014-08-08 17:32:47.0000003,8.53561
2010-09-22 09:42:31.0000003,10.420565
2013-08-19 19:39:23.0000002,16.041111
2015-03-11 16:36:39.0000004,30.46622
2015-05-29 18:59:35.0000006,15.830992
2011-10-26 17:48:43.0000005,9.683318
2009-11-03 19:53:27.0000002,5.8602962
2009-11-03 19:53:27.0000001,6.349367
2009-12-19 21:56:15.0000004,5.4586663
2009-12-21 21:20:43.0000002,5.794942
2009-08-21 15:35:07.0000001,13.156688
2010-04-25 13:28:47.0000001,8.291042
2010-11-02 18:49:59.0000004,8.285421
2010-04-21 06:28:47.0000001,48.747177
2015-02-11 20:51:51.0000001,4.5823984
2013-12-07 01:41:59.0000002,6.972618
2013-05-21 06:52:59.0000003,32.26689
2014-07-12 00:15:59.0000001,10.703227
2010-06-13 19:39:51.0000002,9.858488
2009-03-31 10:27:19.0000003,10.457366
2013-09-14 18:28:03.0000001,6.388447
2015-02-14 09:08:11.0000002,8.919564
2012-01-19 20:26:35.0000002,5.7390676
2012-01-19 20:26:35.0000003,5.3177204
2012-01-19 20:26:35.0000006,16.973421
2015-02-25 18:00:51.0000001,6.627004
2015-02-25 18:00:51.0000007,12.072967
2009-08-08 11:41:51.0000003,6.100605
2013-06-02 16:26:47.0000001,7.6323256
2011-09-14 00:50:15.0000001,9.98401
2013-02-16 14:26:51.0000003,5.446771
2012-11-12 11:57:03.0000001,7.446133
2012-01-04 00:06:39.0000002,5.5543075
2013-06-21 02:39:47.0000001,14.692953
2010-12-28 20:17:27.0000005,9.868805
2010-12-28 20:17:27.0000003,10.691489
2009-12-12 22:01:31.0000001,4.561501
2011-05-20 23:42:59.0000001,6.862065
2014-01-04 10:54:59.0000005,7.8032103
2014-01-04 10:54:59.0000002,10.107411
2012-02-11 04:52:35.0000001,3.9538023
2014-09-14 23:26:11.0000001,7.6424675
2014-04-05 01:52:27.0000002,26.917122
2010-02-23 20:29:51.0000004,8.112486
2013-11-01 13:07:47.0000003,17.731052
2015-03-07 15:25:59.0000003,5.1592174
2009-04-16 15:57:31.0000001,9.314633
2010-01-10 12:55:43.0000003,8.930893
2010-01-10 12:55:43.0000004,22.34465
2010-01-10 12:55:43.0000001,5.0191026
2015-03-16 21:12:19.0000002,6.8479066
2015-03-16 21:12:19.0000006,17.068148
2012-09-29 20:16:51.0000004,5.9651775
2009-07-30 15:49:15.0000002,10.42259
2009-07-30 15:49:15.0000004,8.671982
2013-11-18 16:18:39.0000001,55.771698
2015-01-18 14:06:23.0000001,10.277826
2015-01-18 14:06:23.0000004,5.698452
2015-01-18 14:06:23.0000003,7.0341263
2009-09-07 19:35:39.0000001,7.19657
2014-06-14 13:39:00.000000155,5.154166
2014-06-14 13:39:00.000000174,9.512651
2014-06-14 13:39:00.000000104,9.738876
2014-06-14 13:39:00.00000083,55.1786
2014-06-14 13:39:00.00000056,6.609611
2014-06-14 13:39:00.000000102,12.496537
2014-06-14 13:39:00.00000065,23.247808
2014-06-14 13:39:00.000000137,11.873858
2014-06-14 13:39:00.0000002,56.376396
2014-06-14 13:39:00.00000028,6.3936434
2014-06-14 13:39:00.000000194,6.442473
2013-06-27 00:20:40.0000002,5.3003087
2014-12-30 20:29:24.0000001,6.01519
2011-03-24 15:57:04.0000002,4.4498763
2012-06-09 16:53:44.0000001,8.465064
2011-10-02 23:36:00.0000001,17.65668
2011-10-02 23:36:00.00000050,24.414932
2011-10-02 23:36:00.00000069,7.7981997
2011-10-02 23:36:00.00000093,9.753479
2011-10-02 23:36:00.00000010,11.031863
2011-10-02 23:36:00.00000017,10.6444435
2011-10-02 23:36:00.00000072,10.84033
2011-10-02 23:36:00.00000025,9.214037
2011-10-02 23:36:00.00000019,5.4513874
2013-03-21 12:47:28.0000001,10.888187
2013-06-07 03:02:56.0000003,11.806023
2009-06-10 16:55:00.000000123,5.29887
2009-06-10 16:55:00.000000150,11.886966
2009-06-10 16:55:00.00000064,7.621711
2009-06-10 16:55:00.00000062,11.866774
2009-06-10 16:55:00.0000005,5.0037823
2009-06-10 16:55:00.0000006,19.275644
2009-06-10 16:55:00.000000130,8.991284
2009-06-10 16:55:00.000000175,5.8466635
2009-06-10 16:55:00.00000041,49.44067
2009-06-10 16:55:00.000000152,5.000854
2009-06-10 16:55:00.000000155,11.322073
2009-06-10 16:55:00.00000061,5.6201377
2011-06-24 12:03:00.000000131,8.436283
2011-06-24 12:03:00.000000184,10.289654
2011-06-24 12:03:00.00000081,9.006128
2011-06-24 12:03:00.0000007,7.246797
2011-06-24 12:03:00.00000028,6.194925
2011-06-24 12:03:00.000000198,6.937529
2014-06-15 07:06:00.0000004,14.708648
2014-06-15 07:06:00.00000011,10.451867
2014-06-06 16:22:20.0000001,8.969807
2009-09-14 02:19:00.00000043,5.6432014
2009-09-14 02:19:00.00000027,8.133151
2009-09-14 02:19:00.00000042,7.389092
2009-09-14 02:19:00.00000034,16.620758
2009-09-14 02:19:00.00000033,7.8447638
2010-08-21 22:21:32.0000001,10.304026
2010-08-21 22:21:32.0000002,7.9857554
2012-05-06 23:37:24.0000003,10.486832
2013-12-21 17:20:32.0000002,56.64779
2014-04-28 19:46:36.0000002,7.95637
2011-06-01 07:37:00.00000080,40.667336
2011-06-01 07:37:00.000000164,9.82665
2011-06-01 07:37:00.00000074,23.649977
2011-06-01 07:37:00.00000085,17.915031
2011-06-01 07:37:00.0000003,7.5331025
2011-06-01 07:37:00.000000159,22.547785
2011-06-01 07:37:00.00000052,22.645103
2011-06-01 07:37:00.000000218,16.994837
2011-06-01 07:37:00.00000062,5.9908285
2011-06-01 07:37:00.00000031,6.540403
2010-08-27 18:45:00.000000170,11.216813
2010-08-27 18:45:00.00000044,17.390615
2010-08-27 18:45:00.000000146,6.619453
2010-08-27 18:45:00.00000035,7.495324
2010-08-27 18:45:00.000000139,7.3994937
2010-08-27 18:45:00.00000051,5.5870156
2010-08-27 18:45:00.000000186,5.468217
2010-08-27 18:45:00.000000102,7.499556
2010-08-27 18:45:00.000000164,11.901884
2010-08-27 18:45:00.000000199,12.385914
2010-08-27 18:45:00.000000174,7.340221
2010-08-27 18:45:00.000000187,5.341938
2010-08-27 18:45:00.000000172,14.31366
2010-08-14 02:13:00.000000105,9.619397
2010-08-14 02:13:00.000000159,4.2578983
2010-08-14 02:13:00.00000040,5.669259
2010-08-14 02:13:00.000000147,9.598207
2010-08-14 02:13:00.000000145,6.62724
2010-08-14 02:13:00.00000061,7.0522337
2010-08-14 02:13:00.000000150,17.275242
2010-08-14 02:13:00.00000024,6.2409797
2010-08-14 02:13:00.000000167,7.9108543
2010-08-14 02:13:00.00000099,8.351717
2010-08-14 02:13:00.000000120,10.129873
2010-08-14 02:13:00.00000027,5.9467835
2010-08-14 02:13:00.00000063,10.934997
2010-08-14 02:13:00.000000164,5.3382397
2010-08-14 02:13:00.000000143,16.460436
2010-08-14 02:13:00.000000156,21.811506
2010-08-14 02:13:00.000000123,14.692935
2014-03-25 23:47:00.00000013,5.2885776
2014-03-25 23:47:00.000000116,10.353588
2014-03-25 23:47:00.000000141,5.918
2014-03-25 23:47:00.000000107,8.011473
2014-03-25 23:47:00.00000068,6.5274663
2014-03-25 23:47:00.00000098,17.941334
2014-03-25 23:47:00.000000138,13.062232
2014-03-25 23:47:00.000000120,11.226897
2015-06-05 08:38:56.0000003,10.751294
2010-09-29 16:43:00.000000154,32.92596
2010-09-29 16:43:00.000000157,5.5412936
2010-09-29 16:43:00.00000099,8.972908
2010-09-29 16:43:00.00000023,7.1585083
2010-09-29 16:43:00.000000148,15.547247
2014-10-27 14:58:00.00000028,8.433422
2014-10-27 14:58:00.00000069,9.865271
2014-10-27 14:58:00.000000106,7.6381593
2014-10-27 14:58:00.00000070,5.349416
2014-10-27 14:58:00.000000121,13.79085
2014-10-27 14:58:00.00000022,13.017914
2014-10-27 14:58:00.00000057,23.096228
2009-10-08 23:44:56.0000002,5.7172174
2012-11-03 17:11:00.00000080,12.0648155
2012-11-03 17:11:00.00000030,6.3663983
2012-11-03 17:11:00.000000149,4.904923
2012-11-03 17:11:00.00000078,10.467568
2012-11-03 17:11:00.00000063,10.565906
2012-11-03 17:11:00.000000142,6.3421264
2012-11-03 17:11:00.000000101,8.660579
2011-05-28 17:29:44.0000003,7.0210996
2011-03-11 01:44:00.00000023,20.85106
2011-03-11 01:44:00.00000014,5.1894393
2011-03-11 01:44:00.00000067,9.394021
2011-03-11 01:44:00.00000019,7.0771556
2011-03-11 01:44:00.00000082,22.985802
2011-03-11 01:44:00.00000084,4.517153
2011-03-11 01:44:00.00000033,9.634635
2011-03-11 01:44:00.00000051,13.327101
2011-03-11 01:44:00.00000011,19.645597
2013-12-16 19:06:44.0000001,7.8086486
2009-05-08 18:00:36.0000001,4.108694
2013-01-27 00:09:12.0000008,12.30838
2013-09-15 02:37:52.0000002,11.35085
2009-04-05 09:48:20.0000001,4.6409583
2009-11-25 19:32:52.0000001,11.591666
2011-10-04 09:37:00.00000099,6.302882
2011-10-04 09:37:00.00000019,9.43965
2011-10-04 09:37:00.000000132,17.98769
2011-10-04 09:37:00.00000043,37.967186
2011-10-04 09:37:00.000000122,30.528177
2011-10-04 09:37:00.0000002,10.9973135
2011-10-04 09:37:00.000000109,5.8567905
2014-04-29 08:15:56.0000003,7.656521
2014-12-24 03:00:00.00000035,4.904977
2009-10-04 22:54:56.0000001,21.590769
2015-04-11 20:31:32.0000008,9.65602
2015-04-11 20:31:32.00000013,13.227428
2011-02-06 17:08:24.0000003,6.8570786
2014-04-27 02:57:00.00000010,15.299619
2014-04-27 02:57:00.00000053,8.101263
2014-04-27 02:57:00.000000128,5.8112965
2014-04-27 02:57:00.0000008,9.048443
2014-04-27 02:57:00.00000067,10.813199
2014-04-27 02:57:00.0000009,4.727076
2014-04-27 02:57:00.000000159,13.859187
2014-04-27 02:57:00.000000127,11.342544
2014-04-27 02:57:00.000000112,9.797903
2011-12-13 22:00:00.000000147,14.665457
2011-12-13 22:00:00.000000164,5.4687066
2011-12-13 22:00:00.00000078,6.282928
2011-12-13 22:00:00.000000103,8.8402405
2011-12-13 22:00:00.000000226,6.5528803
2011-12-13 22:00:00.000000215,9.453292
2011-12-13 22:00:00.00000013,9.44863
2011-12-13 22:00:00.000000258,6.734897
2011-12-13 22:00:00.00000087,42.300747
2011-12-13 22:00:00.000000270,5.374592
2011-12-13 22:00:00.00000073,8.508549
2011-12-13 22:00:00.000000203,5.1141443
2011-12-13 22:00:00.000000184,4.241474
2011-12-13 22:00:00.00000019,6.2096863
2011-12-13 22:00:00.000000101,25.328503
2011-12-13 22:00:00.000000122,19.82439
2011-12-13 22:00:00.000000190,7.4982076
2011-12-13 22:00:00.00000021,5.1157613
2011-12-13 22:00:00.00000051,7.6180077
2011-12-13 22:00:00.00000036,8.222953
2011-12-13 22:00:00.00000022,6.624694
2009-04-12 16:00:56.0000002,12.120485
2014-03-05 21:07:12.0000001,5.245004
2015-04-11 14:16:12.0000009,6.240519
2014-07-21 18:19:00.000000203,8.6521635
2014-07-21 18:19:00.000000229,12.357129
2014-07-21 18:19:00.000000146,6.1565447
2014-07-21 18:19:00.000000108,9.641483
2014-07-21 18:19:00.000000171,6.4586225
2014-07-21 18:19:00.00000090,13.917766
2014-07-21 18:19:00.00000020,7.1178007
2014-07-21 18:19:00.00000059,23.880318
2014-07-21 18:19:00.000000185,7.5541544
2014-07-21 18:19:00.000000186,11.93149
2014-07-21 18:19:00.000000201,11.548578
2014-07-21 18:19:00.000000217,4.3243356
2014-07-21 18:19:00.00000017,8.410252
2014-07-21 18:19:00.00000079,10.128358
2014-07-21 18:19:00.00000087,8.787431
2011-06-13 09:55:04.0000003,14.787636
2010-09-20 16:48:00.00000025,11.566021
2010-09-20 16:48:00.00000085,44.773823
2010-09-20 16:48:00.00000069,29.773148
2010-09-20 16:48:00.00000086,8.126235
2010-09-20 16:48:00.00000021,10.404722
2010-09-20 16:48:00.00000024,8.113251
2010-09-20 16:48:00.000000100,9.865904
2010-09-20 16:48:00.0000008,16.634369
2010-09-20 16:48:00.00000074,12.746936
2012-08-20 14:47:36.0000002,9.157725
2014-12-01 00:12:44.0000002,30.431087
2009-03-16 09:55:24.0000001,6.178624
2011-03-06 21:01:00.00000017,6.7967334
2011-03-06 21:01:00.000000161,6.6163673
2011-03-06 21:01:00.000000170,7.3534803
2011-03-06 21:01:00.00000078,8.980358
2011-03-06 21:01:00.000000160,8.693946
2013-02-26 01:38:20.0000001,6.757111
2014-09-22 07:14:16.0000001,6.212521
2010-10-05 02:09:00.00000017,6.474022
2010-10-05 02:09:00.00000024,15.565107
2010-10-05 02:09:00.00000020,5.1239367
2011-04-16 21:23:16.0000001,6.3880625
2013-10-05 19:51:04.0000001,7.756269
2011-10-07 22:08:20.0000005,8.491572
2012-03-14 19:10:48.0000003,4.556996
2009-06-21 04:28:48.0000001,14.622551
2011-06-25 11:42:36.0000001,9.35359
2012-01-26 07:33:00.000000145,7.068671
2012-01-26 07:33:00.00000030,4.256443
2012-01-26 07:33:00.000000121,5.105161
2012-01-26 07:33:00.000000151,9.276983
2012-01-26 07:33:00.00000044,7.0440097
2015-03-20 23:34:40.0000009,17.835482
2015-03-20 23:34:40.0000005,7.0396314
2015-05-21 07:08:08.0000001,9.612333
2010-12-09 07:29:00.000000156,5.1590405
2010-12-09 07:29:00.0000002,7.5856185
2010-12-09 07:29:00.00000081,13.589258
2010-08-21 23:02:28.0000003,12.615736
2009-10-29 10:48:40.0000003,7.964923
2015-02-01 00:48:44.0000003,7.7876787
2015-02-01 00:48:44.0000005,5.5228133
2011-12-06 11:07:40.0000002,6.8540545
2011-12-06 11:07:40.0000003,14.708831
2013-05-18 15:28:40.0000001,9.135667
2013-09-01 17:57:04.0000001,8.060188
2015-02-21 18:39:16.0000001,15.275309
2013-07-22 15:05:16.0000005,10.235801
2010-12-25 13:54:12.0000002,7.0574765
2013-11-29 20:09:12.0000001,17.035162
2011-10-25 20:34:20.0000002,10.106769
2012-11-20 21:54:00.000000152,5.5392466
2012-11-20 21:54:00.00000071,28.066746
2012-11-20 21:54:00.00000078,11.065226
2012-11-20 21:54:00.00000073,9.607103
2012-11-20 21:54:00.00000066,11.202002
2012-11-20 21:54:00.000000189,7.466388
2012-11-20 21:54:00.00000016,13.502907
2012-11-20 21:54:00.0000007,10.28775
2012-11-20 21:54:00.000000161,14.438416
2012-11-20 21:54:00.000000174,9.293136
2012-11-20 21:54:00.00000084,9.898532
2012-11-20 21:54:00.000000173,7.666428
2014-06-23 00:16:00.00000086,8.665933
2014-06-23 00:16:00.00000042,48.93895
2014-06-23 00:16:00.00000010,6.485657
2011-09-30 03:23:32.0000001,13.113349
2011-01-03 21:51:28.0000003,7.4099226
2013-09-25 22:00:00.00000018,8.084201
2013-09-25 22:00:00.00000071,10.002088
2013-09-25 22:00:00.000000114,10.551336
2013-09-25 22:00:00.000000191,8.297903
2013-09-25 22:00:00.0000006,8.20485
2013-09-25 22:00:00.000000113,4.6836963
2013-09-25 22:00:00.000000212,5.1782613
2013-09-25 22:00:00.00000066,6.2179213
2011-07-06 18:07:44.0000004,5.2540736
2014-07-11 12:36:08.0000001,15.29429
2015-02-20 11:08:29.0000007,11.717165
2009-05-16 14:53:41.0000003,6.1189613
2010-07-01 22:11:33.0000003,5.194001
2014-10-07 11:52:13.0000008,7.2290626
2015-02-26 23:20:13.0000008,15.185944
2011-11-28 14:13:37.0000002,7.886055
2013-08-30 11:20:21.0000003,35.37292
2014-10-25 23:23:05.0000001,10.222946
2014-10-25 23:23:05.0000002,13.334218
2011-07-02 00:38:01.0000001,8.588503
2014-02-08 17:24:57.0000002,8.56141
2013-02-16 16:03:17.0000001,13.952319
2011-01-24 20:18:49.0000005,8.490122
2012-04-07 12:14:05.0000001,13.626817
2011-10-20 13:46:33.0000002,10.1440935
2013-11-29 15:09:45.0000003,7.957106
2014-06-22 14:49:13.0000002,36.838966
2009-08-28 23:01:41.0000002,7.265728
2010-06-11 13:37:21.0000003,9.529127
2013-06-17 06:37:49.0000002,4.401343
2015-06-02 09:11:17.0000002,41.87823
2014-12-07 19:56:45.0000001,14.568062
2013-04-23 13:19:17.0000001,8.181629
2013-11-28 13:17:13.0000003,6.1429114
2012-06-10 00:46:17.0000001,9.860336
2010-02-27 22:55:09.0000001,5.7708726
2012-04-14 14:20:33.0000002,7.8810573
2013-03-08 19:03:09.0000002,6.015782
2012-07-13 11:00:05.0000005,4.352256
2014-07-01 11:05:21.0000003,9.103255
2012-10-25 16:20:37.0000005,11.1512
2011-03-24 17:44:01.0000002,10.146001
2014-07-25 18:06:37.0000006,14.193088
2009-08-02 14:01:33.0000005,9.033708
2009-09-25 21:43:49.0000009,10.712918
2011-12-09 21:19:25.0000003,6.4464717
2011-12-09 21:19:25.0000004,10.041422
2012-02-08 11:14:49.0000003,16.298294
2012-07-18 22:34:53.0000002,5.082326
2012-07-18 22:34:53.0000004,6.5844197
2009-09-04 18:43:33.0000002,4.8000546
2011-04-23 11:01:49.0000002,29.676311
2014-10-28 22:42:33.0000004,5.0502105
2010-06-20 12:42:37.0000002,5.668433
2015-02-19 11:39:21.0000004,42.13328
2013-12-08 10:41:05.0000002,5.805403
2009-05-15 21:19:13.0000003,5.4821286
2011-08-18 08:36:13.0000005,5.4080396
2012-12-20 23:43:09.0000004,18.93447
2009-06-13 18:40:13.0000001,13.901958
2009-01-06 07:36:34.0000001,8.390291
2015-04-12 21:56:22.0000003,8.846805
2010-03-21 16:52:58.0000003,8.359819
2013-07-09 21:59:42.0000001,27.913412
2012-06-23 09:43:42.0000002,4.5687785
2012-06-23 09:43:42.0000004,5.2341657
2013-10-26 10:46:46.0000003,37.494072
2013-09-14 18:51:46.0000001,7.1365128
2009-11-23 19:06:14.0000001,7.299585
2010-01-24 14:09:58.0000002,6.0149107
2011-12-10 23:39:06.0000003,5.252929
2011-01-15 04:13:38.0000001,6.015253
2011-03-03 21:31:42.0000003,5.54303
2012-08-04 23:34:58.0000003,11.547026
2015-04-10 11:56:54.0000006,7.7096324
2015-05-05 12:32:14.0000008,17.692362
2013-10-13 19:52:54.0000002,45.23598
2015-06-25 01:01:46.0000004,12.575008
2009-05-19 15:44:30.0000002,29.600246
2010-02-06 17:37:10.0000002,6.1702747
2013-01-14 18:42:54.0000003,7.6039157
2014-01-05 17:47:02.0000001,12.680144
2009-07-28 11:13:10.0000002,7.46905
2012-01-12 18:05:10.0000002,23.747524
2010-12-21 08:46:02.0000006,5.4859967
2013-11-24 03:44:46.0000003,19.328331
2013-06-30 03:37:26.0000003,14.597342
2011-05-26 21:36:54.0000004,6.547039
2009-03-11 21:46:54.0000002,10.329141
2012-12-26 17:12:30.0000002,12.186592
2013-04-21 19:50:54.0000001,11.024021
2013-02-06 18:21:18.0000001,10.412764
2013-07-21 11:41:26.0000003,11.290107
2011-09-17 15:41:06.0000004,13.303016
2015-06-21 17:16:10.0000005,12.161867
2015-02-27 19:36:02.00000013,8.463547
2015-06-15 01:00:06.0000001,4.6667075
2014-03-08 16:08:26.0000001,4.3731
2014-03-08 16:08:26.0000003,8.12839
2014-09-13 19:05:02.0000002,7.775643
2010-12-04 21:08:38.0000004,18.0341
2010-03-07 00:47:26.0000001,5.100476
2009-12-30 16:54:50.0000001,20.531782
2009-03-11 16:02:14.0000007,11.969491
2010-03-13 01:23:10.0000001,5.411529
2012-05-30 02:28:50.0000002,7.8558493
2010-09-04 18:31:42.0000003,6.3393984
2009-11-20 23:19:58.0000003,8.23945
2011-09-22 20:05:22.0000003,10.422945
2009-02-08 00:04:06.0000001,25.324203
2014-05-17 10:51:46.0000003,12.755575
2010-05-06 11:35:26.0000002,10.811311
2011-10-01 00:42:26.0000001,6.7033896
2014-12-26 20:19:38.0000001,6.7424726
2015-04-22 09:54:06.0000004,12.112649
2009-01-25 21:17:18.0000001,10.6540785
2011-08-01 17:44:30.0000003,20.277084
2012-03-25 04:50:39.0000001,28.713257
2012-12-26 18:28:55.0000004,9.335591
2011-07-06 19:56:23.0000005,13.29146
2012-08-19 12:06:39.0000002,12.599885
2015-04-28 20:15:27.0000004,6.8751965
2015-04-28 20:15:27.0000007,7.7175417
2014-06-07 12:21:11.0000002,36.489845
2013-12-22 21:24:47.0000001,9.037388
2011-11-23 21:07:43.0000004,7.8682
2011-08-08 11:18:15.0000001,7.3880954
2015-05-20 19:39:11.0000004,8.954014
2015-03-20 16:33:07.0000003,43.99053
2015-04-26 21:44:23.0000002,5.0933766
2010-10-09 15:48:51.0000004,5.195016
2012-04-27 22:32:19.0000002,7.2838006
2012-10-12 15:21:55.0000002,12.5569105
2009-12-26 09:23:19.0000001,6.3970394
2014-11-30 15:46:23.0000002,5.076671
2010-06-22 14:25:19.0000007,9.532205
2013-01-03 11:41:47.0000002,25.858416
2015-01-12 17:05:51.0000005,36.290905
2013-04-07 00:24:27.0000002,6.837938
2010-01-13 08:28:59.0000002,4.7014275
2012-06-16 14:33:19.0000001,7.1628914
2009-03-25 01:20:55.0000002,9.592999
2010-07-13 07:38:03.0000003,15.050269
2012-11-09 18:17:35.0000004,5.908001
2009-06-21 00:54:23.0000002,8.233227
2009-12-23 20:14:19.0000004,7.730885
2013-11-29 21:36:07.0000003,6.024559
2012-06-09 22:57:15.0000003,6.02874
2010-10-22 20:56:51.0000002,7.07712
2011-02-21 23:46:07.0000002,16.945732
2012-07-30 18:18:19.0000001,27.555044
2010-06-02 19:45:19.0000003,7.249023
2009-05-21 20:50:31.0000003,5.909012
2014-11-11 12:10:59.0000001,14.869931
2012-09-09 23:40:03.0000003,10.173202
2011-04-28 01:29:51.0000001,6.025652
2009-09-28 19:21:59.0000003,16.04327
2012-10-21 19:47:23.0000002,17.096994
2013-06-04 23:58:11.0000006,10.007113
2014-08-08 17:32:47.0000005,57.944435
2011-01-04 10:12:51.0000002,9.714637
2011-10-26 17:48:43.0000006,13.516838
2009-12-19 21:56:15.0000003,5.0445967
2010-06-13 19:39:51.0000001,5.832113
2015-02-14 09:08:11.0000001,56.255527
2015-02-14 09:08:11.0000004,9.950993
2013-01-09 02:05:51.0000001,12.400549
2013-06-21 02:39:47.0000002,5.323363
2011-10-07 12:38:19.0000001,6.8689957
2013-02-02 16:07:55.0000004,14.215619
2014-04-05 01:52:27.0000004,9.769147
2014-04-05 01:52:27.0000003,16.25341
2010-02-23 20:29:51.0000001,5.3093576
2014-07-01 15:15:23.0000003,6.411373
2012-12-01 21:12:12.0000001,27.00787
2014-06-14 13:39:00.00000071,6.7709007
2013-11-09 18:52:40.0000001,11.080202
2013-11-09 18:52:40.0000003,12.148423
2014-12-30 20:29:24.0000002,8.467011
2010-05-10 10:37:04.0000004,12.372125
2013-07-12 23:33:24.0000002,18.886648
2009-06-10 16:55:00.000000132,7.333287
2009-06-10 16:55:00.000000163,10.793144
2009-06-10 16:55:00.00000084,15.387498
2009-03-22 04:31:40.0000001,14.817348
2011-06-24 12:03:00.0000009,9.490727
2011-06-24 12:03:00.000000174,33.377068
2011-06-24 12:03:00.000000158,10.746926
2014-06-15 07:06:00.00000044,53.825
2015-05-30 21:29:04.0000006,8.90463
2009-09-14 02:19:00.00000037,13.873779
2011-10-02 22:31:44.0000001,21.038671
2011-07-20 16:34:48.0000002,9.918657
2011-06-01 07:37:00.00000012,14.308549
2011-06-01 07:37:00.000000111,10.865657
2011-06-01 07:37:00.00000014,9.175319
2010-08-27 18:45:00.0000002,14.841572
2010-08-27 18:45:00.000000118,7.0658474
2010-08-27 18:45:00.000000143,7.0556235
2010-08-27 18:45:00.000000233,20.050472
2010-08-27 18:45:00.000000156,8.12569
2010-08-27 18:45:00.000000167,6.472966
2010-08-27 18:45:00.000000168,6.7381215
2010-08-27 18:45:00.000000149,6.89044
2010-08-27 18:45:00.00000091,6.3475757
2010-08-27 18:45:00.000000126,7.132628
2010-08-27 18:45:00.00000020,9.328916
2010-08-14 02:13:00.000000154,6.3530803
2010-08-14 02:13:00.00000098,6.0653477
2015-04-16 22:32:48.0000003,19.492586
2014-03-25 23:47:00.00000021,30.575785
2014-03-25 23:47:00.00000084,14.057762
2010-09-29 16:43:00.000000161,9.365194
2010-09-29 16:43:00.00000093,29.718967
2014-10-27 14:58:00.00000088,10.733566
2014-10-27 14:58:00.00000092,58.174805
2014-10-27 14:58:00.00000094,7.8510895
2012-11-03 17:11:00.00000013,8.129441
2012-11-03 17:11:00.0000001,5.45985
2012-11-03 17:11:00.000000150,9.033347
2011-05-28 17:29:44.0000002,5.9432964
2013-09-28 00:06:20.0000005,8.109467
2013-09-28 00:06:20.0000003,19.602713
2011-03-11 01:44:00.00000095,4.404818
2011-03-11 01:44:00.00000029,6.4034157
2011-10-04 09:37:00.00000080,31.725218
2011-10-04 09:37:00.000000113,14.334888
2011-10-04 09:37:00.000000160,8.227606
2011-10-04 09:37:00.0000006,7.206869
2014-12-24 03:00:00.00000020,86.67709
2009-05-16 23:36:24.0000003,4.3405213
2014-04-27 02:57:00.00000064,30.450804
2014-04-27 02:57:00.00000083,14.57047
2014-04-27 02:57:00.00000069,18.619211
2014-04-27 02:57:00.0000007,10.004583
2011-12-13 22:00:00.000000102,15.250566
2011-12-13 22:00:00.000000214,27.92941
2011-12-13 22:00:00.000000128,10.10889
2011-12-13 22:00:00.000000249,8.092321
2011-12-13 22:00:00.00000052,14.92242
2011-12-13 22:00:00.000000168,5.6398044
2011-12-13 22:00:00.00000079,8.678453
2011-12-13 22:00:00.00000050,6.9514155
2015-04-11 14:16:12.0000005,6.2170763
2014-07-21 18:19:00.000000205,8.12841
2014-07-21 18:19:00.00000023,21.51889
2014-07-21 18:19:00.00000046,13.6085205
2014-07-21 18:19:00.00000096,17.123426
2014-07-21 18:19:00.000000156,34.457787
2010-09-20 16:48:00.0000002,9.705527
2010-09-20 16:48:00.000000156,7.246009
2010-09-20 16:48:00.00000041,9.804915
2010-09-20 16:48:00.00000083,6.9474916
2010-09-20 16:48:00.000000122,14.041611
2011-03-06 21:01:00.00000036,7.2662473
2011-03-06 21:01:00.00000019,5.6018543
2011-03-06 21:01:00.000000123,10.10474
2011-03-06 21:01:00.000000166,8.046431
2011-03-06 21:01:00.000000140,14.248264
2011-03-06 21:01:00.00000060,7.0011287
2012-05-23 16:25:16.0000001,50.29997
2011-04-16 21:23:16.0000003,4.3087044
2013-10-05 19:51:04.0000004,6.9859047
2012-03-14 19:10:48.0000007,7.086159
2012-01-26 07:33:00.00000064,15.124198
2012-01-26 07:33:00.000000131,4.9741554
2012-01-26 07:33:00.00000071,5.4434557
2012-01-26 07:33:00.00000028,14.925973
2012-01-26 07:33:00.00000072,7.2003326
2010-12-09 07:29:00.00000093,10.381571
2010-12-09 07:29:00.000000123,8.543281
2010-12-09 07:29:00.00000056,7.304497
2014-05-17 02:47:12.0000001,6.969929
2009-01-22 12:27:20.0000001,13.534388
2011-04-23 21:22:20.0000002,4.7001505
2012-11-20 21:54:00.00000062,7.65471
2012-11-20 21:54:00.000000207,10.234645
2012-11-20 21:54:00.00000014,5.8131375
2012-11-20 21:54:00.000000246,19.138462
2012-11-20 21:54:00.000000164,54.418167
2014-06-23 00:16:00.00000011,21.99196
2014-06-23 00:16:00.00000091,9.286192
2013-09-25 22:00:00.000000144,11.095986
2013-09-25 22:00:00.000000100,56.988903
2013-09-25 22:00:00.000000166,11.511209
2013-09-25 22:00:00.000000105,15.9310465
2013-09-25 22:00:00.00000015,10.23244
2011-07-06 18:07:44.0000002,47.521584
2009-05-16 14:53:41.0000002,10.293878
2013-10-17 22:21:57.0000003,11.844041
2015-03-04 21:42:57.00000011,8.619519
2011-03-22 12:59:49.0000001,12.106417
2013-07-05 00:58:17.0000004,15.961262
2010-01-30 00:57:21.0000001,5.5694456
2012-04-02 08:39:21.0000002,13.162447
2010-07-25 04:03:17.0000001,44.22906
2012-07-01 22:30:29.0000002,19.347286
2014-02-08 17:24:57.0000003,19.309223
2012-06-02 01:16:05.0000003,4.429924
2012-06-02 01:16:05.0000001,6.3976636
2014-01-11 06:18:37.0000001,5.487294
2012-12-09 22:30:13.0000005,6.5940785
2011-10-01 15:04:57.0000002,6.5361733
2012-01-01 00:37:29.0000004,8.610993
2012-04-14 14:20:33.0000003,11.17396
2010-02-01 20:28:45.0000004,8.28918
2013-08-19 16:21:05.0000001,17.987972
2014-06-05 22:56:05.0000004,7.950293
2013-11-07 22:25:25.0000004,20.42807
2010-06-19 03:06:33.0000001,16.258398
2012-07-18 09:44:53.0000003,7.0189953
2009-09-25 21:43:49.0000002,7.018418
2009-09-04 18:43:33.0000001,7.4809456
2012-10-20 00:36:37.0000001,9.708651
2014-06-19 22:37:09.0000002,29.708843
2012-12-20 23:43:09.0000001,20.773527
2015-05-23 01:00:22.0000002,9.59803
2012-11-18 14:55:42.0000001,8.19387
2010-01-24 14:09:58.0000003,5.2430873
2014-07-27 11:25:18.0000003,19.81428
2009-03-15 03:31:14.0000004,4.2547984
2010-09-24 22:40:06.0000004,6.3494287
2009-04-18 23:09:34.0000001,34.50468
2014-08-26 16:39:54.0000001,17.13744
2009-05-31 20:56:38.0000004,5.768971
2015-05-29 10:02:42.0000002,7.65674
2011-04-17 14:55:58.0000002,6.674909
2011-05-26 21:36:54.0000003,7.255066
2011-05-26 21:36:54.0000002,9.401489
2013-11-23 16:33:30.0000002,10.144822
2009-06-03 09:11:30.0000001,9.188534
2010-12-04 21:08:38.0000005,7.443778
2013-09-07 19:43:18.0000003,10.211123
2011-03-10 18:16:14.0000005,6.0829787
2011-05-19 02:06:46.0000002,5.849474
2009-08-03 17:06:06.0000002,19.472504
2015-04-14 19:20:46.0000008,7.8206654
2011-09-08 13:39:06.0000002,8.9136095
2012-03-03 02:30:54.0000003,13.842338
2012-12-27 21:01:54.0000004,6.5792794
2012-12-27 21:01:54.0000005,11.349561
2014-06-20 02:16:34.0000002,6.315765
2014-01-14 18:48:06.0000008,9.514789
2011-09-03 00:03:42.0000008,7.624409
2013-07-02 22:27:14.0000004,17.845732
2013-07-02 22:27:14.0000001,6.5192504
2015-05-09 11:33:58.0000002,10.182769
2015-03-28 19:31:26.0000003,14.652662
2013-08-08 14:38:43.0000002,10.158629
2009-11-19 22:48:27.0000001,40.692047
2011-07-06 19:56:23.0000001,14.367256
2015-06-18 20:56:55.0000002,5.6517625
2015-02-14 13:15:19.0000002,7.7650113
2013-01-12 22:40:39.0000002,8.557766
2013-03-23 15:41:07.0000002,37.553917
2010-01-31 00:33:03.0000006,7.1222425
2014-06-09 14:51:39.0000001,9.53524
2015-03-20 16:33:07.0000004,16.359873
2015-01-04 00:28:11.0000004,6.173497
2010-10-04 16:17:03.0000001,10.795828
2011-05-17 07:53:55.0000003,5.8129888
2012-12-26 20:55:27.0000001,5.2682877
2012-12-26 20:55:27.0000003,4.8755655
2011-12-17 16:19:47.0000002,11.183268
2010-02-15 10:14:23.0000001,29.774424
2010-12-11 16:12:35.0000003,6.407284
2011-12-11 11:05:51.0000002,10.501779
2014-06-14 12:32:11.0000001,10.475031
2012-06-09 22:57:15.0000001,7.733855
2009-05-21 20:50:31.0000004,4.7394714
2010-09-22 09:42:31.0000005,9.682998
2014-07-08 10:21:39.0000007,21.568523
2012-09-16 18:14:55.0000002,17.26343
2013-10-05 13:45:39.0000001,7.453279
2014-07-31 10:39:39.0000001,13.684638
2013-02-16 14:26:51.0000001,12.0837
2014-01-04 10:54:59.0000004,52.68713
2015-03-07 15:25:59.0000005,8.866244
2009-04-16 15:57:31.0000003,6.448724
2011-10-23 17:43:43.0000002,7.916514
2014-06-14 13:39:00.000000189,10.431157
2014-06-14 13:39:00.000000153,9.876069
2014-06-14 13:39:00.00000088,5.188458
2014-06-14 13:39:00.000000157,14.213448
2014-06-14 13:39:00.00000046,7.47247
2014-06-14 13:39:00.000000110,6.650757
2014-06-14 13:39:00.000000106,34.1497
2014-06-14 13:39:00.00000019,13.9786005
2014-06-14 13:39:00.000000186,7.116477
2014-06-14 13:39:00.00000037,8.6135645
2014-06-14 13:39:00.00000057,11.509878
2014-06-14 13:39:00.000000127,12.5315075
2014-06-14 13:39:00.0000009,39.987988
2014-06-14 13:39:00.000000173,9.161695
2014-06-14 13:39:00.00000027,5.926957
2014-06-14 13:39:00.000000100,7.678305
2011-10-02 23:36:00.00000060,18.2992
2011-10-02 23:36:00.00000057,16.497768
2011-10-02 23:36:00.00000044,5.147741
2011-10-02 23:36:00.00000087,22.236914
2011-10-02 23:36:00.00000084,9.208781
2011-10-02 23:36:00.00000046,11.320967
2011-10-02 23:36:00.0000006,5.7672367
2011-10-02 23:36:00.00000033,36.74152
2011-10-02 23:36:00.00000064,18.452421
2011-10-02 23:36:00.00000094,6.7032847
2011-10-02 23:36:00.00000049,5.281076
2011-10-02 23:36:00.00000066,8.031522
2011-10-02 23:36:00.00000080,9.170998
2011-10-02 23:36:00.00000029,26.333082
2011-10-02 23:36:00.00000055,3.9339788
2011-10-02 23:36:00.00000079,14.501439
2011-10-02 23:36:00.00000053,9.593768
2009-06-10 16:55:00.00000014,7.053312
2009-06-10 16:55:00.00000052,8.060247
2009-06-10 16:55:00.00000065,8.111357
2009-06-10 16:55:00.000000169,12.7105
2009-06-10 16:55:00.000000172,7.462043
2009-06-10 16:55:00.000000105,5.9011397
2009-06-10 16:55:00.00000073,4.1154394
2009-06-10 16:55:00.000000157,10.111123
2009-06-10 16:55:00.000000156,5.178312
2009-06-10 16:55:00.000000116,7.533573
2009-06-10 16:55:00.00000022,5.4134216
2009-06-10 16:55:00.00000013,7.254041
2009-06-10 16:55:00.000000126,4.7363296
2009-06-10 16:55:00.00000023,7.4837933
2009-06-10 16:55:00.00000086,5.979346
2009-06-10 16:55:00.00000040,11.630016
2009-06-10 16:55:00.00000058,7.9639874
2009-06-10 16:55:00.000000170,5.00849
2009-06-10 16:55:00.00000027,10.699141
2009-06-10 16:55:00.00000011,12.890287
2009-06-10 16:55:00.000000129,6.4888372
2009-06-10 16:55:00.000000121,5.1816525
2009-06-10 16:55:00.00000080,7.9428434
2009-06-10 16:55:00.00000089,7.466992
2009-06-10 16:55:00.000000103,7.51744
2009-06-10 16:55:00.00000051,8.276945
2009-06-10 16:55:00.00000063,28.873816
2009-06-10 16:55:00.000000106,4.7590485
2009-06-10 16:55:00.00000091,7.1621385
2009-06-10 16:55:00.00000095,15.146218
2009-06-10 16:55:00.000000137,5.1625357
2009-06-10 16:55:00.000000113,4.419428
2009-06-10 16:55:00.000000173,6.61054
2009-06-10 16:55:00.00000077,5.638898
2009-06-10 16:55:00.00000036,6.7485137
2011-06-24 12:03:00.000000148,5.1823387
2011-06-24 12:03:00.00000070,5.4245625
2011-06-24 12:03:00.000000129,9.585908
2011-06-24 12:03:00.000000130,4.984447
2011-06-24 12:03:00.000000160,9.483711
2011-06-24 12:03:00.000000167,29.405313
2011-06-24 12:03:00.00000059,7.94085
2011-06-24 12:03:00.000000128,8.285792
2011-06-24 12:03:00.000000112,4.4767594
2011-06-24 12:03:00.000000134,6.7715397
2011-06-24 12:03:00.00000021,13.870255
2011-06-24 12:03:00.00000039,11.360079
2011-06-24 12:03:00.00000083,14.559208
2011-06-24 12:03:00.00000029,5.933283
2011-06-24 12:03:00.00000037,8.814701
2011-06-24 12:03:00.0000004,12.744857
2011-06-24 12:03:00.000000117,32.536724
2011-06-24 12:03:00.000000147,4.4390216
2011-06-24 12:03:00.00000043,6.9686923
2011-06-24 12:03:00.000000172,9.389546
2011-06-24 12:03:00.00000011,7.8486075
2011-06-24 12:03:00.00000036,4.140571
2011-06-24 12:03:00.00000015,5.055794
2011-06-24 12:03:00.00000065,7.609316
2011-06-24 12:03:00.000000169,33.682262
2011-06-24 12:03:00.000000164,12.984465
2011-06-24 12:03:00.000000163,5.6480994
2011-06-24 12:03:00.00000096,7.8282285
2011-06-24 12:03:00.00000030,12.440866
2014-06-15 07:06:00.00000018,8.272525
2014-06-15 07:06:00.00000034,20.224056
2014-06-15 07:06:00.00000022,56.094143
2014-06-15 07:06:00.00000012,5.959822
2014-06-15 07:06:00.0000005,9.271074
2014-06-15 07:06:00.00000023,4.9364853
2014-06-15 07:06:00.0000001,10.3734
2009-09-14 02:19:00.0000005,4.7929506
2009-09-14 02:19:00.00000032,4.9116774
2009-09-14 02:19:00.00000015,4.9907885
2009-09-14 02:19:00.00000029,6.337225
2009-09-14 02:19:00.00000012,5.8532224
2009-09-14 02:19:00.00000019,12.46431
2011-06-01 07:37:00.000000193,4.769124
2011-06-01 07:37:00.000000135,4.318291
2011-06-01 07:37:00.000000124,8.783889
2011-06-01 07:37:00.00000071,7.349484
2011-06-01 07:37:00.000000191,16.27904
2011-06-01 07:37:00.00000073,5.2263446
2011-06-01 07:37:00.000000134,11.096189
2011-06-01 07:37:00.000000195,10.6292925
2011-06-01 07:37:00.000000130,8.645691
2011-06-01 07:37:00.00000039,8.057062
2011-06-01 07:37:00.000000188,13.654169
2011-06-01 07:37:00.00000030,8.375943
2011-06-01 07:37:00.00000040,11.9501
2011-06-01 07:37:00.00000011,9.325299
2011-06-01 07:37:00.00000093,6.593191
2011-06-01 07:37:00.000000121,49.434864
2011-06-01 07:37:00.000000224,6.1523085
2011-06-01 07:37:00.000000153,8.222064
2011-06-01 07:37:00.00000033,4.762146
2011-06-01 07:37:00.000000213,8.272495
2011-06-01 07:37:00.00000076,5.573115
2011-06-01 07:37:00.00000018,6.4448757
2011-06-01 07:37:00.00000021,10.374523
2011-06-01 07:37:00.000000126,11.688699
2011-06-01 07:37:00.000000202,6.0124025
2011-06-01 07:37:00.00000035,8.034621
2011-06-01 07:37:00.000000216,9.955256
2011-06-01 07:37:00.00000067,7.4253054
2011-06-01 07:37:00.00000013,8.592637
2011-06-01 07:37:00.00000024,8.602584
2011-06-01 07:37:00.000000148,4.1251607
2011-06-01 07:37:00.000000200,5.0515933
2011-06-01 07:37:00.00000042,9.117626
2011-06-01 07:37:00.00000066,11.845895
2011-06-01 07:37:00.00000056,10.974333
2011-06-01 07:37:00.00000063,14.215548
2011-06-01 07:37:00.0000009,8.497866
2011-06-01 07:37:00.000000187,6.60177
2011-06-01 07:37:00.000000225,5.992491
2010-08-27 18:45:00.0000009,39.69288
2010-08-27 18:45:00.000000120,6.4505444
2010-08-27 18:45:00.00000019,8.143714
2010-08-27 18:45:00.0000001,8.074563
2010-08-27 18:45:00.00000080,4.728634
2010-08-27 18:45:00.00000082,5.688354
2010-08-27 18:45:00.000000180,9.75783
2010-08-27 18:45:00.00000058,15.2409115
2010-08-27 18:45:00.000000178,27.23759
2010-08-27 18:45:00.000000117,7.289417
2010-08-27 18:45:00.00000079,11.385337
2010-08-27 18:45:00.000000200,5.393375
2010-08-27 18:45:00.000000108,5.844961
2010-08-27 18:45:00.00000098,7.0971513
2010-08-27 18:45:00.00000059,49.25166
2010-08-27 18:45:00.000000138,16.602232
2010-08-27 18:45:00.000000232,7.864554
2010-08-27 18:45:00.00000032,24.455393
2010-08-27 18:45:00.00000047,7.2175484
2010-08-27 18:45:00.000000100,9.689767
2010-08-27 18:45:00.000000154,7.2462444
2010-08-27 18:45:00.000000211,7.5821757
2010-08-27 18:45:00.000000114,6.908738
2010-08-27 18:45:00.00000042,5.577426
2010-08-27 18:45:00.000000104,18.27371
2010-08-27 18:45:00.000000162,9.217875
2010-08-27 18:45:00.00000095,5.0281963
2010-08-27 18:45:00.000000150,8.795595
2010-08-27 18:45:00.00000052,16.032606
2010-08-27 18:45:00.000000225,5.674321
2010-08-27 18:45:00.00000064,7.909875
2010-08-27 18:45:00.000000215,6.6926003
2010-08-27 18:45:00.000000206,5.5030046
2010-08-27 18:45:00.000000122,6.7510314
2010-08-27 18:45:00.000000221,9.416518
2010-08-27 18:45:00.00000027,6.256744
2010-08-27 18:45:00.000000115,6.042069
2010-08-27 18:45:00.000000218,8.035042
2010-08-27 18:45:00.000000212,12.327637
2010-08-27 18:45:00.000000229,7.169225
2010-08-27 18:45:00.000000213,10.630674
2010-08-27 18:45:00.00000099,39.39233
2010-08-27 18:45:00.000000176,14.768759
2010-08-27 18:45:00.000000132,17.714146
2010-08-27 18:45:00.0000007,7.5320506
2010-08-27 18:45:00.000000151,32.07156
2010-08-27 18:45:00.000000137,13.270096
2010-08-27 18:45:00.00000021,35.027885
2010-08-27 18:45:00.000000185,5.1071205
2010-08-27 18:45:00.00000041,7.673943
2010-08-14 02:13:00.000000129,8.539543
2010-08-14 02:13:00.0000006,12.358331
2010-08-14 02:13:00.00000045,8.661481
2010-08-14 02:13:00.000000117,13.889788
2010-08-14 02:13:00.00000079,14.238785
2010-08-14 02:13:00.000000112,6.1738696
2010-08-14 02:13:00.00000088,19.992086
2010-08-14 02:13:00.0000005,7.4638567
2010-08-14 02:13:00.00000016,9.693895
2010-08-14 02:13:00.0000002,7.210242
2010-08-14 02:13:00.00000071,25.250736
2010-08-14 02:13:00.00000019,7.8040447
2010-08-14 02:13:00.000000113,4.9069743
2010-08-14 02:13:00.000000151,6.33273
2010-08-14 02:13:00.000000104,11.3911915
2010-08-14 02:13:00.00000095,17.286327
2010-08-14 02:13:00.00000053,6.504191
2010-08-14 02:13:00.00000046,7.7875147
2010-08-14 02:13:00.00000011,16.274685
2010-08-14 02:13:00.000000124,19.276184
2010-08-14 02:13:00.000000153,19.829199
2010-08-14 02:13:00.00000081,33.772366
2010-08-14 02:13:00.00000062,10.322665
2010-08-14 02:13:00.000000103,14.203924
2010-08-14 02:13:00.000000144,6.6218514
2010-08-14 02:13:00.00000082,6.998225
2010-08-14 02:13:00.00000093,5.4180727
2010-08-14 02:13:00.00000058,7.006957
2010-08-14 02:13:00.000000107,6.136589
2010-08-14 02:13:00.000000157,7.1308293
2010-08-14 02:13:00.00000013,5.1484694
2010-08-14 02:13:00.000000138,4.7195487
2010-08-14 02:13:00.000000119,13.095099
2010-08-14 02:13:00.00000065,4.1650996
2010-08-14 02:13:00.00000039,5.4507365
2010-08-14 02:13:00.000000118,6.347972
2010-08-14 02:13:00.00000048,13.420982
2010-08-14 02:13:00.00000067,13.467535
2010-08-14 02:13:00.00000096,19.982132
2010-08-14 02:13:00.00000091,14.074989
2010-08-14 02:13:00.000000114,5.8355894
2010-08-14 02:13:00.00000023,38.845284
2010-08-14 02:13:00.000000106,5.862807
2014-03-25 23:47:00.000000102,6.7728105
2014-03-25 23:47:00.00000026,21.74501
2014-03-25 23:47:00.00000042,14.112627
2014-03-25 23:47:00.00000051,4.9664493
2014-03-25 23:47:00.00000052,6.289992
2014-03-25 23:47:00.00000031,13.071789
2014-03-25 23:47:00.00000096,10.497672
2014-03-25 23:47:00.000000134,5.1130733
2014-03-25 23:47:00.00000019,18.337513
2014-03-25 23:47:00.00000020,8.838582
2014-03-25 23:47:00.000000115,25.112318
2014-03-25 23:47:00.00000035,4.440122
2014-03-25 23:47:00.000000132,19.869183
2014-03-25 23:47:00.00000085,34.49742
2014-03-25 23:47:00.00000064,55.688904
2014-03-25 23:47:00.00000011,6.6926003
2014-03-25 23:47:00.000000124,8.862913
2014-03-25 23:47:00.000000112,7.688684
2014-03-25 23:47:00.000000127,20.28
2014-03-25 23:47:00.00000028,16.466635
2014-03-25 23:47:00.00000055,8.1909275
2014-03-25 23:47:00.00000036,6.991161
2014-03-25 23:47:00.000000135,33.060734
2014-03-25 23:47:00.000000108,10.189438
2014-03-25 23:47:00.00000012,19.362286
2010-09-29 16:43:00.000000162,8.195598
2010-09-29 16:43:00.00000078,9.846706
2010-09-29 16:43:00.00000015,9.057601
2010-09-29 16:43:00.0000001,14.068859
2010-09-29 16:43:00.000000119,8.787539
2010-09-29 16:43:00.000000140,9.525377
2010-09-29 16:43:00.00000041,8.188755
2010-09-29 16:43:00.000000135,12.689914
2010-09-29 16:43:00.000000117,7.5620813
2010-09-29 16:43:00.00000059,13.908839
2010-09-29 16:43:00.00000014,7.0152044
2010-09-29 16:43:00.00000012,12.148723
2010-09-29 16:43:00.000000170,6.355698
2010-09-29 16:43:00.00000013,9.874681
2010-09-29 16:43:00.000000145,8.318057
2010-09-29 16:43:00.000000174,14.347736
2010-09-29 16:43:00.000000164,7.663378
2010-09-29 16:43:00.00000037,13.815048
2010-09-29 16:43:00.000000159,5.540146
2010-09-29 16:43:00.000000113,12.62627
2010-09-29 16:43:00.00000094,5.000471
2010-09-29 16:43:00.00000011,6.333232
2010-09-29 16:43:00.000000168,5.7451253
2010-09-29 16:43:00.000000114,45.741295
2010-09-29 16:43:00.00000019,6.5381765
2010-09-29 16:43:00.00000022,8.38638
2010-09-29 16:43:00.00000040,7.2918506
2010-09-29 16:43:00.00000016,7.5606556
2010-09-29 16:43:00.000000144,7.45233
2010-09-29 16:43:00.00000044,9.05665
2010-09-29 16:43:00.00000062,9.797832
2010-09-29 16:43:00.00000074,31.673431
2010-09-29 16:43:00.00000064,15.17482
2010-09-29 16:43:00.000000110,12.677407
2010-09-29 16:43:00.000000122,6.9257903
2010-09-29 16:43:00.000000142,4.70473
2010-09-29 16:43:00.00000080,5.710012
2014-10-27 14:58:00.000000149,57.4535
2014-10-27 14:58:00.000000125,12.881166
2014-10-27 14:58:00.000000130,9.451433
2014-10-27 14:58:00.000000146,7.0113955
2014-10-27 14:58:00.00000040,8.0673
2014-10-27 14:58:00.000000136,6.809888
2014-10-27 14:58:00.000000123,12.107459
2014-10-27 14:58:00.000000115,7.6042757
2014-10-27 14:58:00.00000046,6.2620754
2014-10-27 14:58:00.0000009,56.69243
2014-10-27 14:58:00.00000059,54.14709
2014-10-27 14:58:00.000000111,7.3476753
2014-10-27 14:58:00.00000054,57.015186
2014-10-27 14:58:00.00000024,8.658705
2014-10-27 14:58:00.00000065,11.902491
2014-10-27 14:58:00.00000087,13.672104
2014-10-27 14:58:00.00000099,7.2827864
2014-10-27 14:58:00.000000144,5.446575
2014-10-27 14:58:00.00000081,4.4888983
2014-10-27 14:58:00.00000056,10.108991
2012-11-03 17:11:00.000000115,7.3094234
2012-11-03 17:11:00.00000079,10.479799
2012-11-03 17:11:00.00000081,7.467275
2012-11-03 17:11:00.00000085,15.795244
2012-11-03 17:11:00.000000128,4.575586
2012-11-03 17:11:00.000000160,8.5046425
2012-11-03 17:11:00.000000118,6.790359
2012-11-03 17:11:00.00000076,9.239655
2012-11-03 17:11:00.000000114,7.8923593
2012-11-03 17:11:00.00000091,7.0385065
2012-11-03 17:11:00.00000060,10.084158
2012-11-03 17:11:00.000000155,10.214365
2012-11-03 17:11:00.000000117,11.68051
2012-11-03 17:11:00.000000105,5.261712
2012-11-03 17:11:00.0000007,22.979439
2012-11-03 17:11:00.00000055,7.2932134
2012-11-03 17:11:00.000000103,6.206622
2012-11-03 17:11:00.00000053,8.893615
2011-03-11 01:44:00.00000064,13.03313
2011-03-11 01:44:00.00000016,4.913252
2011-03-11 01:44:00.00000072,12.233148
2011-03-11 01:44:00.00000057,5.005628
2011-03-11 01:44:00.00000040,5.9183226
2011-03-11 01:44:00.00000021,18.293324
2011-03-11 01:44:00.00000046,10.02277
2011-03-11 01:44:00.00000034,7.0629888
2011-03-11 01:44:00.00000083,55.026966
2011-03-11 01:44:00.00000032,8.225489
2011-03-11 01:44:00.00000075,7.4935217
2011-03-11 01:44:00.00000085,7.876046
2011-03-11 01:44:00.00000044,6.05921
2011-03-11 01:44:00.0000005,8.699967
2011-03-11 01:44:00.00000074,13.855953
2011-03-11 01:44:00.00000041,9.180361
2011-03-11 01:44:00.00000042,8.412048
2011-03-11 01:44:00.00000035,10.171822
2011-03-11 01:44:00.00000052,4.2519565
2011-10-04 09:37:00.000000194,6.560354
2011-10-04 09:37:00.000000183,7.81898
2011-10-04 09:37:00.000000157,32.41431
2011-10-04 09:37:00.000000176,6.943126
2011-10-04 09:37:00.000000170,9.703655
2011-10-04 09:37:00.00000036,9.017727
2011-10-04 09:37:00.00000017,4.122192
2011-10-04 09:37:00.000000114,16.341858
2011-10-04 09:37:00.000000184,12.923926
2011-10-04 09:37:00.00000047,6.7040663
2011-10-04 09:37:00.00000055,7.5076947
2011-10-04 09:37:00.00000031,7.2565694
2011-10-04 09:37:00.00000049,46.933853
2011-10-04 09:37:00.0000005,4.848587
2011-10-04 09:37:00.00000067,4.796844
2011-10-04 09:37:00.000000134,11.53057
2011-10-04 09:37:00.00000025,5.845279
2011-10-04 09:37:00.000000185,7.313014
2011-10-04 09:37:00.000000180,7.804266
2011-10-04 09:37:00.00000088,8.784159
2011-10-04 09:37:00.000000108,9.884578
2011-10-04 09:37:00.000000107,10.945419
2011-10-04 09:37:00.00000062,20.163618
2011-10-04 09:37:00.00000045,4.944013
2011-10-04 09:37:00.00000028,11.025786
2011-10-04 09:37:00.00000057,6.355995
2011-10-04 09:37:00.00000013,9.385026
2011-10-04 09:37:00.00000056,11.87577
2011-10-04 09:37:00.000000106,6.8195705
2011-10-04 09:37:00.000000136,7.8681912
2014-12-24 03:00:00.0000005,22.645622
2014-12-24 03:00:00.00000017,20.214855
2014-12-24 03:00:00.00000036,17.552681
2014-12-24 03:00:00.00000033,4.433016
2014-12-24 03:00:00.00000026,18.759594
2014-12-24 03:00:00.00000031,19.691229
2014-12-24 03:00:00.00000015,10.481955
2015-02-12 05:37:56.0000001,4.7362075
2014-04-27 02:57:00.000000124,15.265189
2014-04-27 02:57:00.00000017,17.307358
2014-04-27 02:57:00.000000151,5.5759654
2014-04-27 02:57:00.000000168,4.3394775
2014-04-27 02:57:00.00000039,5.1149607
2014-04-27 02:57:00.00000097,14.403776
2014-04-27 02:57:00.00000033,5.3794904
2014-04-27 02:57:00.000000129,9.059006
2014-04-27 02:57:00.000000141,7.7174706
2014-04-27 02:57:00.00000074,13.254756
2014-04-27 02:57:00.00000047,18.794504
2014-04-27 02:57:00.00000076,11.0609
2014-04-27 02:57:00.000000142,6.7932587
2014-04-27 02:57:00.000000143,16.747717
2014-04-27 02:57:00.00000090,22.291595
2014-04-27 02:57:00.000000106,19.290028
2014-04-27 02:57:00.000000167,15.768885
2014-04-27 02:57:00.000000145,12.261264
2011-12-13 22:00:00.00000085,11.98594
2011-12-13 22:00:00.000000264,7.096067
2011-12-13 22:00:00.000000138,10.419981
2011-12-13 22:00:00.000000135,6.4303594
2011-12-13 22:00:00.000000197,5.1705494
2011-12-13 22:00:00.000000143,11.1188965
2011-12-13 22:00:00.000000134,4.715763
2011-12-13 22:00:00.00000033,11.2463
2011-12-13 22:00:00.00000058,7.0582886
2011-12-13 22:00:00.000000205,8.448062
2011-12-13 22:00:00.000000173,9.2423525
2011-12-13 22:00:00.000000248,6.306513
2011-12-13 22:00:00.00000074,6.532932
2011-12-13 22:00:00.00000098,4.1897426
2011-12-13 22:00:00.00000095,10.723745
2011-12-13 22:00:00.000000229,18.617334
2011-12-13 22:00:00.000000186,11.345281
2011-12-13 22:00:00.0000005,27.306757
2011-12-13 22:00:00.000000246,16.607357
2011-12-13 22:00:00.000000180,7.1596036
2011-12-13 22:00:00.00000044,6.152751
2011-12-13 22:00:00.000000110,7.5904255
2011-12-13 22:00:00.000000231,6.4715776
2011-12-13 22:00:00.000000144,9.79751
2011-12-13 22:00:00.00000070,28.47816
2011-12-13 22:00:00.000000116,7.094782
2011-12-13 22:00:00.000000156,5.818316
2011-12-13 22:00:00.000000148,8.080404
2011-12-13 22:00:00.00000072,8.556548
2011-12-13 22:00:00.00000028,10.986275
2011-12-13 22:00:00.00000066,10.216426
2011-12-13 22:00:00.000000121,11.938521
2011-12-13 22:00:00.00000094,37.909008
2011-12-13 22:00:00.000000266,8.615739
2015-04-11 14:16:12.0000004,12.116964
2015-05-10 19:54:00.0000002,12.424662
2014-07-21 18:19:00.00000054,10.521553
2014-07-21 18:19:00.000000230,7.4503837
2014-07-21 18:19:00.000000187,16.51251
2014-07-21 18:19:00.000000100,11.342314
2014-07-21 18:19:00.00000071,12.623582
2014-07-21 18:19:00.000000172,10.524256
2014-07-21 18:19:00.00000025,13.04631
2014-07-21 18:19:00.000000191,12.182966
2014-07-21 18:19:00.00000034,10.653076
2014-07-21 18:19:00.000000176,5.460583
2014-07-21 18:19:00.00000037,7.410115
2014-07-21 18:19:00.000000160,6.514501
2014-07-21 18:19:00.00000077,8.690335
2014-07-21 18:19:00.00000013,12.064673
2014-07-21 18:19:00.000000184,7.2776537
2014-07-21 18:19:00.000000232,7.651646
2014-07-21 18:19:00.000000116,7.286274
2014-07-21 18:19:00.00000048,8.582854
2014-07-21 18:19:00.00000067,10.250266
2014-07-21 18:19:00.00000099,5.4757576
2014-07-21 18:19:00.000000223,7.372998
2014-07-21 18:19:00.000000162,15.24686
2014-07-21 18:19:00.00000068,11.634537
2014-07-21 18:19:00.000000144,9.805511
2014-07-21 18:19:00.00000035,27.49858
2014-07-21 18:19:00.00000029,7.1517587
2014-07-21 18:19:00.00000032,5.9664636
2014-07-21 18:19:00.00000082,6.771789
2014-07-21 18:19:00.000000132,5.825608
2014-07-21 18:19:00.000000152,6.877447
2014-07-21 18:19:00.00000039,6.0140653
2014-07-21 18:19:00.000000241,4.7448416
2014-07-21 18:19:00.00000088,7.3287945
2010-09-20 16:48:00.000000159,31.188604
2010-09-20 16:48:00.0000006,9.976026
2010-09-20 16:48:00.000000166,8.671089
2010-09-20 16:48:00.000000110,8.125404
2010-09-20 16:48:00.000000139,25.195454
2010-09-20 16:48:00.00000015,7.6769314
2010-09-20 16:48:00.00000068,13.657251
2010-09-20 16:48:00.000000158,46.09467
2010-09-20 16:48:00.00000035,18.08452
2010-09-20 16:48:00.000000148,6.6298876
2010-09-20 16:48:00.00000023,15.785403
2010-09-20 16:48:00.00000027,9.399692
2010-09-20 16:48:00.00000092,20.951118
2010-09-20 16:48:00.000000151,28.398745
2010-09-20 16:48:00.00000071,9.9166
2010-09-20 16:48:00.000000132,8.30197
2010-09-20 16:48:00.00000099,16.67935
2010-09-20 16:48:00.0000001,6.0849757
2010-09-20 16:48:00.0000005,17.2831
2011-03-06 21:01:00.00000037,4.574277
2011-03-06 21:01:00.00000028,14.69205
2011-03-06 21:01:00.00000025,6.970895
2011-03-06 21:01:00.000000139,6.046769
2011-03-06 21:01:00.00000083,8.081984
2011-03-06 21:01:00.000000173,18.091488
2011-03-06 21:01:00.00000051,19.195408
2011-03-06 21:01:00.000000116,13.039823
2011-03-06 21:01:00.00000057,5.701031
2011-03-06 21:01:00.000000168,7.9729075
2011-03-06 21:01:00.000000138,15.718598
2011-03-06 21:01:00.00000043,8.485693
2011-03-06 21:01:00.000000127,4.0858817
2011-03-06 21:01:00.00000096,14.196189
2011-03-06 21:01:00.00000074,7.466018
2011-03-06 21:01:00.000000113,7.2579265
2011-03-06 21:01:00.000000120,23.803726
2011-03-06 21:01:00.00000018,7.917395
2011-03-06 21:01:00.00000071,6.547607
2011-03-06 21:01:00.000000137,7.339478
2011-03-06 21:01:00.00000011,15.944587
2011-03-06 21:01:00.000000146,5.8619056
2011-03-06 21:01:00.000000149,4.4650683
2011-03-06 21:01:00.00000056,4.1946807
2011-03-06 21:01:00.00000052,12.082663
2011-03-06 21:01:00.000000109,4.5162745
2012-01-26 07:33:00.000000167,7.118164
2012-01-26 07:33:00.000000114,14.295928
2012-01-26 07:33:00.00000031,9.116914
2012-01-26 07:33:00.000000133,20.037243
2012-01-26 07:33:00.000000180,5.7791104
2012-01-26 07:33:00.000000120,9.685096
2012-01-26 07:33:00.000000168,8.014464
2012-01-26 07:33:00.000000122,5.7212734
2012-01-26 07:33:00.000000166,11.7101755
2012-01-26 07:33:00.000000186,6.215719
2012-01-26 07:33:00.00000068,7.937046
2012-01-26 07:33:00.00000085,20.957962
2012-01-26 07:33:00.000000103,4.020469
2012-01-26 07:33:00.00000081,19.899181
2012-01-26 07:33:00.00000099,10.57798
2012-01-26 07:33:00.00000051,9.147571
2012-01-26 07:33:00.000000160,4.391799
2012-01-26 07:33:00.00000091,6.3583884
2012-01-26 07:33:00.00000089,8.629222
2012-01-26 07:33:00.000000189,6.7441244
2010-12-09 07:29:00.0000003,8.156305
2010-12-09 07:29:00.00000078,8.118291
2010-12-09 07:29:00.000000127,6.8580647
2010-12-09 07:29:00.00000050,6.830315
2010-12-09 07:29:00.000000135,5.057007
2010-12-09 07:29:00.000000196,11.552684
2010-12-09 07:29:00.000000183,7.880052
2010-12-09 07:29:00.000000152,9.125249
2010-12-09 07:29:00.00000098,34.328148
2010-12-09 07:29:00.00000090,9.136293
2010-12-09 07:29:00.00000025,11.705176
2010-12-09 07:29:00.000000150,7.6609817
2010-12-09 07:29:00.00000041,4.3747983
2010-12-09 07:29:00.000000143,7.7801876
2010-12-09 07:29:00.000000148,5.70545
2010-12-09 07:29:00.000000151,6.4769373
2010-12-09 07:29:00.0000007,5.33918
2010-12-09 07:29:00.00000069,9.891119
2010-12-09 07:29:00.00000036,5.8292227
2010-12-09 07:29:00.00000046,16.226381
2010-12-09 07:29:00.000000195,6.1375895
2010-12-09 07:29:00.000000115,17.018187
2010-12-09 07:29:00.000000134,5.831656
2010-12-09 07:29:00.00000067,8.846868
2010-12-09 07:29:00.000000112,6.5440927
2010-12-09 07:29:00.00000015,7.8444057
2010-12-09 07:29:00.00000031,8.882154
2010-12-09 07:29:00.000000193,7.496262
2010-12-09 07:29:00.00000012,9.10052
2010-12-09 07:29:00.0000005,47.81083
2010-12-09 07:29:00.00000038,8.913023
2010-12-09 07:29:00.00000097,4.9672713
2010-12-09 07:29:00.000000102,4.5616727
2010-12-09 07:29:00.00000089,7.758865
2010-12-09 07:29:00.00000068,7.4471774
2010-12-09 07:29:00.00000071,9.685014
2010-12-09 07:29:00.000000186,7.5825124
2012-05-08 03:50:00.0000009,18.365482
2012-05-08 03:50:00.0000001,5.766107
2012-05-08 03:50:00.00000012,14.317408
2012-05-08 03:50:00.0000006,16.925161
2015-03-12 19:43:24.0000005,5.3465405
2015-02-01 00:48:44.0000001,30.655323
2015-02-21 18:39:16.0000005,6.6052303
2011-01-24 20:47:04.0000001,9.091711
2010-12-25 13:54:12.0000001,14.38893
2015-04-07 14:31:12.0000001,7.908534
2012-11-20 21:54:00.00000086,16.076656
2012-11-20 21:54:00.000000150,6.968817
2012-11-20 21:54:00.000000184,6.658379
2012-11-20 21:54:00.00000080,29.688835
2012-11-20 21:54:00.00000021,6.2355027
2012-11-20 21:54:00.00000019,8.464389
2012-11-20 21:54:00.00000087,4.7992334
2012-11-20 21:54:00.00000077,13.342859
2012-11-20 21:54:00.000000216,9.055078
2012-11-20 21:54:00.00000010,6.544751
2012-11-20 21:54:00.000000104,8.0279455
2012-11-20 21:54:00.00000048,6.1605883
2012-11-20 21:54:00.000000221,18.371471
2012-11-20 21:54:00.00000030,9.903049
2012-11-20 21:54:00.00000085,5.6012387
2012-11-20 21:54:00.000000133,6.2794533
2012-11-20 21:54:00.000000144,9.181777
2012-11-20 21:54:00.00000047,5.806259
2012-11-20 21:54:00.000000229,5.7386417
2012-11-20 21:54:00.00000015,7.0101876
2012-11-20 21:54:00.000000101,7.924376
2012-11-20 21:54:00.000000238,7.185626
2012-11-20 21:54:00.00000097,19.873682
2012-11-20 21:54:00.00000049,5.8452625
2012-11-20 21:54:00.000000209,16.847116
2012-11-20 21:54:00.00000012,8.793818
2012-11-20 21:54:00.000000132,9.700406
2012-11-20 21:54:00.000000197,6.1152587
2012-11-20 21:54:00.000000211,13.058945
2012-11-20 21:54:00.00000083,7.6195073
2012-11-20 21:54:00.000000127,8.448498
2012-11-20 21:54:00.000000223,38.1048
2012-11-20 21:54:00.000000130,13.062301
2012-11-20 21:54:00.000000149,10.663707
2012-11-20 21:54:00.000000196,11.067333
2012-11-20 21:54:00.00000056,6.261015
2012-11-20 21:54:00.00000026,12.693194
2012-11-20 21:54:00.00000055,8.924726
2012-11-20 21:54:00.000000135,28.83983
2014-06-23 00:16:00.00000023,12.7281065
2014-06-23 00:16:00.00000014,8.534572
2014-06-23 00:16:00.00000080,7.648819
2014-06-23 00:16:00.0000003,11.872679
2014-06-23 00:16:00.00000029,14.612278
2014-06-23 00:16:00.00000055,30.691833
2014-06-23 00:16:00.00000050,12.459209
2014-06-23 00:16:00.0000002,16.390968
2014-06-23 00:16:00.00000072,6.611832
2014-06-23 00:16:00.00000020,11.258595
2013-09-25 22:00:00.00000052,9.241591
2013-09-25 22:00:00.000000129,7.163625
2013-09-25 22:00:00.000000226,53.105408
2013-09-25 22:00:00.00000029,13.666545
2013-09-25 22:00:00.000000141,6.9128437
2013-09-25 22:00:00.000000206,13.876536
2013-09-25 22:00:00.00000051,7.723168
2013-09-25 22:00:00.000000238,9.548841
2013-09-25 22:00:00.000000251,12.041258
2013-09-25 22:00:00.00000031,6.8301234
2013-09-25 22:00:00.000000124,8.660123
2013-09-25 22:00:00.000000102,7.7423944
2013-09-25 22:00:00.000000198,22.438461
2013-09-25 22:00:00.000000208,5.228928
2013-09-25 22:00:00.00000087,12.730882
2013-09-25 22:00:00.000000116,5.436164
2013-09-25 22:00:00.00000034,13.579779
2013-09-25 22:00:00.000000104,11.024462
2013-09-25 22:00:00.00000088,7.7321014
2013-09-25 22:00:00.000000218,31.773857
2013-09-25 22:00:00.00000065,16.533733
2013-09-25 22:00:00.000000115,11.908345
2013-09-25 22:00:00.00000042,10.76312
2013-09-25 22:00:00.000000234,7.019425
2013-09-25 22:00:00.000000247,4.9232183
2013-09-25 22:00:00.000000147,13.232863
2013-09-25 22:00:00.000000248,7.7136493
2013-09-25 22:00:00.000000162,15.223732
2013-09-25 22:00:00.000000130,11.796277
2013-09-25 22:00:00.000000174,5.1057944
2015-03-04 21:42:57.0000006,5.7384214
2015-04-25 01:06:17.0000005,14.460121
2015-02-19 11:39:21.0000001,22.715752
2015-01-29 13:15:50.0000001,5.688328
2015-05-07 15:33:26.0000005,5.635376
2015-02-09 07:16:26.0000005,18.139748
2015-04-16 18:45:22.0000004,17.215029
2015-05-31 20:48:54.0000006,40.709152
2015-05-31 20:48:54.0000003,5.436759
2015-06-18 20:56:55.0000001,21.913996
2015-02-14 13:15:19.0000005,5.681707
2015-05-10 12:37:51.0000007,7.837756
2015-05-10 12:37:51.0000005,11.609121
2015-05-20 00:59:15.0000002,14.342055
2015-05-29 18:59:35.0000003,11.569736
2015-02-25 18:00:51.0000008,8.861269
2015-02-08 08:44:03.0000002,6.3478894
2015-05-12 08:31:07.0000003,9.033351
2015-03-16 21:12:19.0000007,8.968794
2014-06-14 13:39:00.000000117,5.846759
2014-06-14 13:39:00.000000187,7.4964943
2014-06-14 13:39:00.00000099,7.3170414
2014-06-14 13:39:00.000000112,23.601755
2014-06-14 13:39:00.00000039,12.46768
2014-06-14 13:39:00.00000078,55.952614
2014-06-14 13:39:00.00000084,7.511247
2014-06-14 13:39:00.000000166,7.688148
2014-06-14 13:39:00.00000089,4.8593116
2014-06-14 13:39:00.00000047,9.6066675
2014-06-14 13:39:00.0000001,20.096104
2015-01-31 20:54:04.0000002,10.310749
2011-10-02 23:36:00.0000002,6.513789
2011-10-02 23:36:00.00000051,10.629618
2011-06-24 12:03:00.000000182,7.156195
2011-06-24 12:03:00.000000103,8.688407
2011-06-24 12:03:00.0000003,6.102642
2011-06-01 07:37:00.00000050,6.9232864
2010-08-27 18:45:00.000000216,5.139466
2010-08-14 02:13:00.000000135,8.70601
2014-03-25 23:47:00.00000022,5.7378273
2014-03-25 23:47:00.000000128,17.260399
2014-03-25 23:47:00.000000105,7.4594226
2014-03-25 23:47:00.00000091,5.0676894
2014-03-25 23:47:00.00000054,8.37444
2014-03-25 23:47:00.000000129,7.43707
2014-03-25 23:47:00.00000063,35.73815
2014-03-25 23:47:00.00000060,5.862665
2014-03-25 23:47:00.00000075,19.050394
2010-09-29 16:43:00.00000083,6.334858
2014-10-27 14:58:00.000000145,42.445644
2014-10-27 14:58:00.0000007,13.213097
2014-10-27 14:58:00.00000031,11.765097
2014-10-27 14:58:00.000000128,23.045023
2014-10-27 14:58:00.00000097,4.8821287
2014-10-27 14:58:00.00000078,35.60624
2014-10-27 14:58:00.000000135,8.608703
2012-11-03 17:11:00.00000044,6.5337334
2012-11-03 17:11:00.00000050,12.176745
2012-11-03 17:11:00.00000024,8.056687
2012-11-03 17:11:00.00000072,11.973146
2012-11-03 17:11:00.000000159,9.469528
2012-11-03 17:11:00.000000126,5.15978
2012-11-03 17:11:00.00000090,9.84729
2011-03-11 01:44:00.00000062,32.723366
2015-02-22 09:48:32.0000004,19.305046
2011-10-04 09:37:00.000000102,9.1866665
2011-10-04 09:37:00.00000023,8.760334
2014-12-24 03:00:00.0000003,5.2184706
2014-12-24 03:00:00.00000014,5.3287244
2014-12-24 03:00:00.0000002,12.65577
2014-12-24 03:00:00.00000027,17.271336
2015-04-11 20:31:32.0000004,7.5386496
2014-04-27 02:57:00.000000123,7.6051817
2014-04-27 02:57:00.00000078,4.3302784
2014-04-27 02:57:00.00000075,11.361378
2014-04-27 02:57:00.000000178,5.8854804
2014-04-27 02:57:00.0000004,9.729199
2014-04-27 02:57:00.000000166,12.617789
2014-04-27 02:57:00.00000091,13.291149
2014-04-27 02:57:00.000000173,8.392774
2014-04-27 02:57:00.00000066,24.308704
2014-04-27 02:57:00.000000183,5.6285496
2014-04-27 02:57:00.000000179,13.623505
2014-04-27 02:57:00.000000144,8.007136
2014-04-27 02:57:00.00000025,20.403507
2014-04-27 02:57:00.00000052,7.4009433
2014-04-27 02:57:00.00000094,5.791455
2014-04-27 02:57:00.000000189,19.635038
2011-12-13 22:00:00.00000040,11.150542
2011-12-13 22:00:00.000000228,6.192122
2011-12-13 22:00:00.000000130,28.955519
2011-12-13 22:00:00.000000141,6.3591075
2011-12-13 22:00:00.000000149,6.588514
2011-12-13 22:00:00.000000224,5.844152
2011-12-13 22:00:00.000000154,6.1500597
2011-12-13 22:00:00.000000131,8.233458
2011-12-13 22:00:00.0000002,6.405432
2011-12-13 22:00:00.000000221,8.699897
2011-12-13 22:00:00.00000056,5.9523196
2011-12-13 22:00:00.000000195,7.422157
2011-12-13 22:00:00.000000191,6.3244553
2011-12-13 22:00:00.00000059,5.709341
2015-02-26 15:55:48.0000001,22.684706
2014-07-21 18:19:00.000000197,6.5441713
2014-07-21 18:19:00.000000153,4.9052224
2014-07-21 18:19:00.000000159,7.035939
2014-07-21 18:19:00.000000212,36.735325
2014-07-21 18:19:00.00000091,6.4620175
2014-07-21 18:19:00.0000002,5.9814744
2014-07-21 18:19:00.000000142,7.085727
2014-07-21 18:19:00.000000141,13.391946
2014-07-21 18:19:00.000000149,7.979708
2014-07-21 18:19:00.00000065,7.8837867
2014-07-21 18:19:00.00000033,6.4463587
2010-09-20 16:48:00.000000146,9.2053175
2010-09-20 16:48:00.00000047,14.425368
2010-09-20 16:48:00.000000129,10.460011
2015-01-26 07:13:44.0000005,55.926197
2011-03-06 21:01:00.00000033,6.167115
2012-01-26 07:33:00.00000090,5.2349877
2012-01-26 07:33:00.00000087,9.234457
2012-01-26 07:33:00.00000012,11.039359
2012-01-26 07:33:00.000000171,6.7088356
2012-01-26 07:33:00.00000065,33.26162
2012-01-26 07:33:00.00000088,7.9926214
2012-01-26 07:33:00.000000119,20.257723
2015-03-20 23:34:40.0000004,31.034838
2010-12-09 07:29:00.0000001,8.735777
2012-05-08 03:50:00.00000013,5.6931047
2015-03-12 19:43:24.0000003,18.990313
2012-11-20 21:54:00.00000034,10.216424
2012-11-20 21:54:00.000000170,8.375274
2012-11-20 21:54:00.000000108,12.451521
2012-11-20 21:54:00.00000031,10.339837
2012-11-20 21:54:00.000000171,13.13181
2012-11-20 21:54:00.00000023,8.078386
2012-11-20 21:54:00.00000074,6.1211147
2012-11-20 21:54:00.000000122,11.306602
2012-11-20 21:54:00.0000006,7.1314616
2012-11-20 21:54:00.000000160,9.914067
2012-11-20 21:54:00.00000042,29.13236
2012-11-20 21:54:00.00000039,10.909526
2012-11-20 21:54:00.00000043,10.450018
2012-11-20 21:54:00.000000219,5.2207065
2012-11-20 21:54:00.00000020,6.2100277
2012-11-20 21:54:00.000000222,6.7105618
2012-11-20 21:54:00.0000005,7.7768345
2012-11-20 21:54:00.000000154,9.889591
2014-06-23 00:16:00.00000060,17.467754
2014-06-23 00:16:00.0000008,8.711226
2014-06-23 00:16:00.00000035,23.387865
2014-06-23 00:16:00.00000052,11.996036
2014-06-23 00:16:00.00000053,6.8377495
2013-09-25 22:00:00.00000056,22.844141
2013-09-25 22:00:00.00000083,6.111234
2013-09-25 22:00:00.000000128,6.1815953
2013-09-25 22:00:00.00000037,16.6412
2013-09-25 22:00:00.00000013,5.6809816
2013-09-25 22:00:00.000000168,7.2553215
2013-09-25 22:00:00.000000181,6.2876806
2013-09-25 22:00:00.00000016,13.414551
2013-09-25 22:00:00.00000063,17.01459
2013-09-25 22:00:00.00000047,7.4645495
2013-09-25 22:00:00.000000220,16.435623
2013-09-25 22:00:00.000000163,9.6031885
2013-09-25 22:00:00.00000077,12.857173
2013-09-25 22:00:00.00000060,39.86859
2013-09-25 22:00:00.000000213,16.099087
2013-09-25 22:00:00.000000150,18.536488
2013-09-25 22:00:00.00000010,7.140985
2013-09-25 22:00:00.000000146,5.07766
2013-09-25 22:00:00.00000041,9.551155
2013-09-25 22:00:00.000000109,9.901835
2013-09-25 22:00:00.000000210,16.228504
2013-09-25 22:00:00.000000151,8.640647
2013-09-25 22:00:00.000000190,15.330587
2013-09-25 22:00:00.000000153,10.945201
2013-09-25 22:00:00.000000241,26.485237
2013-09-25 22:00:00.000000127,10.1839695
2015-02-20 11:08:29.0000001,17.941576
2015-01-12 15:36:37.0000002,4.5221744
2015-06-07 00:38:14.0000002,17.270964
2015-04-12 21:56:22.0000005,7.576696
2015-04-10 11:56:54.0000004,8.524553
2015-06-25 01:01:46.0000002,13.396167
2015-05-29 10:02:42.0000001,12.449763
2015-06-30 20:03:50.0000002,41.038635
2015-02-27 19:36:02.0000006,24.741507
2015-06-15 01:00:06.0000002,6.0594463
2015-02-03 09:00:58.0000001,42.585705
2015-05-19 13:58:11.0000001,8.566432
2015-05-10 12:37:51.0000002,8.927326
2015-01-12 17:05:51.0000001,11.909993
2015-04-19 20:44:15.0000001,54.232273
2015-01-31 01:05:19.0000005,19.268986
2015-01-18 14:06:23.0000006,6.591714
