key,fare_amount
2015-01-27 13:08:24.0000002,10.479747924091507
2015-01-27 13:08:24.0000003,10.468652681262354
2011-10-08 11:53:44.0000002,5.046147910099611
2012-12-01 21:12:12.0000002,8.481902416266477
2012-12-01 21:12:12.0000003,14.300693869948727
2012-12-01 21:12:12.0000005,9.610522305399567
2011-10-06 12:10:20.0000001,5.560439030407257
2011-10-06 12:10:20.0000003,47.42871061343726
2011-10-06 12:10:20.0000002,11.50124843860056
2014-02-18 15:22:20.0000002,6.2420037144714104
2014-02-18 15:22:20.0000003,10.468652681262354
2014-02-18 15:22:20.0000001,16.94449245126731
2010-03-29 20:20:32.0000002,5.056954628833623
2010-03-29 20:20:32.0000001,6.938401713780305
2011-10-06 03:59:12.0000002,8.128303130503324
2011-10-06 03:59:12.0000001,12.160026369124461
2012-07-15 16:45:04.0000006,5.046147910099611
2012-07-15 16:45:04.0000002,8.863054726997316
2012-07-15 16:45:04.0000003,5.077735272854648
2012-07-15 16:45:04.0000004,5.046147910099611
2014-10-29 02:09:56.0000001,8.094847404707945
2014-06-14 13:39:00.00000010,8.697334668755829
2014-06-14 13:39:00.00000060,7.510217619572702
2014-06-14 13:39:00.00000087,9.253225802077214
2014-06-14 13:39:00.00000050,19.021822190387486
2014-06-14 13:39:00.0000003,6.561925587239845
2014-06-14 13:39:00.000000158,39.927398526385446
2014-06-14 13:39:00.00000015,24.040683392631784
2014-06-14 13:39:00.00000073,5.853628642859359
2014-06-14 13:39:00.00000077,15.706630418480163
2014-06-14 13:39:00.000000145,10.78024810070693
2014-06-14 13:39:00.00000079,6.754481006136168
2014-06-14 13:39:00.000000121,5.575101134305235
2014-06-14 13:39:00.00000021,11.536092760328186
2014-06-14 13:39:00.0000005,9.490558798208637
2014-06-14 13:39:00.000000165,8.192280357489999
2014-06-14 13:39:00.000000184,6.458956024787019
2014-06-14 13:39:00.00000059,6.446103743186601
2014-06-14 13:39:00.00000070,8.237744904290698
2014-06-14 13:39:00.00000068,4.740131730145103
2014-06-14 13:39:00.000000133,19.908158501950858
2014-06-14 13:39:00.000000128,11.079808606989102
2014-06-14 13:39:00.000000136,19.424746677810013
2014-06-14 13:39:00.00000017,10.393245883424301
2014-06-14 13:39:00.000000111,5.089196931378638
2014-06-14 13:39:00.000000115,12.106371554011517
2014-06-14 13:39:00.000000168,5.341683032746528
2014-06-14 13:39:00.00000031,6.892605021298943
2014-06-14 13:39:00.000000116,6.446103743186601
2014-06-14 13:39:00.00000051,5.089196931378638
2014-06-14 13:39:00.000000193,12.351510392589283
2014-06-14 13:39:00.000000132,12.885836191159958
2014-06-14 13:39:00.000000167,20.1674348646242
2014-06-14 13:39:00.00000044,6.246667525055014
2014-06-14 13:39:00.000000138,7.510217619572702
2014-06-14 13:39:00.00000066,15.83167446575619
2014-06-14 13:39:00.00000063,12.823948485676882
2014-06-14 13:39:00.000000154,10.393245883424301
2014-06-14 13:39:00.00000097,13.336346851505393
2014-06-14 13:39:00.00000067,13.442419241843002
2014-06-14 13:39:00.000000179,7.510217619572702
2014-06-14 13:39:00.00000092,11.450574218473474
2014-06-14 13:39:00.00000029,5.120784294133675
2014-06-14 13:39:00.000000177,5.1780701853908075
2014-06-14 13:39:00.000000192,7.8187024266267295
2014-06-14 13:39:00.000000181,7.197707450833613
2014-06-14 13:39:00.000000120,11.55389219309466
2014-06-14 13:39:00.0000008,5.77527887199716
2014-06-14 13:39:00.000000103,5.089196931378638
2014-06-14 13:39:00.00000049,18.615838239478293
2014-06-14 13:39:00.000000108,7.4265237132311235
2014-06-14 13:39:00.00000072,5.089196931378638
2014-06-14 13:39:00.000000182,11.799385628060184
2014-06-14 13:39:00.00000061,7.510217619572702
2014-06-14 13:39:00.00000093,10.438086253465015
2014-06-14 13:39:00.000000170,11.851395760984548
2014-06-14 13:39:00.000000147,46.34334302692406
2014-06-14 13:39:00.000000140,5.089196931378638
2014-06-14 13:39:00.000000159,4.729657722906039
2014-06-14 13:39:00.00000012,4.783596511153538
2014-06-14 13:39:00.00000025,6.446103743186601
2014-06-14 13:39:00.000000156,5.580208145482998
2014-06-14 13:39:00.000000152,7.786884281681296
2014-06-14 13:39:00.000000129,10.3969979048185
2014-06-14 13:39:00.000000119,19.15561324400818
2014-06-14 13:39:00.000000118,6.467209051230557
2014-06-14 13:39:00.00000076,5.089196931378638
2014-06-14 13:39:00.000000135,7.510217619572702
2014-06-14 13:39:00.00000023,17.912107079760304
2014-06-14 13:39:00.00000082,10.742667484822098
2014-06-14 13:39:00.000000125,11.543595334807339
2014-06-14 13:39:00.00000075,9.505925005461375
2014-06-14 13:39:00.000000124,7.4265237132311235
2014-06-14 13:39:00.000000172,7.364445362565642
2014-06-14 13:39:00.00000024,14.733164642196567
2014-06-14 13:39:00.000000169,15.26585934023085
2014-06-14 13:39:00.00000052,12.051795474519947
2014-06-14 13:39:00.000000161,13.66783444463821
2014-06-14 13:39:00.00000038,7.510217619572702
2014-06-14 13:39:00.00000035,11.543595334807339
2014-06-14 13:39:00.00000053,11.55389219309466
2014-06-14 13:39:00.000000183,7.433634281865934
2014-06-14 13:39:00.000000131,55.80527344146173
2014-06-14 13:39:00.000000180,7.444721190765153
2014-06-14 13:39:00.000000130,10.193891015267319
2014-06-14 13:39:00.00000032,4.729657722906039
2014-06-14 13:39:00.000000148,11.404017352305624
2014-06-14 13:39:00.0000007,10.393245883424301
2014-06-14 13:39:00.00000095,12.106371554011517
2014-06-14 13:39:00.000000144,37.95638989862793
2014-06-14 13:39:00.000000141,31.77610257863559
2014-06-14 13:39:00.000000162,19.41681399288869
2014-06-14 13:39:00.00000018,11.55389219309466
2014-06-14 13:39:00.00000054,10.393245883424301
2014-06-14 13:39:00.00000040,6.614902054624422
2014-06-14 13:39:00.00000096,7.77307413966526
2014-06-14 13:39:00.00000055,27.48919067725413
2014-06-14 13:39:00.000000109,10.826145507326082
2014-06-14 13:39:00.000000151,7.510217619572702
2014-06-14 13:39:00.00000016,11.207718073339162
2014-06-14 13:39:00.00000062,10.783848148034231
2014-06-14 13:39:00.000000191,9.07862401576885
2014-06-14 13:39:00.00000034,8.503672591174976
2014-06-14 13:39:00.000000160,6.561925587239845
2014-06-14 13:39:00.00000013,7.386482947194553
2014-06-14 13:39:00.000000188,5.089196931378638
2014-06-14 13:39:00.00000086,8.30923425163323
2014-06-14 13:39:00.000000185,12.121833176277343
2014-06-14 13:39:00.00000074,8.356062827841384
2014-06-14 13:39:00.00000022,18.921682882764927
2014-06-14 13:39:00.00000036,5.525500956109428
2014-06-14 13:39:00.000000126,4.729657722906039
2014-06-14 13:39:00.000000190,6.8159472106128085
2014-06-14 13:39:00.00000042,7.510217619572702
2014-06-14 13:39:00.000000178,7.510217619572702
2014-06-14 13:39:00.000000163,5.089196931378638
2014-06-14 13:39:00.00000020,12.893140620154538
2014-06-14 13:39:00.00000098,6.47335522701595
2014-06-14 13:39:00.000000114,20.97137576634988
2014-06-14 13:39:00.00000045,9.375701301830784
2014-06-14 13:39:00.00000094,4.914722616379112
2014-06-14 13:39:00.000000146,10.249419173861309
2014-06-14 13:39:00.00000033,9.48923660512527
2014-06-14 13:39:00.000000143,5.1780701853908075
2014-06-14 13:39:00.000000107,6.561925587239845
2014-06-14 13:39:00.00000048,10.393245883424301
2014-06-14 13:39:00.00000043,11.55389219309466
2014-06-14 13:39:00.000000123,10.393245883424301
2014-06-14 13:39:00.000000134,8.44123608395806
2014-06-14 13:39:00.000000142,6.561925587239845
2014-06-14 13:39:00.000000122,11.932844019069135
2014-06-14 13:39:00.000000176,10.303389542606883
2011-12-12 09:42:12.0000004,6.278326153501694
2011-12-12 09:42:12.0000002,4.907671616003427
2011-12-12 09:42:12.0000001,11.545283534692096
2011-12-12 09:42:12.0000003,7.775730035568049
2011-12-12 09:42:12.0000005,7.775730035568049
2013-06-27 00:20:40.0000001,20.24017290364532
2013-06-27 00:20:40.0000003,11.272007062611001
2009-02-20 13:34:16.0000001,8.674969143428385
2009-02-20 13:34:16.0000002,12.577608058133034
2009-02-20 13:34:16.0000003,6.135237505874272
2010-08-22 21:14:08.0000001,30.243507761147416
2010-08-22 21:14:08.0000005,16.13668084144258
2010-08-22 21:14:08.0000003,5.046147910099611
2010-08-22 21:14:08.0000002,8.678146854049151
2012-08-06 08:58:08.0000002,5.046147910099611
2012-08-06 08:58:08.0000001,17.07035752113482
2013-11-04 08:34:12.0000003,5.528897525993781
2013-11-04 08:34:12.0000001,10.841276961165713
2013-11-04 08:34:12.0000002,10.479747924091507
2011-06-24 20:34:48.0000002,8.267649876555746
2011-06-24 20:34:48.0000001,18.673440746329064
2011-03-28 20:38:36.0000003,6.880080082689375
2011-03-28 20:38:36.0000004,4.87608425324839
2011-03-28 20:38:36.0000002,8.670030231813339
2011-08-14 20:36:28.0000004,6.66879286047989
2011-08-14 20:36:28.0000001,7.613850119069355
2011-08-14 20:36:28.0000003,20.416151680544196
2011-08-14 20:36:28.0000002,7.330781579196192
2015-02-21 15:52:44.0000004,19.15561324400818
2015-02-21 15:52:44.0000003,9.505925005461375
2015-02-21 15:52:44.0000002,17.49942473341707
2015-02-21 15:52:44.0000001,9.571228218799513
2013-01-29 11:29:52.0000001,10.496090560943273
2014-09-12 19:03:48.0000001,9.555680099573475
2013-11-09 18:52:40.0000004,8.356062827841384
2013-11-09 18:52:40.0000002,12.815539134835142
2013-04-25 16:10:04.0000001,55.80527344146173
2013-04-25 16:10:04.0000002,7.510217619572702
2013-09-07 14:37:52.0000001,8.362860041924217
2013-09-07 14:37:52.0000002,9.505925005461375
2013-09-07 14:37:52.0000003,6.196160256410187
2011-05-21 13:16:20.0000004,5.651965463657875
2011-05-21 13:16:20.0000001,6.146046272100403
2011-05-21 13:16:20.0000003,9.204992048760916
2011-11-25 16:36:24.0000002,6.45425940272226
2011-11-25 16:36:24.0000001,11.468394869139466
2015-01-31 20:54:04.0000001,6.350178007463771
2010-11-01 23:31:28.0000002,7.77631565298674
2010-11-01 23:31:28.0000001,9.360717937093607
2010-11-01 23:31:28.0000003,10.263646846596364
2011-03-24 15:57:04.0000003,5.046147910099611
2011-03-24 15:57:04.0000001,6.675027855209959
2010-05-10 10:37:04.0000005,6.088929057651078
2010-05-10 10:37:04.0000002,5.101012646435704
2010-05-10 10:37:04.0000003,8.624269016383915
2010-05-10 10:37:04.0000006,9.455339939078998
2012-06-09 16:53:44.0000002,7.2672941583386
2012-08-22 22:39:20.0000003,17.99657635721258
2012-08-22 22:39:20.0000001,5.603338144477505
2012-12-23 02:29:16.0000001,12.370354964640745
2012-06-30 15:55:12.0000004,11.508903903221428
2012-06-30 15:55:12.0000002,6.962609919927696
2012-06-30 15:55:12.0000003,11.557987057488967
2012-06-30 15:55:12.0000001,6.455640934471943
2011-10-02 23:36:00.00000056,13.121875943261507
2011-10-02 23:36:00.00000086,15.4338460517913
2011-10-02 23:36:00.00000081,15.068611179784332
2011-10-02 23:36:00.0000009,4.87608425324839
2011-10-02 23:36:00.00000041,12.48468510262589
2011-10-02 23:36:00.00000091,5.046147910099611
2011-10-02 23:36:00.0000008,12.753517351124856
2011-10-02 23:36:00.00000015,26.866092649572412
2011-10-02 23:36:00.00000014,10.33458505725
2011-10-02 23:36:00.00000047,7.128379511728822
2011-10-02 23:36:00.00000076,7.134373421429745
2011-10-02 23:36:00.00000011,8.449887559160453
2011-10-02 23:36:00.00000075,6.39029718331119
2011-10-02 23:36:00.00000035,7.10894556673659
2011-10-02 23:36:00.00000099,6.0108222962008515
2011-10-02 23:36:00.00000062,9.353408098334498
2011-10-02 23:36:00.00000085,8.420999569052235
2011-10-02 23:36:00.00000043,19.707985474239578
2011-10-02 23:36:00.00000071,10.508663253326988
2011-10-02 23:36:00.00000023,6.809533840839716
2011-10-02 23:36:00.00000092,5.7432707980540165
2011-10-02 23:36:00.00000037,9.36050020007457
2011-10-02 23:36:00.00000083,11.406642912554481
2011-10-02 23:36:00.00000054,12.438402588097071
2011-10-02 23:36:00.00000073,10.532135046093451
2011-10-02 23:36:00.0000005,7.756129716480622
2011-10-02 23:36:00.00000095,5.615465306692344
2011-10-02 23:36:00.00000088,6.817318081610954
2011-10-02 23:36:00.00000030,8.788614153679193
2011-10-02 23:36:00.0000007,14.122276248922638
2011-10-02 23:36:00.00000013,10.290435771100693
2011-10-02 23:36:00.00000065,25.315806424432985
2011-10-02 23:36:00.00000089,47.42871061343726
2011-10-02 23:36:00.00000096,8.646030578116957
2011-10-02 23:36:00.00000039,8.827124735878085
2011-10-02 23:36:00.00000038,26.81850179834932
2011-10-02 23:36:00.00000067,18.35618761310249
2011-10-02 23:36:00.00000077,9.80872350994506
2011-10-02 23:36:00.00000020,17.919689994340896
2011-10-02 23:36:00.00000063,16.35304069680949
2011-10-02 23:36:00.00000012,8.665097146256507
2011-10-02 23:36:00.00000058,15.995552788766595
2011-10-02 23:36:00.00000026,9.518514988012756
2011-10-02 23:36:00.00000074,20.764584885969715
2011-10-02 23:36:00.00000059,12.092001818150699
2011-10-02 23:36:00.00000090,14.679553437716855
2011-10-02 23:36:00.0000004,34.07858889008463
2011-10-02 23:36:00.0000003,14.845740396639995
2011-10-02 23:36:00.00000021,17.63103628582837
2011-10-02 23:36:00.00000097,7.756129716480622
2011-10-02 23:36:00.00000036,16.106833265846998
2011-10-02 23:36:00.00000024,20.80014842223953
2011-10-02 23:36:00.00000082,47.42871061343726
2011-10-02 23:36:00.000000100,9.31903813876445
2011-10-02 23:36:00.00000040,5.046147910099611
2011-10-02 23:36:00.00000022,4.894521517234195
2013-03-21 12:47:28.0000006,13.372370119120058
2013-03-21 12:47:28.0000008,10.24796477815994
2013-03-21 12:47:28.0000003,14.002574908826462
2013-03-21 12:47:28.0000005,6.541973338263469
2013-03-21 12:47:28.0000002,7.518109269327707
2013-06-07 03:02:56.0000002,18.51963580365352
2013-06-07 03:02:56.0000001,8.104508127080157
2010-09-05 22:31:32.0000002,26.72076999591276
2013-07-12 23:33:24.0000001,9.776878377604259
2009-12-03 02:32:08.0000001,20.884337637872775
2009-10-15 03:50:36.0000001,6.39802401180367
2011-09-25 22:36:32.0000002,21.32418784398689
2011-09-25 22:36:32.0000001,10.39103050137832
2015-06-08 20:02:56.0000001,10.04834371259671
2014-07-16 08:03:32.0000002,11.98367537210918
2014-07-16 08:03:32.0000001,13.961224133156636
2011-12-15 13:14:32.0000002,8.554997970348168
2011-12-15 13:14:32.0000001,5.609863396141639
2011-10-11 22:13:48.0000002,14.19746766050215
2011-10-11 22:13:48.0000005,9.253733723662961
2011-10-11 22:13:48.0000003,7.895257124884104
2013-09-14 16:53:20.0000001,10.012809683136231
2013-09-14 16:53:20.0000002,11.529422857988768
2014-02-06 09:09:56.0000004,5.692156295822843
2014-02-06 09:09:56.0000003,5.584935737429192
2014-02-06 09:09:56.0000001,5.120784294133675
2009-06-10 16:55:00.00000081,28.016321670271125
2009-06-10 16:55:00.00000029,5.077735272854648
2009-06-10 16:55:00.000000109,8.205166583397386
2009-06-10 16:55:00.00000098,47.310691243596104
2009-06-10 16:55:00.00000054,10.895967790436128
2009-06-10 16:55:00.00000021,28.634226385639934
2009-06-10 16:55:00.00000012,7.055569064600653
2009-06-10 16:55:00.00000033,5.564588251479148
2009-06-10 16:55:00.00000024,9.208093086684759
2009-06-10 16:55:00.00000099,9.791872066151207
2009-06-10 16:55:00.0000009,6.880080082689375
2009-06-10 16:55:00.000000158,5.317908616804271
2009-06-10 16:55:00.000000141,5.046147910099611
2009-06-10 16:55:00.00000093,6.962609919927696
2009-06-10 16:55:00.000000161,9.783528810604869
2009-06-10 16:55:00.00000088,5.2399223096167455
2009-06-10 16:55:00.0000003,7.675088280465551
2009-06-10 16:55:00.00000018,5.347924592379713
2009-06-10 16:55:00.00000047,6.845571331498508
2009-06-10 16:55:00.000000154,9.675800965867937
2009-06-10 16:55:00.000000131,9.07862401576885
2009-06-10 16:55:00.00000046,11.523136895463415
2009-06-10 16:55:00.0000004,6.096655886143559
2009-06-10 16:55:00.000000107,6.880387546650822
2009-06-10 16:55:00.000000114,6.904649165286603
2009-06-10 16:55:00.000000117,8.156472732711581
2009-06-10 16:55:00.000000162,9.783528810604869
2009-06-10 16:55:00.00000049,11.286680422168784
2009-06-10 16:55:00.00000069,8.118483289460679
2009-06-10 16:55:00.000000111,7.644907890996178
2009-06-10 16:55:00.00000083,4.749195311457874
2009-06-10 16:55:00.000000166,55.54978167773342
2009-06-10 16:55:00.000000135,9.365981227010797
2009-06-10 16:55:00.00000044,30.28788700862408
2009-06-10 16:55:00.00000085,6.9395066020647915
2009-06-10 16:55:00.000000115,5.508501214248392
2009-06-10 16:55:00.000000108,5.760671528952291
2009-06-10 16:55:00.00000034,5.760671528952291
2009-06-10 16:55:00.00000060,14.172058388604132
2009-06-10 16:55:00.000000120,5.604889428952178
2009-06-10 16:55:00.000000174,30.62743474330469
2009-06-10 16:55:00.0000007,6.851565241199433
2009-06-10 16:55:00.000000159,8.376217456165744
2009-06-10 16:55:00.000000171,23.35943337535023
2009-06-10 16:55:00.000000145,10.816346466072071
2009-06-10 16:55:00.00000074,7.644907890996178
2009-06-10 16:55:00.000000138,11.166073780766208
2009-06-10 16:55:00.00000048,5.508501214248392
2009-06-10 16:55:00.000000101,5.37952599291165
2009-06-10 16:55:00.000000153,4.923607306072098
2009-06-10 16:55:00.0000002,7.131148023651845
2009-06-10 16:55:00.00000037,8.376217456165744
2009-06-10 16:55:00.000000151,9.238391548122497
2009-06-10 16:55:00.000000127,26.471761865988483
2009-06-10 16:55:00.000000144,37.06156154712774
2009-06-10 16:55:00.000000165,12.485654017720444
2009-06-10 16:55:00.0000008,5.077735272854648
2009-06-10 16:55:00.000000122,7.669098685112121
2009-06-10 16:55:00.00000055,27.4865559073646
2009-06-10 16:55:00.00000079,4.772192232272203
2009-06-10 16:55:00.00000016,15.916445922410421
2009-06-10 16:55:00.000000160,17.73771449323456
2009-06-10 16:55:00.000000139,5.046147910099611
2009-06-10 16:55:00.00000075,5.508501214248392
2009-06-10 16:55:00.00000017,6.880080082689375
2009-06-10 16:55:00.00000070,5.508501214248392
2009-06-10 16:55:00.000000118,10.983880710218893
2009-06-10 16:55:00.00000066,10.993878010073495
2009-06-10 16:55:00.000000164,5.712693839652327
2009-06-10 16:55:00.000000100,9.94915214993931
2009-06-10 16:55:00.00000082,8.118483289460679
2009-06-10 16:55:00.00000090,12.413679095970831
2009-06-10 16:55:00.000000125,11.453723814504963
2009-06-10 16:55:00.000000149,6.842555450716101
2009-06-10 16:55:00.00000068,11.453723814504963
2009-06-10 16:55:00.00000039,5.470568453409428
2009-06-10 16:55:00.000000124,4.834013142766803
2009-06-10 16:55:00.00000053,5.299388939146826
2009-06-10 16:55:00.00000045,7.704133638495101
2009-06-10 16:55:00.000000102,5.866662575633179
2009-06-10 16:55:00.000000140,6.351187371678886
2009-06-10 16:55:00.000000148,6.962609919927696
2009-06-10 16:55:00.000000147,5.508501214248392
2009-06-10 16:55:00.00000097,6.962609919927696
2009-06-10 16:55:00.00000094,6.987544688985611
2009-06-10 16:55:00.00000078,8.205252603336298
2009-06-10 16:55:00.00000035,6.088929057651078
2009-06-10 16:55:00.00000072,7.141916524378652
2009-06-10 16:55:00.00000031,5.458744205530617
2009-06-10 16:55:00.00000056,6.938401713780305
2009-06-10 16:55:00.000000128,17.653137645230647
2009-06-10 16:55:00.00000057,6.146046272100403
2009-06-10 16:55:00.00000030,7.624806692781069
2009-06-10 16:55:00.00000043,10.601712233307234
2009-06-10 16:55:00.000000146,7.958264710229101
2009-06-10 16:55:00.00000010,7.2672941583386
2009-06-10 16:55:00.00000067,10.45792684839524
2009-06-10 16:55:00.000000119,5.508501214248392
2009-06-10 16:55:00.00000076,15.612775132601081
2009-06-10 16:55:00.00000025,6.962609919927696
2009-06-10 16:55:00.00000071,17.586760371359865
2009-06-10 16:55:00.000000143,8.376217456165744
2013-06-26 11:19:36.0000002,4.729657722906039
2014-09-05 10:02:48.0000004,5.089196931378638
2014-09-05 10:02:48.0000002,8.307854841639088
2014-09-05 10:02:48.0000001,37.375374762337735
2014-09-05 10:02:48.0000003,9.028456424377913
2012-09-19 12:31:40.0000001,8.583905220310278
2012-09-19 12:31:40.0000002,6.158215779792463
2009-03-22 04:31:40.0000002,19.18990782817359
2009-08-27 02:31:44.0000001,20.038160966866496
2009-05-02 20:11:32.0000001,10.308986536195903
2009-05-02 20:11:32.0000004,8.670030231813339
2011-02-20 02:31:16.0000002,7.6197589396034395
2011-02-20 02:31:16.0000001,20.454189573739022
2011-06-24 12:03:00.00000010,5.508501214248392
2011-06-24 12:03:00.00000067,12.043225756576232
2011-06-24 12:03:00.00000071,11.453723814504963
2011-06-24 12:03:00.000000100,6.088929057651078
2011-06-24 12:03:00.000000145,9.084969966759678
2011-06-24 12:03:00.000000152,8.327085582988436
2011-06-24 12:03:00.00000026,12.510418860730242
2011-06-24 12:03:00.000000199,5.046147910099611
2011-06-24 12:03:00.000000195,5.428375806273447
2011-06-24 12:03:00.000000119,5.508501214248392
2011-06-24 12:03:00.00000086,9.084969966759678
2011-06-24 12:03:00.00000012,6.627877355253406
2011-06-24 12:03:00.00000097,17.119165451486207
2011-06-24 12:03:00.00000058,5.046147910099611
2011-06-24 12:03:00.000000176,4.995541641697383
2011-06-24 12:03:00.000000139,4.70106393019901
2011-06-24 12:03:00.00000048,6.962609919927696
2011-06-24 12:03:00.000000159,6.700610700806601
2011-06-24 12:03:00.00000079,6.146046272100403
2011-06-24 12:03:00.000000138,6.964212983985818
2011-06-24 12:03:00.000000135,11.019429859664738
2011-06-24 12:03:00.000000173,9.084969966759678
2011-06-24 12:03:00.000000162,11.419500851018729
2011-06-24 12:03:00.00000018,9.283543496119025
2011-06-24 12:03:00.000000136,5.688616490506133
2011-06-24 12:03:00.000000185,7.322792997171356
2011-06-24 12:03:00.00000069,5.789627196963887
2011-06-24 12:03:00.000000105,6.938401713780305
2011-06-24 12:03:00.000000180,5.98649292844209
2011-06-24 12:03:00.00000053,9.324108968856164
2011-06-24 12:03:00.000000142,6.938401713780305
2011-06-24 12:03:00.000000188,9.684337639312444
2011-06-24 12:03:00.00000089,4.70106393019901
2011-06-24 12:03:00.000000109,6.8637698176424
2011-06-24 12:03:00.00000074,6.4121353927622735
2011-06-24 12:03:00.000000113,9.783528810604869
2011-06-24 12:03:00.00000044,5.453777369936213
2011-06-24 12:03:00.000000183,5.470568453409428
2011-06-24 12:03:00.00000047,9.084969966759678
2011-06-24 12:03:00.0000006,8.800289052112284
2011-06-24 12:03:00.0000005,8.232057454254916
2011-06-24 12:03:00.000000200,9.238391548122497
2011-06-24 12:03:00.000000127,8.327085582988436
2011-06-24 12:03:00.000000120,10.808339115185815
2011-06-24 12:03:00.000000133,5.464543487197696
2011-06-24 12:03:00.00000073,6.040844050306261
2011-06-24 12:03:00.000000101,5.046147910099611
2011-06-24 12:03:00.000000187,9.783528810604869
2011-06-24 12:03:00.000000122,8.385110798803206
2011-06-24 12:03:00.000000175,6.247741843277993
2011-06-24 12:03:00.000000154,10.816346466072071
2011-06-24 12:03:00.000000197,8.327085582988436
2011-06-24 12:03:00.00000017,8.327085582988436
2011-06-24 12:03:00.000000186,9.769339795525793
2011-06-24 12:03:00.00000020,8.620223471929902
2011-06-24 12:03:00.00000035,10.816346466072071
2011-06-24 12:03:00.000000193,8.327085582988436
2011-06-24 12:03:00.000000201,6.962609919927696
2011-06-24 12:03:00.00000054,25.24052223151809
2011-06-24 12:03:00.00000075,6.96860382962862
2011-06-24 12:03:00.000000114,8.201037513708265
2011-06-24 12:03:00.00000062,25.77698882603197
2011-06-24 12:03:00.00000055,27.180674862278074
2011-06-24 12:03:00.00000025,6.088929057651078
2011-06-24 12:03:00.00000022,5.712693839652327
2011-06-24 12:03:00.000000144,12.896847780104384
2011-06-24 12:03:00.000000177,5.508501214248392
2011-06-24 12:03:00.000000124,6.076362144055508
2011-06-24 12:03:00.00000094,4.87608425324839
2011-06-24 12:03:00.00000041,6.146046272100403
2011-06-24 12:03:00.000000141,6.096655886143559
2011-06-24 12:03:00.00000092,7.680769875054311
2011-06-24 12:03:00.000000189,17.73771449323456
2011-06-24 12:03:00.000000171,11.286680422168784
2011-06-24 12:03:00.000000157,6.146046272100403
2011-06-24 12:03:00.000000179,7.669098685112121
2011-06-24 12:03:00.000000107,10.950558822697438
2011-06-24 12:03:00.00000095,15.790532716160953
2011-06-24 12:03:00.00000076,11.697651648878432
2011-06-24 12:03:00.000000156,7.149418628151353
2011-06-24 12:03:00.000000111,30.137905402835578
2011-06-24 12:03:00.000000116,7.826335245047294
2011-06-24 12:03:00.00000033,10.230552800461512
2011-06-24 12:03:00.00000082,5.046147910099611
2011-06-24 12:03:00.00000078,5.760671528952291
2011-06-24 12:03:00.00000051,9.084969966759678
2011-06-24 12:03:00.000000143,10.816346466072071
2011-06-24 12:03:00.000000126,12.589340090961967
2011-06-24 12:03:00.00000088,9.238391548122497
2011-06-24 12:03:00.000000191,17.586760371359865
2011-06-24 12:03:00.00000063,12.610609685757268
2011-06-24 12:03:00.00000045,13.922073343217203
2011-06-24 12:03:00.00000060,6.938401713780305
2011-06-24 12:03:00.00000040,30.560307135647363
2011-06-24 12:03:00.00000057,8.396723762435402
2011-06-24 12:03:00.00000013,5.2399223096167455
2011-06-24 12:03:00.00000068,30.328307888079067
2011-06-24 12:03:00.000000165,4.70106393019901
2011-06-24 12:03:00.00000056,5.2399223096167455
2011-06-24 12:03:00.000000150,7.55176009177302
2011-06-24 12:03:00.00000052,5.077735272854648
2011-06-24 12:03:00.00000085,47.329839383205154
2011-06-24 12:03:00.000000190,6.842555450716101
2011-06-24 12:03:00.00000072,6.807221289011596
2011-06-24 12:03:00.000000137,5.072703209290402
2011-06-24 12:03:00.000000102,6.096655886143559
2011-06-24 12:03:00.000000106,7.067568493528887
2011-06-24 12:03:00.000000118,5.046147910099611
2011-06-24 12:03:00.00000046,12.542981279334949
2011-06-24 12:03:00.000000110,11.419500851018729
2011-06-24 12:03:00.000000181,5.431597867348882
2011-06-24 12:03:00.000000194,5.489917704584884
2011-06-24 12:03:00.00000061,11.738264789942367
2011-06-24 12:03:00.0000001,8.915609796849429
2011-06-24 12:03:00.00000087,9.23001948036404
2011-06-24 12:03:00.00000066,5.470568453409428
2011-06-24 12:03:00.000000146,6.6591482999690035
2011-06-24 12:03:00.000000149,47.329839383205154
2011-06-24 12:03:00.00000038,9.97285645535135
2011-06-24 12:03:00.000000196,6.96860382962862
2011-06-24 12:03:00.00000093,6.962609919927696
2011-06-24 12:03:00.000000170,5.508501214248392
2011-06-24 12:03:00.000000168,8.417369194860566
2011-06-24 12:03:00.0000002,12.475729694287734
2011-06-24 12:03:00.00000042,12.577608058133034
2014-06-15 07:06:00.0000006,5.089196931378638
2014-06-15 07:06:00.00000037,8.669151673288978
2014-06-15 07:06:00.00000025,6.934525308697049
2014-06-15 07:06:00.0000008,10.26282493472806
2014-06-15 07:06:00.00000036,42.018361757619104
2014-06-15 07:06:00.00000042,22.76190586355429
2014-06-15 07:06:00.00000033,5.089196931378638
2014-06-15 07:06:00.00000013,10.249398679985255
2014-06-15 07:06:00.00000035,55.82475500446892
2014-06-15 07:06:00.00000030,10.268047014045896
2014-06-15 07:06:00.00000024,8.104508127080157
2014-06-15 07:06:00.00000031,10.313137623331887
2014-06-15 07:06:00.0000009,15.419715514420888
2014-06-15 07:06:00.00000039,55.82475500446892
2014-06-15 07:06:00.00000010,5.1265309143980815
2014-06-15 07:06:00.00000019,15.810716957538547
2014-06-15 07:06:00.00000041,7.771800899316104
2014-06-15 07:06:00.00000028,17.490880495808575
2014-06-15 07:06:00.00000014,55.415802379878244
2014-06-15 07:06:00.0000003,14.318917798785048
2014-06-15 07:06:00.00000017,55.80527344146173
2014-06-15 07:06:00.00000015,17.98818369198596
2014-06-15 07:06:00.00000026,6.354006876217455
2014-06-15 07:06:00.0000002,14.082543740694655
2014-06-15 07:06:00.00000040,5.5435766892953895
2014-06-15 07:06:00.00000016,6.354006876217455
2014-06-06 16:22:20.0000003,5.089196931378638
2014-06-06 16:22:20.0000002,7.8187024266267295
2015-05-30 21:29:04.0000004,12.789636910235679
2015-05-30 21:29:04.0000007,16.640662749416343
2015-05-30 21:29:04.0000003,11.12458971474907
2015-05-30 21:29:04.0000001,8.192280357489999
2009-10-26 12:01:36.0000001,9.924783242182162
2009-10-26 12:01:36.0000002,7.775730035568049
2009-10-26 12:01:36.0000005,6.39802401180367
2009-10-26 12:01:36.0000003,6.76352387293966
2013-02-02 15:45:08.0000003,8.323972458487008
2013-02-02 15:45:08.0000001,10.452379895138034
2013-02-02 15:45:08.0000002,10.308221916736324
2015-04-15 06:47:04.0000001,9.051976707725533
2015-04-15 06:47:04.0000002,11.48985916189612
2010-12-14 23:27:36.0000001,6.39802401180367
2009-03-05 11:03:04.0000002,5.046147910099611
2009-03-05 11:03:04.0000001,12.542981279334949
2013-07-18 12:23:40.0000003,4.783596511153538
2013-07-18 12:23:40.0000002,5.089196931378638
2013-07-18 12:23:40.0000001,7.776673770621336
2014-04-14 13:48:32.0000004,9.921756672499134
2014-04-14 13:48:32.0000003,5.089196931378638
2014-08-18 05:33:08.0000001,8.94296697102797
2012-01-28 03:14:28.0000001,28.912601033338206
2009-09-14 02:19:00.00000014,10.753924099899404
2009-09-14 02:19:00.00000035,9.671218170402517
2009-09-14 02:19:00.00000040,7.733294333490378
2009-09-14 02:19:00.00000031,5.106201757612793
2009-09-14 02:19:00.0000003,5.046147910099611
2009-09-14 02:19:00.00000025,8.768001815717618
2009-09-14 02:19:00.0000008,7.81311980482479
2009-09-14 02:19:00.00000024,11.160272663448852
2009-09-14 02:19:00.00000021,8.53014526499035
2009-09-14 02:19:00.00000036,10.135832397359568
2009-09-14 02:19:00.0000009,48.09604190764191
2009-09-14 02:19:00.0000001,8.785911315367452
2009-09-14 02:19:00.00000018,5.077735272854648
2009-09-14 02:19:00.00000039,7.333386756916134
2009-09-14 02:19:00.0000002,14.315846719513582
2009-09-14 02:19:00.00000038,9.646393391578977
2009-09-14 02:19:00.00000020,18.010681894420323
2009-09-14 02:19:00.00000028,7.520818663205798
2009-09-14 02:19:00.00000026,20.35923143534329
2009-09-14 02:19:00.00000017,8.07136697099328
2009-09-14 02:19:00.00000030,7.9586108053314275
2009-09-14 02:19:00.00000016,6.31464565040738
2009-09-14 02:19:00.0000006,7.785320351842447
2009-09-14 02:19:00.0000007,8.80437431908564
2011-08-14 14:17:28.0000003,8.279795648252936
2011-08-14 14:17:28.0000001,5.513974708056497
2011-08-14 14:17:28.0000004,6.627877355253406
2011-08-14 14:17:28.0000002,5.990195237989862
2011-08-14 14:17:28.0000005,13.542345280189263
2014-03-17 16:07:56.0000002,55.80527344146173
2010-11-03 21:09:56.0000002,5.7432707980540165
2010-11-03 21:09:56.0000001,11.560425445853713
2012-12-11 23:37:08.0000002,9.016081832586885
2012-12-11 23:37:08.0000005,8.958723991091196
2012-12-11 23:37:08.0000004,7.2079925763007076
2012-12-11 23:37:08.0000006,8.989641206531427
2012-12-11 23:37:08.0000003,5.046147910099611
2012-12-11 23:37:08.0000001,14.456456220118577
2015-06-24 14:19:52.0000001,12.162168854113075
2015-06-24 14:19:52.0000002,55.79912972496845
2015-06-24 14:19:52.0000004,7.510217619572702
2010-08-21 22:21:32.0000004,13.777954437013625
2011-02-19 10:20:28.0000003,4.97368314014747
2011-02-19 10:20:28.0000002,12.449773042880933
2011-02-19 10:20:28.0000001,7.312177601088153
2011-02-19 10:20:28.0000004,8.363951821318599
2011-10-02 22:31:44.0000004,9.36050020007457
2011-10-02 22:31:44.0000002,20.1343498069904
2011-10-02 22:31:44.0000003,16.799884230672347
2012-01-26 11:17:36.0000002,5.056954628833623
2012-05-06 23:37:24.0000002,21.355337162623897
2012-05-06 23:37:24.0000001,21.984830228854072
2013-06-12 20:03:36.0000001,8.323972458487008
2013-06-12 20:03:36.0000002,55.725552385472575
2015-02-27 14:15:52.0000003,82.99650710051804
2013-12-21 17:20:32.0000001,10.393245883424301
2009-06-29 08:09:40.0000002,9.706068113116451
2009-06-29 08:09:40.0000001,12.524707052261574
2014-09-14 17:22:12.0000002,7.677327399593114
2014-09-14 17:22:12.0000001,11.543595334807339
2014-09-14 17:22:12.0000003,16.057896547175503
2014-09-14 17:22:12.0000005,7.842957805964334
2014-08-20 14:37:56.0000001,14.523376594468367
2011-07-20 16:34:48.0000001,4.97368314014747
2011-07-20 16:34:48.0000003,6.146046272100403
2009-10-05 10:11:32.0000001,7.128379511728822
2009-10-05 10:11:32.0000002,14.262388833441987
2011-02-16 08:44:04.0000001,14.249681174912896
2011-02-16 08:44:04.0000007,7.969830935654551
2011-02-16 08:44:04.0000004,8.376217456165744
2011-02-16 08:44:04.0000003,5.770643614650746
2011-02-16 08:44:04.0000002,5.311056807269721
2011-02-16 08:44:04.0000006,17.586760371359865
2011-02-16 08:44:04.0000005,6.842555450716101
2009-01-01 11:04:24.0000002,5.499791809289537
2014-04-28 19:46:36.0000003,8.356062827841384
2012-11-11 20:35:40.0000001,39.95484191496333
2012-11-11 20:35:40.0000002,9.100897410483025
2011-06-01 07:37:00.000000171,8.823513793646635
2011-06-01 07:37:00.000000199,6.911477245541788
2011-06-01 07:37:00.00000032,5.50344658473579
2011-06-01 07:37:00.000000175,7.660736036160703
2011-06-01 07:37:00.00000095,6.083975850687241
2011-06-01 07:37:00.000000106,5.473497263719553
2011-06-01 07:37:00.00000090,8.799031359644212
2011-06-01 07:37:00.000000169,15.05081116755832
2011-06-01 07:37:00.0000007,5.101012646435704
2011-06-01 07:37:00.000000151,14.281475672692155
2011-06-01 07:37:00.000000101,5.508501214248392
2011-06-01 07:37:00.00000099,30.715224122231668
2011-06-01 07:37:00.00000084,5.077735272854648
2011-06-01 07:37:00.00000083,5.096609529754727
2011-06-01 07:37:00.00000043,6.708353601060959
2011-06-01 07:37:00.00000029,5.508501214248392
2011-06-01 07:37:00.000000132,18.73379426325284
2011-06-01 07:37:00.000000208,6.686966457029399
2011-06-01 07:37:00.000000221,5.3352898239899424
2011-06-01 07:37:00.000000131,5.508501214248392
2011-06-01 07:37:00.000000220,6.881892558676335
2011-06-01 07:37:00.000000207,7.3152316316835595
2011-06-01 07:37:00.000000205,4.756825856709668
2011-06-01 07:37:00.000000180,7.306809414694268
2011-06-01 07:37:00.000000103,10.609094742929663
2011-06-01 07:37:00.00000098,29.18026423668393
2011-06-01 07:37:00.000000189,7.506093490251482
2011-06-01 07:37:00.000000165,5.374867985588679
2011-06-01 07:37:00.000000184,35.7762704437286
2011-06-01 07:37:00.00000092,6.141093065136565
2011-06-01 07:37:00.00000020,8.760257193310368
2011-06-01 07:37:00.000000105,7.316874047369902
2011-06-01 07:37:00.00000088,9.604971297589199
2011-06-01 07:37:00.000000122,7.316874047369902
2011-06-01 07:37:00.000000219,12.491635058715351
2011-06-01 07:37:00.000000222,7.3588202027765774
2011-06-01 07:37:00.00000049,7.353579926146391
2011-06-01 07:37:00.000000114,5.096609529754727
2011-06-01 07:37:00.000000181,5.101012646435704
2011-06-01 07:37:00.000000144,47.23900223479777
2011-06-01 07:37:00.000000155,7.316874047369902
2011-06-01 07:37:00.000000118,6.787363292509777
2011-06-01 07:37:00.000000142,6.083975850687241
2011-06-01 07:37:00.000000223,7.306809414694268
2011-06-01 07:37:00.00000057,6.510070679529868
2011-06-01 07:37:00.000000168,5.00034651917487
2011-06-01 07:37:00.000000226,7.316874047369902
2011-06-01 07:37:00.000000177,12.202678307742211
2011-06-01 07:37:00.000000185,27.576142153254914
2011-06-01 07:37:00.000000178,13.936905034537004
2011-06-01 07:37:00.000000140,8.81710119714432
2011-06-01 07:37:00.000000141,11.065094707914684
2011-06-01 07:37:00.00000045,8.022404632979296
2011-06-01 07:37:00.00000086,7.3475903307929595
2011-06-01 07:37:00.000000145,6.609906526134641
2011-06-01 07:37:00.00000037,8.260734594880208
2011-06-01 07:37:00.00000094,7.050867301546726
2011-06-01 07:37:00.00000082,5.629684590384803
2011-06-01 07:37:00.000000179,9.447520114908935
2011-06-01 07:37:00.000000197,6.542308578801893
2011-06-01 07:37:00.000000154,12.926431762795143
2011-06-01 07:37:00.00000019,9.609084092851084
2011-06-01 07:37:00.00000075,6.0484118227116745
2011-06-01 07:37:00.000000110,12.225248515450856
2011-06-01 07:37:00.00000078,5.340344453502546
2011-06-01 07:37:00.000000146,7.316874047369902
2011-06-01 07:37:00.000000143,8.304801732539872
2011-06-01 07:37:00.000000227,13.02767409385069
2011-06-01 07:37:00.00000070,5.067726196954084
2011-06-01 07:37:00.000000176,7.327893293097635
2011-06-01 07:37:00.000000217,8.26146807719158
2011-06-01 07:37:00.00000026,6.881892558676335
2011-06-01 07:37:00.000000209,7.049992453263725
2011-06-01 07:37:00.000000183,8.799031359644212
2011-06-01 07:37:00.000000210,5.977256250985172
2011-06-01 07:37:00.00000060,9.666334381040325
2011-06-01 07:37:00.000000174,6.881892558676335
2011-06-01 07:37:00.000000203,9.667482097054721
2011-06-01 07:37:00.000000139,7.316874047369902
2011-06-01 07:37:00.000000162,7.687340207799873
2011-06-01 07:37:00.000000125,7.580161850792581
2011-06-01 07:37:00.000000198,8.742347693660534
2011-06-01 07:37:00.00000055,11.884225416849658
2011-06-01 07:37:00.00000016,7.074272846510787
2011-06-01 07:37:00.00000027,7.967940352488438
2011-06-01 07:37:00.00000053,18.676906520089428
2011-06-01 07:37:00.000000201,30.550846922423357
2011-06-01 07:37:00.000000138,5.508501214248392
2011-06-01 07:37:00.00000077,4.87608425324839
2011-06-01 07:37:00.00000022,7.820582131454689
2011-06-01 07:37:00.000000182,9.684738346534008
2011-06-01 07:37:00.000000163,7.08852735299349
2011-06-01 07:37:00.000000204,9.591827843371798
2011-06-01 07:37:00.000000137,8.326772735009136
2011-06-01 07:37:00.000000152,7.316874047369902
2011-06-01 07:37:00.00000048,7.425737179276785
2011-06-01 07:37:00.00000025,8.2064027258885
2011-06-01 07:37:00.000000100,15.02078130446204
2011-06-01 07:37:00.00000015,5.046147910099611
2011-06-01 07:37:00.00000097,17.59864423534476
2011-06-01 07:37:00.000000127,8.755315516731024
2011-06-01 07:37:00.000000170,5.508501214248392
2011-06-01 07:37:00.00000091,13.978333387560685
2011-06-01 07:37:00.000000109,7.916065079689654
2011-06-01 07:37:00.00000028,8.27388056987063
2011-06-01 07:37:00.000000129,19.910814289268604
2011-06-01 07:37:00.000000158,5.046147910099611
2011-06-01 07:37:00.0000005,5.2399223096167455
2011-06-01 07:37:00.00000034,8.052230319229576
2011-06-01 07:37:00.000000107,7.6303426054895995
2011-06-01 07:37:00.00000036,6.083975850687241
2011-06-01 07:37:00.00000046,8.247989456731291
2011-06-01 07:37:00.000000108,5.077735272854648
2011-06-01 07:37:00.0000008,7.6303426054895995
2011-06-01 07:37:00.000000212,9.116884836126523
2011-06-01 07:37:00.00000068,7.96284957139094
2011-06-01 07:37:00.00000065,5.863474954472517
2011-06-01 07:37:00.000000116,5.046147910099611
2011-06-01 07:37:00.000000196,7.3475903307929595
2011-06-01 07:37:00.000000172,9.861935154575043
2011-06-01 07:37:00.00000059,12.952198129093421
2011-06-01 07:37:00.000000167,4.70106393019901
2011-06-01 07:37:00.00000058,7.3588202027765774
2011-06-01 07:37:00.00000061,5.072703209290402
2011-06-01 07:37:00.000000156,15.550035105886463
2011-06-01 07:37:00.000000128,8.338194913442962
2011-06-01 07:37:00.00000079,5.508501214248392
2011-06-01 07:37:00.000000206,7.6303426054895995
2011-06-01 07:37:00.00000069,6.881892558676335
2011-06-01 07:37:00.000000190,6.853215856318389
2011-06-01 07:37:00.000000112,5.313401060293581
2011-06-01 07:37:00.000000104,5.508501214248392
2011-06-01 07:37:00.000000194,5.478444239899866
2011-06-01 07:37:00.0000002,5.575484865962502
2011-06-01 07:37:00.00000044,6.141093065136565
2011-06-01 07:37:00.00000010,7.92403100555958
2011-06-01 07:37:00.000000157,18.674872507369102
2011-06-01 07:37:00.000000147,6.881892558676335
2011-06-01 07:37:00.000000120,5.478444239899866
2011-06-01 07:37:00.000000149,10.179344817454728
2011-06-01 07:37:00.000000119,7.954228035680078
2011-06-01 07:37:00.00000023,5.508501214248392
2011-06-01 07:37:00.00000017,8.799031359644212
2011-06-01 07:37:00.00000038,15.59789102945396
2011-06-01 07:37:00.000000113,8.146834680923789
2011-06-01 07:37:00.000000211,8.338194913442962
2011-06-01 07:37:00.00000051,7.12981436438875
2011-06-01 07:37:00.00000054,7.316874047369902
2011-06-01 07:37:00.000000186,9.720531970014886
2009-02-16 03:13:40.0000001,8.383921158162732
2010-08-27 18:45:00.000000234,5.046147910099611
2010-08-27 18:45:00.00000057,6.828286032831776
2010-08-27 18:45:00.00000039,12.069505698907589
2010-08-27 18:45:00.000000161,7.112748235521477
2010-08-27 18:45:00.000000220,9.668972622268628
2010-08-27 18:45:00.00000028,9.263317926855505
2010-08-27 18:45:00.00000014,12.635752527908094
2010-08-27 18:45:00.000000226,12.956308004552561
2010-08-27 18:45:00.000000175,5.830482237745851
2010-08-27 18:45:00.00000040,19.333009500642245
2010-08-27 18:45:00.000000144,14.642938054973675
2010-08-27 18:45:00.00000085,10.178133346284861
2010-08-27 18:45:00.000000194,36.47739898345966
2010-08-27 18:45:00.00000094,7.669098685112121
2010-08-27 18:45:00.000000141,15.831397212527412
2010-08-27 18:45:00.00000067,4.9126716512893545
2010-08-27 18:45:00.000000231,6.633471124185327
2010-08-27 18:45:00.000000214,10.264648188789886
2010-08-27 18:45:00.00000037,14.646512502169083
2010-08-27 18:45:00.000000165,5.346505042300676
2010-08-27 18:45:00.000000158,6.067660785840249
2010-08-27 18:45:00.000000217,7.071711832907189
2010-08-27 18:45:00.00000090,14.079086361104963
2010-08-27 18:45:00.000000142,8.276919803673243
2010-08-27 18:45:00.0000004,7.347832321803165
2010-08-27 18:45:00.00000070,5.077735272854648
2010-08-27 18:45:00.000000202,7.644907890996178
2010-08-27 18:45:00.000000177,7.076097223188185
2010-08-27 18:45:00.00000084,12.542981279334949
2010-08-27 18:45:00.000000209,9.909588420576771
2010-08-27 18:45:00.000000184,31.355611847846916
2010-08-27 18:45:00.000000173,7.644907890996178
2010-08-27 18:45:00.00000029,5.192645730618484
2010-08-27 18:45:00.00000025,5.513974708056497
2010-08-27 18:45:00.00000012,5.072703209290402
2010-08-27 18:45:00.00000010,5.046147910099611
2010-08-27 18:45:00.000000136,8.327085582988436
2010-08-27 18:45:00.00000073,10.950558822697438
2010-08-27 18:45:00.000000124,6.888395074919215
2010-08-27 18:45:00.000000125,5.571063611666054
2010-08-27 18:45:00.000000169,4.926976764981344
2010-08-27 18:45:00.000000208,5.046147910099611
2010-08-27 18:45:00.000000152,6.027270520153582
2010-08-27 18:45:00.000000196,9.07862401576885
2010-08-27 18:45:00.0000005,11.523136895463415
2010-08-27 18:45:00.00000077,5.513974708056497
2010-08-27 18:45:00.000000123,6.26237288329257
2010-08-27 18:45:00.00000046,9.783528810604869
2010-08-27 18:45:00.00000033,6.2264866053190575
2010-08-27 18:45:00.000000166,11.994112137706596
2010-08-27 18:45:00.000000190,5.988005150961268
2010-08-27 18:45:00.00000043,7.536935703229265
2010-08-27 18:45:00.00000081,5.513974708056497
2010-08-27 18:45:00.00000034,9.238391548122497
2010-08-27 18:45:00.00000089,17.73771449323456
2010-08-27 18:45:00.000000189,5.478970757527657
2010-08-27 18:45:00.00000078,7.273420873797761
2010-08-27 18:45:00.00000053,11.626056446248379
2010-08-27 18:45:00.000000188,6.962609919927696
2010-08-27 18:45:00.00000071,7.644907890996178
2010-08-27 18:45:00.00000097,16.13668084144258
2010-08-27 18:45:00.00000031,6.2264866053190575
2010-08-27 18:45:00.000000101,12.053896770347887
2010-08-27 18:45:00.000000140,5.5185101961023415
2010-08-27 18:45:00.00000054,27.168963856916196
2010-08-27 18:45:00.0000006,9.244488876793863
2010-08-27 18:45:00.00000011,6.962609919927696
2010-08-27 18:45:00.00000055,6.888395074919215
2010-08-27 18:45:00.000000160,10.79127506436889
2010-08-27 18:45:00.00000024,10.942551471811182
2010-08-27 18:45:00.000000106,5.148357970286195
2010-08-27 18:45:00.000000131,5.781601011249589
2010-08-27 18:45:00.00000087,12.405008656148079
2010-08-27 18:45:00.000000110,9.77659703351395
2010-08-27 18:45:00.000000197,11.50801650661933
2010-08-27 18:45:00.00000066,8.385110798803206
2010-08-27 18:45:00.000000205,11.340239217648582
2010-08-27 18:45:00.00000086,5.7743661168890155
2010-08-27 18:45:00.000000207,7.423539176653728
2010-08-27 18:45:00.00000068,13.290148973147527
2010-08-27 18:45:00.00000050,5.513974708056497
2010-08-27 18:45:00.00000045,8.085642631128575
2010-08-27 18:45:00.00000093,4.87608425324839
2010-08-27 18:45:00.00000061,11.624631302639685
2010-08-27 18:45:00.00000022,5.077735272854648
2010-08-27 18:45:00.00000018,5.513974708056497
2010-08-27 18:45:00.000000192,9.238391548122497
2010-08-27 18:45:00.000000148,5.046147910099611
2010-08-27 18:45:00.000000195,5.375286849884179
2010-08-27 18:45:00.000000155,4.736054894861267
2010-08-27 18:45:00.000000129,9.783528810604869
2010-08-27 18:45:00.000000133,5.830482237745851
2010-08-27 18:45:00.00000063,11.518548845449217
2010-08-27 18:45:00.00000076,5.513974708056497
2010-08-27 18:45:00.000000204,13.820464419933636
2010-08-27 18:45:00.000000179,4.858863887140598
2010-08-27 18:45:00.000000219,14.05140575890504
2010-08-27 18:45:00.000000107,6.2264866053190575
2010-08-27 18:45:00.000000153,9.238391548122497
2010-08-27 18:45:00.00000026,12.404853732544957
2010-08-27 18:45:00.000000198,6.2264866053190575
2010-08-27 18:45:00.00000016,10.942551471811182
2010-08-27 18:45:00.00000060,6.938401713780305
2010-08-27 18:45:00.00000017,26.602651233427867
2010-08-27 18:45:00.000000109,13.290148973147527
2010-08-27 18:45:00.000000227,10.243011210595222
2010-08-27 18:45:00.000000181,5.513974708056497
2010-08-27 18:45:00.000000191,6.962609919927696
2010-08-27 18:45:00.000000228,6.61452143119671
2010-08-27 18:45:00.00000069,12.069505698907589
2010-08-27 18:45:00.000000113,9.275858117248653
2010-08-27 18:45:00.00000049,8.385110798803206
2010-08-27 18:45:00.000000103,5.513974708056497
2010-08-27 18:45:00.0000003,5.505265303097641
2010-08-27 18:45:00.0000008,7.669098685112121
2010-08-27 18:45:00.000000134,5.830482237745851
2010-08-27 18:45:00.000000183,21.852951887438664
2010-08-27 18:45:00.00000013,12.542981279334949
2010-08-27 18:45:00.000000235,5.470016981005801
2010-08-27 18:45:00.00000038,9.684337639312444
2010-08-27 18:45:00.00000030,16.12831968456148
2010-08-27 18:45:00.000000203,8.80665225096016
2010-08-27 18:45:00.000000182,9.246043660294958
2010-08-27 18:45:00.000000230,9.084655703851713
2010-08-27 18:45:00.00000065,7.65492198431282
2011-02-12 00:43:24.0000003,11.775814931769915
2011-02-12 00:43:24.0000001,9.41260858320066
2014-05-07 06:50:20.0000002,6.354006876217455
2014-05-07 06:50:20.0000001,7.20786433355234
2014-05-07 06:50:20.0000003,8.99232060223691
2011-04-27 20:59:24.0000002,8.670030231813339
2011-04-27 20:59:24.0000003,11.86534205021429
2011-04-27 20:59:24.0000004,5.101012646435704
2011-04-27 20:59:24.0000001,8.16375813150485
2011-04-27 20:59:24.0000005,6.880080082689375
2010-08-14 02:13:00.00000069,8.265872046605166
2010-08-14 02:13:00.00000049,7.537226355783754
2010-08-14 02:13:00.00000059,6.04605380862037
2010-08-14 02:13:00.00000075,17.803112390562013
2010-08-14 02:13:00.00000020,6.881892558676335
2010-08-14 02:13:00.000000102,15.923179764127337
2010-08-14 02:13:00.00000060,6.520654586964508
2010-08-14 02:13:00.00000033,15.994839552070259
2010-08-14 02:13:00.000000166,11.916465972960024
2010-08-14 02:13:00.000000111,7.724091531093452
2010-08-14 02:13:00.00000056,8.841689752664166
2010-08-14 02:13:00.00000044,7.656834693792308
2010-08-14 02:13:00.000000132,5.046147910099611
2010-08-14 02:13:00.00000073,5.513974708056497
2010-08-14 02:13:00.00000043,8.225725530335604
2010-08-14 02:13:00.00000085,11.566683722416483
2010-08-14 02:13:00.000000108,18.067197791978185
2010-08-14 02:13:00.00000028,12.314821722030889
2010-08-14 02:13:00.00000076,5.096609529754727
2010-08-14 02:13:00.00000066,32.54361717258752
2010-08-14 02:13:00.00000080,23.46259349312364
2010-08-14 02:13:00.000000149,8.973802046634885
2010-08-14 02:13:00.00000054,6.380157141160578
2010-08-14 02:13:00.000000130,11.145186777942666
2010-08-14 02:13:00.00000032,9.145780567733894
2010-08-14 02:13:00.000000158,6.857684352528944
2010-08-14 02:13:00.000000171,14.279571897041253
2010-08-14 02:13:00.00000092,6.2264866053190575
2010-08-14 02:13:00.000000155,7.958882656821296
2010-08-14 02:13:00.000000116,9.145780567733894
2010-08-14 02:13:00.000000109,13.500405636261327
2010-08-14 02:13:00.00000030,7.813808050237708
2010-08-14 02:13:00.00000015,14.198316198213211
2010-08-14 02:13:00.000000133,5.101012646435704
2010-08-14 02:13:00.00000072,6.881892558676335
2010-08-14 02:13:00.00000052,10.142948702530326
2010-08-14 02:13:00.000000170,15.02800263530848
2010-08-14 02:13:00.0000007,6.122124607262582
2010-08-14 02:13:00.000000165,8.396242610202568
2010-08-14 02:13:00.00000026,11.618574305557658
2010-08-14 02:13:00.000000148,6.2264866053190575
2010-08-14 02:13:00.00000034,12.100845303294175
2010-08-14 02:13:00.00000022,21.855014226577833
2010-08-14 02:13:00.000000100,5.046147910099611
2010-08-14 02:13:00.000000160,5.513974708056497
2010-08-14 02:13:00.0000009,17.952245360310815
2010-08-14 02:13:00.00000038,9.744612497488442
2010-08-14 02:13:00.0000001,8.743684794985265
2010-08-14 02:13:00.00000078,7.316874047369902
2010-08-14 02:13:00.000000134,8.675055756850119
2010-08-14 02:13:00.00000077,19.52101764392391
2010-08-14 02:13:00.000000168,7.316874047369902
2010-08-14 02:13:00.000000161,8.758649050697482
2010-08-14 02:13:00.000000122,6.857684352528944
2010-08-14 02:13:00.00000035,6.2264866053190575
2010-08-14 02:13:00.000000110,7.306809414694268
2010-08-14 02:13:00.000000146,11.057652826306935
2010-08-14 02:13:00.00000010,13.608884698983935
2010-08-14 02:13:00.000000141,5.077735272854648
2010-08-14 02:13:00.00000087,18.33161833191646
2010-08-14 02:13:00.000000137,6.807677713667852
2010-08-14 02:13:00.00000064,7.6197888142308265
2010-08-14 02:13:00.00000084,8.086187544373962
2010-08-14 02:13:00.000000139,12.918244442198247
2010-08-14 02:13:00.00000089,31.575153666337282
2010-08-14 02:13:00.000000140,47.310691243596104
2010-08-14 02:13:00.00000012,8.914647648699573
2010-08-14 02:13:00.00000025,5.3515596718132805
2010-08-14 02:13:00.00000070,5.046147910099611
2010-08-14 02:13:00.0000004,12.153527824328537
2010-08-14 02:13:00.00000090,12.340325083157543
2010-08-14 02:13:00.000000101,14.734943396946532
2010-08-14 02:13:00.00000017,5.634860014137664
2010-08-14 02:13:00.00000055,6.2264866053190575
2010-08-14 02:13:00.00000014,10.248296175601137
2010-08-14 02:13:00.000000142,14.874789411679433
2010-08-14 02:13:00.00000021,6.681476197412456
2010-08-14 02:13:00.00000047,14.596351473940876
2010-08-14 02:13:00.00000083,5.077735272854648
2010-08-14 02:13:00.000000162,7.639194883325054
2015-04-16 22:32:48.0000006,11.190868016019406
2015-04-16 22:32:48.0000001,5.089196931378638
2015-04-16 22:32:48.0000004,6.458778529140884
2015-04-16 22:32:48.0000002,14.087351152469044
2015-04-16 22:32:48.0000005,8.747031327768164
2013-03-15 11:57:04.0000002,7.095454559672422
2013-03-15 11:57:04.0000001,7.9433947932073865
2014-11-16 08:47:12.0000002,15.494071772804203
2014-11-16 08:47:12.0000001,7.186880172192833
2013-02-20 16:10:28.0000001,6.561925587239845
2011-07-03 00:36:04.0000001,5.508501214248392
2014-03-25 23:47:00.00000074,7.488009310244807
2014-03-25 23:47:00.00000088,11.13062924336702
2014-03-25 23:47:00.000000100,7.510217619572702
2014-03-25 23:47:00.00000094,4.820139897113959
2014-03-25 23:47:00.00000059,12.114471621031702
2014-03-25 23:47:00.00000066,9.516872686774198
2014-03-25 23:47:00.00000016,5.089196931378638
2014-03-25 23:47:00.0000003,17.101487672158218
2014-03-25 23:47:00.00000080,5.089196931378638
2014-03-25 23:47:00.00000048,47.16007070528454
2014-03-25 23:47:00.00000058,11.157827729035093
2014-03-25 23:47:00.00000070,35.26411782227052
2014-03-25 23:47:00.00000046,14.041323942512022
2014-03-25 23:47:00.00000053,5.1780701853908075
2014-03-25 23:47:00.00000029,6.810268357412911
2014-03-25 23:47:00.00000087,12.59657258683998
2014-03-25 23:47:00.000000126,9.388404300056555
2014-03-25 23:47:00.00000024,12.114471621031702
2014-03-25 23:47:00.0000007,12.804978568985332
2014-03-25 23:47:00.00000071,18.01562803978176
2014-03-25 23:47:00.0000008,9.15050691503323
2014-03-25 23:47:00.00000049,58.05956505585918
2014-03-25 23:47:00.00000090,26.9658645202392
2014-03-25 23:47:00.00000089,23.328572061397157
2014-03-25 23:47:00.000000117,5.1780701853908075
2014-03-25 23:47:00.00000043,10.531809786596781
2014-03-25 23:47:00.00000032,8.994639199588232
2014-03-25 23:47:00.00000081,7.510217619572702
2014-03-25 23:47:00.00000023,7.510217619572702
2014-03-25 23:47:00.00000099,35.6344823797956
2014-03-25 23:47:00.00000077,5.173776882379294
2014-03-25 23:47:00.00000065,7.233846264737653
2014-03-25 23:47:00.000000111,16.023627651479902
2014-03-25 23:47:00.000000118,26.897596383569
2014-03-25 23:47:00.00000038,9.99348945599932
2014-03-25 23:47:00.000000110,7.147583177833123
2014-03-25 23:47:00.00000014,14.420610667068672
2014-03-25 23:47:00.00000086,33.69015853893987
2014-03-25 23:47:00.00000097,8.394420496708012
2014-03-25 23:47:00.00000092,20.322940002369773
2014-03-25 23:47:00.000000140,12.106304919074885
2014-03-25 23:47:00.000000123,23.201108741544108
2014-03-25 23:47:00.000000131,6.446103743186601
2014-03-25 23:47:00.00000033,15.03165450877172
2014-03-25 23:47:00.00000015,6.82278190750736
2014-03-25 23:47:00.000000125,24.490280053490732
2014-03-25 23:47:00.00000061,21.534752455820843
2014-03-25 23:47:00.00000027,13.456997877056404
2014-03-25 23:47:00.000000101,28.185805013191988
2014-03-25 23:47:00.000000136,9.191192291779162
2014-03-25 23:47:00.000000133,5.133825879381424
2014-03-25 23:47:00.0000006,27.753778524314207
2014-03-25 23:47:00.00000047,12.092931153780128
2014-03-25 23:47:00.00000056,9.769976248816029
2014-03-25 23:47:00.0000001,4.783596511153538
2014-03-25 23:47:00.00000045,5.120784294133675
2014-03-25 23:47:00.00000073,7.811062488813101
2014-03-25 23:47:00.00000030,19.236354865530494
2014-03-25 23:47:00.00000010,28.784921531697922
2014-03-25 23:47:00.00000072,12.200282609172074
2014-03-25 23:47:00.0000009,20.729123968116642
2014-03-25 23:47:00.00000082,10.344588734331387
2014-03-25 23:47:00.00000017,7.444721190765153
2014-03-25 23:47:00.00000050,10.605010695435979
2014-03-25 23:47:00.000000121,9.776878377604259
2014-03-25 23:47:00.000000109,22.15025229910239
2014-03-25 23:47:00.00000018,5.089196931378638
2014-03-25 23:47:00.00000078,8.374116888066732
2014-03-25 23:47:00.00000025,5.089196931378638
2014-03-25 23:47:00.00000044,5.089196931378638
2014-03-25 23:47:00.0000005,5.089196931378638
2014-03-25 23:47:00.00000062,7.029929937903332
2014-03-25 23:47:00.000000130,43.53179917634847
2014-03-25 23:47:00.00000037,10.582911744549026
2014-03-25 23:47:00.000000114,15.125111054578904
2014-03-25 23:47:00.0000002,27.248386285813755
2014-03-25 23:47:00.000000103,34.156339481750116
2014-03-25 23:47:00.000000106,14.047638336332497
2014-03-25 23:47:00.00000095,10.810243881389079
2014-03-25 23:47:00.000000113,25.43878803959826
2014-03-25 23:47:00.0000004,18.279432117129875
2014-03-25 23:47:00.00000041,18.086888840546933
2014-03-25 23:47:00.00000079,17.392392746077107
2011-06-21 13:19:20.0000001,8.130096253092873
2011-06-21 13:19:20.0000003,6.5674996325890405
2011-06-21 13:19:20.0000002,12.392081103642388
2013-01-02 20:53:44.0000001,7.00832053513328
2013-01-02 20:53:44.0000002,6.446103743186601
2009-10-07 08:16:24.0000001,11.535471402086793
2012-08-25 22:18:36.0000003,12.253967492461014
2012-08-25 22:18:36.0000004,10.314718329942043
2012-08-25 22:18:36.0000001,6.981324120614058
2012-08-25 22:18:36.0000002,8.525920576361571
2015-06-05 08:38:56.0000005,7.8187024266267295
2015-06-05 08:38:56.0000007,10.479747924091507
2015-06-05 08:38:56.0000006,6.446103743186601
2015-06-05 08:38:56.0000004,25.927193915864926
2015-06-05 08:38:56.0000001,37.589660220184726
2015-06-05 08:38:56.0000002,16.791782082237294
2013-02-26 11:10:24.0000002,9.870930533500164
2013-02-26 11:10:24.0000001,38.39588058709862
2014-04-29 00:02:40.0000001,9.438303856673302
2014-04-29 00:02:40.0000002,16.437611020491502
2014-04-29 00:02:40.0000003,14.44547470576283
2010-08-06 20:27:12.0000002,13.055937288401433
2010-08-06 20:27:12.0000005,9.317930280628435
2010-08-06 20:27:12.0000004,5.046147910099611
2010-08-06 20:27:12.0000001,10.49337403743512
2012-06-07 00:25:40.0000001,7.3588202027765774
2012-06-07 00:25:40.0000002,16.081846814369115
2011-09-24 07:42:32.0000001,7.029849898828387
2011-09-28 10:58:48.0000002,7.128379511728822
2011-09-28 10:58:48.0000001,6.4138011364784475
2011-09-28 10:58:48.0000005,5.850696719221707
2011-09-28 10:58:48.0000004,13.56784327836023
2011-09-28 10:58:48.0000003,25.295166516483928
2011-09-28 10:58:48.0000006,11.521653776023586
2009-11-01 05:04:12.0000001,8.44344443671479
2009-11-01 05:04:12.0000002,13.594958940636877
2014-04-23 22:54:12.0000002,6.5250007015711855
2014-04-23 22:54:12.0000001,26.924289030265005
2014-04-23 22:54:12.0000004,30.23669025593035
2014-04-23 22:54:12.0000003,11.224701055167959
2014-04-23 22:54:12.0000005,5.192677866024059
2014-04-23 22:54:12.0000006,10.618167511538568
2012-02-28 19:18:44.0000001,6.353417241161554
2012-02-28 19:18:44.0000002,10.710592982170727
2010-09-29 16:43:00.0000003,47.310691243596104
2010-09-29 16:43:00.000000143,5.71783659834743
2010-09-29 16:43:00.000000150,4.70106393019901
2010-09-29 16:43:00.00000077,5.9762246920859425
2010-09-29 16:43:00.000000153,12.982853032243058
2010-09-29 16:43:00.00000048,4.749195311457874
2010-09-29 16:43:00.00000086,9.084969966759678
2010-09-29 16:43:00.000000108,9.424082741345027
2010-09-29 16:43:00.000000101,6.5365947374051805
2010-09-29 16:43:00.000000132,7.028802514544612
2010-09-29 16:43:00.00000033,4.827147793971156
2010-09-29 16:43:00.00000055,6.024853032319491
2010-09-29 16:43:00.000000107,11.459547143951317
2010-09-29 16:43:00.000000147,4.720369079176927
2010-09-29 16:43:00.00000098,7.826307443919282
2010-09-29 16:43:00.00000053,7.131148023651845
2010-09-29 16:43:00.00000052,10.075997229035407
2010-09-29 16:43:00.00000085,7.098483476757067
2010-09-29 16:43:00.000000115,5.850696719221707
2010-09-29 16:43:00.000000133,9.084969966759678
2010-09-29 16:43:00.000000131,11.67293995688085
2010-09-29 16:43:00.00000031,13.56784327836023
2010-09-29 16:43:00.00000096,4.70106393019901
2010-09-29 16:43:00.000000120,6.45425940272226
2010-09-29 16:43:00.000000175,10.487218186445235
2010-09-29 16:43:00.00000072,11.046700400943088
2010-09-29 16:43:00.00000038,9.924783242182162
2010-09-29 16:43:00.00000043,9.046595608050033
2010-09-29 16:43:00.0000007,44.27880494688162
2010-09-29 16:43:00.000000111,7.804067708379589
2010-09-29 16:43:00.00000067,8.280013159234919
2010-09-29 16:43:00.00000065,9.1224251305833
2010-09-29 16:43:00.00000046,5.046147910099611
2010-09-29 16:43:00.00000075,10.97180143326402
2010-09-29 16:43:00.000000155,6.45425940272226
2010-09-29 16:43:00.00000087,47.310691243596104
2010-09-29 16:43:00.000000160,9.530803245147613
2010-09-29 16:43:00.00000060,7.775730035568049
2010-09-29 16:43:00.00000020,8.263210117862497
2010-09-29 16:43:00.00000091,9.916439986635824
2010-09-29 16:43:00.00000068,13.582872179738867
2010-09-29 16:43:00.000000165,7.942377324675719
2010-09-29 16:43:00.000000146,6.830686331970444
2010-09-29 16:43:00.000000169,9.916439986635824
2010-09-29 16:43:00.000000141,6.421527964970928
2010-09-29 16:43:00.00000018,7.775730035568049
2010-09-29 16:43:00.000000100,9.457226907945419
2010-09-29 16:43:00.000000163,19.607222252947633
2010-09-29 16:43:00.00000076,9.084969966759678
2010-09-29 16:43:00.00000027,31.59462682522385
2010-09-29 16:43:00.000000137,9.494937520598603
2010-09-29 16:43:00.00000021,7.902653938337582
2010-09-29 16:43:00.00000063,8.424746256159082
2010-09-29 16:43:00.00000058,8.445299074782277
2010-09-29 16:43:00.00000090,14.653062043520942
2010-09-29 16:43:00.00000066,10.936075723769145
2010-09-29 16:43:00.000000156,6.822109612173599
2010-09-29 16:43:00.000000104,5.743898733758479
2010-09-29 16:43:00.00000089,32.605505242107256
2010-09-29 16:43:00.00000029,8.169718821640394
2010-09-29 16:43:00.0000004,6.860744315177662
2010-09-29 16:43:00.00000051,11.006870134821805
2010-09-29 16:43:00.00000036,8.527602791728896
2010-09-29 16:43:00.000000158,9.422711837997817
2010-09-29 16:43:00.000000106,9.615167397005502
2010-09-29 16:43:00.00000047,6.037565949993525
2010-09-29 16:43:00.00000073,9.902250971556748
2010-09-29 16:43:00.00000024,7.134373421429745
2010-09-29 16:43:00.000000151,6.45425940272226
2010-09-29 16:43:00.000000134,4.70106393019901
2010-09-29 16:43:00.000000138,5.850696719221707
2010-09-29 16:43:00.000000125,7.10417130558143
2010-09-29 16:43:00.000000112,7.10417130558143
2010-09-29 16:43:00.0000006,5.850696719221707
2010-09-29 16:43:00.00000025,15.916445922410421
2010-09-29 16:43:00.0000008,9.10895921354944
2010-09-29 16:43:00.00000049,30.44576878227875
2010-09-29 16:43:00.000000173,6.826759581175304
2010-09-29 16:43:00.00000050,7.128379511728822
2010-09-29 16:43:00.00000035,6.040915715982094
2010-09-29 16:43:00.00000097,31.827181988523098
2010-09-29 16:43:00.00000054,7.083944654225499
2010-09-29 16:43:00.000000166,6.036634861763806
2010-09-29 16:43:00.0000005,7.28495508863572
2010-09-29 16:43:00.00000030,28.90965925328357
2010-09-29 16:43:00.000000102,10.31466906097776
2010-09-29 16:43:00.00000056,10.075997229035407
2010-09-29 16:43:00.000000103,6.938039231291006
2010-09-29 16:43:00.00000092,31.889455483728874
2010-09-29 16:43:00.00000079,6.34753725846037
2010-09-29 16:43:00.000000149,5.850696719221707
2010-09-29 16:43:00.000000123,4.81934030621203
2010-09-29 16:43:00.000000128,5.71783659834743
2010-09-29 16:43:00.000000121,7.424539215733874
2010-09-29 16:43:00.000000105,30.137381814739143
2010-09-29 16:43:00.00000026,7.402434029959686
2010-09-29 16:43:00.000000109,10.727574529520718
2010-09-29 16:43:00.000000124,4.70106393019901
2010-09-29 16:43:00.00000071,5.6433059756892305
2010-09-29 16:43:00.00000061,18.674872507369102
2010-09-29 16:43:00.000000129,9.916439986635824
2010-09-29 16:43:00.00000095,5.770994139334473
2010-09-29 16:43:00.00000010,11.535471402086793
2010-09-29 16:43:00.00000081,8.445299074782277
2010-09-29 16:43:00.00000017,11.665110021725141
2010-09-29 16:43:00.00000028,9.463980406076981
2010-09-29 16:43:00.000000167,5.040790834233747
2010-09-29 16:43:00.00000082,13.501224190233819
2010-09-29 16:43:00.000000116,9.43970792637344
2010-09-29 16:43:00.000000127,33.45217714250964
2014-10-27 14:58:00.00000095,8.347679173748254
2014-10-27 14:58:00.000000118,10.841276961165713
2014-10-27 14:58:00.00000098,9.427481357016873
2014-10-27 14:58:00.000000108,14.26808210462246
2014-10-27 14:58:00.00000074,4.758999899768665
2014-10-27 14:58:00.00000079,14.523376594468367
2014-10-27 14:58:00.000000137,7.510217619572702
2014-10-27 14:58:00.0000001,12.667543265758137
2014-10-27 14:58:00.00000018,6.572394313252209
2014-10-27 14:58:00.000000142,6.467209051230557
2014-10-27 14:58:00.00000082,7.364445362565642
2014-10-27 14:58:00.0000008,20.47166900903066
2014-10-27 14:58:00.00000016,7.510217619572702
2014-10-27 14:58:00.000000117,8.356062827841384
2014-10-27 14:58:00.00000048,9.921756672499134
2014-10-27 14:58:00.00000075,5.110775218233111
2014-10-27 14:58:00.000000112,19.76313374839999
2014-10-27 14:58:00.00000029,5.110775218233111
2014-10-27 14:58:00.00000058,8.356062827841384
2014-10-27 14:58:00.00000053,13.833184010834957
2014-10-27 14:58:00.00000052,5.089196931378638
2014-10-27 14:58:00.00000071,14.002574908826462
2014-10-27 14:58:00.00000044,10.399575004029911
2014-10-27 14:58:00.000000120,6.458778529140884
2014-10-27 14:58:00.00000034,10.371928005711476
2014-10-27 14:58:00.000000105,6.831890138821592
2014-10-27 14:58:00.000000147,7.757525288330008
2014-10-27 14:58:00.00000030,6.988878930877673
2014-10-27 14:58:00.000000100,7.510217619572702
2014-10-27 14:58:00.00000086,7.510217619572702
2014-10-27 14:58:00.00000047,38.602323155043635
2014-10-27 14:58:00.000000107,31.689547112490555
2014-10-27 14:58:00.000000127,28.487278021546658
2014-10-27 14:58:00.000000119,5.089196931378638
2014-10-27 14:58:00.00000013,33.34013275123038
2014-10-27 14:58:00.00000076,38.11030597088929
2014-10-27 14:58:00.00000085,7.510217619572702
2014-10-27 14:58:00.00000038,10.426973633949249
2014-10-27 14:58:00.0000004,7.510217619572702
2014-10-27 14:58:00.00000037,28.435685123087747
2014-10-27 14:58:00.00000041,5.04139538432223
2014-10-27 14:58:00.000000141,5.089196931378638
2014-10-27 14:58:00.000000140,9.882025776329318
2014-10-27 14:58:00.00000042,8.347679173748254
2014-10-27 14:58:00.000000109,6.561925587239845
2014-10-27 14:58:00.00000077,11.96081550233157
2014-10-27 14:58:00.00000026,19.72227927516779
2014-10-27 14:58:00.000000151,4.9041320379055655
2014-10-27 14:58:00.00000061,7.518109269327707
2014-10-27 14:58:00.000000114,17.533886907582584
2014-10-27 14:58:00.00000021,19.016683863574933
2014-10-27 14:58:00.00000063,6.688446113169457
2014-10-27 14:58:00.00000072,55.82475500446892
2014-10-27 14:58:00.000000131,8.356062827841384
2014-10-27 14:58:00.0000005,35.90688538976819
2014-10-27 14:58:00.000000110,6.531495645753301
2014-10-27 14:58:00.00000011,6.561925587239845
2014-10-27 14:58:00.00000064,6.561925587239845
2014-10-27 14:58:00.00000033,5.10000365011265
2014-10-27 14:58:00.00000091,7.488009310244807
2014-10-27 14:58:00.0000003,15.173309662849531
2014-10-27 14:58:00.00000096,4.729657722906039
2014-10-27 14:58:00.00000051,9.883741150740502
2014-10-27 14:58:00.00000020,7.8187024266267295
2014-10-27 14:58:00.000000138,55.80527344146173
2014-10-27 14:58:00.0000002,19.94864494172049
2014-10-27 14:58:00.00000039,12.63483608137597
2014-10-27 14:58:00.00000073,9.477400822226999
2014-10-27 14:58:00.000000116,8.356062827841384
2014-10-27 14:58:00.00000049,7.767006364509757
2014-10-27 14:58:00.00000025,16.519773443721927
2014-10-27 14:58:00.000000133,4.729657722906039
2014-10-27 14:58:00.00000043,9.864446137638252
2014-10-27 14:58:00.00000055,7.510217619572702
2014-10-27 14:58:00.000000124,35.05254811047305
2014-10-27 14:58:00.00000083,10.479747924091507
2014-10-27 14:58:00.00000010,7.9650520670561
2014-10-27 14:58:00.000000126,5.72231392158503
2014-10-27 14:58:00.00000017,11.994985459606994
2014-10-27 14:58:00.000000139,11.548868734242767
2014-10-27 14:58:00.00000014,5.65853258029666
2014-10-27 14:58:00.00000045,8.78758104199845
2014-10-27 14:58:00.000000132,6.221129736792863
2014-10-27 14:58:00.00000080,37.55164742261366
2014-10-27 14:58:00.00000019,7.6385095086548995
2014-10-27 14:58:00.000000102,14.002574908826462
2014-10-27 14:58:00.00000062,14.002574908826462
2014-10-27 14:58:00.000000122,37.37544232237693
2014-10-27 14:58:00.00000032,17.476396755378047
2014-10-27 14:58:00.00000015,9.864446137638252
2014-10-27 14:58:00.00000084,55.82475500446892
2014-10-27 14:58:00.000000134,6.5676119500847
2014-10-27 14:58:00.00000093,10.479747924091507
2014-10-27 14:58:00.00000068,6.7814689237713495
2014-10-27 14:58:00.00000089,47.373871695109784
2014-10-27 14:58:00.00000027,55.80527344146173
2009-10-08 23:44:56.0000004,15.788014535799471
2009-10-08 23:44:56.0000001,12.134445769689144
2012-11-03 17:11:00.00000035,6.155119184636813
2012-11-03 17:11:00.000000107,9.957969552182892
2012-11-03 17:11:00.00000069,9.957969552182892
2012-11-03 17:11:00.000000116,11.046232228560372
2012-11-03 17:11:00.000000145,5.731694053784846
2012-11-03 17:11:00.00000097,5.062077409154452
2012-11-03 17:11:00.000000119,5.61041067717974
2012-11-03 17:11:00.000000134,4.897662540102862
2012-11-03 17:11:00.000000137,7.303529429629812
2012-11-03 17:11:00.00000010,15.663649882830317
2012-11-03 17:11:00.000000157,5.046147910099611
2012-11-03 17:11:00.000000121,18.250682080725
2012-11-03 17:11:00.00000073,54.46617657583079
2012-11-03 17:11:00.00000062,9.003763334938377
2012-11-03 17:11:00.000000130,6.726500992189471
2012-11-03 17:11:00.000000141,8.51015600983608
2012-11-03 17:11:00.00000098,10.966533520851167
2012-11-03 17:11:00.00000066,8.064750651339649
2012-11-03 17:11:00.00000036,9.648091287368164
2012-11-03 17:11:00.00000026,7.546809521157971
2012-11-03 17:11:00.000000110,7.2079925763007076
2012-11-03 17:11:00.00000021,6.583807194585018
2012-11-03 17:11:00.00000040,6.583807194585018
2012-11-03 17:11:00.00000087,10.184966609478305
2012-11-03 17:11:00.00000039,9.349621786424827
2012-11-03 17:11:00.00000033,11.523229639383542
2012-11-03 17:11:00.0000006,6.369432676911607
2012-11-03 17:11:00.00000025,15.825801871359781
2012-11-03 17:11:00.000000129,9.942694519545634
2012-11-03 17:11:00.000000153,11.571270228932983
2012-11-03 17:11:00.000000138,12.37976408000388
2012-11-03 17:11:00.000000143,9.11913051851223
2012-11-03 17:11:00.000000109,6.837610762483618
2012-11-03 17:11:00.00000042,11.046232228560372
2012-11-03 17:11:00.000000104,18.979882635309025
2012-11-03 17:11:00.0000005,7.005836249871432
2012-11-03 17:11:00.00000056,53.76536018208899
2012-11-03 17:11:00.00000045,5.046147910099611
2012-11-03 17:11:00.00000034,11.53704726544675
2012-11-03 17:11:00.000000120,9.04632031521313
2012-11-03 17:11:00.000000127,10.184966609478305
2012-11-03 17:11:00.00000022,5.046147910099611
2012-11-03 17:11:00.0000003,14.727722597584323
2012-11-03 17:11:00.00000084,7.303529429629812
2012-11-03 17:11:00.00000089,9.77011411713385
2012-11-03 17:11:00.00000041,10.993435241483324
2012-11-03 17:11:00.000000108,11.115103265527672
2012-11-03 17:11:00.000000158,8.920673711659228
2012-11-03 17:11:00.000000122,4.704964557290388
2012-11-03 17:11:00.000000111,16.13123094900009
2012-11-03 17:11:00.00000027,5.046147910099611
2012-11-03 17:11:00.0000008,9.112784567521405
2012-11-03 17:11:00.000000148,18.429373109576776
2012-11-03 17:11:00.000000144,36.22773037868245
2012-11-03 17:11:00.00000029,9.648091287368164
2012-11-03 17:11:00.00000049,6.513307873100866
2012-11-03 17:11:00.00000011,5.595140593468191
2012-11-03 17:11:00.00000094,15.531683634641281
2012-11-03 17:11:00.000000152,14.999119694757965
2012-11-03 17:11:00.00000051,9.003763334938377
2012-11-03 17:11:00.00000048,8.351419761840342
2012-11-03 17:11:00.00000043,9.640439175195704
2012-11-03 17:11:00.00000059,8.343831951040857
2012-11-03 17:11:00.00000019,6.997259530074589
2012-11-03 17:11:00.000000135,9.640439175195704
2012-11-03 17:11:00.00000017,10.779268764103424
2012-11-03 17:11:00.000000146,7.303529429629812
2012-11-03 17:11:00.00000068,11.106615466753357
2012-11-03 17:11:00.00000092,9.949626296636554
2012-11-03 17:11:00.0000002,17.23661769786436
2012-11-03 17:11:00.000000133,5.731694053784846
2012-11-03 17:11:00.00000038,11.115103265527672
2012-11-03 17:11:00.000000123,6.583807194585018
2012-11-03 17:11:00.00000015,5.61041067717974
2012-11-03 17:11:00.000000131,5.096609529754727
2012-11-03 17:11:00.000000112,5.61041067717974
2012-11-03 17:11:00.000000100,6.651160210421973
2012-11-03 17:11:00.00000095,13.901103849400577
2012-11-03 17:11:00.0000004,7.005836249871432
2012-11-03 17:11:00.00000047,14.361704566359197
2012-11-03 17:11:00.00000020,17.160460086062354
2012-11-03 17:11:00.000000156,16.17621881151409
2012-11-03 17:11:00.00000014,5.017322820520151
2012-11-03 17:11:00.000000139,9.942694519545634
2012-11-03 17:11:00.000000154,7.303529429629812
2012-11-03 17:11:00.000000151,5.7432707980540165
2012-11-03 17:11:00.00000070,9.62481399016729
2012-11-03 17:11:00.00000023,9.949626296636554
2012-11-03 17:11:00.00000065,8.954084435933579
2012-11-03 17:11:00.00000018,8.544004003909539
2012-11-03 17:11:00.00000088,5.628200428990286
2012-11-03 17:11:00.000000140,13.594311755886231
2012-11-03 17:11:00.00000071,8.51015600983608
2009-05-07 13:58:32.0000003,6.924094138122253
2009-05-07 13:58:32.0000001,7.412008632592895
2011-12-25 21:26:32.0000001,5.077735272854648
2015-01-12 19:01:00.0000001,12.948347044879718
2015-01-12 19:01:00.0000003,4.9041320379055655
2015-01-12 19:01:00.0000004,12.212357517667044
2015-01-12 19:01:00.0000002,6.561925587239845
2009-10-06 16:09:24.0000001,7.134373421429745
2009-10-06 16:09:24.0000003,7.1537965682330835
2009-10-06 16:09:24.0000002,5.737092275341947
2009-05-06 01:49:12.0000003,28.714731234604606
2009-05-06 01:49:12.0000005,6.613329235266032
2009-05-06 01:49:12.0000001,13.20817351614714
2009-05-06 01:49:12.0000006,7.420104332473915
2014-10-07 11:20:56.0000002,35.88406467633875
2014-10-07 11:20:56.0000001,12.08021451731148
2014-10-07 11:20:56.0000003,7.757525288330008
2009-02-10 15:30:04.0000002,10.816346466072071
2009-02-10 15:30:04.0000001,9.23001948036404
2013-09-28 00:06:20.0000004,15.953207698258444
2013-09-28 00:06:20.0000001,16.935940036719586
2013-09-28 00:06:20.0000009,11.951567492408174
2013-09-28 00:06:20.0000008,11.598143626365616
2013-09-28 00:06:20.0000007,6.578913571746085
2013-09-28 00:06:20.0000006,13.089302539352014
2013-09-28 00:06:20.0000002,13.02711612313801
2013-07-18 08:25:04.0000001,8.347679173748254
2013-07-18 08:25:04.0000002,6.446103743186601
2013-07-18 08:25:04.0000003,9.883741150740502
2011-03-11 01:44:00.00000010,7.036767478757009
2011-03-11 01:44:00.00000070,7.036767478757009
2011-03-11 01:44:00.00000088,23.276604965081223
2011-03-11 01:44:00.00000063,14.858570495247017
2011-03-11 01:44:00.00000058,16.070495165889266
2011-03-11 01:44:00.00000086,19.219463432984657
2011-03-11 01:44:00.00000053,6.141093065136565
2011-03-11 01:44:00.00000094,11.981513008191262
2011-03-11 01:44:00.00000069,5.489917704584884
2011-03-11 01:44:00.00000061,15.522393434099435
2011-03-11 01:44:00.0000008,5.062077409154452
2011-03-11 01:44:00.0000002,15.030775598316387
2011-03-11 01:44:00.00000050,5.046147910099611
2011-03-11 01:44:00.00000068,8.37001786888579
2011-03-11 01:44:00.00000018,8.73764201908821
2011-03-11 01:44:00.00000079,15.118699407168547
2011-03-11 01:44:00.00000037,5.369813356076076
2011-03-11 01:44:00.00000015,8.14233090642101
2011-03-11 01:44:00.00000071,5.3352898239899424
2011-03-11 01:44:00.00000054,15.827559487387964
2011-03-11 01:44:00.00000080,5.051817039861188
2011-03-11 01:44:00.00000078,8.360532476739335
2011-03-11 01:44:00.00000055,7.810082251042364
2011-03-11 01:44:00.00000026,19.816785444691302
2011-03-11 01:44:00.00000045,12.276000673367012
2011-03-11 01:44:00.00000013,6.141093065136565
2011-03-11 01:44:00.0000007,29.227603091480905
2011-03-11 01:44:00.00000024,5.046147910099611
2011-03-11 01:44:00.00000093,5.508501214248392
2011-03-11 01:44:00.00000089,8.812983788060748
2011-03-11 01:44:00.00000022,9.235965208203869
2011-03-11 01:44:00.00000020,5.077735272854648
2011-03-11 01:44:00.00000025,4.895389402226307
2011-03-11 01:44:00.00000090,22.72640181492652
2011-03-11 01:44:00.00000087,14.979874588664797
2011-03-11 01:44:00.00000017,12.838505897357889
2011-03-11 01:44:00.00000031,25.592871952224137
2011-03-11 01:44:00.00000048,13.168505495000213
2011-03-11 01:44:00.00000076,18.274836333406714
2011-03-11 01:44:00.00000012,14.890229211001724
2011-03-11 01:44:00.00000066,9.923656402067387
2011-03-11 01:44:00.0000001,7.458339194883614
2011-03-11 01:44:00.00000091,14.907430079318173
2011-03-11 01:44:00.00000043,8.283752442545333
2011-03-11 01:44:00.00000060,7.036767478757009
2011-03-11 01:44:00.00000049,12.995212534348639
2011-03-11 01:44:00.00000073,6.881892558676335
2011-03-11 01:44:00.0000004,14.45397734390769
2013-12-16 19:06:44.0000002,6.954456804667497
2013-12-18 03:49:24.0000001,8.314538440606178
2013-08-05 19:04:36.0000002,10.797993540382327
2013-08-05 19:04:36.0000001,8.356062827841384
2009-05-08 18:00:36.0000002,5.473497263719553
2013-01-27 00:09:12.0000002,11.709457705106761
2013-01-27 00:09:12.0000006,7.188963018932669
2013-01-27 00:09:12.0000009,8.760156911242586
2013-01-27 00:09:12.0000001,5.168391029528309
2013-01-27 00:09:12.0000004,8.788055032519555
2013-01-27 00:09:12.0000007,15.018031752760487
2013-01-27 00:09:12.0000005,8.948704900764788
2012-06-18 22:51:56.0000002,5.508501214248392
2012-06-18 22:51:56.0000001,5.046147910099611
2011-06-20 09:55:24.0000004,9.240968129207435
2011-06-20 09:55:24.0000003,5.508501214248392
2011-06-20 09:55:24.0000001,9.208093086684759
2011-06-20 09:55:24.0000002,5.3352898239899424
2011-06-20 09:55:24.0000005,7.644907890996178
2015-02-22 09:48:32.0000002,8.356062827841384
2015-02-22 09:48:32.0000001,17.825448329952145
2015-02-22 09:48:32.0000003,23.29730095891548
2010-08-25 23:40:32.0000001,10.629080133860343
2012-01-07 11:21:56.0000002,14.150147768833287
2012-10-31 12:17:24.0000003,8.379233390885075
2012-10-31 12:17:24.0000001,5.504885029434865
2012-10-20 02:05:08.0000001,13.097476840431707
2012-10-20 02:05:08.0000002,6.583807194585018
2012-05-06 08:52:08.0000001,12.471410040073698
2014-10-11 15:11:24.0000002,6.754481006136168
2014-10-11 15:11:24.0000004,42.2105811261496
2014-10-11 15:11:24.0000005,13.732502795975853
2014-10-11 15:11:24.0000006,40.20230101639903
2014-10-11 15:11:24.0000001,7.510217619572702
2009-08-17 12:27:08.0000004,6.473562210460456
2009-08-17 12:27:08.0000001,18.674872507369102
2009-08-17 12:27:08.0000003,6.313976532528836
2011-10-28 07:45:04.0000001,16.693705348872626
2011-10-28 07:45:04.0000003,6.881261012405215
2011-10-28 07:45:04.0000002,5.046147910099611
2014-04-09 09:23:12.0000003,7.510217619572702
2014-04-09 09:23:12.0000005,6.719885124625514
2014-04-09 09:23:12.0000002,6.688446113169457
2014-04-09 09:23:12.0000001,10.456936495618368
2013-09-15 02:37:52.0000001,11.489244875429772
2013-09-15 02:37:52.0000003,9.557374139099638
2009-11-25 19:32:52.0000005,13.293934794508104
2009-11-25 19:32:52.0000002,10.209362969101914
2009-11-25 19:32:52.0000003,16.885919842062293
2014-05-30 00:09:16.0000002,11.797314579719032
2014-05-30 00:09:16.0000005,11.325824042042223
2014-05-30 00:09:16.0000003,6.2221184543690375
2014-05-30 00:09:16.0000004,6.354006876217455
2014-05-30 00:09:16.0000001,9.81934990588606
2013-10-24 14:18:20.0000001,4.764648687568296
2013-10-24 14:18:20.0000002,7.46739286446147
2013-10-24 14:18:20.0000003,14.002574908826462
2014-06-07 22:07:12.0000002,16.360022502522273
2014-06-07 22:07:12.0000001,12.122970395045265
2013-01-07 17:08:32.0000003,7.510217619572702
2013-01-07 17:08:32.0000001,6.866848920001624
2010-08-11 00:12:08.0000001,6.531527295630477
2011-10-04 09:37:00.0000007,7.724227990077772
2011-10-04 09:37:00.00000092,6.45425940272226
2011-10-04 09:37:00.000000150,5.973403926473753
2011-10-04 09:37:00.00000010,5.688127194052497
2011-10-04 09:37:00.00000065,30.55339519495466
2011-10-04 09:37:00.000000151,6.938039231291006
2011-10-04 09:37:00.00000089,5.106201757612793
2011-10-04 09:37:00.000000120,6.955582419158258
2011-10-04 09:37:00.0000009,6.39029718331119
2011-10-04 09:37:00.000000110,5.7432707980540165
2011-10-04 09:37:00.00000098,13.289677991937594
2011-10-04 09:37:00.00000011,5.046147910099611
2011-10-04 09:37:00.00000042,7.589461050352519
2011-10-04 09:37:00.00000024,7.478612351689068
2011-10-04 09:37:00.000000188,15.709123141743516
2011-10-04 09:37:00.00000071,10.113306907077593
2011-10-04 09:37:00.000000168,10.92806837288289
2011-10-04 09:37:00.000000159,9.89167754365854
2011-10-04 09:37:00.000000171,10.389643430531706
2011-10-04 09:37:00.000000129,6.39802401180367
2011-10-04 09:37:00.000000186,5.739139494318182
2011-10-04 09:37:00.000000123,13.475778207720591
2011-10-04 09:37:00.00000020,4.772192232272203
2011-10-04 09:37:00.00000033,5.046147910099611
2011-10-04 09:37:00.00000058,12.825817408790012
2011-10-04 09:37:00.00000068,9.43970792637344
2011-10-04 09:37:00.000000131,5.077735272854648
2011-10-04 09:37:00.000000178,29.62520895476563
2011-10-04 09:37:00.000000103,30.68971073336398
2011-10-04 09:37:00.00000026,8.543169381525553
2011-10-04 09:37:00.000000115,5.317908616804271
2011-10-04 09:37:00.00000059,32.88761121118542
2011-10-04 09:37:00.00000090,14.056080549552858
2011-10-04 09:37:00.00000063,7.128379511728822
2011-10-04 09:37:00.000000169,5.046147910099611
2011-10-04 09:37:00.00000066,9.43970792637344
2011-10-04 09:37:00.000000181,5.046147910099611
2011-10-04 09:37:00.00000018,4.880738998623912
2011-10-04 09:37:00.000000112,5.731694053784846
2011-10-04 09:37:00.00000094,11.020624819715215
2011-10-04 09:37:00.0000001,5.739139494318182
2011-10-04 09:37:00.000000139,11.450056081894353
2011-10-04 09:37:00.000000152,10.021133487552786
2011-10-04 09:37:00.000000187,5.716761884393003
2011-10-04 09:37:00.00000070,6.45425940272226
2011-10-04 09:37:00.00000050,6.148659379391198
2011-10-04 09:37:00.0000004,6.029210614502555
2011-10-04 09:37:00.000000153,11.545283534692096
2011-10-04 09:37:00.00000076,29.602156265623016
2011-10-04 09:37:00.00000079,30.622538271473992
2011-10-04 09:37:00.000000146,6.45425940272226
2011-10-04 09:37:00.000000192,8.53227397835196
2011-10-04 09:37:00.000000172,9.43970792637344
2011-10-04 09:37:00.000000154,6.938039231291006
2011-10-04 09:37:00.000000124,8.390253212895379
2011-10-04 09:37:00.000000142,5.693114088287091
2011-10-04 09:37:00.000000167,8.699792237482937
2011-10-04 09:37:00.00000048,10.936075723769145
2011-10-04 09:37:00.00000074,13.006249889340804
2011-10-04 09:37:00.000000193,9.43970792637344
2011-10-04 09:37:00.000000166,6.532000286297753
2011-10-04 09:37:00.000000147,5.948415960493182
2011-10-04 09:37:00.000000189,6.611582850432646
2011-10-04 09:37:00.0000008,7.10417130558143
2011-10-04 09:37:00.000000125,6.123132302179447
2011-10-04 09:37:00.00000051,5.046147910099611
2011-10-04 09:37:00.000000173,8.548950907042546
2011-10-04 09:37:00.00000096,11.055693521273
2011-10-04 09:37:00.000000174,6.39802401180367
2011-10-04 09:37:00.000000130,7.775730035568049
2011-10-04 09:37:00.00000016,6.45425940272226
2011-10-04 09:37:00.000000145,6.951992311231702
2011-10-04 09:37:00.000000140,7.804067708379589
2011-10-04 09:37:00.00000040,29.134543757889798
2011-10-04 09:37:00.000000118,11.521653776023586
2011-10-04 09:37:00.00000081,7.083944654225499
2011-10-04 09:37:00.000000175,9.975691931023146
2011-10-04 09:37:00.00000072,9.43970792637344
2011-10-04 09:37:00.000000143,5.61041067717974
2011-10-04 09:37:00.000000104,6.45425940272226
2011-10-04 09:37:00.00000053,6.714739609320207
2011-10-04 09:37:00.00000084,5.056954628833623
2011-10-04 09:37:00.00000030,9.494937520598603
2011-10-04 09:37:00.000000100,6.938039231291006
2011-10-04 09:37:00.000000105,7.1868328789044025
2011-10-04 09:37:00.00000041,5.077735272854648
2011-10-04 09:37:00.00000091,11.666673378600674
2011-10-04 09:37:00.00000078,6.45425940272226
2011-10-04 09:37:00.000000197,7.6620283131189275
2011-10-04 09:37:00.000000119,9.902250971556748
2011-10-04 09:37:00.000000161,7.775730035568049
2011-10-04 09:37:00.00000039,6.39802401180367
2011-10-04 09:37:00.00000086,7.083944654225499
2011-10-04 09:37:00.000000195,9.122279598304209
2011-10-04 09:37:00.000000182,7.217872756796201
2011-10-04 09:37:00.000000133,6.45425940272226
2011-10-04 09:37:00.00000029,9.23980850750051
2011-10-04 09:37:00.000000144,6.278326153501694
2011-10-04 09:37:00.000000128,6.45425940272226
2011-10-04 09:37:00.00000027,7.797967610858941
2011-10-04 09:37:00.00000032,6.45425940272226
2011-10-04 09:37:00.00000073,8.51952985057492
2011-10-04 09:37:00.00000083,8.582889348532431
2011-10-04 09:37:00.00000021,6.7666590671988605
2011-10-04 09:37:00.000000137,5.046147910099611
2011-10-04 09:37:00.00000087,47.379473658717515
2011-10-04 09:37:00.00000060,30.590356401355326
2011-10-04 09:37:00.000000138,9.092587596856463
2011-10-04 09:37:00.00000046,9.531241639756406
2011-10-04 09:37:00.00000075,9.220504528095134
2011-10-04 09:37:00.000000198,5.077735272854648
2011-10-04 09:37:00.000000121,9.457226907945419
2011-10-04 09:37:00.000000116,5.046147910099611
2011-10-04 09:37:00.000000117,7.804067708379589
2011-10-04 09:37:00.00000097,13.540333765565089
2011-10-04 09:37:00.00000012,5.046147910099611
2011-10-04 09:37:00.00000093,32.27225565656167
2011-10-04 09:37:00.000000101,5.7432707980540165
2011-10-04 09:37:00.00000082,18.78226051935626
2011-10-04 09:37:00.000000126,6.784087457985626
2011-10-04 09:37:00.00000035,9.43970792637344
2011-10-04 09:37:00.000000127,15.451995505741358
2011-10-04 09:37:00.000000156,5.106201757612793
2014-04-29 08:15:56.0000002,6.561925587239845
2014-04-29 08:15:56.0000001,7.518109269327707
2012-10-23 14:15:04.0000003,10.9103345214752
2012-10-23 14:15:04.0000004,12.66218230101609
2012-10-23 14:15:04.0000001,5.7432707980540165
2012-08-31 08:01:16.0000001,6.274701414194754
2012-10-18 21:06:20.0000003,9.604553874763603
2012-10-18 21:06:20.0000006,47.42259308624608
2012-10-18 21:06:20.0000002,7.2590945721264895
2012-10-18 21:06:20.0000005,9.208767689885493
2012-10-18 21:06:20.0000004,8.876242509206286
2012-10-18 21:06:20.0000008,8.98684644665487
2012-10-18 21:06:20.00000010,7.3095233393307355
2012-10-18 21:06:20.0000001,30.82273610175454
2014-02-26 04:36:28.0000001,15.317742205157849
2010-02-20 00:43:28.0000002,7.3475903307929595
2010-02-20 00:43:28.0000004,19.452377607674507
2010-02-20 00:43:28.0000003,8.395633582486271
2010-02-20 00:43:28.0000001,11.08462842101258
2009-08-21 08:00:48.0000002,8.376217456165744
2009-08-21 08:00:48.0000001,7.683126521720099
2009-08-21 08:00:48.0000003,6.938401713780305
2014-12-24 03:00:00.00000034,8.104508127080157
2014-12-24 03:00:00.00000013,27.92219403880586
2014-12-24 03:00:00.0000001,15.65092619429983
2014-12-24 03:00:00.00000032,8.889442471203349
2014-12-24 03:00:00.0000006,6.526783031689685
2014-12-24 03:00:00.00000037,6.9939990881589935
2014-12-24 03:00:00.00000012,11.386252401137481
2014-12-24 03:00:00.00000023,22.402350901158375
2014-12-24 03:00:00.00000041,6.354006876217455
2014-12-24 03:00:00.0000008,8.088994330432389
2014-12-24 03:00:00.00000024,14.448170676341926
2014-12-24 03:00:00.00000038,8.933641529658892
2014-12-24 03:00:00.0000009,8.244896243140643
2014-12-24 03:00:00.00000018,14.17282512914634
2014-12-24 03:00:00.00000011,26.596678957513582
2014-12-24 03:00:00.00000021,12.1625141091112
2014-12-24 03:00:00.00000030,8.889442471203349
2014-12-24 03:00:00.00000010,6.943756095379152
2014-12-24 03:00:00.0000004,10.446772990579873
2014-12-24 03:00:00.00000022,13.793659867970577
2014-12-24 03:00:00.00000028,6.9939990881589935
2012-08-19 12:46:40.0000003,14.789924500279895
2012-08-19 12:46:40.0000002,5.046147910099611
2012-08-19 12:46:40.0000001,9.204992048760916
2013-12-02 17:53:24.0000003,11.96081550233157
2013-12-02 17:53:24.0000001,13.833352684596807
2013-12-02 17:53:24.0000002,11.771170940884701
2011-11-07 18:53:08.0000002,9.916439986635824
2011-11-07 18:53:08.0000001,11.482212495202676
2009-05-16 23:36:24.0000001,8.43203229859549
2009-05-16 23:36:24.0000002,5.508501214248392
2011-01-10 10:56:56.0000003,7.644907890996178
2011-01-10 10:56:56.0000002,30.034464977475853
2011-01-10 10:56:56.0000001,5.499791809289537
2010-10-07 10:54:20.0000002,8.62483021616089
2010-10-07 10:54:20.0000005,13.523268093938093
2010-10-07 10:54:20.0000001,5.7432707980540165
2010-10-07 10:54:20.0000004,7.134373421429745
2011-02-21 20:11:08.0000001,8.670030231813339
2011-02-21 20:11:08.0000005,6.927628003194574
2011-02-21 20:11:08.0000002,9.550278823780266
2011-02-21 20:11:08.0000003,8.663098766528767
2011-02-21 20:11:08.0000004,38.453489294867374
2009-10-04 22:54:56.0000003,9.345417113614328
2015-04-11 20:31:32.0000007,6.490281063343491
2015-04-11 20:31:32.00000012,6.952941026805516
2015-04-11 20:31:32.0000003,34.76782040293835
2015-04-11 20:31:32.0000006,12.779428007979128
2015-04-11 20:31:32.0000002,22.15025229910239
2015-04-11 20:31:32.0000009,12.131415748199725
2015-04-11 20:31:32.00000010,5.575101134305235
2015-04-11 20:31:32.0000001,8.356062827841384
2012-04-02 02:53:24.0000001,14.37807903141131
2014-04-21 16:00:36.0000001,5.1780701853908075
2014-04-21 16:00:36.0000003,9.084969966759678
2014-04-21 16:00:36.0000002,5.120784294133675
2012-03-22 21:11:36.0000006,14.231496344822217
2012-03-22 21:11:36.0000008,9.309939295908263
2012-03-22 21:11:36.0000005,10.20719272732685
2012-03-22 21:11:36.0000001,10.225455856735204
2012-03-22 21:11:36.0000004,5.046147910099611
2012-03-22 21:11:36.0000007,5.508501214248392
2012-03-22 21:11:36.0000002,9.291551305778555
2012-03-22 21:11:36.0000003,20.859502231764463
2011-04-08 00:57:44.0000001,5.464543487197696
2011-02-20 12:31:04.0000001,9.750129311243287
2011-02-20 12:31:04.0000003,4.70106393019901
2011-02-06 17:08:24.0000004,17.665670687757167
2011-02-06 17:08:24.0000002,7.644907890996178
2011-02-06 17:08:24.0000001,8.78085272689692
2013-01-01 22:04:56.0000001,8.655701729345612
2013-04-23 17:52:44.0000001,19.669284736736767
2013-04-23 17:52:44.0000002,6.446103743186601
2013-07-02 21:47:24.0000003,5.089196931378638
2013-07-02 21:47:24.0000002,17.283430446373497
2013-07-02 21:47:24.0000001,19.368415583529977
2010-01-01 13:19:40.0000002,17.679325595754428
2010-01-01 13:19:40.0000005,8.915609796849429
2010-01-01 13:19:40.0000001,9.97285645535135
2010-01-01 13:19:40.0000003,64.94878097857539
2013-04-26 20:41:16.0000001,8.998642337200685
2010-03-06 23:51:08.0000002,12.142414019374563
2010-03-06 23:51:08.0000001,8.670030231813339
2014-04-17 16:58:28.0000001,9.883741150740502
2014-04-17 16:58:28.0000002,12.616964956465713
2014-01-06 16:39:16.0000001,27.94250145892092
2015-02-12 05:37:56.0000002,5.120784294133675
2011-12-22 01:00:08.0000001,18.059133246677337
2011-12-22 01:00:08.0000002,7.616860862642074
2011-08-20 17:04:24.0000001,5.096609529754727
2011-06-30 13:07:36.0000001,5.508501214248392
2011-06-30 13:07:36.0000005,9.238391548122497
2011-06-30 13:07:36.0000002,6.880080082689375
2011-06-30 13:07:36.0000004,6.395614275223316
2011-06-30 13:07:36.0000003,8.376217456165744
2014-04-27 02:57:00.000000100,4.9041320379055655
2014-04-27 02:57:00.000000130,6.8159472106128085
2014-04-27 02:57:00.000000109,30.190886413221182
2014-04-27 02:57:00.00000096,19.861389567790187
2014-04-27 02:57:00.00000063,11.785892888309776
2014-04-27 02:57:00.000000177,7.319083206530505
2014-04-27 02:57:00.000000132,16.244684970051242
2014-04-27 02:57:00.000000170,23.418001210051195
2014-04-27 02:57:00.00000021,11.804464365331942
2014-04-27 02:57:00.000000136,13.929418772728056
2014-04-27 02:57:00.00000032,11.795848464392563
2014-04-27 02:57:00.000000107,6.238185032164213
2014-04-27 02:57:00.00000028,41.20463210264199
2014-04-27 02:57:00.00000026,16.159735812928545
2014-04-27 02:57:00.000000139,8.68366729379388
2014-04-27 02:57:00.00000015,21.16713586801687
2014-04-27 02:57:00.00000095,5.089196931378638
2014-04-27 02:57:00.000000105,24.227796822936984
2014-04-27 02:57:00.000000196,9.698753912955643
2014-04-27 02:57:00.0000001,5.5264009547599775
2014-04-27 02:57:00.000000175,13.72328550785376
2014-04-27 02:57:00.000000188,18.88319141304114
2014-04-27 02:57:00.00000051,14.597402215181816
2014-04-27 02:57:00.00000055,8.104508127080157
2014-04-27 02:57:00.00000016,15.39986697838207
2014-04-27 02:57:00.000000169,8.056245982973184
2014-04-27 02:57:00.00000086,12.480112855835312
2014-04-27 02:57:00.000000148,15.680175004569767
2014-04-27 02:57:00.00000087,15.840171152547967
2014-04-27 02:57:00.00000027,15.554839058900395
2014-04-27 02:57:00.000000120,21.840666322186827
2014-04-27 02:57:00.00000068,5.089196931378638
2014-04-27 02:57:00.00000099,8.798245566458407
2014-04-27 02:57:00.000000193,9.03515490580158
2014-04-27 02:57:00.00000081,18.64087512913471
2014-04-27 02:57:00.000000135,23.149566805405826
2014-04-27 02:57:00.000000181,6.354006876217455
2014-04-27 02:57:00.00000020,6.507406553858061
2014-04-27 02:57:00.000000157,18.53487598447021
2014-04-27 02:57:00.00000079,20.561503063462364
2014-04-27 02:57:00.00000019,8.22486415824236
2014-04-27 02:57:00.000000126,14.348466304462255
2014-04-27 02:57:00.0000002,6.238185032164213
2014-04-27 02:57:00.00000062,9.83093750229361
2014-04-27 02:57:00.00000085,11.608767732228328
2014-04-27 02:57:00.00000014,13.8085125428308
2014-04-27 02:57:00.000000161,10.60297112689216
2014-04-27 02:57:00.00000084,13.457366308370908
2014-04-27 02:57:00.000000122,20.21626129303438
2014-04-27 02:57:00.000000111,8.995325306499879
2014-04-27 02:57:00.000000113,9.749953873877073
2014-04-27 02:57:00.00000071,10.26282493472806
2014-04-27 02:57:00.00000077,11.558417005790488
2014-04-27 02:57:00.000000134,46.60586224692925
2014-04-27 02:57:00.000000103,11.753622795531424
2014-04-27 02:57:00.000000102,14.03035209521618
2014-04-27 02:57:00.000000160,22.388747388604784
2014-04-27 02:57:00.00000042,5.089196931378638
2014-04-27 02:57:00.00000054,6.922167204160862
2014-04-27 02:57:00.00000049,15.384750999814715
2014-04-27 02:57:00.000000147,11.558417005790488
2014-04-27 02:57:00.00000045,9.076235348194572
2014-04-27 02:57:00.0000003,20.066135300353302
2014-04-27 02:57:00.000000182,9.510767666085307
2014-04-27 02:57:00.000000180,8.63444565248687
2014-04-27 02:57:00.00000038,21.35864759031939
2014-04-27 02:57:00.0000005,9.798011194917198
2014-04-27 02:57:00.000000108,5.105126430433479
2014-04-27 02:57:00.00000092,6.145088254159767
2014-04-27 02:57:00.000000192,6.238185032164213
2014-04-27 02:57:00.000000165,8.039323485980152
2014-04-27 02:57:00.000000115,9.495834505522689
2014-04-27 02:57:00.00000029,9.422740638108044
2014-04-27 02:57:00.00000050,6.9939990881589935
2014-04-27 02:57:00.000000119,9.706604603169282
2014-04-27 02:57:00.00000011,17.413080572147706
2014-04-27 02:57:00.000000114,8.086883628475356
2014-04-27 02:57:00.000000190,12.265942047692057
2014-04-27 02:57:00.00000061,10.310924487507181
2014-04-27 02:57:00.00000098,11.499549699450226
2014-04-27 02:57:00.00000040,7.452739364149806
2014-04-27 02:57:00.000000117,18.065974833775865
2014-04-27 02:57:00.000000150,8.278189777803178
2014-04-27 02:57:00.00000035,9.010730981338982
2014-04-27 02:57:00.00000022,21.019005812261927
2014-04-27 02:57:00.000000146,7.7194700143422645
2014-04-27 02:57:00.00000018,9.691490548126923
2014-04-27 02:57:00.00000041,14.078529369738543
2014-04-27 02:57:00.00000089,18.18725682203575
2014-04-27 02:57:00.00000088,8.139228505380764
2014-04-27 02:57:00.000000101,11.588201791034361
2014-04-27 02:57:00.00000058,26.051125010538616
2014-04-27 02:57:00.00000030,8.93484214605185
2014-04-27 02:57:00.000000156,13.297612551758423
2014-04-27 02:57:00.00000024,8.127045819225328
2014-04-27 02:57:00.000000163,7.681931118160122
2014-04-27 02:57:00.000000152,12.064849885400847
2014-04-27 02:57:00.00000037,6.927414740062238
2014-04-27 02:57:00.00000065,6.238185032164213
2014-04-27 02:57:00.0000006,26.830494953784264
2014-04-27 02:57:00.00000060,9.104101300601181
2014-04-27 02:57:00.000000110,7.188963018932669
2014-04-27 02:57:00.00000034,6.238185032164213
2014-04-27 02:57:00.000000149,25.727654227045882
2014-04-27 02:57:00.000000176,5.089196931378638
2014-04-27 02:57:00.000000184,6.994728318313295
2014-04-27 02:57:00.000000118,8.170328503635847
2014-04-27 02:57:00.000000186,14.247270722553287
2014-04-27 02:57:00.000000104,10.525219981049416
2014-04-27 02:57:00.00000080,26.21516846885645
2014-04-27 02:57:00.000000121,8.77226445337272
2014-04-27 02:57:00.00000093,7.319116542706533
2014-04-27 02:57:00.00000056,9.572898483283232
2014-04-27 02:57:00.00000044,15.310684058634472
2014-04-27 02:57:00.00000048,8.311100657630176
2014-04-27 02:57:00.00000059,14.569242078804955
2014-04-27 02:57:00.000000194,20.238834206789097
2014-04-27 02:57:00.000000185,21.94830805775613
2014-04-27 02:57:00.000000125,18.51963580365352
2014-04-27 02:57:00.00000046,13.316353195150462
2014-04-27 02:57:00.00000070,18.437057244190697
2014-04-27 02:57:00.000000133,14.95974930796182
2011-01-18 10:26:40.0000003,5.470568453409428
2011-01-18 10:26:40.0000002,8.385110798803206
2012-04-20 07:57:20.0000001,8.350395709109767
2012-04-20 07:57:20.0000004,5.508501214248392
2012-04-20 07:57:20.0000003,6.394176163603617
2012-04-20 07:57:20.0000002,5.046147910099611
2011-12-13 22:00:00.00000071,12.99943764576863
2011-12-13 22:00:00.000000178,5.046147910099611
2011-12-13 22:00:00.00000016,8.395603128442543
2011-12-13 22:00:00.000000127,8.281506514853985
2011-12-13 22:00:00.00000065,5.046147910099611
2011-12-13 22:00:00.000000227,4.705868807676497
2011-12-13 22:00:00.000000257,5.7432707980540165
2011-12-13 22:00:00.000000238,7.712922448956501
2011-12-13 22:00:00.0000008,8.959675565360946
2011-12-13 22:00:00.000000252,5.7432707980540165
2011-12-13 22:00:00.000000204,12.99943764576863
2011-12-13 22:00:00.000000120,9.864731621908241
2011-12-13 22:00:00.000000175,5.046147910099611
2011-12-13 22:00:00.00000010,12.493227397134119
2011-12-13 22:00:00.00000048,6.714739609320207
2011-12-13 22:00:00.000000189,5.61041067717974
2011-12-13 22:00:00.00000011,5.61041067717974
2011-12-13 22:00:00.000000247,7.756129716480622
2011-12-13 22:00:00.000000261,4.70106393019901
2011-12-13 22:00:00.0000004,12.276058248405377
2011-12-13 22:00:00.00000014,11.994112137706596
2011-12-13 22:00:00.000000151,36.95228618146505
2011-12-13 22:00:00.00000025,6.45425940272226
2011-12-13 22:00:00.00000039,10.347177526057065
2011-12-13 22:00:00.000000179,8.37045914038409
2011-12-13 22:00:00.000000137,10.528078261805245
2011-12-13 22:00:00.00000091,14.607816618131787
2011-12-13 22:00:00.000000109,6.39029718331119
2011-12-13 22:00:00.000000174,8.788614153679193
2011-12-13 22:00:00.000000225,17.71878205349213
2011-12-13 22:00:00.000000207,7.10417130558143
2011-12-13 22:00:00.000000269,24.60794507366839
2011-12-13 22:00:00.000000234,7.128379511728822
2011-12-13 22:00:00.00000017,8.363210163298673
2011-12-13 22:00:00.00000046,5.7432707980540165
2011-12-13 22:00:00.00000057,12.280008423624654
2011-12-13 22:00:00.000000105,7.756129716480622
2011-12-13 22:00:00.000000114,14.739110332320985
2011-12-13 22:00:00.00000030,5.7432707980540165
2011-12-13 22:00:00.000000100,6.45425940272226
2011-12-13 22:00:00.00000088,15.910889935450347
2011-12-13 22:00:00.000000242,8.780497531443379
2011-12-13 22:00:00.000000113,7.10417130558143
2011-12-13 22:00:00.000000157,12.007638488378143
2011-12-13 22:00:00.000000177,12.99943764576863
2011-12-13 22:00:00.000000169,9.3525092153544
2011-12-13 22:00:00.000000123,5.046147910099611
2011-12-13 22:00:00.000000182,30.42631631697762
2011-12-13 22:00:00.000000129,7.756129716480622
2011-12-13 22:00:00.000000136,28.802224516046138
2011-12-13 22:00:00.000000187,6.45425940272226
2011-12-13 22:00:00.000000218,7.7500296189599736
2011-12-13 22:00:00.000000167,28.01570548350202
2011-12-13 22:00:00.000000192,9.36050020007457
2011-12-13 22:00:00.00000024,7.099702809370877
2011-12-13 22:00:00.00000093,10.676180532068477
2011-12-13 22:00:00.000000260,5.046147910099611
2011-12-13 22:00:00.00000038,5.046147910099611
2011-12-13 22:00:00.000000208,6.45425940272226
2011-12-13 22:00:00.000000210,6.45425940272226
2011-12-13 22:00:00.000000181,6.543857930467725
2011-12-13 22:00:00.000000111,10.402777340981833
2011-12-13 22:00:00.000000161,16.151024328635504
2011-12-13 22:00:00.000000209,5.046147910099611
2011-12-13 22:00:00.00000029,6.45425940272226
2011-12-13 22:00:00.00000067,5.7432707980540165
2011-12-13 22:00:00.000000202,5.096609529754727
2011-12-13 22:00:00.000000245,9.353408098334498
2011-12-13 22:00:00.000000206,10.350207493289277
2011-12-13 22:00:00.0000003,6.45425940272226
2011-12-13 22:00:00.00000060,12.579761462234181
2011-12-13 22:00:00.00000053,6.45425940272226
2011-12-13 22:00:00.000000201,8.486370830198705
2011-12-13 22:00:00.000000212,10.481620335733659
2011-12-13 22:00:00.000000235,16.31010706314796
2011-12-13 22:00:00.000000170,23.65466480782679
2011-12-13 22:00:00.000000253,5.062077409154452
2011-12-13 22:00:00.000000172,18.05522487620051
2011-12-13 22:00:00.00000086,5.051817039861188
2011-12-13 22:00:00.000000223,43.21782091182711
2011-12-13 22:00:00.0000009,11.854668568564867
2011-12-13 22:00:00.00000031,12.354186167691823
2011-12-13 22:00:00.000000243,9.353408098334498
2011-12-13 22:00:00.000000133,11.45830234320805
2011-12-13 22:00:00.000000199,7.77631565298674
2011-12-13 22:00:00.000000104,25.27657812831164
2011-12-13 22:00:00.00000023,47.42871061343726
2011-12-13 22:00:00.00000075,30.4577959997558
2011-12-13 22:00:00.000000217,5.046147910099611
2011-12-13 22:00:00.000000220,8.2933351036766
2011-12-13 22:00:00.000000211,4.78178446013027
2011-12-13 22:00:00.000000150,8.881521105231549
2011-12-13 22:00:00.00000020,5.046147910099611
2011-12-13 22:00:00.000000254,9.208767689885493
2011-12-13 22:00:00.000000183,7.756129716480622
2011-12-13 22:00:00.000000166,12.083509622254542
2011-12-13 22:00:00.00000063,7.756129716480622
2011-12-13 22:00:00.000000124,5.7432707980540165
2011-12-13 22:00:00.000000219,8.60835069824039
2011-12-13 22:00:00.00000099,15.831397212527412
2011-12-13 22:00:00.00000041,7.10417130558143
2011-12-13 22:00:00.00000080,11.465239099371658
2011-12-13 22:00:00.000000216,24.60794507366839
2011-12-13 22:00:00.000000240,5.7432707980540165
2011-12-13 22:00:00.000000153,8.37045914038409
2011-12-13 22:00:00.00000068,4.70106393019901
2011-12-13 22:00:00.000000263,9.265797294172156
2011-12-13 22:00:00.00000061,12.821096814244415
2011-12-13 22:00:00.000000162,5.7432707980540165
2011-12-13 22:00:00.00000045,5.7432707980540165
2011-12-13 22:00:00.000000193,5.871158561133804
2011-12-13 22:00:00.000000112,30.42631631697762
2011-12-13 22:00:00.000000165,6.45425940272226
2011-12-13 22:00:00.000000255,12.361229281151122
2011-12-13 22:00:00.000000106,30.42631631697762
2011-12-13 22:00:00.000000125,14.51078794805472
2011-12-13 22:00:00.000000250,7.756129716480622
2011-12-13 22:00:00.0000006,5.748815539223777
2011-12-13 22:00:00.00000090,5.046147910099611
2011-12-13 22:00:00.00000055,5.943252611702095
2011-12-13 22:00:00.000000188,8.780497531443379
2011-12-13 22:00:00.000000259,13.60683018640772
2011-12-13 22:00:00.000000142,15.148231310621245
2011-12-13 22:00:00.000000155,6.955582419158258
2011-12-13 22:00:00.00000082,5.61041067717974
2011-12-13 22:00:00.00000069,7.128379511728822
2011-12-13 22:00:00.00000097,13.096281944628444
2011-12-13 22:00:00.000000107,29.266293459932978
2011-12-13 22:00:00.000000126,6.4356325658673335
2011-12-13 22:00:00.00000012,10.402777340981833
2011-12-13 22:00:00.000000158,7.6606156805527155
2011-12-13 22:00:00.000000196,7.04754197348251
2011-12-13 22:00:00.000000132,23.65466480782679
2011-12-13 22:00:00.000000244,6.999179493101519
2011-12-13 22:00:00.000000268,8.841453970649914
2011-12-13 22:00:00.00000064,6.45425940272226
2011-12-13 22:00:00.000000159,10.539948498968611
2011-12-13 22:00:00.000000163,20.308791525189584
2011-12-13 22:00:00.000000232,18.591278801449388
2011-12-13 22:00:00.0000007,9.208767689885493
2011-12-13 22:00:00.00000054,5.077735272854648
2011-12-13 22:00:00.000000230,17.429316220945633
2011-12-13 22:00:00.000000256,6.45425940272226
2011-12-13 22:00:00.000000146,6.930572124748798
2011-12-13 22:00:00.000000265,8.738060977480806
2011-12-13 22:00:00.00000076,7.39953596185289
2011-12-13 22:00:00.00000062,18.326721507714794
2011-12-13 22:00:00.00000032,6.817318081610954
2011-12-13 22:00:00.000000213,5.7432707980540165
2011-12-13 22:00:00.00000083,13.515576901305172
2011-12-13 22:00:00.00000026,10.672982212653018
2011-12-13 22:00:00.000000239,12.447450495031662
2011-12-13 22:00:00.000000233,10.8013704755768
2011-12-13 22:00:00.00000089,9.202421738894666
2011-12-13 22:00:00.000000267,7.784726297221067
2011-12-13 22:00:00.000000176,7.765199275594624
2011-12-13 22:00:00.000000139,5.077735272854648
2011-12-13 22:00:00.00000027,5.046147910099611
2011-12-13 22:00:00.00000042,8.78195108440304
2011-12-13 22:00:00.000000241,13.374205610004733
2011-12-13 22:00:00.000000222,7.756129716480622
2012-03-12 09:50:24.0000001,9.084969966759678
2012-03-12 09:50:24.0000003,6.635097579921788
2012-03-12 09:50:24.0000002,6.803309414104071
2014-05-13 07:33:52.0000006,5.120784294133675
2014-05-13 07:33:52.0000004,6.873086760327067
2014-05-13 07:33:52.0000001,8.187673392635524
2014-05-13 07:33:52.0000002,4.979194850984155
2014-05-13 07:33:52.0000003,13.281713890068481
2011-06-30 09:37:08.0000002,9.791872066151207
2011-06-30 09:37:08.0000003,5.147353987817394
2012-09-18 17:13:40.0000002,6.583807194585018
2012-09-18 17:13:40.0000001,7.026131287479723
2011-06-07 12:11:56.0000004,19.37901421470464
2011-06-07 12:11:56.0000001,10.816346466072071
2011-06-07 12:11:56.0000003,28.76812512685261
2011-06-07 12:11:56.0000002,4.945851021881423
2011-06-07 12:11:56.0000005,6.1378756633416796
2010-05-21 23:04:44.0000002,17.916555606139244
2010-05-21 23:04:44.0000001,15.775467363915743
2009-01-28 16:36:28.0000002,7.17013043213915
2009-01-28 16:36:28.0000003,47.310691243596104
2009-01-28 16:36:28.0000005,6.705583189788199
2009-01-28 16:36:28.0000006,9.706068113116451
2009-01-28 16:36:28.0000001,5.3352898239899424
2012-03-12 02:58:56.0000001,15.333748569302681
2010-07-21 22:06:12.0000005,8.706175855551766
2010-07-21 22:06:12.0000003,6.938401713780305
2010-07-21 22:06:12.0000001,25.440559470082142
2010-07-21 22:06:12.0000002,11.852600142199938
2009-04-12 16:00:56.0000001,12.511207439770072
2013-05-24 13:37:32.0000001,6.561925587239845
2011-07-29 20:50:36.0000001,13.044368104750731
2011-07-29 20:50:36.0000003,25.303850213203603
2011-07-29 20:50:36.0000002,5.869620491310136
2014-03-05 21:07:12.0000003,13.905843451431126
2014-03-05 21:07:12.0000004,8.647086253272878
2009-11-28 15:07:24.0000004,47.372970010170455
2009-11-28 15:07:24.0000001,12.226341832896166
2009-11-28 15:07:24.0000003,6.45425940272226
2015-04-11 14:16:12.0000003,6.541973338263469
2015-04-11 14:16:12.00000010,4.813935964459896
2015-04-11 14:16:12.00000011,5.133825879381424
2015-04-11 14:16:12.0000001,7.518109269327707
2015-04-11 14:16:12.0000002,6.546755701430978
2015-04-11 14:16:12.0000006,55.82475500446892
2015-04-11 14:16:12.0000007,5.10000365011265
2015-04-11 14:16:12.0000008,10.308221916736324
2014-11-15 10:57:20.0000002,4.729657722906039
2014-11-15 10:57:20.0000001,6.767176575859653
2010-07-31 15:47:28.0000001,5.046147910099611
2014-05-12 20:56:48.0000005,5.089196931378638
2014-05-12 20:56:48.0000001,8.896384336860082
2014-05-12 20:56:48.0000004,9.084969966759678
2014-05-12 20:56:48.0000003,8.652073535007695
2014-05-12 20:56:48.0000002,11.997264298483975
2014-01-16 06:00:48.0000001,11.759484036495953
2014-04-23 11:18:40.0000003,10.539818569611818
2014-04-23 11:18:40.0000002,7.4265237132311235
2014-04-23 11:18:40.0000001,9.931064946014713
2011-09-22 04:49:56.0000001,33.86057357687234
2011-10-28 07:35:52.0000003,6.45425940272226
2011-10-28 07:35:52.0000002,9.708021522564895
2011-10-28 07:35:52.0000001,6.739338723218286
2015-05-10 19:54:00.0000001,8.356062827841384
2015-05-10 19:54:00.0000003,6.561925587239845
2015-05-10 19:54:00.0000005,9.051215226263933
2015-05-10 19:54:00.0000004,10.910411285099784
2011-03-28 23:18:48.0000001,10.69826448857321
2014-08-26 01:31:04.0000001,29.612902575317467
2015-02-26 15:55:48.0000004,12.357426737431915
2015-02-26 15:55:48.0000003,7.818169357374305
2015-02-26 15:55:48.0000002,5.120784294133675
2013-11-22 15:36:36.0000002,4.729657722906039
2010-02-13 11:03:04.0000002,5.508501214248392
2010-02-13 11:03:04.0000001,5.077735272854648
2010-02-13 11:03:04.0000004,5.508501214248392
2010-02-13 11:03:04.0000003,5.5518426737065
2011-06-26 18:48:08.0000004,10.258231061233971
2011-06-26 18:48:08.0000005,17.370694207039115
2011-06-26 18:48:08.0000002,5.473497263719553
2011-06-26 18:48:08.0000001,7.971587883930946
2010-10-14 23:48:56.0000001,6.412223124500531
2010-10-14 23:48:56.0000002,46.553855507156285
2010-10-14 23:48:56.0000003,12.11377964653232
2010-10-14 23:48:56.0000004,6.0424861427325345
2011-01-22 07:48:28.0000001,8.331495831338607
2011-10-17 18:49:20.0000003,14.711718950192
2011-10-17 18:49:20.0000002,6.868953259522845
2011-10-17 18:49:20.0000005,9.816923911922766
2009-03-24 16:39:12.0000002,9.783528810604869
2009-03-24 16:39:12.0000004,7.644907890996178
2009-03-24 16:39:12.0000003,10.816346466072071
2009-03-24 16:39:12.0000001,5.886550920938755
2014-07-21 18:19:00.000000102,7.510217619572702
2014-07-21 18:19:00.000000106,10.028919352402752
2014-07-21 18:19:00.000000107,6.503822591212825
2014-07-21 18:19:00.00000094,40.190178115889964
2014-07-21 18:19:00.000000161,7.510217619572702
2014-07-21 18:19:00.000000129,16.931679945763367
2014-07-21 18:19:00.00000083,5.56831910473468
2014-07-21 18:19:00.000000163,14.837244624208607
2014-07-21 18:19:00.000000117,12.187517324977987
2014-07-21 18:19:00.00000028,4.820139897113959
2014-07-21 18:19:00.00000089,16.279278631723592
2014-07-21 18:19:00.000000130,6.621751488595395
2014-07-21 18:19:00.000000105,6.786956253136723
2014-07-21 18:19:00.000000123,17.191552471623446
2014-07-21 18:19:00.000000103,55.70350146110621
2014-07-21 18:19:00.000000227,9.084969966759678
2014-07-21 18:19:00.000000189,10.187352120455268
2014-07-21 18:19:00.000000168,8.356062827841384
2014-07-21 18:19:00.000000173,12.467484891970582
2014-07-21 18:19:00.000000128,15.444822158695787
2014-07-21 18:19:00.000000143,27.87209473516255
2014-07-21 18:19:00.00000018,20.00262939519042
2014-07-21 18:19:00.00000049,11.949803065083056
2014-07-21 18:19:00.00000022,7.487865076719146
2014-07-21 18:19:00.000000200,7.615351863948972
2014-07-21 18:19:00.000000193,9.942160188843866
2014-07-21 18:19:00.000000231,9.242843304628348
2014-07-21 18:19:00.000000202,13.979941053526193
2014-07-21 18:19:00.00000092,33.82751234834159
2014-07-21 18:19:00.000000148,6.561925587239845
2014-07-21 18:19:00.00000057,4.813935964459896
2014-07-21 18:19:00.00000074,7.510217619572702
2014-07-21 18:19:00.000000183,13.902742627688983
2014-07-21 18:19:00.000000221,8.375382218012227
2014-07-21 18:19:00.00000078,7.510217619572702
2014-07-21 18:19:00.00000058,7.510217619572702
2014-07-21 18:19:00.000000214,7.518109269327707
2014-07-21 18:19:00.000000122,10.187352120455268
2014-07-21 18:19:00.000000137,4.729657722906039
2014-07-21 18:19:00.00000027,8.356062827841384
2014-07-21 18:19:00.00000047,20.653750123263503
2014-07-21 18:19:00.00000061,11.38229431515339
2014-07-21 18:19:00.000000196,10.468652681262354
2014-07-21 18:19:00.000000125,16.751436037169142
2014-07-21 18:19:00.000000126,19.909397555872673
2014-07-21 18:19:00.000000145,4.734462600383526
2014-07-21 18:19:00.00000080,14.221643295630004
2014-07-21 18:19:00.00000055,9.870930533500164
2014-07-21 18:19:00.00000066,10.761010719831338
2014-07-21 18:19:00.000000111,6.548094525341291
2014-07-21 18:19:00.00000042,7.510217619572702
2014-07-21 18:19:00.000000215,5.715406381497377
2014-07-21 18:19:00.00000043,27.95658029618515
2014-07-21 18:19:00.000000119,19.5706380419839
2014-07-21 18:19:00.000000115,12.447442448567449
2014-07-21 18:19:00.0000009,10.034302158150648
2014-07-21 18:19:00.00000075,10.496470203339115
2014-07-21 18:19:00.000000118,4.729657722906039
2014-07-21 18:19:00.00000038,18.29337922804775
2014-07-21 18:19:00.000000124,10.479747924091507
2014-07-21 18:19:00.000000242,9.921756672499134
2014-07-21 18:19:00.00000019,7.726880569256087
2014-07-21 18:19:00.00000056,12.282117152628096
2014-07-21 18:19:00.000000239,7.510217619572702
2014-07-21 18:19:00.000000101,8.356062827841384
2014-07-21 18:19:00.000000216,40.581529667969725
2014-07-21 18:19:00.000000198,6.53669093823409
2014-07-21 18:19:00.000000174,38.691673283073584
2014-07-21 18:19:00.00000070,7.677327399593114
2014-07-21 18:19:00.0000004,12.65317403779411
2014-07-21 18:19:00.000000135,8.503620208281605
2014-07-21 18:19:00.000000165,7.782734862037472
2014-07-21 18:19:00.00000010,12.667543265758137
2014-07-21 18:19:00.000000211,7.444721190765153
2014-07-21 18:19:00.000000190,7.767006364509757
2014-07-21 18:19:00.00000021,6.82278190750736
2014-07-21 18:19:00.000000204,6.446103743186601
2014-07-21 18:19:00.000000112,7.757525288330008
2014-07-21 18:19:00.000000169,19.90050228148237
2014-07-21 18:19:00.000000226,7.747750775454916
2014-07-21 18:19:00.000000109,6.446103743186601
2014-07-21 18:19:00.000000113,18.18733096662175
2014-07-21 18:19:00.000000127,19.835560631919407
2014-07-21 18:19:00.000000182,11.236429339427975
2014-07-21 18:19:00.00000036,8.588015272768926
2014-07-21 18:19:00.000000220,4.729657722906039
2014-07-21 18:19:00.000000121,6.6432504028464905
2014-07-21 18:19:00.00000050,10.479747924091507
2014-07-21 18:19:00.000000178,5.1780701853908075
2014-07-21 18:19:00.000000166,8.356062827841384
2014-07-21 18:19:00.000000224,6.6432504028464905
2014-07-21 18:19:00.000000134,6.446103743186601
2014-07-21 18:19:00.000000195,11.98367537210918
2014-07-21 18:19:00.00000015,38.859348422101476
2014-07-21 18:19:00.0000005,52.99660193438324
2014-07-21 18:19:00.000000120,14.002574908826462
2014-07-21 18:19:00.000000133,7.185325857583279
2014-07-21 18:19:00.00000044,8.588015272768926
2014-07-21 18:19:00.000000233,7.487865076719146
2014-07-21 18:19:00.00000063,12.504505136635055
2014-07-21 18:19:00.000000167,11.98367537210918
2014-07-21 18:19:00.000000208,7.518109269327707
2014-07-21 18:19:00.00000030,13.718317910461314
2014-07-21 18:19:00.00000098,6.948020225265356
2014-07-21 18:19:00.000000179,7.499349578889223
2014-07-21 18:19:00.000000219,5.089196931378638
2014-07-21 18:19:00.0000006,4.921882054029038
2014-07-21 18:19:00.0000008,14.302983473605579
2014-07-21 18:19:00.00000031,23.13041925752613
2014-07-21 18:19:00.000000225,6.53669093823409
2014-07-21 18:19:00.000000235,10.468652681262354
2014-07-21 18:19:00.000000104,10.758924680394019
2014-07-21 18:19:00.00000011,4.729657722906039
2014-07-21 18:19:00.00000026,5.094866061140214
2014-07-21 18:19:00.000000228,7.499349578889223
2014-07-21 18:19:00.000000154,8.168834182271045
2014-07-21 18:19:00.000000240,6.446103743186601
2014-07-21 18:19:00.00000069,10.374620089306678
2014-07-21 18:19:00.000000210,10.145148288111043
2014-07-21 18:19:00.00000097,25.72705549466346
2014-07-21 18:19:00.000000136,8.323972458487008
2014-07-21 18:19:00.000000150,10.479747924091507
2014-07-21 18:19:00.00000060,4.747407739029513
2014-07-21 18:19:00.00000073,5.6582282400315025
2014-07-21 18:19:00.000000177,16.97239488495437
2014-07-21 18:19:00.000000222,8.367412673559368
2014-07-21 18:19:00.0000003,19.99451001907321
2014-07-21 18:19:00.00000012,5.5467079283574545
2014-07-21 18:19:00.000000139,6.561925587239845
2014-07-21 18:19:00.000000194,11.98367537210918
2014-07-21 18:19:00.00000014,10.031413785163966
2014-07-21 18:19:00.00000051,6.341597049389486
2014-07-21 18:19:00.000000218,9.981165773596642
2014-07-21 18:19:00.000000181,6.51661981310511
2014-07-21 18:19:00.000000114,13.833184010834957
2014-07-21 18:19:00.00000072,8.356062827841384
2014-07-21 18:19:00.000000213,7.764469251661859
2014-07-21 18:19:00.00000064,4.961266263698606
2012-12-07 16:13:08.0000001,13.68935591620858
2011-06-13 09:55:04.0000005,8.87520079852161
2011-06-13 09:55:04.0000004,5.760671528952291
2011-06-13 09:55:04.0000001,9.23001948036404
2014-12-27 22:31:56.0000002,12.465201317791584
2014-11-24 09:50:20.0000001,5.089196931378638
2014-11-24 09:50:20.0000002,19.778761825424574
2015-02-17 12:29:52.0000003,7.5882911841487335
2015-02-17 12:29:52.0000002,8.356062827841384
2015-02-17 12:29:52.0000004,16.406646716500322
2015-02-17 12:29:52.0000001,4.734462600383526
2010-02-21 21:57:20.0000001,9.192840246162142
2010-02-21 21:57:20.0000002,5.046147910099611
2010-09-20 16:48:00.000000101,12.739426621392237
2010-09-20 16:48:00.000000140,6.0653555362056775
2010-09-20 16:48:00.00000052,6.45425940272226
2010-09-20 16:48:00.00000038,10.942851496660026
2010-09-20 16:48:00.000000135,7.134373421429745
2010-09-20 16:48:00.000000145,9.447360038545902
2010-09-20 16:48:00.00000090,10.465129006250235
2010-09-20 16:48:00.00000088,29.38510205783755
2010-09-20 16:48:00.000000161,16.644673961651794
2010-09-20 16:48:00.000000160,6.933255667519546
2010-09-20 16:48:00.00000012,6.203807827911928
2010-09-20 16:48:00.00000028,47.310691243596104
2010-09-20 16:48:00.000000117,22.95128154765834
2010-09-20 16:48:00.00000018,6.06926426842594
2010-09-20 16:48:00.00000059,7.023861950720376
2010-09-20 16:48:00.00000061,5.046147910099611
2010-09-20 16:48:00.00000037,6.426674111577145
2010-09-20 16:48:00.000000133,13.248639682130731
2010-09-20 16:48:00.000000141,10.92806837288289
2010-09-20 16:48:00.000000113,27.319703956344462
2010-09-20 16:48:00.00000067,17.065181795303314
2010-09-20 16:48:00.00000066,27.68207373596654
2010-09-20 16:48:00.000000128,11.535471402086793
2010-09-20 16:48:00.000000109,10.075997229035407
2010-09-20 16:48:00.000000167,32.14062143689218
2010-09-20 16:48:00.00000065,5.836829650001041
2010-09-20 16:48:00.000000157,36.05667822999059
2010-09-20 16:48:00.00000045,11.665110021725141
2010-09-20 16:48:00.00000054,8.14328255357459
2010-09-20 16:48:00.00000076,6.343023426243324
2010-09-20 16:48:00.000000125,13.747021801848987
2010-09-20 16:48:00.00000031,11.664173270733857
2010-09-20 16:48:00.000000105,5.096609529754727
2010-09-20 16:48:00.00000017,8.4739227222637
2010-09-20 16:48:00.000000127,5.850696719221707
2010-09-20 16:48:00.000000149,47.310691243596104
2010-09-20 16:48:00.00000039,26.469068330863955
2010-09-20 16:48:00.00000095,39.504442275288504
2010-09-20 16:48:00.00000062,7.812478352613916
2010-09-20 16:48:00.00000029,8.543169381525553
2010-09-20 16:48:00.000000155,30.40493589178304
2010-09-20 16:48:00.000000123,7.150865169269012
2010-09-20 16:48:00.00000020,9.902250971556748
2010-09-20 16:48:00.0000003,10.113306907077593
2010-09-20 16:48:00.000000102,5.096609529754727
2010-09-20 16:48:00.00000096,8.390253212895379
2010-09-20 16:48:00.00000087,9.916439986635824
2010-09-20 16:48:00.00000063,28.416115848368094
2010-09-20 16:48:00.00000078,8.527602791728896
2010-09-20 16:48:00.00000049,5.046147910099611
2010-09-20 16:48:00.000000115,11.851832330581813
2010-09-20 16:48:00.00000080,9.924783242182162
2010-09-20 16:48:00.00000046,16.45362595922351
2010-09-20 16:48:00.00000048,8.520353814643478
2010-09-20 16:48:00.00000033,29.66177985713755
2010-09-20 16:48:00.000000136,5.850696719221707
2010-09-20 16:48:00.00000032,16.188938684820297
2010-09-20 16:48:00.00000082,15.259951475936216
2010-09-20 16:48:00.00000091,13.582872179738867
2010-09-20 16:48:00.00000051,33.66004970217051
2010-09-20 16:48:00.000000107,9.43970792637344
2010-09-20 16:48:00.000000150,6.256131591068397
2010-09-20 16:48:00.00000070,6.45425940272226
2010-09-20 16:48:00.000000165,30.537478522381544
2010-09-20 16:48:00.00000097,30.25729077701809
2010-09-20 16:48:00.00000075,6.6721304802715755
2010-09-20 16:48:00.000000164,12.16902880088779
2010-09-20 16:48:00.000000162,5.046147910099611
2010-09-20 16:48:00.00000026,6.4138011364784475
2010-09-20 16:48:00.000000126,9.902250971556748
2010-09-20 16:48:00.00000077,13.776176071000569
2010-09-20 16:48:00.000000138,5.850696719221707
2010-09-20 16:48:00.000000118,18.32356063794816
2010-09-20 16:48:00.00000011,13.680662130261288
2010-09-20 16:48:00.00000073,17.935092362843392
2010-09-20 16:48:00.000000120,8.354833336438004
2010-09-20 16:48:00.00000034,27.722906752365898
2010-09-20 16:48:00.00000057,10.065157624079074
2010-09-20 16:48:00.00000044,14.007162663700182
2010-09-20 16:48:00.00000079,7.09895719020741
2010-09-20 16:48:00.00000013,12.729530487678291
2010-09-20 16:48:00.00000060,7.128379511728822
2010-09-20 16:48:00.00000098,20.98119089819387
2010-09-20 16:48:00.00000022,5.046147910099611
2010-09-20 16:48:00.00000043,13.023785421753125
2010-09-20 16:48:00.000000130,5.096609529754727
2010-09-20 16:48:00.00000094,13.014792183849034
2010-09-20 16:48:00.000000153,11.727164702215624
2010-09-20 16:48:00.0000009,15.711253810573576
2010-09-20 16:48:00.000000119,7.550029334476014
2010-09-20 16:48:00.00000089,9.098651728097318
2010-09-20 16:48:00.00000053,13.248639682130731
2010-09-20 16:48:00.00000014,11.665110021725141
2010-09-20 16:48:00.00000093,13.929262562309848
2010-09-20 16:48:00.000000144,7.370188352599296
2010-09-20 16:48:00.00000030,18.051775464663965
2010-09-20 16:48:00.000000147,29.68477504976381
2010-09-20 16:48:00.000000108,14.910559272369348
2010-09-20 16:48:00.00000064,7.080687399207293
2010-09-20 16:48:00.00000010,11.994112137706596
2010-09-20 16:48:00.00000042,11.720891003635058
2012-04-01 22:22:28.0000001,7.425725688135657
2012-03-05 09:19:32.0000001,6.557287729608124
2012-03-05 09:19:32.0000002,6.088929057651078
2012-03-05 09:19:32.0000005,46.81463928369139
2012-03-05 09:19:32.0000003,9.783528810604869
2012-03-05 09:19:32.0000004,6.096655886143559
2012-08-20 14:47:36.0000003,6.274701414194754
2012-08-20 14:47:36.0000004,36.26673191834367
2011-12-01 01:36:08.0000002,6.387493435003213
2013-06-21 11:33:28.0000002,7.510217619572702
2013-06-21 11:33:28.0000004,7.510217619572702
2013-06-21 11:33:28.0000001,6.423011185766728
2013-06-21 11:33:28.0000003,16.663890597549777
2013-04-10 11:33:28.0000001,18.0160751106287
2013-04-10 11:33:28.0000002,10.687944958643904
2014-03-29 14:59:28.0000003,4.929919826239587
2014-03-29 14:59:28.0000002,6.954456804667497
2010-04-05 06:01:24.0000001,6.881892558676335
2014-12-01 00:12:44.0000001,29.637978876503876
2012-08-01 18:54:24.0000001,8.385110798803206
2012-08-01 18:54:24.0000002,5.483917733707971
2012-08-01 18:54:24.0000003,6.757727907702575
2013-07-13 18:28:20.0000005,8.323972458487008
2013-07-13 18:28:20.0000001,5.166920250288148
2013-07-13 18:28:20.0000002,9.490558798208637
2013-07-13 18:28:20.0000004,7.767006364509757
2014-03-06 04:23:32.0000001,9.510129580951451
2014-10-07 19:04:08.0000002,9.871918839628643
2014-10-07 19:04:08.0000005,9.655156195315847
2014-10-07 19:04:08.0000006,13.007774020310533
2014-10-07 19:04:08.0000004,5.089196931378638
2013-08-21 09:32:24.0000002,11.757219776966105
2013-08-21 09:32:24.0000004,13.01896685808761
2013-08-21 09:32:24.0000003,9.873311762376368
2015-01-26 07:13:44.0000006,8.225012975372367
2015-01-26 07:13:44.0000002,8.120979498767019
2015-01-26 07:13:44.0000004,8.104508127080157
2015-01-26 07:13:44.0000003,10.685431741723242
2009-03-16 09:55:24.0000003,6.146046272100403
2009-03-16 09:55:24.0000005,5.478507361179277
2009-03-16 09:55:24.0000004,10.808339115185815
2009-03-16 09:55:24.0000006,6.938401713780305
2009-03-16 09:55:24.0000002,5.046147910099611
2011-03-06 21:01:00.000000150,6.146046272100403
2011-03-06 21:01:00.00000026,4.911318901281149
2011-03-06 21:01:00.000000148,5.317908616804271
2011-03-06 21:01:00.00000088,6.088929057651078
2011-03-06 21:01:00.00000098,5.473497263719553
2011-03-06 21:01:00.00000054,12.233984834646055
2011-03-06 21:01:00.000000101,10.140812869887199
2011-03-06 21:01:00.000000175,7.613850119069355
2011-03-06 21:01:00.00000029,10.224037181507983
2011-03-06 21:01:00.000000106,5.046147910099611
2011-03-06 21:01:00.00000099,6.803309414104071
2011-03-06 21:01:00.000000158,8.706175855551766
2011-03-06 21:01:00.000000130,6.880080082689375
2011-03-06 21:01:00.00000027,5.604889428952178
2011-03-06 21:01:00.00000032,20.33547538672582
2011-03-06 21:01:00.000000111,14.014038174050151
2011-03-06 21:01:00.00000024,12.361642721720132
2011-03-06 21:01:00.000000118,8.706175855551766
2011-03-06 21:01:00.00000016,7.997050735902504
2011-03-06 21:01:00.00000066,9.325240119387544
2011-03-06 21:01:00.000000133,13.621999514348344
2011-03-06 21:01:00.00000070,5.096609529754727
2011-03-06 21:01:00.000000104,6.782675007814003
2011-03-06 21:01:00.00000076,9.325240119387544
2011-03-06 21:01:00.000000141,6.665181808932744
2011-03-06 21:01:00.000000145,6.618306620430909
2011-03-06 21:01:00.000000143,6.96860382962862
2011-03-06 21:01:00.00000092,5.508501214248392
2011-03-06 21:01:00.00000080,5.508501214248392
2011-03-06 21:01:00.00000015,27.073642790410112
2011-03-06 21:01:00.000000153,16.106833265846998
2011-03-06 21:01:00.00000093,10.794978657604549
2011-03-06 21:01:00.000000162,25.492106636142104
2011-03-06 21:01:00.00000062,8.234566074134664
2011-03-06 21:01:00.000000129,15.103887780852883
2011-03-06 21:01:00.000000107,18.085571759895988
2011-03-06 21:01:00.00000045,5.37952599291165
2011-03-06 21:01:00.000000115,12.009685156625142
2011-03-06 21:01:00.0000002,4.81934030621203
2011-03-06 21:01:00.00000044,8.243459416772128
2011-03-06 21:01:00.000000167,6.878918679440464
2011-03-06 21:01:00.000000169,4.772192232272203
2011-03-06 21:01:00.00000067,33.279970358262204
2011-03-06 21:01:00.0000007,6.700610700806601
2011-03-06 21:01:00.000000135,47.329839383205154
2011-03-06 21:01:00.000000128,13.833641362647576
2011-03-06 21:01:00.0000004,7.285152786206441
2011-03-06 21:01:00.00000010,9.317930280628435
2011-03-06 21:01:00.000000151,11.834972955948263
2011-03-06 21:01:00.00000055,9.325022382368507
2011-03-06 21:01:00.00000095,7.971820766485941
2011-03-06 21:01:00.000000102,10.410622189898389
2011-03-06 21:01:00.00000034,7.887411471346075
2011-03-06 21:01:00.000000108,5.062077409154452
2011-03-06 21:01:00.00000012,5.062077409154452
2011-03-06 21:01:00.00000085,5.046147910099611
2011-03-06 21:01:00.0000001,11.07372002801755
2011-03-06 21:01:00.00000035,5.470568453409428
2011-03-06 21:01:00.00000097,12.044826021556903
2011-03-06 21:01:00.000000105,8.63220529571878
2011-03-06 21:01:00.00000020,10.38377175252777
2011-03-06 21:01:00.000000114,5.046147910099611
2011-03-06 21:01:00.00000038,4.87608425324839
2011-03-06 21:01:00.0000006,10.573198391249209
2011-03-06 21:01:00.00000086,8.678146854049151
2011-03-06 21:01:00.00000049,6.4121353927622735
2011-03-06 21:01:00.000000147,6.962609919927696
2011-03-06 21:01:00.00000040,5.046147910099611
2011-03-06 21:01:00.00000064,6.924094138122253
2011-03-06 21:01:00.00000061,12.882188409494917
2011-03-06 21:01:00.0000005,6.282661565696235
2011-03-06 21:01:00.0000009,6.962609919927696
2011-03-06 21:01:00.00000042,5.101012646435704
2011-03-06 21:01:00.00000022,30.255025588102594
2011-03-06 21:01:00.00000021,18.143405802710905
2011-03-06 21:01:00.00000094,5.508501214248392
2011-03-06 21:01:00.000000156,8.475794411380306
2011-03-06 21:01:00.00000072,5.508501214248392
2011-03-06 21:01:00.00000031,14.184044968653335
2011-03-06 21:01:00.00000089,6.962609919927696
2011-03-06 21:01:00.00000023,11.461287735647547
2011-03-06 21:01:00.00000046,5.046147910099611
2011-03-06 21:01:00.00000087,6.146046272100403
2011-03-06 21:01:00.00000053,14.008190591409981
2011-03-06 21:01:00.0000008,5.077735272854648
2011-03-06 21:01:00.000000157,5.508501214248392
2011-03-06 21:01:00.00000077,12.442656456257469
2011-03-06 21:01:00.00000073,10.023953828130177
2011-03-06 21:01:00.00000047,5.046147910099611
2011-03-06 21:01:00.000000172,6.962609919927696
2011-03-06 21:01:00.00000084,11.231043689607525
2011-03-06 21:01:00.000000122,12.793691984621635
2011-03-06 21:01:00.000000154,15.876884150819942
2011-03-06 21:01:00.000000136,9.821099583356109
2011-03-06 21:01:00.00000075,4.70106393019901
2011-03-06 21:01:00.00000014,6.538001799931208
2009-09-04 20:52:28.0000002,5.844518196509637
2009-09-04 20:52:28.0000003,5.711658075635361
2009-09-04 20:52:28.0000004,5.844518196509637
2009-09-04 20:52:28.0000001,4.87608425324839
2013-09-25 05:52:12.0000002,13.103616395983085
2013-09-25 05:52:12.0000001,34.70060122546357
2010-04-16 10:32:24.0000002,7.443770262717379
2010-04-16 10:32:24.0000001,30.503520409479
2011-10-12 07:24:40.0000001,9.677212606229503
2011-10-12 07:24:40.0000003,7.8382993380014385
2011-10-12 07:24:40.0000002,25.809608567873365
2010-06-13 13:34:56.0000001,8.36865027689816
2011-11-20 02:39:04.0000002,16.603223098537327
2011-11-20 02:39:04.0000001,5.046147910099611
2010-12-13 06:42:16.0000002,4.749195311457874
2010-12-13 06:42:16.0000001,9.649764860131723
2009-11-24 08:58:48.0000003,8.527602791728896
2009-11-24 08:58:48.0000001,5.046147910099611
2009-11-24 08:58:48.0000006,13.09726316456981
2009-11-24 08:58:48.0000002,9.029593556715817
2009-11-24 08:58:48.0000005,8.469558565544556
2009-11-24 08:58:48.0000007,9.9201849888506
2014-09-22 07:14:16.0000002,15.689932649086463
2011-05-30 09:32:56.0000001,7.260872818014746
2012-09-21 05:41:36.0000001,7.85132348695867
2010-11-22 19:30:04.0000002,9.624708794782089
2010-11-22 19:30:04.0000001,12.467777771615287
2010-10-05 02:09:00.0000005,6.45425940272226
2010-10-05 02:09:00.0000006,21.990801721950458
2010-10-05 02:09:00.0000007,11.721344910938871
2010-10-05 02:09:00.00000018,23.341841417860554
2010-10-05 02:09:00.00000011,21.63191256589755
2010-10-05 02:09:00.00000023,13.235754889762243
2010-10-05 02:09:00.00000012,9.739234854986233
2010-10-05 02:09:00.00000022,5.716761884393003
2010-10-05 02:09:00.00000013,21.080487908112524
2010-10-05 02:09:00.0000003,21.445797155831393
2010-10-05 02:09:00.00000010,4.92364999731769
2010-10-05 02:09:00.0000001,7.804361057148154
2010-10-05 02:09:00.00000021,6.39802401180367
2010-10-05 02:09:00.0000008,14.503812473820036
2010-10-05 02:09:00.00000027,7.054058104975778
2010-10-05 02:09:00.0000002,18.291626864130798
2010-10-05 02:09:00.00000015,6.924858086348476
2014-08-23 16:30:24.0000002,8.381064116848142
2014-08-23 16:30:24.0000001,6.983166558358689
2012-03-15 08:17:36.0000001,7.644907890996178
2012-03-15 08:17:36.0000002,5.518326431704147
2012-03-15 08:17:36.0000005,18.189711576539615
2012-03-15 08:17:36.0000004,17.99657635721258
2012-03-15 08:17:36.0000003,5.756388162314591
2013-10-04 02:53:20.0000001,7.188963018932669
2013-10-04 02:53:20.0000002,9.25449662291079
2009-03-28 15:09:20.0000001,8.36865027689816
2009-03-28 15:09:20.0000003,15.973197795343072
2009-03-28 15:09:20.0000002,15.386444440686862
2012-01-25 22:43:44.0000003,12.081627248267976
2012-01-25 22:43:44.0000004,9.217574085551062
2012-01-25 22:43:44.0000002,5.4639753470729975
2012-01-25 22:43:44.0000001,15.449624913687892
2011-07-21 07:51:32.0000002,6.091702679179722
2011-07-21 07:51:32.0000003,11.071156386451566
2011-07-21 07:51:32.0000001,6.206483471276315
2010-12-01 22:04:52.0000001,7.756129716480622
2013-06-23 02:54:32.0000003,8.104508127080157
2013-06-23 02:54:32.0000002,6.943756095379152
2014-03-24 22:36:24.0000004,10.647480665351038
2014-03-24 22:36:24.0000002,9.750644710220605
2014-03-24 22:36:24.0000001,6.185728015519265
2014-03-24 22:36:24.0000003,9.718897927776025
2013-09-13 01:54:20.0000001,8.104508127080157
2013-10-14 18:30:36.0000003,16.92513709545434
2013-10-14 18:30:36.0000002,7.510217619572702
2013-10-14 18:30:36.0000004,14.530563873796863
2013-10-14 18:30:36.0000001,4.729657722906039
2013-11-18 15:07:28.0000006,8.588015272768926
2013-11-18 15:07:28.0000004,55.80527344146173
2013-11-18 15:07:28.0000001,5.120784294133675
2013-11-18 15:07:28.0000005,5.089196931378638
2013-11-18 15:07:28.0000002,7.437610622130343
2011-02-20 23:35:12.0000001,8.234566074134664
2011-02-20 23:35:12.0000004,9.783033200800709
2011-02-20 23:35:12.0000005,19.64830365519892
2011-02-20 23:35:12.0000003,13.556542612809015
2011-02-20 23:35:12.0000002,13.863612180447877
2010-02-06 19:59:16.0000001,12.191380166200538
2012-03-10 02:36:04.0000003,8.68947523088252
2012-03-10 02:36:04.0000002,11.159165849820095
2012-03-10 02:36:04.0000001,6.141093065136565
2014-04-13 17:35:52.0000002,8.049677462289191
2010-04-04 21:59:56.0000002,8.663773701969985
2010-04-04 21:59:56.0000001,13.815016942323819
2010-04-04 21:59:56.0000003,11.973874813108894
2010-04-04 21:59:56.0000004,6.868080653761141
2013-03-23 04:51:12.0000001,17.951902771190667
2010-06-29 00:22:24.0000002,47.310691243596104
2010-06-29 00:22:24.0000001,5.077735272854648
2011-10-17 12:37:56.0000002,5.994114184791659
2011-10-17 12:37:56.0000001,7.128379511728822
2012-01-30 19:07:52.0000003,11.093778261131114
2012-01-30 19:07:52.0000002,7.009842707581822
2012-01-30 19:07:52.0000004,9.513052674934302
2012-01-30 19:07:52.0000001,6.236048081914734
2012-01-30 19:07:52.0000005,10.831850466664493
2011-05-30 01:44:40.0000001,8.744785511145135
2011-05-30 01:44:40.0000002,6.141093065136565
2011-02-08 01:04:08.0000001,9.331732787649702
2012-05-23 16:25:16.0000002,5.508501214248392
2011-09-20 18:02:28.0000001,9.07862401576885
2009-10-08 10:04:36.0000001,50.929405874355346
2009-10-08 10:04:36.0000003,11.055693521273
2009-10-08 10:04:36.0000002,26.596733515016965
2010-07-02 22:03:04.0000002,11.461287735647547
2010-07-02 22:03:04.0000001,7.6127758481311005
2012-05-03 14:11:36.0000002,5.508501214248392
2012-05-03 14:11:36.0000005,9.791872066151207
2012-05-03 14:11:36.0000004,30.68499724285567
2012-05-03 14:11:36.0000003,15.230929009120693
2012-05-03 14:11:36.0000001,5.508501214248392
2013-04-04 16:31:56.0000001,18.882860596609
2013-04-04 16:31:56.0000002,8.563290178657923
2009-12-02 15:59:56.0000001,30.820107980100325
2009-12-02 15:59:56.0000002,6.344688764980878
2010-01-03 02:03:40.0000002,7.353579926146391
2010-01-03 02:03:40.0000003,6.6132090788882625
2011-08-21 10:54:24.0000003,7.733938541691838
2011-08-21 10:54:24.0000002,65.13708820276713
2011-08-21 10:54:24.0000001,15.879717809867557
2011-01-30 14:38:24.0000003,5.508501214248392
2011-01-30 14:38:24.0000002,14.748980018402051
2011-04-16 21:23:16.0000004,16.304279418241382
2011-04-16 21:23:16.0000002,10.308986536195903
2011-04-16 21:23:16.0000006,5.08308072357175
2013-10-05 19:51:04.0000006,8.80374417552701
2013-10-05 19:51:04.0000005,12.9071739592648
2013-10-05 19:51:04.0000003,16.08264954423961
2013-10-05 19:51:04.0000002,15.015795337443215
2014-10-31 08:17:44.0000002,8.356062827841384
2014-10-31 08:17:44.0000004,9.028456424377913
2014-10-31 08:17:44.0000005,8.356062827841384
2014-10-31 08:17:44.0000001,9.864446137638252
2014-10-31 08:17:44.0000003,20.94017677805657
2009-05-31 21:24:56.0000001,14.318976209441066
2014-06-04 01:50:40.0000001,13.625049862319404
2009-07-14 17:59:12.0000001,5.508501214248392
2009-07-14 17:59:12.0000003,5.3352898239899424
2012-12-05 16:33:52.0000002,13.434341163140086
2012-12-05 16:33:52.0000001,31.505446229300784
2009-12-18 12:37:04.0000005,7.128379511728822
2009-12-18 12:37:04.0000001,8.469558565544556
2009-12-18 12:37:04.0000006,12.732582081101684
2009-12-18 12:37:04.0000004,9.344341984735546
2009-12-18 12:37:04.0000007,9.838979289147405
2009-12-18 12:37:04.0000002,9.924783242182162
2012-11-21 15:12:48.0000001,4.994543220680217
2011-05-03 07:01:40.0000001,11.181241029341313
2011-05-03 07:01:40.0000002,5.3352898239899424
2011-05-03 07:01:40.0000003,5.726581738491401
2010-09-21 06:27:32.0000002,19.072844038879364
2010-09-21 06:27:32.0000001,9.608597962149782
2011-10-07 22:08:20.0000003,5.046147910099611
2011-10-07 22:08:20.0000006,9.265797294172156
2009-02-08 08:48:20.0000001,5.354682011169855
2013-09-24 21:16:40.0000006,8.888388958096742
2013-09-24 21:16:40.0000003,10.803804174467343
2013-09-24 21:16:40.0000001,10.853927859977722
2013-09-24 21:16:40.0000007,12.73642710556573
2013-09-24 21:16:40.0000002,13.474296223737198
2013-09-24 21:16:40.0000004,10.872192154107319
2012-03-14 19:10:48.0000005,13.452480984001957
2012-03-14 19:10:48.0000008,5.046147910099611
2012-03-14 19:10:48.0000002,8.779174826544445
2012-03-14 19:10:48.0000004,6.820524160316904
2012-03-14 19:10:48.0000001,6.146046272100403
2012-03-14 19:10:48.0000009,8.34516060278415
2012-03-14 19:10:48.0000006,11.435712188655103
2009-11-12 11:01:20.0000001,6.955582419158258
2009-11-12 11:01:20.0000002,4.741031907197585
2009-06-21 04:28:48.0000002,15.25037618930798
2009-06-21 04:28:48.0000003,13.223191407732257
2014-01-25 12:36:52.0000002,9.806695923886043
2014-01-25 12:36:52.0000001,8.318613915750586
2012-12-27 13:23:48.0000001,9.095903258733703
2011-06-28 16:09:44.0000001,5.508501214248392
2010-12-01 08:35:20.0000001,9.916439986635824
2012-11-19 12:40:40.0000005,5.046147910099611
2012-11-19 12:40:40.0000001,5.077735272854648
2012-11-19 12:40:40.0000002,7.274852727271866
2012-11-19 12:40:40.0000003,11.056911755412198
2012-11-19 12:40:40.0000004,41.60079040226931
2009-07-13 17:58:04.0000001,9.925180556595164
2009-07-13 17:58:04.0000003,6.683041000665951
2009-07-13 17:58:04.0000002,7.670705242378677
2011-06-25 11:42:36.0000003,4.914492487889974
2011-06-25 11:42:36.0000002,23.156517210821008
2012-01-26 07:33:00.000000128,11.258350871398953
2012-01-26 07:33:00.00000032,8.408443405869372
2012-01-26 07:33:00.000000163,6.499902127441586
2012-01-26 07:33:00.000000155,6.881892558676335
2012-01-26 07:33:00.000000153,7.671185592425714
2012-01-26 07:33:00.00000049,6.091702679179722
2012-01-26 07:33:00.00000095,5.056954628833623
2012-01-26 07:33:00.000000158,15.970784131956977
2012-01-26 07:33:00.00000050,6.857684352528944
2012-01-26 07:33:00.00000015,7.588530933307308
2012-01-26 07:33:00.00000062,7.9830628250448
2012-01-26 07:33:00.00000037,16.042014279685283
2012-01-26 07:33:00.00000069,11.7289185476033
2012-01-26 07:33:00.000000142,5.046147910099611
2012-01-26 07:33:00.000000150,5.096609529754727
2012-01-26 07:33:00.000000147,8.048185724615472
2012-01-26 07:33:00.000000125,6.825653799712065
2012-01-26 07:33:00.000000124,30.627199869181876
2012-01-26 07:33:00.000000129,6.499902127441586
2012-01-26 07:33:00.00000033,8.823998470933699
2012-01-26 07:33:00.0000004,30.93289392882108
2012-01-26 07:33:00.00000029,9.675979560630106
2012-01-26 07:33:00.000000113,5.508501214248392
2012-01-26 07:33:00.00000017,9.581957342589847
2012-01-26 07:33:00.00000067,9.65214714453107
2012-01-26 07:33:00.000000141,28.171010164064615
2012-01-26 07:33:00.00000036,13.645774329057208
2012-01-26 07:33:00.000000162,18.91601841973303
2012-01-26 07:33:00.000000118,9.239998633651593
2012-01-26 07:33:00.000000154,25.810261015631248
2012-01-26 07:33:00.000000143,9.65214714453107
2012-01-26 07:33:00.00000083,7.3475903307929595
2012-01-26 07:33:00.000000191,7.316874047369902
2012-01-26 07:33:00.000000140,11.108837914820304
2012-01-26 07:33:00.00000086,5.313401060293581
2012-01-26 07:33:00.0000002,8.274431283880096
2012-01-26 07:33:00.000000170,5.799599282662342
2012-01-26 07:33:00.00000010,7.353579926146391
2012-01-26 07:33:00.00000053,7.561826589127153
2012-01-26 07:33:00.000000102,11.045777916698333
2012-01-26 07:33:00.00000055,6.576843421770553
2012-01-26 07:33:00.0000007,8.762085590577854
2012-01-26 07:33:00.00000013,6.609906526134641
2012-01-26 07:33:00.000000165,30.75126792968168
2012-01-26 07:33:00.00000026,5.056954628833623
2012-01-26 07:33:00.000000137,6.083975850687241
2012-01-26 07:33:00.00000048,9.499283722654157
2012-01-26 07:33:00.00000059,11.255468701217563
2012-01-26 07:33:00.000000132,7.666393606687335
2012-01-26 07:33:00.00000096,12.665191914290258
2012-01-26 07:33:00.000000190,5.046147910099611
2012-01-26 07:33:00.000000156,7.4969341867096855
2012-01-26 07:33:00.00000075,7.672482047866139
2012-01-26 07:33:00.00000084,6.799362721438012
2012-01-26 07:33:00.0000006,5.046147910099611
2012-01-26 07:33:00.00000021,6.857684352528944
2012-01-26 07:33:00.0000001,13.76001709711847
2012-01-26 07:33:00.0000005,5.096609529754727
2012-01-26 07:33:00.00000034,5.9880275141195956
2012-01-26 07:33:00.000000117,5.046147910099611
2012-01-26 07:33:00.000000106,9.974535691885174
2012-01-26 07:33:00.00000077,7.634139712864233
2012-01-26 07:33:00.00000045,5.4247773761257045
2012-01-26 07:33:00.000000116,11.746539844968735
2012-01-26 07:33:00.0000009,6.89221202958816
2012-01-26 07:33:00.000000146,5.395656539912558
2012-01-26 07:33:00.00000027,20.002048879854517
2012-01-26 07:33:00.000000127,7.493375745332144
2012-01-26 07:33:00.000000172,5.2399223096167455
2012-01-26 07:33:00.00000074,5.046147910099611
2012-01-26 07:33:00.00000014,23.584760860705384
2012-01-26 07:33:00.000000108,9.621379067578262
2012-01-26 07:33:00.000000109,15.902157550741048
2012-01-26 07:33:00.000000152,6.141093065136565
2012-01-26 07:33:00.00000047,6.141093065136565
2012-01-26 07:33:00.000000192,9.65214714453107
2012-01-26 07:33:00.00000054,6.128874450194832
2012-01-26 07:33:00.000000185,5.508501214248392
2012-01-26 07:33:00.000000187,9.456507117811622
2012-01-26 07:33:00.00000060,10.123302227738359
2012-01-26 07:33:00.000000130,7.725838402261436
2012-01-26 07:33:00.00000046,8.996419961518068
2012-01-26 07:33:00.000000182,7.316874047369902
2012-01-26 07:33:00.000000177,11.54141491317727
2012-01-26 07:33:00.000000135,27.47384019101493
2012-01-26 07:33:00.00000063,4.749195311457874
2012-01-26 07:33:00.00000079,6.857684352528944
2012-01-26 07:33:00.000000169,8.268104567016072
2012-01-26 07:33:00.00000094,8.398480551977736
2012-01-26 07:33:00.000000176,11.323142087765225
2012-01-26 07:33:00.00000061,5.096609529754727
2012-01-26 07:33:00.000000188,5.508501214248392
2012-01-26 07:33:00.000000174,11.117633065458097
2012-01-26 07:33:00.000000126,6.881892558676335
2012-01-26 07:33:00.000000139,29.95098124833632
2012-01-26 07:33:00.000000184,5.508501214248392
2012-01-26 07:33:00.000000107,5.046147910099611
2012-01-26 07:33:00.00000038,5.463190237463957
2012-01-26 07:33:00.000000134,4.92364999731769
2012-01-26 07:33:00.00000058,20.79287572472286
2012-01-26 07:33:00.00000078,4.753595123078929
2012-01-26 07:33:00.00000019,5.046147910099611
2012-01-26 07:33:00.000000111,8.19626595825893
2012-01-26 07:33:00.000000178,18.158938947924483
2012-01-26 07:33:00.0000003,10.10812908807168
2012-01-26 07:33:00.00000052,16.325039914633813
2012-01-26 07:33:00.00000040,9.739488753697774
2012-01-26 07:33:00.000000148,8.996419961518068
2012-01-26 07:33:00.00000066,11.123047924113687
2012-01-26 07:33:00.00000041,5.473497263719553
2012-01-26 07:33:00.00000070,9.684535697708984
2012-01-26 07:33:00.000000157,28.012274203432398
2012-01-26 07:33:00.000000179,7.8156025513954726
2012-01-26 07:33:00.000000112,17.28633841624331
2012-01-26 07:33:00.00000073,7.316874047369902
2012-01-26 07:33:00.000000138,16.605252730561755
2012-01-26 07:33:00.00000092,10.379960364925742
2012-01-26 07:33:00.000000164,17.965598647042487
2012-01-26 07:33:00.000000123,9.07862401576885
2012-01-26 07:33:00.00000043,5.3352898239899424
2012-01-26 07:33:00.00000093,5.508501214248392
2012-01-26 07:33:00.00000016,9.76954737095957
2012-01-26 07:33:00.000000144,7.644693504123004
2012-01-26 07:33:00.00000042,6.890627581970359
2012-01-26 07:33:00.00000011,9.526104003801166
2012-01-26 07:33:00.00000035,8.31557844567159
2012-01-26 07:33:00.00000098,7.299018376664968
2012-01-26 07:33:00.000000149,23.04874725902454
2012-01-26 07:33:00.000000110,5.046147910099611
2012-01-26 07:33:00.000000159,9.889352392963428
2015-03-20 23:34:40.0000007,8.661373955316716
2015-03-20 23:34:40.0000002,22.97100080484404
2015-03-20 23:34:40.0000006,5.089196931378638
2013-12-14 03:20:48.0000001,29.957500820004512
2013-12-14 03:20:48.0000002,5.070100381883275
2014-04-14 07:03:52.0000001,8.94296697102797
2014-04-14 07:03:52.0000002,12.328728948662008
2015-05-21 07:08:08.0000002,7.319116542706533
2011-08-30 16:48:24.0000003,7.644907890996178
2011-08-30 16:48:24.0000002,9.301686798866953
2011-08-30 16:48:24.0000001,7.624806692781069
2010-12-09 07:29:00.000000189,5.046147910099611
2010-12-09 07:29:00.00000027,18.43739142624292
2010-12-09 07:29:00.000000184,10.155489968634756
2010-12-09 07:29:00.00000030,5.5654259246418505
2010-12-09 07:29:00.00000011,4.749195311457874
2010-12-09 07:29:00.00000065,8.841982865569076
2010-12-09 07:29:00.00000063,8.72634394083816
2010-12-09 07:29:00.000000133,15.827559487387964
2010-12-09 07:29:00.00000054,6.845060880922414
2010-12-09 07:29:00.00000021,12.7241991197458
2010-12-09 07:29:00.000000162,6.45425940272226
2010-12-09 07:29:00.000000144,8.3753389425773
2010-12-09 07:29:00.000000116,9.761816874562548
2010-12-09 07:29:00.000000142,5.7432707980540165
2010-12-09 07:29:00.000000113,9.744524919701568
2010-12-09 07:29:00.000000105,10.737845638227414
2010-12-09 07:29:00.00000047,5.6426166589099385
2010-12-09 07:29:00.0000008,7.029849898828387
2010-12-09 07:29:00.00000099,5.062077409154452
2010-12-09 07:29:00.00000048,5.688127194052497
2010-12-09 07:29:00.00000076,12.224965510120237
2010-12-09 07:29:00.000000174,16.178405375716466
2010-12-09 07:29:00.000000130,21.893881858958324
2010-12-09 07:29:00.000000177,8.281741931218761
2010-12-09 07:29:00.00000088,7.025381402617833
2010-12-09 07:29:00.00000091,6.45425940272226
2010-12-09 07:29:00.00000072,5.096609529754727
2010-12-09 07:29:00.00000014,8.555615433742261
2010-12-09 07:29:00.000000157,7.054058104975778
2010-12-09 07:29:00.000000109,10.194499201567485
2010-12-09 07:29:00.00000016,7.522198053435473
2010-12-09 07:29:00.00000023,6.412223124500531
2010-12-09 07:29:00.000000118,7.522198053435473
2010-12-09 07:29:00.00000017,6.39802401180367
2010-12-09 07:29:00.00000032,9.434783329166843
2010-12-09 07:29:00.000000188,8.382390652444155
2010-12-09 07:29:00.00000040,6.269057950452942
2010-12-09 07:29:00.00000037,8.834395461590091
2010-12-09 07:29:00.000000128,7.78722115141499
2010-12-09 07:29:00.00000057,6.45425940272226
2010-12-09 07:29:00.000000125,8.720519609824597
2010-12-09 07:29:00.000000159,7.589717976512482
2010-12-09 07:29:00.00000018,6.39802401180367
2010-12-09 07:29:00.000000107,5.785735452946037
2010-12-09 07:29:00.00000051,17.809858886657818
2010-12-09 07:29:00.00000042,7.598128620746808
2010-12-09 07:29:00.00000059,6.638984014745791
2010-12-09 07:29:00.00000075,5.635601833668146
2010-12-09 07:29:00.00000035,8.347348813522366
2010-12-09 07:29:00.00000029,7.054058104975778
2010-12-09 07:29:00.00000045,8.347528679398419
2010-12-09 07:29:00.00000055,6.036634861763806
2010-12-09 07:29:00.000000140,7.775337807228441
2010-12-09 07:29:00.00000060,9.558249499225193
2010-12-09 07:29:00.000000185,11.887811490159566
2010-12-09 07:29:00.000000120,5.08308072357175
2010-12-09 07:29:00.000000104,6.45425940272226
2010-12-09 07:29:00.000000191,5.106201757612793
2010-12-09 07:29:00.000000106,5.096609529754727
2010-12-09 07:29:00.00000039,6.328436669777161
2010-12-09 07:29:00.000000132,4.705868807676497
2010-12-09 07:29:00.00000019,6.9424322382759245
2010-12-09 07:29:00.000000166,5.046147910099611
2010-12-09 07:29:00.000000111,7.76094348373339
2010-12-09 07:29:00.00000013,5.096609529754727
2010-12-09 07:29:00.000000138,6.39802401180367
2010-12-09 07:29:00.00000085,30.919891250747018
2010-12-09 07:29:00.000000169,6.45425940272226
2010-12-09 07:29:00.000000153,12.657413506486069
2010-12-09 07:29:00.00000033,47.372970010170455
2010-12-09 07:29:00.000000173,8.805037096502717
2010-12-09 07:29:00.00000077,6.036634861763806
2010-12-09 07:29:00.000000190,5.046147910099611
2010-12-09 07:29:00.000000137,5.7432707980540165
2010-12-09 07:29:00.0000009,7.677492598783929
2010-12-09 07:29:00.000000155,7.799564315691235
2010-12-09 07:29:00.0000004,18.371096511551727
2010-12-09 07:29:00.000000119,5.7432707980540165
2010-12-09 07:29:00.000000100,7.566147704639906
2010-12-09 07:29:00.00000024,5.7432707980540165
2010-12-09 07:29:00.00000096,12.24761808510003
2010-12-09 07:29:00.000000170,8.432074490352699
2010-12-09 07:29:00.000000131,6.973220566729467
2010-12-09 07:29:00.00000022,12.700279411357304
2010-12-09 07:29:00.00000053,6.993837539881326
2010-12-09 07:29:00.000000165,64.94242774956356
2010-12-09 07:29:00.000000114,8.785299199585397
2010-12-09 07:29:00.00000074,8.430360574072662
2010-12-09 07:29:00.00000070,7.775337807228441
2010-12-09 07:29:00.000000167,5.051817039861188
2010-12-09 07:29:00.000000110,6.681593143794423
2010-12-09 07:29:00.00000020,11.498605744719407
2010-12-09 07:29:00.000000147,7.566147704639906
2010-12-09 07:29:00.000000178,27.35350663536875
2010-12-09 07:29:00.000000146,7.054058104975778
2010-12-09 07:29:00.000000103,7.537620793571584
2010-12-09 07:29:00.000000149,11.475706168451952
2010-12-09 07:29:00.000000182,8.860052703069181
2010-12-09 07:29:00.000000124,7.589717976512482
2010-12-09 07:29:00.000000154,12.080514178378667
2010-12-09 07:29:00.000000117,7.704104302681481
2010-12-09 07:29:00.00000034,10.29207477717926
2010-12-09 07:29:00.00000084,10.011258875582575
2010-12-09 07:29:00.00000064,6.973220566729467
2010-12-09 07:29:00.000000126,16.14572005665362
2010-12-09 07:29:00.00000082,7.054058104975778
2010-12-09 07:29:00.00000092,11.546356827092138
2010-12-09 07:29:00.00000087,6.301281511267516
2010-12-09 07:29:00.00000095,25.227419684554135
2010-12-09 07:29:00.000000101,8.353394869566928
2010-12-09 07:29:00.000000122,6.839180543239795
2010-12-09 07:29:00.000000160,7.566147704639906
2010-12-09 07:29:00.000000175,8.720519609824597
2010-12-09 07:29:00.00000043,7.778905996029453
2010-12-09 07:29:00.00000061,12.236044169880008
2010-12-09 07:29:00.000000179,5.5930876967671646
2010-12-09 07:29:00.00000049,7.804361057148154
2010-12-09 07:29:00.000000172,45.011884879830106
2010-12-09 07:29:00.000000192,7.516445649564421
2010-12-09 07:29:00.000000194,5.7432707980540165
2010-12-09 07:29:00.00000052,9.73162923727172
2010-12-09 07:29:00.00000058,6.038312138986162
2010-12-09 07:29:00.00000010,6.924858086348476
2010-12-09 07:29:00.000000108,5.7432707980540165
2010-12-09 07:29:00.000000129,8.8664652995715
2010-12-09 07:29:00.000000163,8.129791260180763
2010-12-09 07:29:00.000000161,8.860052703069181
2010-12-09 07:29:00.000000187,6.989432520067178
2010-12-09 07:29:00.000000158,6.45425940272226
2010-12-09 07:29:00.000000121,9.761816874562548
2010-12-09 07:29:00.000000176,6.45425940272226
2011-09-25 13:01:20.0000005,7.812478352613916
2011-09-25 13:01:20.0000001,7.775730035568049
2011-09-25 13:01:20.0000004,9.052596975258785
2011-09-25 13:01:20.0000006,13.561823156023262
2011-09-25 13:01:20.0000003,6.036634861763806
2012-09-08 04:35:16.0000001,23.572774845180476
2012-05-08 03:50:00.00000011,22.243771089018754
2012-05-08 03:50:00.0000002,5.508501214248392
2012-05-08 03:50:00.0000008,18.391010461498112
2012-05-08 03:50:00.0000007,8.352734006700699
2012-05-08 03:50:00.00000015,15.902157550741048
2012-05-08 03:50:00.00000016,8.31924279394865
2012-05-08 03:50:00.0000003,6.691157222037049
2012-05-08 03:50:00.00000014,5.508501214248392
2012-05-08 03:50:00.0000004,15.954123921154894
2010-10-06 21:23:24.0000003,6.328436669777161
2010-10-06 21:23:24.0000001,7.77631565298674
2010-10-06 21:23:24.0000005,10.595764176506421
2010-10-06 21:23:24.0000002,6.4356325658673335
2010-10-06 21:23:24.0000004,6.825894801407798
2014-05-17 02:47:12.0000002,13.111309556173651
2009-07-31 07:30:56.0000002,5.046147910099611
2009-07-31 07:30:56.0000001,9.844796735498296
2012-03-06 07:33:04.0000002,9.614802900958512
2009-01-29 22:15:48.0000001,11.446720263233493
2013-03-17 12:44:04.0000001,7.510217619572702
2014-06-18 09:23:32.0000001,19.226063244487076
2011-09-21 13:15:36.0000004,7.128379511728822
2011-09-21 13:15:36.0000003,8.144470324669637
2011-09-21 13:15:36.0000001,7.41885138690951
2011-09-21 13:15:36.0000002,47.329839383205154
2015-03-12 19:43:24.0000001,20.022159587404918
2015-03-12 19:43:24.0000002,36.677094741817854
2015-03-12 19:43:24.0000007,8.255331608786452
2015-03-12 19:43:24.0000004,14.759739619022653
2014-01-18 17:43:28.0000005,7.518109269327707
2014-01-18 17:43:28.0000003,6.4046137502803
2014-01-18 17:43:28.0000002,15.83167446575619
2014-01-18 17:43:28.0000004,13.049062443271616
2011-04-05 01:15:44.0000001,10.946514274294445
2011-04-05 01:15:44.0000002,11.16919879983957
2011-09-04 01:36:36.0000002,15.68946202119515
2010-08-09 08:53:56.0000004,10.636780934865019
2010-08-09 08:53:56.0000006,8.228008424040855
2010-08-09 08:53:56.0000002,12.577608058133034
2010-08-09 08:53:56.0000003,16.299753548866896
2010-08-09 08:53:56.0000005,9.283543496119025
2010-03-27 07:05:08.0000001,5.096609529754727
2011-11-16 12:52:52.0000002,7.210071925776436
2011-11-16 12:52:52.0000003,5.738216168541414
2011-11-16 12:52:52.0000001,47.42871061343726
2009-10-29 10:48:40.0000002,8.543169381525553
2009-10-29 10:48:40.0000001,10.936075723769145
2015-02-01 00:48:44.0000009,17.343569632402247
2015-02-01 00:48:44.0000004,9.770978494559202
2015-02-01 00:48:44.0000008,8.129850807755922
2015-02-01 00:48:44.0000006,8.865409411819181
2015-02-01 00:48:44.0000007,13.077481595675945
2014-04-03 02:31:08.0000001,8.104508127080157
2010-07-04 03:28:44.0000001,19.203860717207977
2009-03-31 23:01:36.0000002,8.217152224529508
2009-03-31 23:01:36.0000001,25.245214776942465
2009-03-31 23:01:36.0000003,14.674131739632541
2012-02-02 00:49:56.0000002,6.141093065136565
2012-02-02 00:49:56.0000001,14.95173291845896
2012-02-02 00:49:56.0000003,16.242372916913762
2012-02-02 00:49:56.0000004,14.479202462291198
2014-01-26 15:28:52.0000003,8.704427513022688
2012-02-14 15:32:40.0000002,5.508501214248392
2012-02-14 15:32:40.0000004,5.508501214248392
2012-02-14 15:32:40.0000001,8.371519000586183
2012-02-14 15:32:40.0000003,6.938401713780305
2011-12-06 11:07:40.0000001,15.432036728888036
2011-12-06 11:07:40.0000005,6.06659445866636
2011-07-12 19:41:48.0000002,14.311509149835203
2011-07-12 19:41:48.0000003,9.74889583965974
2011-07-12 19:41:48.0000004,7.633450438156782
2010-09-16 14:27:16.0000001,7.370188352599296
2010-09-16 14:27:16.0000003,10.998046145959085
2010-09-16 14:27:16.0000004,9.924783242182162
2010-09-16 14:27:16.0000005,11.521653776023586
2014-06-11 01:13:40.0000001,10.483645855395674
2013-05-18 15:28:40.0000003,10.312110564040964
2013-05-18 15:28:40.0000002,9.490558798208637
2015-02-14 20:20:56.0000001,10.021890113472187
2015-02-14 20:20:56.0000002,8.367412673559368
2015-02-14 20:20:56.0000004,5.105126430433479
2009-01-22 12:27:20.0000003,6.5674996325890405
2011-04-23 21:22:20.0000001,5.046147910099611
2013-09-01 17:57:04.0000002,5.089196931378638
2013-09-01 17:57:04.0000003,7.747750775454916
2013-04-22 13:19:16.0000001,19.33877199865217
2013-04-22 13:19:16.0000002,10.464148679250208
2013-04-22 13:19:16.0000003,6.583518985772827
2015-02-21 18:39:16.0000002,5.089196931378638
2009-04-23 00:05:40.0000001,29.709878757425614
2009-04-23 00:05:40.0000003,8.749727187724481
2012-05-28 05:48:40.0000001,32.62959821719492
2010-01-03 20:04:52.0000001,15.736986952390687
2013-03-09 21:40:52.0000003,13.927287003004174
2013-03-09 21:40:52.0000002,8.664538268256333
2011-04-21 08:22:32.0000001,4.70106393019901
2011-02-20 09:22:16.0000002,30.310029726821746
2011-02-20 09:22:16.0000001,9.0830117068281
2010-07-22 09:37:12.0000003,7.669098685112121
2010-07-22 09:37:12.0000004,6.4121353927622735
2010-07-22 09:37:12.0000001,9.474710156618373
2011-01-24 20:47:04.0000002,10.54376255290017
2013-07-22 15:05:16.0000004,12.504505136635055
2013-07-22 15:05:16.0000001,5.089196931378638
2013-07-22 15:05:16.0000002,23.508584928970972
2013-07-22 15:05:16.0000003,5.580208145482998
2013-01-23 16:22:04.0000003,12.744764046522196
2013-01-23 16:22:04.0000002,8.588015272768926
2013-01-23 16:22:04.0000001,9.864446137638252
2013-01-06 12:46:36.0000001,4.729657722906039
2013-01-06 12:46:36.0000002,7.4265237132311235
2012-02-13 04:52:32.0000001,48.041650946099566
2013-02-07 08:34:24.0000001,9.883741150740502
2013-02-07 08:34:24.0000003,11.98367537210918
2013-02-07 08:34:24.0000004,8.356062827841384
2013-02-07 08:34:24.0000002,12.667543265758137
2015-02-21 17:23:28.0000005,15.688044847787848
2015-02-21 17:23:28.0000003,7.510217619572702
2015-02-21 17:23:28.0000002,10.125571591284356
2015-02-21 17:23:28.0000001,9.99606275356616
2015-02-21 17:23:28.0000006,4.847934098919061
2013-06-19 13:36:52.0000004,9.864446137638252
2013-06-19 13:36:52.0000001,7.8187024266267295
2013-06-19 13:36:52.0000002,8.356062827841384
2013-06-19 13:36:52.0000005,40.90912981353495
2013-06-19 13:36:52.0000003,19.97234587731102
2015-06-26 16:04:04.0000002,5.089196931378638
2015-06-26 16:04:04.0000001,4.729657722906039
2010-06-05 07:08:36.0000001,7.062154035089851
2011-10-28 13:48:16.0000002,8.582889348532431
2011-10-28 13:48:16.0000001,6.955582419158258
2011-10-28 13:48:16.0000003,5.7432707980540165
2012-09-29 02:53:20.0000001,9.706914781435652
2011-08-06 12:59:12.0000001,14.676504872030426
2012-11-19 22:15:32.0000002,27.080959811960007
2013-11-29 20:09:12.0000002,8.982246818496835
2012-05-31 17:54:48.0000003,9.783528810604869
2012-05-31 17:54:48.0000002,10.66975157262085
2012-05-31 17:54:48.0000001,5.096609529754727
2012-05-31 17:54:48.0000004,7.212476017457635
2012-04-20 08:03:52.0000001,10.950558822697438
2012-04-20 08:03:52.0000002,8.298221593554766
2012-04-20 08:03:52.0000003,8.327085582988436
2009-01-26 18:26:48.0000001,6.938401713780305
2009-01-26 18:26:48.0000003,6.088929057651078
2009-01-26 18:26:48.0000004,12.57970090983263
2009-01-26 18:26:48.0000002,7.0260111221077794
2011-10-20 00:50:48.0000003,15.72406628346095
2011-10-20 00:50:48.0000002,5.7432707980540165
2011-10-20 00:50:48.0000001,5.7432707980540165
2011-06-03 11:45:16.0000002,10.887143801573409
2011-06-03 11:45:16.0000004,8.396723762435402
2011-06-03 11:45:16.0000005,5.489917704584884
2011-06-03 11:45:16.0000001,4.70106393019901
2011-06-03 11:45:16.0000003,5.760671528952291
2011-10-25 20:34:20.0000001,7.756129716480622
2012-07-05 18:30:36.0000005,11.474191669430807
2012-07-05 18:30:36.0000006,6.924094138122253
2012-07-05 18:30:36.0000003,5.3352898239899424
2012-07-05 18:30:36.0000001,9.246043660294958
2012-07-05 18:30:36.0000007,7.669098685112121
2012-07-05 18:30:36.0000002,6.053365029675511
2015-04-07 14:31:12.0000002,8.367412673559368
2015-04-07 14:31:12.0000003,6.364754705338836
2013-08-28 00:27:36.0000002,10.27038253073758
2013-08-28 00:27:36.0000001,8.094847404707945
2012-11-20 21:54:00.00000037,6.8683122960550405
2012-11-20 21:54:00.00000081,10.539835847849366
2012-11-20 21:54:00.000000210,9.202421738894666
2012-11-20 21:54:00.00000050,4.9917094553741865
2012-11-20 21:54:00.000000175,54.46617657583079
2012-11-20 21:54:00.000000208,5.7432707980540165
2012-11-20 21:54:00.000000198,5.31010077018777
2012-11-20 21:54:00.000000185,8.515750410339935
2012-11-20 21:54:00.00000028,9.336482771226848
2012-11-20 21:54:00.000000134,7.2793212234824205
2012-11-20 21:54:00.00000091,5.595140593468191
2012-11-20 21:54:00.00000033,4.87608425324839
2012-11-20 21:54:00.00000082,8.251434496410138
2012-11-20 21:54:00.000000142,21.262846405091818
2012-11-20 21:54:00.000000180,24.437359840573578
2012-11-20 21:54:00.00000093,15.130812268622337
2012-11-20 21:54:00.000000159,5.046147910099611
2012-11-20 21:54:00.000000165,7.762442375676317
2012-11-20 21:54:00.000000235,6.583807194585018
2012-11-20 21:54:00.00000089,5.046147910099611
2012-11-20 21:54:00.000000168,16.09344098087243
2012-11-20 21:54:00.000000224,5.096609529754727
2012-11-20 21:54:00.000000158,5.748815539223777
2012-11-20 21:54:00.000000212,54.46617657583079
2012-11-20 21:54:00.000000147,30.059619248200423
2012-11-20 21:54:00.000000140,10.974173869575868
2012-11-20 21:54:00.00000018,15.911676329290536
2012-11-20 21:54:00.000000124,5.70305597609882
2012-11-20 21:54:00.000000181,8.96079129763657
2012-11-20 21:54:00.000000187,10.686823117199596
2012-11-20 21:54:00.00000058,18.642560781990497
2012-11-20 21:54:00.000000151,18.429373109576776
2012-11-20 21:54:00.000000126,6.583807194585018
2012-11-20 21:54:00.00000099,12.97749306609583
2012-11-20 21:54:00.000000120,8.746815050048236
2012-11-20 21:54:00.0000009,5.046147910099611
2012-11-20 21:54:00.000000206,7.2079925763007076
2012-11-20 21:54:00.00000079,6.992467999511944
2012-11-20 21:54:00.000000237,13.090629698732615
2012-11-20 21:54:00.000000143,12.601234995756613
2012-11-20 21:54:00.000000111,5.7432707980540165
2012-11-20 21:54:00.000000106,9.016081832586885
2012-11-20 21:54:00.000000245,5.046147910099611
2012-11-20 21:54:00.00000032,10.30356593639101
2012-11-20 21:54:00.00000075,8.911625884560163
2012-11-20 21:54:00.000000244,24.614135305114278
2012-11-20 21:54:00.00000094,4.70106393019901
2012-11-20 21:54:00.000000118,28.682906186374467
2012-11-20 21:54:00.000000188,8.876242509206286
2012-11-20 21:54:00.00000051,16.032206551448645
2012-11-20 21:54:00.000000109,10.675645894881782
2012-11-20 21:54:00.0000003,7.3095233393307355
2012-11-20 21:54:00.000000114,21.296515643881197
2012-11-20 21:54:00.00000013,5.731694053784846
2012-11-20 21:54:00.000000192,6.726500992189471
2012-11-20 21:54:00.000000228,4.720369079176927
2012-11-20 21:54:00.000000236,9.047467124801233
2012-11-20 21:54:00.000000178,12.28775465381335
2012-11-20 21:54:00.00000027,10.597482162561944
2012-11-20 21:54:00.000000176,5.046147910099611
2012-11-20 21:54:00.0000008,6.726500992189471
2012-11-20 21:54:00.00000061,16.01469481398734
2012-11-20 21:54:00.00000011,14.149313835849899
2012-11-20 21:54:00.00000096,7.127957460602841
2012-11-20 21:54:00.000000231,7.2079925763007076
2012-11-20 21:54:00.000000190,13.015632120712771
2012-11-20 21:54:00.000000166,36.66670735469509
2012-11-20 21:54:00.00000022,5.106201757612793
2012-11-20 21:54:00.000000234,13.328513200322464
2012-11-20 21:54:00.00000035,7.303529429629812
2012-11-20 21:54:00.00000041,13.328136782105213
2012-11-20 21:54:00.000000113,7.043559515361523
2012-11-20 21:54:00.00000045,10.696635249804899
2012-11-20 21:54:00.000000157,12.534548567674735
2012-11-20 21:54:00.000000163,16.143533492451244
2012-11-20 21:54:00.000000193,10.95847446952793
2012-11-20 21:54:00.00000063,8.216193582231922
2012-11-20 21:54:00.000000183,7.01033373373249
2012-11-20 21:54:00.000000182,14.615287193851566
2012-11-20 21:54:00.000000117,8.98350238814779
2012-11-20 21:54:00.000000156,15.956869205706987
2012-11-20 21:54:00.000000220,7.303529429629812
2012-11-20 21:54:00.000000227,7.2590945721264895
2012-11-20 21:54:00.000000194,12.759448314094909
2012-11-20 21:54:00.000000201,8.233450742062338
2012-11-20 21:54:00.000000115,40.97668612478329
2012-11-20 21:54:00.000000217,9.648982184538992
2012-11-20 21:54:00.00000017,12.007638488378143
2012-11-20 21:54:00.000000139,5.046147910099611
2012-11-20 21:54:00.00000038,10.38709661585171
2012-11-20 21:54:00.000000107,5.046147910099611
2012-11-20 21:54:00.000000218,14.439675667907455
2012-11-20 21:54:00.000000214,19.314998505872097
2012-11-20 21:54:00.000000213,10.36537611135322
2012-11-20 21:54:00.000000215,27.632674410669907
2012-11-20 21:54:00.000000112,8.99775782876724
2012-11-20 21:54:00.00000067,17.06324910858451
2012-11-20 21:54:00.00000044,12.579696957136294
2012-11-20 21:54:00.00000029,8.989641206531427
2012-11-20 21:54:00.000000119,13.328136782105213
2012-11-20 21:54:00.000000203,6.274670017074473
2012-11-20 21:54:00.000000239,5.7432707980540165
2012-11-20 21:54:00.000000125,14.71880430492019
2012-11-20 21:54:00.00000064,8.515750410339935
2012-11-20 21:54:00.000000153,7.2793212234824205
2012-11-20 21:54:00.00000054,7.2288551329294926
2012-11-20 21:54:00.000000177,9.30222728901459
2012-11-20 21:54:00.000000243,10.674549573165079
2012-11-20 21:54:00.000000128,5.688127194052497
2012-11-20 21:54:00.00000095,8.481902416266477
2012-11-20 21:54:00.00000088,9.64099119981882
2012-11-20 21:54:00.000000200,6.583807194585018
2012-11-20 21:54:00.00000053,5.733819170034359
2012-11-20 21:54:00.000000199,5.7432707980540165
2012-11-20 21:54:00.000000191,11.857966582705913
2012-11-20 21:54:00.00000057,7.303529429629812
2012-11-20 21:54:00.000000145,9.393614932846932
2012-11-20 21:54:00.00000072,9.016566650611825
2012-11-20 21:54:00.0000001,7.052952298303028
2012-11-20 21:54:00.000000241,6.583807194585018
2012-11-20 21:54:00.000000230,9.069221042996107
2012-11-20 21:54:00.000000146,23.348743929448414
2012-11-20 21:54:00.000000155,8.933126042948388
2012-11-20 21:54:00.00000046,9.014628279627223
2012-11-20 21:54:00.000000242,20.958521272781965
2012-11-20 21:54:00.00000060,9.001892326898288
2012-11-20 21:54:00.000000116,8.69983042290682
2012-11-20 21:54:00.00000059,10.298701213224625
2012-11-20 21:54:00.000000232,5.979722642006859
2012-11-20 21:54:00.000000162,8.513695447901293
2012-11-20 21:54:00.00000070,9.016081832586885
2012-11-20 21:54:00.00000052,23.296677542622756
2012-11-20 21:54:00.000000129,21.907812299261128
2012-11-20 21:54:00.000000136,13.917715667914443
2012-11-20 21:54:00.000000226,9.022744901863035
2012-11-20 21:54:00.000000240,12.039648013656786
2012-11-20 21:54:00.000000141,8.937720270448098
2012-11-20 21:54:00.000000204,13.328136782105213
2012-11-20 21:54:00.000000137,5.046147910099611
2011-02-22 14:18:40.0000001,8.87520079852161
2014-06-23 00:16:00.00000066,32.84790264920047
2014-06-23 00:16:00.00000039,8.221738213350804
2014-06-23 00:16:00.00000076,9.019310612879218
2014-06-23 00:16:00.00000030,36.155303894884995
2014-06-23 00:16:00.00000070,16.26633488227597
2014-06-23 00:16:00.00000065,8.119871543863011
2014-06-23 00:16:00.00000056,25.786967974062744
2014-06-23 00:16:00.00000038,6.9939990881589935
2014-06-23 00:16:00.00000071,23.820871828582366
2014-06-23 00:16:00.00000013,9.749953873877073
2014-06-23 00:16:00.00000073,8.94296697102797
2014-06-23 00:16:00.0000001,14.311312314896107
2014-06-23 00:16:00.00000026,14.612197795775256
2014-06-23 00:16:00.00000090,10.526476861170186
2014-06-23 00:16:00.00000092,23.214935800377365
2014-06-23 00:16:00.00000044,9.935643429837269
2014-06-23 00:16:00.00000064,9.765036190651035
2014-06-23 00:16:00.00000068,29.749457166154226
2014-06-23 00:16:00.00000033,9.691490548126923
2014-06-23 00:16:00.00000089,36.466608175947464
2014-06-23 00:16:00.0000004,8.054851313438618
2014-06-23 00:16:00.00000062,15.383774221018331
2014-06-23 00:16:00.00000019,8.339564007362414
2014-06-23 00:16:00.00000041,11.250553559985365
2014-06-23 00:16:00.00000024,18.112178126552752
2014-06-23 00:16:00.00000074,21.249757993324515
2014-06-23 00:16:00.00000018,14.515672939971859
2014-06-23 00:16:00.00000043,5.580208145482998
2014-06-23 00:16:00.00000022,7.178992512290997
2014-06-23 00:16:00.00000088,9.883148439198182
2014-06-23 00:16:00.00000057,5.089196931378638
2014-06-23 00:16:00.00000087,8.099229569793598
2014-06-23 00:16:00.00000016,25.927492388449117
2014-06-23 00:16:00.00000078,7.274653870984813
2014-06-23 00:16:00.00000040,10.079701931958702
2014-06-23 00:16:00.00000077,7.887512777953998
2014-06-23 00:16:00.00000015,13.318470997549587
2014-06-23 00:16:00.00000047,8.104508127080157
2014-06-23 00:16:00.0000005,5.089196931378638
2014-06-23 00:16:00.00000034,55.64881053810436
2014-06-23 00:16:00.00000028,9.450641490272062
2014-06-23 00:16:00.00000081,18.78295048432873
2014-06-23 00:16:00.00000067,10.078276616295874
2014-06-23 00:16:00.00000085,6.9939990881589935
2014-06-23 00:16:00.00000082,8.968531651284398
2014-06-23 00:16:00.00000063,23.048802663236092
2014-06-23 00:16:00.00000079,8.086883628475356
2014-06-23 00:16:00.00000061,8.085894648418982
2014-06-23 00:16:00.00000037,18.505237336801226
2014-06-23 00:16:00.00000036,6.354006876217455
2014-06-23 00:16:00.00000049,16.955702137215493
2014-06-23 00:16:00.00000025,44.261654029202326
2014-06-23 00:16:00.0000009,8.238126390399712
2014-06-23 00:16:00.00000069,15.50872990807845
2011-11-24 02:36:48.0000003,12.572609310472442
2011-11-24 02:36:48.0000002,6.45425940272226
2011-11-24 02:36:48.0000001,13.34832222456334
2013-06-05 01:34:56.0000001,12.40680662159279
2013-03-18 12:51:12.0000001,11.98367537210918
2013-03-18 12:51:12.0000003,4.783596511153538
2013-03-18 12:51:12.0000002,17.605594670528593
2014-12-14 09:04:36.0000001,8.356062827841384
2014-12-14 09:04:36.0000003,7.510217619572702
2014-12-14 09:04:36.0000002,7.518109269327707
2012-05-31 13:14:12.0000004,8.10329925827535
2012-05-31 13:14:12.0000001,12.126970783481054
2012-05-31 13:14:12.0000002,8.385110798803206
2012-05-31 13:14:12.0000003,5.3352898239899424
2011-01-16 18:57:12.0000001,6.812112485034833
2011-01-16 18:57:12.0000002,5.3352898239899424
2009-04-25 10:52:56.0000004,9.743197534152367
2009-04-25 10:52:56.0000002,11.27721912945616
2009-04-25 10:52:56.0000005,7.56347807811469
2009-04-20 11:11:40.0000001,5.784234381334303
2012-07-20 06:53:32.0000001,4.825477984846161
2009-10-22 21:57:36.0000005,12.99943764576863
2009-10-22 21:57:36.0000002,16.257461688929148
2009-10-22 21:57:36.0000004,6.45425940272226
2009-10-22 21:57:36.0000003,6.032351495126105
2009-03-16 10:30:12.0000001,12.069505698907589
2009-07-14 12:12:36.0000004,6.880080082689375
2009-07-14 12:12:36.0000001,8.385110798803206
2009-07-14 12:12:36.0000003,10.950558822697438
2009-07-14 12:12:36.0000007,10.941499397651098
2009-07-14 12:12:36.0000002,12.81554371332863
2009-07-14 12:12:36.0000005,9.97285645535135
2009-07-14 12:12:36.0000008,8.634726665315606
2009-07-14 12:12:36.0000006,6.096655886143559
2014-11-12 09:06:32.0000004,6.0980839010978025
2014-11-12 09:06:32.0000001,5.10000365011265
2014-11-12 09:06:32.0000003,6.446103743186601
2014-11-12 09:06:32.0000005,19.704845823899408
2014-11-12 09:06:32.0000002,7.510217619572702
2011-04-10 11:57:12.0000002,9.750129311243287
2011-04-10 11:57:12.0000003,8.02578322310351
2011-04-10 11:57:12.0000004,5.756388162314591
2011-04-10 11:57:12.0000001,7.675088280465551
2011-09-20 11:58:52.0000003,4.827163139563869
2011-09-20 11:58:52.0000001,11.681427755655166
2011-09-20 11:58:52.0000002,13.667896937562448
2010-09-24 17:16:16.0000001,7.128379511728822
2010-02-12 13:51:28.0000004,5.7104416415106485
2010-02-12 13:51:28.0000005,8.915609796849429
2010-02-12 13:51:28.0000001,6.887058029067917
2010-02-12 13:51:28.0000003,6.820524160316904
2010-02-12 13:51:28.0000002,11.019429859664738
2011-01-03 21:51:28.0000002,8.55695618411156
2011-01-03 21:51:28.0000001,4.895389402226307
2011-07-26 13:10:56.0000003,5.3352898239899424
2011-07-26 13:10:56.0000002,7.7821555047934154
2011-07-26 13:10:56.0000001,6.880080082689375
2011-08-18 13:00:16.0000003,9.758766367627583
2011-08-18 13:00:16.0000002,5.655003042164967
2013-06-20 19:49:52.0000004,7.569152690300972
2013-06-20 19:49:52.0000001,7.936038838475221
2013-06-20 19:49:52.0000005,4.783596511153538
2013-06-20 19:49:52.0000002,24.37574247879204
2013-06-20 19:49:52.0000003,10.731982863090522
2013-09-25 22:00:00.00000079,12.133996412626992
2013-09-25 22:00:00.00000025,10.85678156322236
2013-09-25 22:00:00.000000225,8.89439709343548
2013-09-25 22:00:00.000000204,13.527111280822437
2013-09-25 22:00:00.00000053,30.500572044137087
2013-09-25 22:00:00.000000111,14.554169230783188
2013-09-25 22:00:00.00000014,7.545730491703717
2013-09-25 22:00:00.000000172,55.77964816196127
2013-09-25 22:00:00.000000154,5.120784294133675
2013-09-25 22:00:00.000000133,4.729657722906039
2013-09-25 22:00:00.000000160,9.52934332046869
2013-09-25 22:00:00.000000119,5.1780701853908075
2013-09-25 22:00:00.000000223,5.192677866024059
2013-09-25 22:00:00.0000008,8.356062827841384
2013-09-25 22:00:00.000000103,8.970304738498173
2013-09-25 22:00:00.000000178,7.959655685234713
2013-09-25 22:00:00.00000023,5.635526337820607
2013-09-25 22:00:00.00000022,6.561925587239845
2013-09-25 22:00:00.00000076,6.561925587239845
2013-09-25 22:00:00.00000020,8.323972458487008
2013-09-25 22:00:00.000000142,12.789636910235679
2013-09-25 22:00:00.00000059,7.510217619572702
2013-09-25 22:00:00.000000110,6.561925587239845
2013-09-25 22:00:00.000000205,10.719333194233954
2013-09-25 22:00:00.000000182,10.531809786596781
2013-09-25 22:00:00.00000081,8.89439709343548
2013-09-25 22:00:00.000000230,23.121049116150115
2013-09-25 22:00:00.000000164,12.114471621031702
2013-09-25 22:00:00.00000090,9.994580773761847
2013-09-25 22:00:00.000000106,8.988454716199696
2013-09-25 22:00:00.00000078,8.356062827841384
2013-09-25 22:00:00.0000001,55.725552385472575
2013-09-25 22:00:00.000000126,11.419122037944774
2013-09-25 22:00:00.000000156,7.433634281865934
2013-09-25 22:00:00.000000137,12.138495721905688
2013-09-25 22:00:00.00000039,8.89439709343548
2013-09-25 22:00:00.00000017,19.70255242395173
2013-09-25 22:00:00.00000054,11.93191469073943
2013-09-25 22:00:00.000000135,17.900323670083186
2013-09-25 22:00:00.000000112,21.683255230373025
2013-09-25 22:00:00.000000148,8.020933042017893
2013-09-25 22:00:00.000000143,34.437514472183224
2013-09-25 22:00:00.00000043,6.561925587239845
2013-09-25 22:00:00.000000203,7.4265237132311235
2013-09-25 22:00:00.00000040,8.356062827841384
2013-09-25 22:00:00.00000035,9.776878377604259
2013-09-25 22:00:00.000000117,17.17913183081741
2013-09-25 22:00:00.000000244,8.269489950941784
2013-09-25 22:00:00.0000002,18.494211183104152
2013-09-25 22:00:00.000000246,62.44673857733449
2013-09-25 22:00:00.00000091,20.005833447881596
2013-09-25 22:00:00.000000235,8.259030196759278
2013-09-25 22:00:00.000000237,34.03552187743991
2013-09-25 22:00:00.000000185,7.920373811421609
2013-09-25 22:00:00.000000233,8.886308439987545
2013-09-25 22:00:00.00000075,8.356062827841384
2013-09-25 22:00:00.00000026,12.82129870522041
2013-09-25 22:00:00.00000061,10.079046152126232
2013-09-25 22:00:00.000000179,13.3951479806609
2013-09-25 22:00:00.000000120,9.70151648360139
2013-09-25 22:00:00.000000165,20.960245766375728
2013-09-25 22:00:00.000000224,12.323957834643043
2013-09-25 22:00:00.000000192,23.328572061397157
2013-09-25 22:00:00.00000084,13.588249434373836
2013-09-25 22:00:00.000000169,6.497061919293185
2013-09-25 22:00:00.000000175,27.732721421960832
2013-09-25 22:00:00.000000132,7.510217619572702
2013-09-25 22:00:00.00000048,15.540071947576031
2013-09-25 22:00:00.000000229,8.73319580491598
2013-09-25 22:00:00.00000036,20.12459524256437
2013-09-25 22:00:00.000000177,8.356062827841384
2013-09-25 22:00:00.000000217,8.323972458487008
2013-09-25 22:00:00.000000183,12.855025453546629
2013-09-25 22:00:00.000000107,14.251741349799117
2013-09-25 22:00:00.00000058,12.452394405246999
2013-09-25 22:00:00.00000073,7.600132073665071
2013-09-25 22:00:00.000000245,7.767545266112144
2013-09-25 22:00:00.000000157,16.181911923761582
2013-09-25 22:00:00.000000227,26.734712184662683
2013-09-25 22:00:00.00000064,14.880551517476048
2013-09-25 22:00:00.00000024,53.946294799929355
2013-09-25 22:00:00.000000221,8.89439709343548
2013-09-25 22:00:00.000000139,31.95382875565715
2013-09-25 22:00:00.00000028,8.323972458487008
2013-09-25 22:00:00.00000057,7.510217619572702
2013-09-25 22:00:00.000000222,10.518094082048556
2013-09-25 22:00:00.000000215,22.325438285771007
2013-09-25 22:00:00.00000094,16.85363025934726
2013-09-25 22:00:00.000000214,10.531809786596781
2013-09-25 22:00:00.000000101,6.51661981310511
2013-09-25 22:00:00.00000055,8.474077009777142
2013-09-25 22:00:00.00000049,22.16531104428519
2013-09-25 22:00:00.000000216,17.20861315258792
2013-09-25 22:00:00.000000123,8.898250198670622
2013-09-25 22:00:00.000000136,7.258414134779789
2013-09-25 22:00:00.000000211,17.366911649436126
2013-09-25 22:00:00.000000145,5.1780701853908075
2013-09-25 22:00:00.000000250,43.652011807686215
2013-09-25 22:00:00.000000188,11.073409995487614
2013-09-25 22:00:00.000000202,6.561925587239845
2013-09-25 22:00:00.000000242,11.146577350187783
2013-09-25 22:00:00.000000140,8.828819875229842
2013-09-25 22:00:00.000000171,9.139647615655502
2013-09-25 22:00:00.00000099,5.089196931378638
2013-09-25 22:00:00.000000187,8.864911326247404
2013-09-25 22:00:00.000000161,10.505699420751917
2013-09-25 22:00:00.000000189,8.89439709343548
2013-09-25 22:00:00.0000003,10.531809786596781
2013-09-25 22:00:00.000000249,8.356062827841384
2013-09-25 22:00:00.000000195,6.754481006136168
2013-09-25 22:00:00.00000072,12.101664708487117
2013-09-25 22:00:00.00000012,11.015317467751322
2013-09-25 22:00:00.000000149,8.89439709343548
2013-09-25 22:00:00.000000197,11.163562499329002
2013-09-25 22:00:00.00000038,55.78480902904132
2013-09-25 22:00:00.0000009,19.328007772887467
2013-09-25 22:00:00.00000089,15.479619350590326
2013-09-25 22:00:00.000000199,28.446085755980288
2013-09-25 22:00:00.000000219,6.939866232145894
2013-09-25 22:00:00.000000159,12.114471621031702
2013-09-25 22:00:00.000000173,10.44267414587599
2013-09-25 22:00:00.000000209,19.004739649097644
2013-09-25 22:00:00.000000196,9.510831415900666
2013-09-25 22:00:00.00000093,7.060734099538742
2013-09-25 22:00:00.000000155,19.814098142252213
2013-09-25 22:00:00.000000121,8.89439709343548
2013-09-25 22:00:00.000000134,12.404698179269298
2013-09-25 22:00:00.000000228,8.141750220519512
2013-09-25 22:00:00.00000092,12.265747307200666
2013-09-25 22:00:00.00000030,5.10000365011265
2013-09-25 22:00:00.00000062,12.277383957324183
2013-09-25 22:00:00.0000005,10.121868993233909
2013-09-25 22:00:00.00000097,35.45880368186234
2013-09-25 22:00:00.00000019,18.108135392965107
2013-09-25 22:00:00.000000180,7.757525288330008
2013-09-25 22:00:00.000000200,17.108803140230027
2013-09-25 22:00:00.000000186,10.14564670806428
2013-09-25 22:00:00.000000176,7.518109269327707
2013-09-25 22:00:00.00000082,8.119899452115202
2013-09-25 22:00:00.00000098,8.658286061856186
2013-09-25 22:00:00.00000085,10.92268917988493
2013-09-25 22:00:00.0000004,6.458778529140884
2013-09-25 22:00:00.00000032,20.707414745051913
2013-09-25 22:00:00.00000070,8.849711788856219
2013-09-25 22:00:00.00000074,12.200282609172074
2013-09-25 22:00:00.000000118,11.023700714090053
2013-09-25 22:00:00.0000007,8.356062827841384
2013-09-25 22:00:00.00000050,12.015316487869583
2013-09-25 22:00:00.00000044,6.446103743186601
2013-09-25 22:00:00.00000095,6.5250007015711855
2009-01-15 02:42:48.0000001,5.103494120889391
2011-07-06 18:07:44.0000001,9.791872066151207
2011-07-06 18:07:44.0000003,5.508501214248392
2011-07-06 18:07:44.0000005,6.146046272100403
2011-09-08 01:28:24.0000001,33.11066256017342
2014-07-11 12:36:08.0000002,5.120784294133675
2010-11-04 05:01:44.0000001,5.046147910099611
2009-10-04 10:04:12.0000001,7.708059200624609
2009-10-04 10:04:12.0000003,5.077735272854648
2009-10-04 10:04:12.0000002,5.046147910099611
2009-10-04 10:04:12.0000004,4.70106393019901
2013-02-28 12:52:44.0000001,8.356062827841384
2013-02-28 12:52:44.0000003,9.364322008429138
2013-02-28 12:52:44.0000004,8.4630808788239
2013-02-28 12:52:44.0000002,4.729657722906039
2013-08-03 07:11:53.0000001,34.80870844570224
2015-01-26 23:13:33.0000001,11.962019468869343
2012-10-31 11:09:53.0000001,9.101684784250695
2012-10-31 11:09:53.0000002,15.536928853483449
2011-12-23 23:30:09.0000001,12.782050783231359
2015-01-29 11:01:21.0000001,5.493567222643253
2015-01-29 11:01:21.0000002,8.078662351055769
2014-01-31 11:11:05.0000001,19.929630278386124
2014-01-31 11:11:05.0000003,10.833125077719608
2014-01-31 11:11:05.0000004,9.813295149888173
2014-01-31 11:11:05.0000006,7.510217619572702
2014-01-31 11:11:05.0000005,7.733960618763991
2015-02-20 11:08:29.0000006,5.089196931378638
2015-02-20 11:08:29.0000002,14.43775969896
2015-02-20 11:08:29.0000004,10.078303023173355
2015-02-20 11:08:29.0000003,8.292062294355713
2015-02-20 11:08:29.0000005,5.089196931378638
2014-08-31 04:03:29.0000001,8.400216242016553
2014-08-01 18:38:09.0000001,7.65701711245204
2014-08-01 18:38:09.0000002,6.6432504028464905
2009-05-16 14:53:41.0000007,6.096655886143559
2009-05-16 14:53:41.0000006,6.146046272100403
2009-12-17 06:28:05.0000001,7.799826074473377
2009-12-17 06:28:05.0000002,4.87608425324839
2009-12-17 06:28:05.0000003,7.761276637300773
2010-02-23 17:25:09.0000001,5.508501214248392
2010-02-23 17:25:09.0000002,5.056954628833623
2012-07-30 16:54:49.0000003,7.243907719971819
2012-07-30 16:54:49.0000001,11.502002666466819
2012-07-30 16:54:49.0000005,7.221068453401524
2012-07-30 16:54:49.0000004,6.146046272100403
2012-07-30 16:54:49.0000002,11.463535947110262
2013-08-26 11:47:37.0000003,18.828432457931687
2013-08-26 11:47:37.0000002,7.488009310244807
2013-08-26 11:47:37.0000004,35.73292665119599
2013-03-06 23:49:53.0000006,7.510217619572702
2013-03-06 23:49:53.0000005,8.356062827841384
2013-03-06 23:49:53.0000003,8.367412673559368
2013-03-06 23:49:53.0000002,5.1780701853908075
2013-03-06 23:49:53.0000001,16.41268503529938
2013-03-06 23:49:53.0000004,10.518094082048556
2010-10-30 13:31:13.0000005,7.134373421429745
2010-10-30 13:31:13.0000003,5.61041067717974
2010-10-30 13:31:13.0000004,4.70106393019901
2010-10-30 13:31:13.0000002,6.45425940272226
2012-03-25 16:56:01.0000001,5.470568453409428
2012-03-25 16:56:01.0000002,7.423539176653728
2013-10-17 22:21:57.0000002,11.379715989042516
2013-10-17 22:21:57.0000004,12.751768764315381
2013-10-17 22:21:57.0000005,15.08275174257079
2013-10-17 22:21:57.0000001,8.347631113564368
2010-09-15 16:44:25.0000001,13.355170284219119
2010-09-15 16:44:25.0000002,13.36307258358432
2010-09-15 16:44:25.0000003,6.45425940272226
2014-05-09 00:30:41.0000003,11.646600671821911
2014-05-09 00:30:41.0000001,46.68085310804415
2014-05-09 00:30:41.0000002,15.729878092952935
2010-12-11 17:32:33.0000001,5.7432707980540165
2010-06-14 05:10:09.0000001,10.55046040191316
2012-03-05 13:24:37.0000003,8.796238320463386
2012-03-05 13:24:37.0000001,6.455640934471943
2011-03-03 07:09:09.0000002,8.972367670234735
2011-03-03 07:09:09.0000001,8.78104616319399
2010-07-01 22:11:33.0000001,8.936110929955511
2010-07-01 22:11:33.0000002,7.591382490636601
2010-07-01 22:11:33.0000004,5.3352898239899424
2012-01-07 21:39:05.0000002,8.798104667451394
2010-08-22 12:30:21.0000002,5.513974708056497
2010-08-22 12:30:21.0000001,5.4508840210070115
2012-05-26 00:31:25.0000002,20.688358172278175
2011-12-16 09:20:01.0000001,11.124564558240298
2012-01-26 20:09:45.0000003,12.113444432809509
2012-01-26 20:09:45.0000004,9.317930280628435
2012-01-26 20:09:45.0000002,7.125753762579843
2012-01-26 20:09:45.0000001,7.613850119069355
2010-02-03 11:33:29.0000002,5.354682011169855
2010-02-03 11:33:29.0000001,8.385110798803206
2014-10-07 11:52:13.0000005,35.81059037373977
2014-10-07 11:52:13.0000001,5.364652844145274
2014-10-07 11:52:13.0000004,14.523376594468367
2014-10-07 11:52:13.0000002,6.561925587239845
2014-10-07 11:52:13.0000007,7.757525288330008
2014-10-07 11:52:13.0000003,8.297248933434759
2013-05-06 23:46:25.0000001,10.789933960479154
2015-06-13 19:17:09.0000006,9.06420096481019
2015-06-13 19:17:09.0000004,10.701778790055698
2015-06-13 19:17:09.0000002,18.356409852402876
2015-06-13 19:17:09.0000003,14.946535318700601
2015-06-13 19:17:09.0000001,5.089196931378638
2011-06-29 00:15:21.0000001,5.485949651972269
2011-06-29 00:15:21.0000002,5.508501214248392
2011-06-29 00:15:21.0000003,11.455095460957846
2009-11-28 13:50:17.0000003,7.691919200776928
2009-11-28 13:50:17.0000001,5.046147910099611
2010-05-02 12:05:45.0000001,8.377543619535622
2009-10-12 14:18:01.0000001,6.45425940272226
2015-01-13 12:07:53.0000002,6.546755701430978
2015-01-13 12:07:53.0000007,10.479747924091507
2015-01-13 12:07:53.0000001,14.507872761322048
2015-01-13 12:07:53.0000004,4.729657722906039
2015-01-13 12:07:53.0000006,8.367412673559368
2015-03-04 21:42:57.0000002,8.623390582704626
2015-03-04 21:42:57.0000009,5.651808888363854
2015-03-04 21:42:57.0000005,7.560419537722043
2015-03-04 21:42:57.0000003,13.946550496895272
2015-03-04 21:42:57.00000010,8.885476112089858
2015-03-04 21:42:57.0000004,20.585609464785517
2015-03-04 21:42:57.0000008,5.120784294133675
2015-03-04 21:42:57.0000001,11.163562499329002
2015-03-04 21:42:57.0000007,5.133825879381424
2012-01-31 09:15:49.0000005,6.962609919927696
2012-01-31 09:15:49.0000002,8.396723762435402
2012-01-31 09:15:49.0000006,9.791872066151207
2012-01-31 09:15:49.0000003,5.351569498371811
2012-01-31 09:15:49.0000004,10.005095128234345
2011-03-22 12:59:49.0000003,12.95062125160819
2011-03-22 12:59:49.0000005,5.3375713983378565
2011-03-22 12:59:49.0000004,6.962609919927696
2014-10-05 17:21:45.0000001,6.569377169779724
2013-07-05 00:58:17.0000003,8.640147689778109
2013-07-05 00:58:17.0000002,17.63479829935435
2010-09-28 21:50:05.0000001,5.046147910099611
2010-09-28 21:50:05.0000003,19.90019895707698
2010-09-28 21:50:05.0000002,7.053047338142988
2010-09-28 21:50:05.0000004,12.276058248405377
2010-09-28 21:50:05.0000005,5.046147910099611
2012-05-25 09:21:17.0000001,5.046147910099611
2012-05-25 09:21:17.0000002,6.088929057651078
2012-05-25 09:21:17.0000003,5.508501214248392
2010-01-30 00:57:21.0000003,8.261577462153499
2010-01-30 00:57:21.0000004,6.74620275356386
2009-10-16 16:14:41.0000004,6.039677015040369
2009-10-16 16:14:41.0000001,6.036634861763806
2009-10-16 16:14:41.0000003,5.096609529754727
2012-04-02 08:39:21.0000003,6.096655886143559
2012-04-02 08:39:21.0000001,5.507982072781634
2009-09-04 06:54:49.0000001,6.4138011364784475
2012-08-29 09:53:33.0000002,8.385110798803206
2012-08-29 09:53:33.0000001,9.246043660294958
2011-03-13 05:34:57.0000001,11.050879162362842
2010-10-22 00:49:05.0000001,6.39029718331119
2010-09-12 22:12:53.0000001,11.988116042616054
2014-09-13 04:51:21.0000001,28.0213488936092
2014-09-13 04:51:21.0000002,15.123710609147233
2010-08-17 07:59:05.0000003,8.30124963334953
2010-08-17 07:59:05.0000001,4.70106393019901
2010-08-17 07:59:05.0000002,8.268276544257853
2011-03-06 23:14:17.0000001,11.624748627155894
2014-06-19 08:41:17.0000001,5.39163013704176
2014-06-19 08:41:17.0000002,5.620918959164495
2014-06-19 08:41:17.0000006,16.34139623826908
2014-06-19 08:41:17.0000004,10.826343578177303
2014-06-19 08:41:17.0000003,6.561925587239845
2014-06-19 08:41:17.0000005,5.089196931378638
2015-02-26 23:20:13.0000004,5.1780701853908075
2015-02-26 23:20:13.0000002,8.356062827841384
2015-02-26 23:20:13.0000009,20.035863906011613
2015-02-26 23:20:13.0000007,6.446103743186601
2015-02-26 23:20:13.0000005,9.452961727133614
2015-02-26 23:20:13.0000001,20.64887321626603
2015-02-26 23:20:13.0000006,21.594747274100076
2015-02-26 23:20:13.0000003,5.089196931378638
2013-10-09 15:11:41.0000001,7.77307413966526
2013-10-09 15:11:41.0000003,4.9041320379055655
2013-10-09 15:11:41.0000002,21.683255230373025
2011-09-01 09:53:49.0000002,6.381771421228574
2011-09-01 09:53:49.0000003,11.50124843860056
2011-09-01 09:53:49.0000005,5.845642089709104
2011-09-01 09:53:49.0000001,11.264579744419
2011-11-28 14:13:37.0000001,9.89167754365854
2011-11-28 14:13:37.0000003,6.634539559972984
2010-09-28 00:16:53.0000002,16.223503474563703
2010-09-28 00:16:53.0000004,10.47303072172064
2010-09-28 00:16:53.0000001,6.421527964970928
2013-08-30 11:20:21.0000002,16.848028838980607
2013-08-30 11:20:21.0000001,14.058748621463435
2013-09-19 21:24:21.0000002,4.753877119447836
2013-09-19 21:24:21.0000003,6.781475344129351
2012-07-01 22:30:29.0000001,6.040557194451873
2013-01-19 08:04:21.0000001,9.48923660512527
2011-07-02 00:38:01.0000003,6.938023946706154
2011-07-02 00:38:01.0000002,7.666889896909371
2014-02-08 17:24:57.0000001,15.442188768921659
2010-01-13 01:56:57.0000001,5.629684590384803
2014-01-05 12:00:13.0000005,11.022309426491667
2014-01-05 12:00:13.0000003,12.13248469533363
2014-01-05 12:00:13.0000002,7.510217619572702
2014-01-05 12:00:13.0000004,8.036277050781377
2014-01-05 12:00:13.0000006,5.089196931378638
2014-01-05 12:00:13.0000001,28.412259336714456
2011-02-04 09:12:53.0000003,9.97285645535135
2011-02-04 09:12:53.0000001,9.348546744026383
2011-02-04 09:12:53.0000005,5.508501214248392
2011-02-04 09:12:53.0000002,5.570942817425797
2012-03-08 12:33:25.0000005,6.146046272100403
2012-03-08 12:33:25.0000002,14.80405024886761
2012-03-08 12:33:25.0000001,7.141916524378652
2012-03-08 12:33:25.0000004,13.400482850085243
2009-07-31 18:15:57.0000002,5.44570859725415
2009-07-10 20:17:05.0000001,5.046147910099611
2009-07-10 20:17:05.0000002,4.849210352627279
2010-11-05 14:33:37.0000002,14.732577652423814
2010-11-05 14:33:37.0000003,5.304678625431601
2010-11-05 14:33:37.0000001,12.75146312123527
2010-11-05 14:33:37.0000004,27.86527277432053
2010-03-09 08:49:13.0000002,6.962609919927696
2010-03-09 08:49:13.0000001,6.820524160316904
2010-03-09 08:49:13.0000003,5.046147910099611
2010-08-21 21:56:25.0000001,6.161230959312861
2011-07-27 09:24:33.0000004,6.146046272100403
2011-07-27 09:24:33.0000002,4.705868807676497
2011-07-27 09:24:33.0000005,11.523136895463415
2011-07-27 09:24:33.0000001,7.644907890996178
2011-07-27 09:24:33.0000003,6.999826892834415
2010-10-09 17:11:17.0000002,6.634539559972984
2014-01-16 23:24:37.0000001,13.605395666500026
2009-09-25 15:13:57.0000005,30.379045613488955
2009-09-25 15:13:57.0000007,5.096609529754727
2009-09-25 15:13:57.0000006,5.844518196509637
2009-09-25 15:13:57.0000004,8.527602791728896
2009-12-13 20:44:37.0000001,8.37045914038409
2009-12-13 20:44:37.0000004,9.265797294172156
2009-12-13 20:44:37.0000002,8.387816099381967
2009-12-13 20:44:37.0000003,7.418318647362319
2010-05-26 21:31:05.0000004,8.002629215924696
2010-05-26 21:31:05.0000003,12.301047714963074
2010-05-26 21:31:05.0000005,5.046147910099611
2010-05-26 21:31:05.0000001,10.140812869887199
2010-05-26 21:31:05.0000002,6.880080082689375
2010-05-03 08:36:41.0000003,5.875618025852264
2010-05-03 08:36:41.0000005,5.508501214248392
2010-05-03 08:36:41.0000001,7.5010702417871755
2010-05-03 08:36:41.0000002,7.655323145672079
2009-06-22 08:08:29.0000001,15.916445922410421
2009-06-22 08:08:29.0000002,9.238391548122497
2009-01-20 17:38:05.0000003,6.543772801409262
2009-01-20 17:38:05.0000005,4.70106393019901
2009-01-20 17:38:05.0000004,6.96860382962862
2009-01-20 17:38:05.0000001,5.148357970286195
2009-01-20 17:38:05.0000002,32.55856194776659
2013-02-04 16:08:01.0000002,14.523376594468367
2013-02-04 16:08:01.0000001,8.255331608786452
2009-07-22 09:50:25.0000001,5.077735272854648
2009-07-22 09:50:25.0000002,6.455640934471943
2009-07-22 09:50:25.0000003,5.508501214248392
2013-07-17 06:50:17.0000001,16.919752237676118
2011-01-24 20:18:49.0000002,7.06987665481663
2011-01-24 20:18:49.0000004,7.405861155442778
2011-01-24 20:18:49.0000001,5.046147910099611
2012-04-25 17:29:21.0000002,16.170993638302335
2012-04-25 17:29:21.0000004,5.056954628833623
2012-04-25 17:29:21.0000001,9.238391548122497
2012-04-25 17:29:21.0000003,12.653265802635659
2010-01-23 14:32:17.0000001,6.938401713780305
2010-01-23 14:32:17.0000002,6.141155076077166
2012-03-07 01:22:57.0000001,8.360641160317014
2012-03-07 01:22:57.0000002,12.156281553185748
2012-06-02 01:16:05.0000002,5.046147910099611
2012-06-02 01:16:05.0000005,40.305233556723785
2011-02-18 20:57:57.0000003,5.570942817425797
2011-02-18 20:57:57.0000001,12.162633790473533
2011-02-18 20:57:57.0000002,5.046147910099611
2010-11-03 17:52:21.0000001,5.051817039861188
2011-10-20 13:46:33.0000004,10.065157624079074
2011-10-20 13:46:33.0000001,43.04018691593815
2013-11-29 15:09:45.0000002,7.510217619572702
2013-11-29 15:09:45.0000001,12.434497913521326
2015-06-24 07:28:01.0000001,7.8003052348424395
2015-06-24 07:28:01.0000003,74.24126098191144
2015-06-24 07:28:01.0000004,5.110775218233111
2015-06-24 07:28:01.0000002,14.526811239383683
2015-06-24 07:28:01.0000005,5.089196931378638
2010-03-27 11:29:05.0000001,6.088929057651078
2010-03-27 11:29:05.0000003,5.508501214248392
2010-03-27 11:29:05.0000002,4.736054894861267
2014-06-09 11:18:25.0000005,5.120784294133675
2014-06-09 11:18:25.0000003,11.98367537210918
2014-06-09 11:18:25.0000001,7.757525288330008
2014-06-09 11:18:25.0000004,5.089196931378638
2014-06-09 11:18:25.0000002,7.840754528225821
2012-08-08 09:47:53.0000002,5.324616278604314
2012-08-08 09:47:53.0000003,5.046147910099611
2012-08-08 09:47:53.0000001,7.644907890996178
2014-10-28 12:23:09.0000003,17.3623376117699
2014-10-28 12:23:09.0000006,8.356062827841384
2014-10-28 12:23:09.0000004,10.410670246859064
2014-10-28 12:23:09.0000005,8.356062827841384
2014-10-28 12:23:09.0000002,5.10000365011265
2013-04-04 02:55:13.0000001,19.51360466832442
2011-07-11 20:43:33.0000003,13.286343332924107
2011-07-11 20:43:33.0000002,6.455640934471943
2013-02-23 14:25:29.0000001,14.547104901191254
2010-01-30 18:58:33.0000007,7.659034052436486
2010-01-30 18:58:33.0000002,12.498953033684538
2010-01-30 18:58:33.0000003,5.096609529754727
2010-01-30 18:58:33.0000004,14.893314311773587
2010-01-30 18:58:33.0000005,6.146046272100403
2013-10-07 11:12:33.0000003,9.937757260334063
2013-10-07 11:12:33.0000002,7.268527092749809
2013-10-07 11:12:33.0000001,7.743621341136203
2012-10-08 12:29:21.0000001,6.521034701593346
2014-08-22 06:49:41.0000002,8.282064983767054
2014-08-22 06:49:41.0000001,6.145088254159767
2014-04-26 22:02:17.0000001,12.738748987732556
2010-05-13 08:48:41.0000004,30.051432870535915
2010-05-13 08:48:41.0000002,5.541371034968943
2010-05-13 08:48:41.0000001,15.476342346711819
2010-05-13 08:48:41.0000003,9.246043660294958
2014-06-22 14:49:13.0000004,5.089196931378638
2014-06-22 14:49:13.0000003,4.977841023311854
2013-01-22 14:06:33.0000002,5.192677866024059
2013-01-22 14:06:33.0000004,9.883741150740502
2013-01-22 14:06:33.0000001,11.137481259450965
2013-01-22 14:06:33.0000003,53.30803593014708
2010-10-08 11:25:09.0000001,7.099702809370877
2010-10-08 11:25:09.0000002,5.7432707980540165
2015-03-14 02:23:17.0000001,6.479694462603691
2015-03-14 02:23:17.0000005,24.086386255941356
2015-03-14 02:23:17.0000007,17.94872501222232
2015-03-14 02:23:17.0000003,19.849716989824913
2014-09-20 00:55:21.0000001,10.26282493472806
2014-09-25 20:52:09.0000003,16.241424425507958
2014-09-25 20:52:09.0000007,17.594985376965855
2014-09-25 20:52:09.0000008,7.510217619572702
2014-09-25 20:52:09.0000006,8.356062827841384
2014-09-25 20:52:09.0000001,6.561925587239845
2014-09-25 20:52:09.0000004,12.830483698195373
2013-08-20 09:05:33.0000001,9.864446137638252
2012-01-19 00:39:29.0000001,13.54765138454269
2009-12-23 09:09:21.0000002,14.605178931073178
2009-12-23 09:09:21.0000003,10.936075723769145
2009-12-23 09:09:21.0000001,13.313510880849288
2012-12-15 06:35:45.0000002,14.416023810478025
2012-12-15 06:35:45.0000003,54.46617657583079
2012-12-15 06:35:45.0000004,5.716761884393003
2013-09-30 07:03:29.0000001,9.193432314621472
2014-06-10 11:21:37.0000001,7.733960618763991
2014-06-10 11:21:37.0000002,11.98367537210918
2015-05-30 05:00:57.0000001,59.14717949554717
2015-05-30 05:00:57.0000002,16.5249463733433
2014-04-15 08:04:25.0000001,7.268527092749809
2014-04-15 08:04:25.0000002,11.98367537210918
2012-09-04 21:59:45.0000001,7.001044719308787
2012-06-23 19:15:29.0000001,7.623385805481148
2014-09-23 18:20:01.0000002,9.864446137638252
2014-09-23 18:20:01.0000001,8.356062827841384
2011-06-30 21:50:17.0000002,8.671483784773
2011-06-30 21:50:17.0000006,7.466603717424561
2011-06-30 21:50:17.0000005,7.061347925157333
2011-06-30 21:50:17.0000004,9.706842355544737
2011-06-30 21:50:17.0000001,5.096609529754727
2011-06-30 21:50:17.0000003,7.4404759815633374
2013-04-09 08:59:41.0000001,5.120784294133675
2013-02-14 03:56:45.0000001,8.104508127080157
2009-02-23 21:09:17.0000002,8.798104667451394
2009-02-23 21:09:17.0000003,5.077735272854648
2009-02-23 21:09:17.0000001,6.962963256303475
2013-04-05 20:47:57.0000001,14.653606507791672
2013-04-05 20:47:57.0000003,10.66937080946493
2013-04-05 20:47:57.0000002,15.17770041674993
2013-03-11 06:58:05.0000001,9.193432314621472
2012-01-05 05:51:01.0000002,7.8156025513954726
2009-05-11 10:47:33.0000001,15.882276344533865
2014-02-22 02:07:01.0000001,16.542758447551417
2014-02-22 02:07:01.0000004,8.816121011427967
2014-02-22 02:07:01.0000005,7.301162239993492
2014-02-22 02:07:01.0000002,13.093957898051704
2014-02-22 02:07:01.0000003,11.722363388177609
2013-07-25 01:56:37.0000002,15.646849993971019
2013-07-25 01:56:37.0000001,13.388957152131836
2013-10-15 08:16:21.0000001,6.443055383789972
2014-08-26 23:35:49.0000003,11.933380511354446
2014-08-26 23:35:49.0000004,19.27001971822482
2014-08-26 23:35:49.0000001,8.356062827841384
2009-08-28 23:01:41.0000007,8.716016337377253
2009-08-28 23:01:41.0000004,6.819482961901014
2009-08-28 23:01:41.0000003,4.795900497931098
2009-08-28 23:01:41.0000005,47.310691243596104
2009-08-07 07:07:37.0000003,11.080578582851885
2009-08-07 07:07:37.0000002,12.563707075543007
2009-08-07 07:07:37.0000001,8.762085590577854
2013-11-11 13:49:53.0000004,55.78480902904132
2013-11-11 13:49:53.0000003,11.98367537210918
2013-11-11 13:49:53.0000006,19.456067997000893
2013-11-11 13:49:53.0000005,5.9712130659796285
2013-11-11 13:49:53.0000001,7.733960618763991
2013-11-11 13:49:53.0000002,9.89449343169071
2012-08-11 19:58:29.0000002,7.342102934859948
2012-08-11 19:58:29.0000003,5.513974708056497
2012-08-11 19:58:29.0000004,7.77594165374075
2012-08-11 19:58:29.0000001,10.323487604443018
2011-06-29 06:25:41.0000001,29.918649357254857
2014-10-19 15:14:45.0000001,22.16284387815464
2014-12-16 13:40:25.0000001,8.338182914920713
2014-12-16 13:40:25.0000002,8.506033075225112
2010-06-11 13:37:21.0000004,7.48830802373
2010-06-11 13:37:21.0000001,5.654014243667627
2010-06-11 13:37:21.0000002,8.232070871864934
2012-12-09 22:30:13.0000003,13.767792745083698
2012-12-09 22:30:13.0000001,12.359039378976753
2010-06-21 20:21:45.0000001,18.027182862415856
2011-05-11 19:56:09.0000002,11.442697529894014
2013-06-17 06:37:49.0000001,5.089196931378638
2009-07-29 07:52:01.0000004,5.508501214248392
2009-07-29 07:52:01.0000002,15.827559487387964
2009-07-29 07:52:01.0000003,5.504369910512557
2009-07-29 07:52:01.0000001,5.077735272854648
2014-08-08 00:02:41.0000001,9.752782731131965
2014-08-08 00:02:41.0000003,13.353646629369571
2014-08-08 00:02:41.0000005,14.792458149096753
2009-02-19 09:17:21.0000001,10.599951973789286
2013-09-12 12:50:13.0000004,4.813935964459896
2013-09-12 12:50:13.0000002,14.288834062585432
2013-09-12 12:50:13.0000006,38.710330092021465
2013-09-12 12:50:13.0000005,8.356062827841384
2011-06-26 03:33:25.0000001,17.25894532122958
2013-09-28 09:59:33.0000002,10.393245883424301
2013-09-28 09:59:33.0000001,6.69136054801237
2010-04-20 07:32:21.0000001,8.679436427749346
2010-04-20 07:32:21.0000002,5.508501214248392
2011-04-16 06:38:33.0000001,6.8113264419499595
2011-09-18 18:33:13.0000001,7.128379511728822
2011-09-18 18:33:13.0000002,21.590922210428257
2014-03-04 16:24:45.0000003,16.500809937376903
2014-03-04 16:24:45.0000002,7.757525288330008
2013-08-03 15:48:29.0000001,6.446103743186601
2012-06-21 19:47:25.0000003,5.763087426773328
2012-06-21 19:47:25.0000001,7.5694994433560305
2012-06-21 19:47:25.0000002,6.962609919927696
2014-03-10 12:25:21.0000003,6.364754705338836
2014-03-10 12:25:21.0000002,8.347679173748254
2014-03-10 12:25:21.0000001,14.509498729763703
2014-11-10 10:52:41.0000002,21.430124431634784
2014-11-10 10:52:41.0000003,15.619455824762147
2010-10-17 23:04:25.0000001,8.788614153679193
2009-12-22 15:59:53.0000001,5.046147910099611
2009-12-22 15:59:53.0000002,5.046147910099611
2009-12-22 15:59:53.0000004,12.75146312123527
2014-05-08 21:23:41.0000002,4.9041320379055655
2014-05-08 21:23:41.0000003,11.12458971474907
2014-05-08 21:23:41.0000004,8.072814956966923
2014-05-08 21:23:41.0000005,10.84101220623318
2009-10-28 17:56:45.0000002,6.036634861763806
2009-10-28 17:56:45.0000001,5.056954628833623
2014-07-10 07:03:29.0000002,11.701537927955016
2014-07-10 07:03:29.0000001,6.9939990881589935
2012-07-15 03:53:37.0000004,13.339813100016018
2010-03-31 05:33:53.0000001,6.141093065136565
2010-03-31 05:33:53.0000002,6.065784385685982
2010-07-06 20:52:53.0000003,7.248799581321179
2010-07-06 20:52:53.0000001,6.950610490999463
2010-07-06 20:52:53.0000002,6.13382765715867
2013-06-10 11:29:13.0000002,5.089196931378638
2013-06-10 11:29:13.0000006,6.54585900944467
2013-06-10 11:29:13.0000004,6.561925587239845
2013-06-10 11:29:13.0000005,5.089196931378638
2013-06-10 11:29:13.0000003,11.822240158679246
2015-04-25 01:06:17.0000008,8.098093021759718
2015-04-25 01:06:17.0000004,6.253957448248664
2015-04-25 01:06:17.0000001,6.308701102082721
2015-04-25 01:06:17.0000006,9.121555876301057
2015-04-25 01:06:17.0000002,10.043583364712687
2011-05-27 14:47:09.0000001,6.548170352019488
2011-05-27 14:47:09.0000004,9.995410679391624
2011-05-27 14:47:09.0000002,9.951164841584246
2011-05-27 14:47:09.0000003,7.644907890996178
2012-10-28 13:55:57.0000002,8.509874760189788
2011-06-12 01:07:57.0000002,19.11787609909061
2011-06-12 01:07:57.0000001,12.71366456640665
2014-12-11 15:20:49.0000002,47.20431348612406
2014-12-11 15:20:49.0000003,7.609137560539243
2011-06-19 04:08:49.0000001,7.6165009670101504
2015-06-02 09:11:17.0000003,6.561925587239845
2015-06-02 09:11:17.0000006,5.490189801156873
2015-06-02 09:11:17.0000001,10.807335119588567
2015-06-02 09:11:17.0000004,4.820139897113959
2015-06-02 09:11:17.0000005,12.667543265758137
2014-05-09 02:23:21.0000001,11.733786154748989
2011-10-08 12:54:49.0000003,7.804067708379589
2011-10-08 12:54:49.0000001,12.923925246532642
2009-06-02 08:34:33.0000003,8.800289052112284
2009-06-02 08:34:33.0000002,6.146046272100403
2010-12-09 17:21:29.0000001,5.7432707980540165
2013-06-22 01:59:25.0000001,8.104508127080157
2014-12-07 19:56:45.0000002,6.732815612024172
2014-12-07 19:56:45.0000003,10.094013795999622
2013-12-04 17:40:13.0000006,8.347679173748254
2013-12-04 17:40:13.0000004,11.98367537210918
2013-12-04 17:40:13.0000002,10.479747924091507
2013-12-04 17:40:13.0000005,4.729657722906039
2013-12-04 17:40:13.0000001,4.783596511153538
2013-12-04 17:40:13.0000007,11.302371010137739
2013-12-04 17:40:13.0000003,36.40007477368557
2014-07-20 17:05:09.0000001,19.48833886922446
2010-12-15 08:39:33.0000003,5.61041067717974
2010-12-15 08:39:33.0000002,6.45425940272226
2010-12-15 08:39:33.0000004,47.372970010170455
2010-12-15 08:39:33.0000001,5.560439030407257
2011-02-07 08:56:09.0000001,9.238391548122497
2012-05-26 11:54:53.0000003,7.680769875054311
2012-04-24 17:57:05.0000002,5.340344453502546
2012-04-24 17:57:05.0000003,30.95001492566582
2012-04-24 17:57:05.0000001,12.054400596656329
2014-01-11 19:20:17.0000002,8.356062827841384
2015-01-05 21:43:13.0000003,10.112433215328405
2015-01-05 21:43:13.0000002,10.531809786596781
2013-04-23 13:19:17.0000002,10.890470617123297
2013-04-23 13:19:17.0000003,8.292062294355713
2011-07-19 22:20:41.0000003,15.87392316458702
2012-03-18 02:27:41.0000002,33.2739781294985
2012-03-18 02:27:41.0000003,10.768209423421338
2009-01-19 19:48:17.0000003,11.290952361815789
2011-06-21 22:19:45.0000002,5.385411190231637
2011-06-21 22:19:45.0000003,13.396843580994387
2011-06-21 22:19:45.0000001,15.68149066840271
2012-02-10 06:28:17.0000001,9.594301607269644
2013-01-13 00:20:53.0000002,10.744311729257113
2013-01-13 00:20:53.0000003,10.07892180321702
2015-03-28 09:52:37.0000002,4.9041320379055655
2015-03-28 09:52:37.0000001,7.510217619572702
2015-05-02 15:18:33.0000001,9.497436375398367
2015-05-02 15:18:33.0000005,5.089196931378638
2015-05-02 15:18:33.0000002,8.051881654547557
2015-05-02 15:18:33.0000006,7.929883876893845
2015-05-02 15:18:33.0000004,12.095553182121764
2015-05-02 15:18:33.0000007,7.5175838222634175
2015-05-02 15:18:33.0000003,12.121833176277343
2012-01-01 00:37:29.0000005,14.329456965530628
2012-01-01 00:37:29.0000001,7.652163035292408
2012-01-01 00:37:29.0000003,9.601909399408008
2012-01-01 00:37:29.0000002,10.998537549616264
2010-06-24 19:32:25.0000001,9.039284588715674
2010-06-24 19:32:25.0000002,4.711537937438073
2010-04-25 09:00:01.0000001,12.889504634670693
2010-04-25 09:00:01.0000002,12.471042637676234
2009-08-11 21:41:09.0000001,14.817508483644833
2012-06-12 07:19:17.0000002,7.648261692924016
2012-06-12 07:19:17.0000001,5.508501214248392
2011-12-30 11:16:05.0000002,11.108163797731258
2011-12-30 11:16:05.0000001,7.1868328789044025
2011-12-30 11:16:05.0000003,6.955582419158258
2011-12-30 11:16:05.0000004,6.892333289480844
2013-11-28 13:17:13.0000001,8.616266101109632
2010-06-14 20:51:37.0000001,17.73771449323456
2010-06-14 20:51:37.0000002,11.871583381958384
2012-06-10 00:46:17.0000004,14.5639494711794
2012-06-10 00:46:17.0000002,12.791922337363797
2013-02-10 19:51:53.0000001,9.025943629764617
2013-02-10 19:51:53.0000002,15.090891616773833
2010-02-20 04:04:13.0000001,8.831053625560854
2010-02-20 04:04:13.0000002,7.645846891562096
2010-02-20 04:04:13.0000003,6.141093065136565
2014-01-01 16:33:01.0000004,6.421956915855103
2014-01-01 16:33:01.0000001,9.864446137638252
2014-01-01 16:33:01.0000002,12.667543265758137
2014-01-01 16:33:01.0000003,11.478776198250392
2013-06-04 08:06:57.0000002,8.356062827841384
2013-06-04 08:06:57.0000005,6.555963901783368
2013-06-04 08:06:57.0000003,12.65317403779411
2013-06-04 08:06:57.0000004,5.124178204848281
2013-06-04 08:06:57.0000001,4.729657722906039
2012-07-13 08:45:21.0000001,28.498315682608258
2012-07-13 08:45:21.0000003,6.623602206667451
2012-07-13 08:45:21.0000004,5.508501214248392
2012-07-13 08:45:21.0000002,11.431656018084714
2014-06-09 13:01:21.0000002,8.355096683227698
2014-06-09 13:01:21.0000001,7.794672307612256
2010-10-01 13:11:05.0000002,6.45425940272226
2010-10-01 13:11:05.0000004,8.2889829876586
2010-10-01 13:11:05.0000003,29.346241549179375
2010-02-27 22:55:09.0000002,7.613850119069355
2010-02-27 22:55:09.0000003,6.765181772950739
2012-11-23 05:37:53.0000001,12.732438062520746
2009-10-05 15:41:37.0000001,6.39029718331119
2009-12-01 02:33:57.0000001,9.748923373012046
2013-04-30 14:43:33.0000003,19.533806133229163
2013-04-30 14:43:33.0000002,19.54542894805331
2013-04-30 14:43:33.0000001,14.278979399261924
2015-05-17 04:17:33.0000001,10.313137623331887
2015-05-17 04:17:33.0000002,9.87764747193047
2015-05-17 04:17:33.0000003,9.620166267071237
2015-05-17 04:17:33.0000004,9.095263552613133
2014-07-26 23:31:41.0000001,7.569152690300972
2009-11-07 16:37:49.0000001,5.60423215446767
2009-11-07 16:37:49.0000003,6.839975346394146
2009-11-07 16:37:49.0000002,47.372970010170455
2009-11-07 16:37:49.0000005,5.046147910099611
2012-11-07 12:46:29.0000003,7.232988786606625
2012-11-07 12:46:29.0000001,10.940926112006007
2012-11-07 12:46:29.0000002,4.92364999731769
2011-01-07 09:25:57.0000002,5.046147910099611
2011-01-07 09:25:57.0000001,5.508501214248392
2012-07-18 16:28:21.0000002,5.508501214248392
2009-12-17 10:33:45.0000001,9.924783242182162
2009-12-17 10:33:45.0000002,11.430236975587452
2009-12-17 10:33:45.0000003,5.067726196954084
2009-12-17 10:33:45.0000004,5.737092275341947
2013-03-08 19:03:09.0000001,13.104477338548294
2013-03-08 19:03:09.0000004,7.510217619572702
2011-03-11 23:36:13.0000001,7.638040913185296
2011-03-11 23:36:13.0000002,6.635493402564014
2011-03-11 23:36:13.0000004,6.088929057651078
2011-03-11 23:36:13.0000003,5.101012646435704
2009-12-10 22:45:01.0000002,5.5542605076951865
2009-12-10 22:45:01.0000001,12.99943764576863
2009-12-10 22:45:01.0000003,4.87608425324839
2009-12-10 22:45:01.0000005,18.648289738949117
2012-07-13 11:00:05.0000003,30.686585622953565
2012-07-13 11:00:05.0000002,13.69335337988504
2012-07-13 11:00:05.0000006,47.99190353829914
2012-07-13 11:00:05.0000001,9.783528810604869
2012-07-21 17:57:17.0000001,9.26128766794871
2009-04-23 02:42:05.0000002,7.319668412016349
2009-04-23 02:42:05.0000001,10.968456418798795
2012-11-03 23:49:17.0000003,9.427086009436884
2012-11-03 23:49:17.0000002,5.046147910099611
2012-11-03 23:49:17.0000004,6.155119184636813
2012-11-03 23:49:17.0000001,11.857966582705913
2012-02-21 20:07:25.0000002,5.046147910099611
2012-02-21 20:07:25.0000001,5.077735272854648
2012-03-26 05:24:13.0000001,18.558270773444747
2010-02-01 20:28:45.0000001,5.688616490506133
2010-02-01 20:28:45.0000002,7.613850119069355
2010-02-01 20:28:45.0000003,4.995822541837856
2009-09-26 04:36:49.0000001,5.046147910099611
2009-01-29 15:29:09.0000002,30.2070863695017
2009-01-29 15:29:09.0000001,5.046147910099611
2009-12-29 02:06:33.0000002,15.237122169163245
2009-12-29 02:06:33.0000001,9.718735735721218
2010-09-06 00:39:05.0000001,7.054058104975778
2012-09-08 21:13:49.0000004,7.303529429629812
2012-09-08 21:13:49.0000001,9.014628279627223
2012-09-08 21:13:49.0000002,7.001044719308787
2012-09-08 21:13:49.0000003,6.86149023710481
2010-11-04 16:19:25.0000001,9.924783242182162
2009-12-08 07:36:17.0000001,9.761816874562548
2009-12-08 07:36:17.0000002,10.79554213485614
2012-08-30 20:32:49.0000001,10.261071694550926
2013-06-08 16:55:13.0000002,7.244301063913063
2013-06-08 16:55:13.0000001,8.367412673559368
2014-07-01 11:05:21.0000002,5.089196931378638
2014-07-01 11:05:21.0000001,9.295113978850768
2013-08-19 16:21:05.0000002,16.970796209855813
2014-12-26 21:10:45.0000001,8.656499757279612
2012-10-25 16:20:37.0000001,10.97599481356379
2012-10-25 16:20:37.0000002,31.541532064120894
2013-08-14 11:02:17.0000001,5.575101134305235
2013-08-14 11:02:17.0000002,20.94017677805657
2010-10-01 01:22:01.0000001,11.734520107902735
2012-12-07 19:33:49.0000002,57.626054383686515
2012-12-07 19:33:49.0000001,5.61041067717974
2011-07-11 01:40:45.0000001,8.334794774728607
2013-07-18 01:45:01.0000001,6.9939990881589935
2013-07-18 01:45:01.0000002,6.516350816841532
2009-06-25 10:29:21.0000002,5.046147910099611
2009-06-25 10:29:21.0000001,5.046147910099611
2012-07-31 20:04:53.0000005,6.687383188725083
2012-07-31 20:04:53.0000003,5.508501214248392
2012-07-31 20:04:53.0000004,4.749195311457874
2012-07-31 20:04:53.0000001,8.63220529571878
2010-11-15 22:25:13.0000001,7.11069339866761
2015-06-08 05:02:45.0000002,13.305011219002752
2015-06-08 05:02:45.0000001,22.77396092837016
2013-12-08 20:26:29.0000001,5.192677866024059
2013-12-08 20:26:29.0000002,9.776878377604259
2013-12-08 20:26:29.0000003,9.0945514594922
2009-05-10 00:24:57.0000002,13.780134854276842
2009-05-10 00:24:57.0000004,5.2399223096167455
2009-05-10 00:24:57.0000003,8.749727187724481
2009-05-10 00:24:57.0000005,5.508501214248392
2009-05-10 00:24:57.0000001,4.772192232272203
2009-02-28 10:19:41.0000002,5.046147910099611
2009-02-28 10:19:41.0000001,6.938401713780305
2011-08-19 17:42:57.0000001,4.749195311457874
2011-08-19 17:42:57.0000002,9.200440974512297
2014-06-05 22:56:05.0000007,12.172259043563225
2014-06-05 22:56:05.0000002,23.173956950761525
2014-06-05 22:56:05.0000001,55.70350146110621
2014-06-05 22:56:05.0000006,5.417139353925836
2014-06-05 22:56:05.0000005,5.982572309258989
2014-06-05 22:56:05.0000003,24.779205101543422
2014-07-16 18:33:41.0000001,8.57466412557991
2014-07-16 18:33:41.0000002,8.323972458487008
2014-07-16 18:33:41.0000003,15.296803972574189
2009-07-14 22:41:09.0000002,5.508501214248392
2009-07-14 22:41:09.0000004,5.3352898239899424
2009-07-14 22:41:09.0000001,37.29512594672756
2013-11-21 14:19:21.0000002,6.561925587239845
2015-01-02 11:55:57.0000005,7.366277983981697
2015-01-02 11:55:57.0000002,8.403895441036479
2015-01-02 11:55:57.0000004,23.276124717139236
2015-01-02 11:55:57.0000001,7.743621341136203
2011-09-26 22:26:57.0000001,6.45425940272226
2015-04-14 01:41:05.0000001,11.584256222360093
2013-05-14 16:23:49.0000002,14.002574908826462
2013-05-14 16:23:49.0000001,14.039996506601058
2013-11-23 22:19:37.0000002,16.78186847712735
2013-11-23 22:19:37.0000001,9.776878377604259
2014-07-14 16:18:37.0000001,5.496698461705319
2010-07-30 12:04:17.0000001,4.790218052231084
2010-07-30 12:04:17.0000002,6.782675007814003
2011-07-27 21:48:49.0000002,7.603785486393721
2011-07-27 21:48:49.0000001,6.880080082689375
2014-03-18 19:55:17.0000003,6.446103743186601
2014-03-18 19:55:17.0000002,14.902508291849205
2014-03-18 19:55:17.0000004,7.65701711245204
2014-07-28 21:44:21.0000001,12.142495186640554
2009-05-23 07:56:37.0000001,6.887527869193445
2010-06-05 23:05:25.0000004,12.797726628503208
2010-06-05 23:05:25.0000005,5.424327553138183
2010-06-05 23:05:25.0000003,9.317930280628435
2010-06-05 23:05:25.0000001,10.2995497118781
2010-06-05 23:05:25.0000002,9.325022382368507
2012-07-01 19:59:49.0000001,6.782675007814003
2015-06-07 17:23:09.0000004,8.946380361637859
2015-06-07 17:23:09.0000003,7.510217619572702
2015-06-07 17:23:09.0000002,6.754481006136168
2015-06-07 17:23:09.0000001,10.393245883424301
2013-03-10 07:31:45.0000001,8.006018125215594
2011-03-24 17:44:01.0000001,10.816346466072071
2011-03-24 17:44:01.0000003,6.962609919927696
2014-03-28 21:55:17.0000002,18.7526651277602
2014-03-28 21:55:17.0000004,6.561925587239845
2014-03-28 21:55:17.0000005,8.42432409255918
2014-03-28 21:55:17.0000006,8.061447418916277
2013-04-28 20:00:05.0000002,55.82475500446892
2013-04-28 20:00:05.0000001,7.959120480281959
2013-04-28 20:00:05.0000004,12.538632666592243
2013-04-28 20:00:05.0000003,5.120784294133675
2012-04-27 18:37:09.0000003,9.94915214993931
2012-04-27 18:37:09.0000001,11.441468150690016
2012-04-27 18:37:09.0000004,9.23001948036404
2014-04-05 18:11:33.0000001,12.106371554011517
2013-11-07 22:25:25.0000002,17.345678486705797
2010-06-19 03:06:33.0000002,5.508501214248392
2012-06-30 03:53:29.0000003,9.773492186005535
2012-06-30 03:53:29.0000001,15.865476441471978
2011-09-15 02:11:49.0000002,18.010681894420323
2011-09-15 02:11:49.0000001,24.660015244120135
2012-08-08 04:45:25.0000001,48.041650946099566
2011-05-19 16:01:41.0000004,5.3352898239899424
2011-05-19 16:01:41.0000002,5.760671528952291
2011-05-19 16:01:41.0000005,5.3352898239899424
2011-05-19 16:01:41.0000003,21.707728103505115
2009-12-27 04:00:09.0000001,15.941678191718886
2010-01-11 12:38:33.0000006,28.98041642786694
2010-01-11 12:38:33.0000003,6.962609919927696
2010-01-11 12:38:33.0000005,5.2399223096167455
2010-01-11 12:38:33.0000001,6.938401713780305
2010-01-11 12:38:33.0000004,6.489365400853155
2010-10-16 09:26:33.0000004,26.067812783881863
2010-10-16 09:26:33.0000002,7.128379511728822
2014-07-25 18:06:37.0000002,7.617299446707434
2014-07-25 18:06:37.0000004,9.92354315260836
2014-07-25 18:06:37.0000005,14.822625688436508
2014-07-25 18:06:37.0000003,7.4987157897457815
2014-07-25 18:06:37.0000001,10.0888361633749
2013-03-18 15:54:21.0000001,11.98367537210918
2013-03-18 15:54:21.0000002,5.192677866024059
2010-05-13 06:34:57.0000002,7.316874047369902
2010-05-13 06:34:57.0000001,8.731817688074647
2009-05-16 08:13:05.0000001,24.628322597497068
2014-05-13 21:07:29.0000003,7.632277307293248
2014-05-13 21:07:29.0000002,9.656404192060517
2010-04-23 16:10:29.0000001,5.508501214248392
2010-04-23 16:10:29.0000003,6.654542770099575
2010-04-23 16:10:29.0000002,5.508501214248392
2015-05-25 22:13:09.0000002,84.75630186706465
2015-05-25 22:13:09.0000001,16.328244703470453
2013-11-16 18:33:25.0000003,6.555447622087488
2013-11-16 18:33:25.0000004,15.717911660321864
2013-11-16 18:33:25.0000002,13.494088894686504
2013-11-16 18:33:25.0000001,10.393245883424301
2012-04-16 17:48:09.0000001,6.987544688985611
2012-04-16 17:48:09.0000002,7.071711832907189
2012-04-16 17:48:09.0000003,9.283543496119025
2014-12-29 12:55:53.0000002,10.468652681262354
2014-12-29 12:55:53.0000001,23.364198197424095
2014-12-29 12:55:53.0000003,14.302983473605579
2009-08-02 14:01:33.0000002,6.61452143119671
2009-08-02 14:01:33.0000003,29.882159278962362
2009-08-02 14:01:33.0000001,5.096609529754727
2015-01-12 15:36:37.0000003,21.333297249280907
2015-01-12 15:36:37.0000004,41.86723413575879
2015-01-12 15:36:37.0000005,12.628580804250603
2015-01-12 15:36:37.0000009,19.57378566815279
2015-01-12 15:36:37.0000006,8.356062827841384
2015-01-12 15:36:37.0000001,17.577795163357575
2015-01-12 15:36:37.0000007,13.902853007448428
2014-09-04 19:52:09.0000002,7.444721190765153
2014-09-04 19:52:09.0000001,5.120784294133675
2014-09-04 19:52:09.0000003,5.089196931378638
2014-09-04 19:52:09.0000004,19.963119955458797
2009-06-01 17:42:01.0000001,12.554870621602275
2009-06-01 17:42:01.0000002,9.684337639312444
2009-06-01 17:42:01.0000003,5.760671528952291
2010-09-21 01:35:09.0000001,12.682842931629018
2010-09-21 01:35:09.0000002,6.436750703043339
2013-05-26 15:18:37.0000004,23.045456566664015
2013-05-26 15:18:37.0000002,11.55389219309466
2009-09-20 23:07:01.0000002,7.712208509235657
2009-08-12 23:00:37.0000001,18.080982449710028
2012-07-18 09:44:53.0000005,8.327085582988436
2012-07-18 09:44:53.0000001,6.146046272100403
2012-07-18 09:44:53.0000004,4.7765953489531805
2012-07-18 09:44:53.0000002,6.096655886143559
2009-09-25 21:43:49.0000005,8.78195108440304
2009-09-25 21:43:49.0000007,12.916929064873987
2009-09-25 21:43:49.0000003,7.128379511728822
2009-09-25 21:43:49.0000006,5.046147910099611
2009-09-25 21:43:49.0000008,10.551634162649547
2009-09-25 21:43:49.0000001,7.650040875417805
2009-03-22 20:58:33.0000002,10.591605597088298
2009-03-22 20:58:33.0000001,9.440632498825073
2011-12-09 21:19:25.0000002,8.78195108440304
2011-12-09 21:19:25.0000005,10.755040531509874
2011-12-09 21:19:25.0000006,5.61041067717974
2013-07-05 20:44:49.0000002,4.783596511153538
2013-12-20 15:58:29.0000005,14.221643295630004
2013-12-20 15:58:29.0000002,10.44257287879055
2013-12-20 15:58:29.0000003,36.8079615106972
2013-12-20 15:58:29.0000004,14.18859255875668
2014-10-06 14:37:25.0000004,14.002574908826462
2014-10-06 14:37:25.0000003,19.77653791594798
2014-10-06 14:37:25.0000002,9.875541380467405
2014-10-06 14:37:25.0000001,7.754808529289647
2015-01-18 23:09:25.0000003,24.25016399332314
2015-01-18 23:09:25.0000002,10.34962095678537
2014-05-01 14:11:21.0000002,13.941149607502057
2014-05-01 14:11:21.0000004,8.347679173748254
2014-05-01 14:11:21.0000005,8.701389444499132
2014-05-01 14:11:21.0000006,7.33667916608255
2014-05-01 14:11:21.0000001,10.042264425727197
2014-05-01 14:11:21.0000003,20.992775503651284
2012-05-22 14:54:45.0000002,6.653229980289069
2012-05-22 14:54:45.0000001,6.088929057651078
2009-06-17 14:41:57.0000001,10.243011210595222
2009-09-16 10:27:37.0000001,7.913765542281476
2009-09-16 10:27:37.0000002,9.892685127805617
2014-02-06 13:26:49.0000001,9.890225546602414
2015-04-16 02:42:33.0000001,10.71407873277762
2011-06-06 07:28:25.0000002,27.478976409036218
2011-06-06 07:28:25.0000003,5.50344658473579
2011-06-06 07:28:25.0000001,4.76850046043579
2011-06-06 07:28:25.0000005,16.56490392953866
2011-06-06 07:28:25.0000004,5.508501214248392
2013-02-27 19:25:13.0000003,18.315433723461563
2013-02-27 19:25:13.0000007,13.427393501324845
2013-02-27 19:25:13.0000006,12.612703444158397
2013-02-27 19:25:13.0000004,5.1780701853908075
2013-02-27 19:25:13.0000002,6.514523009061017
2013-02-27 19:25:13.0000005,9.053423387737359
2014-10-03 01:06:05.0000001,8.119871543863011
2014-10-03 01:06:05.0000002,6.399324846206343
2010-06-26 00:14:53.0000001,7.6303426054895995
2009-09-15 08:28:53.0000001,7.682557603602833
2009-09-15 08:28:53.0000002,10.936075723769145
2009-09-15 08:28:53.0000004,6.892333289480844
2009-09-15 08:28:53.0000005,5.7648156166224025
2011-08-09 05:27:05.0000001,10.021953584612497
2010-10-20 08:49:45.0000001,6.629394597181182
2010-10-20 08:49:45.0000002,5.710406170499999
2012-02-08 11:14:49.0000002,5.473497263719553
2012-02-08 11:14:49.0000001,7.644907890996178
2012-02-08 11:14:49.0000004,8.01171369054529
2013-08-07 02:16:45.0000001,32.16264678644764
2012-10-26 00:32:13.0000001,15.09322828691834
2012-07-18 22:34:53.0000001,6.146046272100403
2011-05-17 22:09:17.0000001,13.6073517176527
2009-04-04 00:20:37.0000001,16.39757758742094
2009-04-04 00:20:37.0000003,7.953058325807734
2009-04-04 00:20:37.0000002,14.290910701387931
2009-09-04 18:43:33.0000003,7.128379511728822
2009-09-04 18:43:33.0000004,9.924783242182162
2010-09-19 17:13:29.0000001,11.994112137706596
2010-09-19 17:13:29.0000007,12.624823083114741
2010-09-19 17:13:29.0000005,8.535602202257968
2010-09-19 17:13:29.0000004,5.744987950565024
2010-09-19 17:13:29.0000003,13.4696998800979
2010-09-19 17:13:29.0000002,8.347266157170418
2013-03-19 18:08:29.0000003,10.468652681262354
2013-03-19 18:08:29.0000004,14.120889532433605
2011-11-22 00:15:25.0000002,6.45425940272226
2011-11-22 00:15:25.0000001,10.20869073700061
2011-04-23 11:01:49.0000005,4.749195311457874
2011-04-23 11:01:49.0000004,6.088929057651078
2011-04-23 11:01:49.0000003,4.749195311457874
2012-10-19 06:56:29.0000001,6.513307873100866
2012-10-19 06:56:29.0000002,5.046147910099611
2009-12-16 14:45:21.0000002,5.948415960493182
2009-12-16 14:45:21.0000003,6.45425940272226
2009-12-16 14:45:21.0000001,9.100897410483025
2012-08-13 21:49:53.0000002,6.210635494607957
2012-08-13 21:49:53.0000003,4.70106393019901
2012-08-13 21:49:53.0000001,5.046147910099611
2010-11-08 10:01:37.0000001,5.7432707980540165
2010-11-08 10:01:37.0000002,7.134373421429745
2010-11-08 10:01:37.0000006,5.7432707980540165
2010-11-08 10:01:37.0000007,11.666673378600674
2010-11-08 10:01:37.0000005,30.44582776991855
2010-11-08 10:01:37.0000004,5.077735272854648
2010-12-05 16:35:49.0000001,6.782748534249077
2010-12-05 16:35:49.0000002,9.581767897643918
2014-10-15 12:10:49.0000001,10.479747924091507
2009-04-01 19:28:09.0000004,13.548078968464948
2009-04-01 19:28:09.0000002,9.058964746190878
2009-04-01 19:28:09.0000003,6.146046272100403
2009-04-01 19:28:09.0000007,19.500747116538648
2009-04-01 19:28:09.0000005,6.880080082689375
2009-04-01 19:28:09.0000006,8.290746524923023
2011-11-26 02:04:29.0000002,12.12850238869225
2011-11-26 02:04:29.0000001,12.754426265089046
2009-01-11 07:56:01.0000003,6.7377910782817905
2009-01-11 07:56:01.0000002,4.705868807676497
2012-05-30 09:19:13.0000001,6.146046272100403
2014-06-10 01:06:25.0000001,18.600901987457142
2014-06-10 01:06:25.0000003,20.032164395453933
2014-06-10 01:06:25.0000002,47.00066110876446
2014-10-28 22:42:33.0000002,21.144782371238485
2014-10-28 22:42:33.0000001,19.918555593453007
2009-03-20 12:14:53.0000004,8.396723762435402
2009-03-20 12:14:53.0000007,5.101012646435704
2009-03-20 12:14:53.0000002,8.396723762435402
2009-03-20 12:14:53.0000005,11.587946465507326
2009-03-20 12:14:53.0000001,5.08308072357175
2009-03-20 12:14:53.0000006,6.908891003154016
2009-03-20 12:14:53.0000003,18.005128883995184
2010-06-20 12:42:37.0000003,7.586134753763684
2010-06-20 12:42:37.0000001,14.652023026392563
2014-08-05 16:09:05.0000001,6.70744905266423
2014-11-06 01:40:49.0000003,4.813935964459896
2014-11-06 01:40:49.0000002,14.970792332300995
2014-11-06 01:40:49.0000001,8.289581568532496
2014-07-19 21:05:37.0000005,5.089196931378638
2014-07-19 21:05:37.0000001,10.523426540258056
2014-07-19 21:05:37.0000004,11.98342381207722
2014-07-19 21:05:37.0000003,8.398857046794268
2015-02-19 11:39:21.0000005,6.561925587239845
2015-02-19 11:39:21.0000002,9.883741150740502
2015-02-19 11:39:21.0000003,7.4987157897457815
2012-10-02 14:17:13.0000003,6.583807194585018
2012-10-02 14:17:13.0000002,9.063524628498875
2012-04-17 09:47:57.0000001,6.924094138122253
2012-04-17 09:47:57.0000003,13.400482850085243
2012-04-17 09:47:57.0000002,27.307959254854058
2011-04-16 00:01:17.0000002,15.312288133952745
2011-04-16 00:01:17.0000001,4.824145183689518
2010-06-18 08:54:37.0000003,9.94915214993931
2010-06-18 08:54:37.0000002,16.330098722310893
2010-06-18 08:54:37.0000001,10.915490121139655
2012-10-20 00:36:37.0000005,7.24594348328958
2012-10-20 00:36:37.0000003,35.05326040402227
2012-10-20 00:36:37.0000004,5.61041067717974
2014-06-19 22:37:09.0000001,8.23636792335114
2014-06-19 22:37:09.0000003,10.793836159261113
2014-06-19 22:37:09.0000005,16.78186847712735
2011-05-11 13:24:37.0000004,7.675088280465551
2011-05-11 13:24:37.0000001,8.371519000586183
2011-05-11 13:24:37.0000003,5.096609529754727
2014-04-09 08:42:05.0000002,10.890470617123297
2014-04-09 08:42:05.0000001,6.446103743186601
2014-10-13 00:42:05.0000001,16.258787854703176
2013-12-08 10:41:05.0000003,6.52615824386569
2013-12-08 10:41:05.0000008,16.50101170888193
2013-12-08 10:41:05.0000006,11.673497783980011
2013-12-08 10:41:05.0000004,7.433634281865934
2013-12-08 10:41:05.0000001,12.883304890051756
2013-12-08 10:41:05.0000005,9.979335275277002
2013-02-14 02:02:13.0000001,6.299842097356873
2009-07-04 13:00:57.0000001,11.159456550478346
2009-07-04 13:00:57.0000003,9.204992048760916
2013-03-20 03:01:29.0000001,5.089196931378638
2010-08-25 12:03:21.0000002,10.924715706165111
2010-08-25 12:03:21.0000001,5.508920078543894
2013-09-08 03:47:57.0000001,16.582229841470124
2013-09-08 03:47:57.0000003,8.787736604023799
2012-12-19 16:29:33.0000002,9.658213489528872
2012-12-19 16:29:33.0000001,5.046147910099611
2009-05-15 21:19:13.0000001,10.684490604956427
2009-05-15 21:19:13.0000002,6.8920438032013225
2012-06-06 17:33:05.0000001,9.77659703351395
2012-06-06 17:33:05.0000002,5.50344658473579
2012-06-06 17:33:05.0000003,11.453723814504963
2012-06-06 17:33:05.0000004,6.962609919927696
2011-09-20 00:07:17.0000001,10.191351778558275
2010-01-29 08:32:53.0000007,5.340344453502546
2010-01-29 08:32:53.0000004,9.791872066151207
2010-01-29 08:32:53.0000001,5.046147910099611
2010-01-29 08:32:53.0000003,9.77659703351395
2010-01-29 08:32:53.0000005,6.146046272100403
2010-01-29 08:32:53.0000006,5.508501214248392
2015-05-15 01:51:49.0000002,11.974098892451732
2015-05-15 01:51:49.0000001,13.050083674896143
2015-05-15 01:51:49.0000005,8.114087311527307
2015-05-15 01:51:49.0000004,4.9041320379055655
2011-07-26 05:14:29.0000001,47.329839383205154
2011-09-09 03:00:05.0000002,17.984493943896542
2011-09-09 03:00:05.0000001,5.046147910099611
2012-11-12 10:06:17.0000004,5.7432707980540165
2012-11-12 10:06:17.0000005,9.681490786729746
2012-11-12 10:06:17.0000002,5.952452979548648
2012-11-12 10:06:17.0000001,9.684829899682647
2012-01-05 22:37:13.0000001,10.54376255290017
2012-01-05 22:37:13.0000002,13.02894501827472
2012-12-07 02:02:01.0000002,15.518064568205268
2012-12-07 02:02:01.0000001,12.40776514438732
2011-08-18 08:36:13.0000001,5.051817039861188
2011-08-18 08:36:13.0000004,6.828286032831776
2011-08-18 08:36:13.0000003,10.816346466072071
2011-08-18 08:36:13.0000006,6.962609919927696
2011-08-18 08:36:13.0000002,13.326470295764585
2014-05-16 15:30:05.0000002,7.733960618763991
2014-05-16 15:30:05.0000001,8.398530000255311
2014-03-15 07:19:25.0000001,14.668387531192645
2009-12-21 17:23:09.0000001,6.32140218160284
2013-12-01 22:23:57.0000002,7.912623207251974
2013-12-01 22:23:57.0000001,17.977024314534216
2014-01-03 15:48:49.0000003,9.882025776329318
2014-01-03 15:48:49.0000002,7.510217619572702
2013-01-19 20:19:45.0000003,17.147877607263545
2013-01-19 20:19:45.0000001,8.367412673559368
2013-01-19 20:19:45.0000004,6.446103743186601
2012-08-31 03:00:21.0000001,6.202908666115477
2012-07-21 16:32:41.0000001,6.146046272100403
2012-07-21 16:32:41.0000002,5.046147910099611
2012-12-20 23:43:09.0000002,16.17621881151409
2012-12-20 23:43:09.0000006,7.901646626635772
2012-12-20 23:43:09.0000005,10.063277269446244
2012-12-20 23:43:09.0000003,6.992467999511944
2009-06-13 18:40:13.0000002,12.577874263916263
2009-06-13 18:40:13.0000003,11.27721912945616
2014-11-16 09:12:45.0000001,15.73040600501619
2013-03-25 15:17:33.0000001,4.729657722906039
2009-09-28 05:36:49.0000001,7.668837098888946
2013-07-08 17:31:29.0000001,6.511068416812152
2013-07-08 17:31:29.0000002,20.425870561599137
2010-11-27 12:54:09.0000005,6.08630993310188
2010-11-27 12:54:09.0000004,6.45425940272226
2010-11-27 12:54:09.0000001,5.051817039861188
2010-11-27 12:54:09.0000003,4.705868807676497
2010-11-27 12:54:09.0000002,15.250148385192348
2011-02-15 02:43:33.0000002,12.770045756759478
2011-02-15 02:43:33.0000001,15.21717167904034
2012-10-25 06:12:37.0000001,8.308873539561787
2014-05-01 06:39:54.0000001,6.238185032164213
2015-03-17 21:44:26.0000001,12.789636910235679
2015-03-17 21:44:26.0000006,8.913456163086302
2015-03-17 21:44:26.0000005,19.396402856695655
2015-03-17 21:44:26.0000003,12.327171515812891
2015-03-17 21:44:26.0000004,12.133996412626992
2011-05-02 13:26:54.0000003,5.508501214248392
2011-05-02 13:26:54.0000001,5.046147910099611
2011-05-02 13:26:54.0000002,11.431656018084714
2009-01-06 07:36:34.0000003,8.231771586380166
2009-01-06 07:36:34.0000002,6.141093065136565
2009-01-06 07:36:34.0000004,11.321289270731791
2010-06-23 10:29:22.0000005,4.70106393019901
2010-06-23 10:29:22.0000001,14.249681174912896
2010-06-23 10:29:22.0000004,5.046147910099611
2010-06-23 10:29:22.0000003,11.441468150690016
2010-06-23 10:29:22.0000002,10.22306141540481
2013-01-22 08:20:26.0000001,4.753877119447836
2013-01-22 08:20:26.0000002,6.443055383789972
2009-11-25 11:14:26.0000001,5.046147910099611
2009-11-25 11:14:26.0000002,7.775730035568049
2012-12-04 06:52:02.0000001,12.607104090976357
2012-12-04 06:52:02.0000002,11.831868033121856
2012-12-04 06:52:02.0000003,8.539673687961123
2014-05-27 10:31:46.0000001,8.347679173748254
2014-05-27 10:31:46.0000003,19.588619865737712
2014-05-27 10:31:46.0000002,17.90765420748717
2009-09-20 22:15:46.0000001,8.749371639963945
2011-06-30 08:40:22.0000001,5.046147910099611
2011-06-30 08:40:22.0000002,8.295478400371087
2010-05-10 09:14:30.0000003,6.938401713780305
2010-05-10 09:14:30.0000001,5.508501214248392
2010-05-10 09:14:30.0000002,6.771999218698532
2010-05-10 09:14:30.0000004,5.077735272854648
2010-11-25 16:10:30.0000001,14.652023026392563
2014-11-18 16:06:14.0000001,8.356062827841384
2013-01-20 20:41:26.0000003,14.019178250404432
2013-01-20 20:41:26.0000001,17.977024314534216
2015-06-07 00:38:14.0000003,8.086883628475356
2009-01-03 00:51:02.0000004,10.670242975647733
2009-01-03 00:51:02.0000003,5.118009748390494
2010-09-28 11:54:02.0000004,5.106201757612793
2010-09-28 11:54:02.0000005,8.527602791728896
2010-09-28 11:54:02.0000003,5.077735272854648
2010-09-28 11:54:02.0000001,6.772641250528296
2010-09-28 11:54:02.0000002,21.606827685916713
2013-11-07 17:01:14.0000001,36.9127184226609
2013-11-07 17:01:14.0000006,5.089196931378638
2013-11-07 17:01:14.0000002,7.767006364509757
2013-11-07 17:01:14.0000003,4.9041320379055655
2013-11-07 17:01:14.0000005,6.446103743186601
2013-11-07 17:01:14.0000004,9.921756672499134
2009-11-29 08:05:46.0000001,7.134373421429745
2012-10-21 17:43:26.0000003,6.363164385656208
2012-10-21 17:43:26.0000002,9.942694519545634
2012-10-21 17:43:26.0000006,5.046147910099611
2012-10-21 17:43:26.0000001,7.116082562904769
2012-10-21 17:43:26.0000004,12.464667565034532
2012-10-21 17:43:26.0000005,9.088336079466119
2013-07-31 06:52:46.0000001,5.946546556858939
2013-02-04 12:10:10.0000002,6.754481006136168
2013-02-04 12:10:10.0000001,7.242021119012954
2013-10-18 09:06:14.0000001,6.561925587239845
2009-04-26 17:29:42.0000004,6.1126761492084105
2009-04-26 17:29:42.0000002,7.56347807811469
2009-04-26 17:29:42.0000005,10.806885173359447
2009-04-26 17:29:42.0000003,7.506035910901868
2009-04-26 17:29:42.0000006,7.669098685112121
2015-04-12 21:56:22.0000004,16.534268156268197
2015-04-12 21:56:22.0000002,10.531809786596781
2015-04-12 21:56:22.0000001,55.79912972496845
2015-02-25 22:00:38.0000003,27.23051563977656
2015-02-25 22:00:38.0000006,10.677583529181597
2015-02-25 22:00:38.0000001,17.49925885412574
2015-02-25 22:00:38.0000004,11.379715989042516
2015-02-25 22:00:38.0000005,23.279860240680264
2013-12-30 00:48:42.0000003,5.182998710161561
2013-12-30 00:48:42.0000002,21.687589263658072
2013-12-30 00:48:42.0000001,11.272007062611001
2012-11-20 21:15:22.0000004,9.237058275066623
2012-11-20 21:15:22.0000001,6.451447359566837
2012-11-20 21:15:22.0000003,14.657889653707642
2012-11-20 21:15:22.0000006,9.029775010122938
2012-11-20 21:15:22.0000005,10.91668959331032
2012-11-20 21:15:22.0000002,18.75092568041078
2012-11-20 21:15:22.0000007,8.936655095140653
2010-03-21 16:52:58.0000002,30.445006769759242
2010-03-21 16:52:58.0000001,10.699417190660522
2010-03-21 16:52:58.0000004,14.307398314612858
2010-10-06 23:31:54.0000002,6.45425940272226
2013-07-09 21:59:42.0000002,41.08672131843416
2012-06-23 09:43:42.0000006,16.01791055366205
2012-06-23 09:43:42.0000001,4.760488214487538
2012-06-23 09:43:42.0000003,9.758472566789624
2012-06-23 09:43:42.0000005,5.340344453502546
2009-01-21 20:04:30.0000004,8.167730928379713
2009-01-21 20:04:30.0000008,7.593748920854246
2009-01-21 20:04:30.0000009,6.609729900634064
2009-01-21 20:04:30.0000003,7.613850119069355
2009-01-21 20:04:30.0000001,6.146046272100403
2009-01-21 20:04:30.0000005,6.820524160316904
2009-01-21 20:04:30.0000002,6.938401713780305
2009-01-21 20:04:30.0000007,5.346575166676108
2013-12-18 14:26:58.0000003,25.984599770295674
2013-12-18 14:26:58.0000001,9.921756672499134
2014-04-26 18:02:26.0000002,11.55389219309466
2014-04-26 18:02:26.0000001,10.393245883424301
2010-11-21 00:32:50.0000003,5.7432707980540165
2010-11-21 00:32:50.0000002,11.489254422956856
2010-11-21 00:32:50.0000001,6.0424861427325345
2013-02-07 21:29:22.0000003,10.07639647400777
2013-02-07 21:29:22.0000002,8.972251197493698
2013-02-07 21:29:22.0000004,12.114471621031702
2013-02-07 21:29:22.0000001,12.114471621031702
2010-11-15 18:15:14.0000002,8.08596152472199
2010-11-15 18:15:14.0000001,8.424746256159082
2010-11-15 18:15:14.0000003,5.106201757612793
2010-11-15 18:15:14.0000004,7.775730035568049
2013-10-26 10:46:46.0000005,8.356062827841384
2013-10-26 10:46:46.0000002,13.238204223478766
2013-10-26 10:46:46.0000004,11.5773504869529
2013-10-26 10:46:46.0000001,5.1780701853908075
2013-07-18 10:24:58.0000001,6.541973338263469
2010-05-14 04:15:54.0000001,7.6165009670101504
2013-09-14 18:51:46.0000002,11.975393189386345
2009-05-27 23:09:54.0000001,10.379180910242182
2013-05-23 23:54:42.0000002,9.701727465681401
2013-05-23 23:54:42.0000006,8.07119876146827
2013-05-23 23:54:42.0000001,14.811531612092175
2013-05-23 23:54:42.0000005,16.733559720893332
2013-05-23 23:54:42.0000003,10.084099847427051
2015-05-23 01:00:22.0000001,5.53873782461032
2009-11-23 19:06:14.0000004,9.548506490414328
2009-11-23 19:06:14.0000003,7.128379511728822
2009-11-23 19:06:14.0000002,5.737092275341947
2009-11-23 19:06:14.0000006,45.999858614826145
2011-06-22 00:06:34.0000001,6.857684352528944
2014-07-02 02:27:22.0000001,4.945187494783837
2012-11-18 14:55:42.0000002,6.984683758740706
2012-11-18 14:55:42.0000003,8.888463260376085
2012-11-18 14:55:42.0000004,6.967047515071559
2009-01-12 17:54:26.0000001,5.395284316231345
2012-10-10 06:59:02.0000002,8.376680433034517
2012-10-10 06:59:02.0000003,7.2049998167293765
2012-10-10 06:59:02.0000001,5.7432707980540165
2010-01-24 14:09:58.0000001,6.146046272100403
2010-09-01 08:23:54.0000001,13.523268093938093
2011-12-10 23:39:06.0000002,22.41478317903708
2011-05-22 03:09:50.0000002,21.729769982603496
2011-05-22 03:09:50.0000005,5.508501214248392
2011-05-22 03:09:50.0000001,7.506093490251482
2011-05-22 03:09:50.0000004,22.131849829302578
2011-05-22 03:09:50.0000003,18.636995270354447
2013-06-29 14:26:06.0000004,19.034841760076553
2013-06-29 14:26:06.0000003,7.926615221237102
2013-06-29 14:26:06.0000002,6.520692969749398
2013-06-29 14:26:06.0000001,14.133517666538502
2011-01-25 10:31:26.0000001,12.069505698907589
2011-01-25 10:31:26.0000002,7.644907890996178
2013-02-11 01:03:30.0000001,27.086107904228356
2009-12-17 15:54:46.0000005,9.924783242182162
2009-12-17 15:54:46.0000003,5.067726196954084
2009-12-17 15:54:46.0000001,7.775730035568049
2009-12-17 15:54:46.0000004,5.60423215446767
2012-03-17 05:33:02.0000001,8.788501354058324
2009-10-24 19:48:30.0000001,5.732037645829344
2009-10-24 19:48:30.0000002,7.775730035568049
2009-10-24 19:48:30.0000003,12.642708694931942
2013-03-23 00:10:26.0000004,35.22003097021818
2013-03-23 00:10:26.0000002,6.238185032164213
2013-03-23 00:10:26.0000001,48.35978535467929
2013-03-23 00:10:26.0000003,18.46504841161578
2010-06-16 18:41:54.0000001,6.962609919927696
2010-06-16 18:41:54.0000002,7.669098685112121
2011-01-15 04:13:38.0000002,5.046147910099611
2014-07-27 11:25:18.0000001,5.10000365011265
2014-07-27 11:25:18.0000002,6.460428195280863
2011-11-02 08:21:50.0000002,6.622522623717703
2015-05-16 04:37:50.0000001,11.475712808415086
2015-05-16 04:37:50.0000002,11.6174604160724
2009-03-15 03:31:14.0000002,9.982437093061385
2009-03-15 03:31:14.0000001,6.576843421770553
2014-09-08 19:07:46.0000002,13.964803871970407
2009-08-28 11:58:58.0000001,4.70106393019901
2010-04-24 23:31:50.0000001,6.401120872540947
2010-04-24 23:31:50.0000003,10.583704347872965
2013-06-13 14:50:50.0000002,14.034296875972206
2013-06-13 14:50:50.0000001,8.245095147803902
2010-07-07 06:22:38.0000002,18.387062698323174
2010-07-07 06:22:38.0000001,8.80657119155843
2009-03-24 00:11:26.0000001,8.40228866624713
2009-03-24 00:11:26.0000002,9.945804037171825
2013-10-23 14:27:10.0000001,5.742609026893785
2011-03-03 21:31:42.0000007,12.0381720602567
2011-03-03 21:31:42.0000001,6.96860382962862
2011-03-03 21:31:42.0000008,10.28389368099864
2011-03-03 21:31:42.0000006,7.613850119069355
2011-03-03 21:31:42.0000005,6.419068710155208
2011-09-05 10:47:26.0000002,13.210179491200261
2011-09-05 10:47:26.0000003,13.582872179738867
2011-09-05 10:47:26.0000004,11.089015408794456
2012-08-04 23:34:58.0000001,11.481950832906467
2012-08-04 23:34:58.0000004,5.101012646435704
2012-08-04 23:34:58.0000002,7.997050735902504
2015-01-29 13:15:50.0000003,10.901858272133804
2015-01-29 13:15:50.0000004,6.446103743186601
2015-01-29 13:15:50.0000007,10.310307618852178
2015-01-29 13:15:50.0000006,10.479747924091507
2015-01-29 13:15:50.0000008,4.729657722906039
2015-01-29 13:15:50.0000005,5.192677866024059
2015-01-29 13:15:50.0000002,6.583518985772827
2015-01-29 13:15:50.0000009,6.561925587239845
2012-09-16 12:48:06.0000004,6.542481033159398
2012-09-16 12:48:06.0000001,11.581082361538286
2012-09-16 12:48:06.0000003,13.901103849400577
2015-04-10 11:56:54.0000008,6.54532905649303
2015-04-10 11:56:54.0000001,13.833184010834957
2015-04-10 11:56:54.0000002,23.86049691457718
2015-04-10 11:56:54.0000007,55.82475500446892
2015-04-10 11:56:54.0000003,6.561925587239845
2015-05-05 12:32:14.0000007,9.883741150740502
2015-05-05 12:32:14.0000006,9.883741150740502
2015-05-05 12:32:14.0000003,10.3107273487068
2015-05-05 12:32:14.0000004,5.089196931378638
2015-05-05 12:32:14.0000002,9.902243794133705
2015-05-05 12:32:14.0000005,10.474854132853869
2015-05-05 12:32:14.0000001,14.489949253062711
2013-10-15 23:31:26.0000001,7.983608407788102
2014-08-24 01:17:38.0000001,5.5264009547599775
2013-04-04 07:01:06.0000003,11.410945740545639
2013-04-04 07:01:06.0000001,5.089196931378638
2013-04-04 07:01:06.0000002,8.732970489258618
2013-06-21 18:06:14.0000001,8.245095147803902
2013-06-21 18:06:14.0000005,10.4117892385211
2013-06-21 18:06:14.0000004,6.225526921049681
2013-06-21 18:06:14.0000003,12.942002398510429
2013-06-21 18:06:14.0000006,7.518109269327707
2009-08-03 21:09:42.0000001,7.607867370469288
2009-08-03 21:09:42.0000003,6.218315996560335
2009-08-03 21:09:42.0000002,8.234566074134664
2009-08-03 21:09:42.0000004,6.2264866053190575
2013-10-13 19:52:54.0000003,5.580712646153038
2013-10-13 19:52:54.0000001,5.089196931378638
2014-11-14 11:09:46.0000001,6.561747487304764
2014-11-14 11:09:46.0000002,30.43185850640652
2015-06-25 01:01:46.0000003,5.168391029528309
2015-06-25 01:01:46.0000001,8.168790892718588
2009-05-19 15:44:30.0000003,9.200440974512297
2014-01-26 08:48:30.0000001,19.085137018603135
2014-01-26 08:48:30.0000002,5.089196931378638
2012-01-19 02:06:02.0000001,5.046147910099611
2014-12-25 21:32:58.0000001,10.05698536851322
2012-08-09 07:49:02.0000001,9.6320591504378
2012-08-09 07:49:02.0000003,16.135092045839908
2012-08-09 07:49:02.0000002,6.814214815740934
2014-08-10 05:03:50.0000001,29.768521350025868
2010-01-11 15:18:14.0000002,5.760671528952291
2010-01-11 15:18:14.0000003,5.44570859725415
2010-01-11 15:18:14.0000004,9.283543496119025
2010-01-11 15:18:14.0000001,8.276919803673243
2009-11-10 15:56:38.0000006,6.2725363921285915
2009-11-10 15:56:38.0000002,7.04754197348251
2009-11-10 15:56:38.0000004,9.89167754365854
2009-11-10 15:56:38.0000003,47.372970010170455
2009-11-10 15:56:38.0000005,4.772192232272203
2009-11-10 15:56:38.0000001,9.916439986635824
2012-10-18 09:17:42.0000002,6.583807194585018
2012-10-18 09:17:42.0000001,8.887270047124755
2010-12-06 13:19:58.0000003,6.036634861763806
2010-12-06 13:19:58.0000002,8.459875051200353
2010-12-06 13:19:58.0000001,6.945006903607273
2011-07-30 15:27:58.0000003,7.644907890996178
2011-07-30 15:27:58.0000002,6.938401713780305
2011-07-20 04:21:54.0000001,6.857684352528944
2011-07-20 04:21:54.0000002,7.640325150103606
2009-03-10 19:51:34.0000003,6.618601416729907
2009-03-10 19:51:34.0000004,11.670751398392563
2009-03-10 19:51:34.0000005,5.87976093249923
2009-03-10 19:51:34.0000002,12.049812390687471
2009-03-10 19:51:34.0000001,6.096655886143559
2011-11-15 22:33:42.0000001,8.780497531443379
2011-11-15 22:33:42.0000002,14.338968032601029
2010-09-24 22:40:06.0000005,8.237761800226822
2010-09-24 22:40:06.0000003,26.716990586994257
2010-09-24 22:40:06.0000006,5.83006700886189
2010-09-24 22:40:06.0000002,7.128379511728822
2010-09-24 22:40:06.0000001,6.017578438233686
2010-02-06 17:37:10.0000007,5.046147910099611
2010-02-06 17:37:10.0000004,5.629684590384803
2010-02-06 17:37:10.0000006,7.634843258320545
2010-02-06 17:37:10.0000003,5.470568453409428
2012-05-11 02:43:18.0000002,8.360641160317014
2012-05-11 02:43:18.0000001,5.046147910099611
2011-09-25 21:18:06.0000001,8.33592499912869
2011-09-25 21:18:06.0000002,10.755040531509874
2013-12-18 03:16:02.0000001,15.873884128181373
2012-01-26 01:32:42.0000001,9.558207461768614
2012-01-26 01:32:42.0000002,5.096609529754727
2011-10-02 03:06:34.0000001,7.054058104975778
2012-03-31 12:52:46.0000002,7.669098685112121
2012-03-31 12:52:46.0000001,18.147530479087276
2014-06-15 00:51:42.0000001,16.191920204775748
2009-04-21 17:27:58.0000001,8.193250484647688
2009-04-21 17:27:58.0000002,6.096655886143559
2012-08-13 15:02:26.0000002,5.513974708056497
2012-08-13 15:02:26.0000003,6.850407250900325
2014-10-27 11:56:50.0000001,7.7141964020388345
2014-10-27 11:56:50.0000002,17.476396755378047
2014-10-27 11:56:50.0000003,10.479747924091507
2009-09-29 18:03:18.0000001,13.082873241850637
2011-10-30 16:52:26.0000001,6.036634861763806
2011-10-30 16:52:26.0000002,6.4356325658673335
2014-11-24 23:39:26.0000002,16.060175595603926
2014-11-24 23:39:26.0000001,29.474549194518595
2011-08-16 14:41:50.0000001,8.112376624219678
2011-08-16 14:41:50.0000003,5.459250863744318
2011-08-16 14:41:50.0000002,7.620622457090266
2013-01-14 18:42:54.0000002,21.683255230373025
2013-01-14 18:42:54.0000006,6.561925587239845
2013-01-14 18:42:54.0000001,5.5435766892953895
2013-01-14 18:42:54.0000007,4.763887220233124
2013-01-14 18:42:54.0000008,10.479747924091507
2009-04-18 23:09:34.0000002,11.490297387242965
2009-11-11 21:20:18.0000001,5.68693556557502
2009-11-11 21:20:18.0000003,19.76435558723332
2012-07-24 01:12:50.0000004,15.735791196433782
2012-07-24 01:12:50.0000003,6.881892558676335
2012-07-24 01:12:50.0000001,14.479395340471433
2012-07-24 01:12:50.0000002,6.7327597479162735
2012-07-24 01:12:50.0000005,11.48435534048213
2009-04-18 02:44:34.0000003,8.369900330134989
2009-04-18 02:44:34.0000002,14.88576089662179
2014-07-18 06:32:22.0000001,8.104508127080157
2014-01-10 12:28:38.0000001,10.783170434575446
2011-08-08 15:27:22.0000001,4.711537937438073
2014-07-30 14:42:34.0000001,8.417740420779097
2014-07-30 14:42:34.0000003,28.467480680326815
2014-07-30 14:42:34.0000002,16.361588978977647
2014-08-26 16:39:54.0000002,11.98367537210918
2014-10-11 00:26:38.0000002,14.843293674127127
2014-10-11 00:26:38.0000003,12.97268759290722
2014-10-11 00:26:38.0000001,11.494056828305071
2014-10-11 00:26:38.0000005,11.656690428582811
2014-10-11 00:26:38.0000007,5.168391029528309
2014-10-11 00:26:38.0000006,19.707476491060433
2009-08-15 14:25:02.0000001,11.157457763842242
2009-09-22 06:43:46.0000001,6.45425940272226
2014-05-14 00:00:34.0000001,8.873132786168796
2014-05-14 00:00:34.0000002,10.296079085901056
2014-10-14 01:57:26.0000001,5.089196931378638
2009-05-31 20:56:38.0000002,37.42747061578876
2009-05-31 20:56:38.0000003,8.670030231813339
2009-05-31 20:56:38.0000001,5.770643614650746
2009-07-11 12:59:58.0000001,7.644907890996178
2010-06-02 15:33:06.0000001,5.340344453502546
2010-06-02 15:33:06.0000002,5.470568453409428
2010-06-02 15:33:06.0000003,5.046147910099611
2010-01-30 02:13:06.0000002,5.077735272854648
2010-01-30 02:13:06.0000001,5.046147910099611
2010-01-30 02:13:06.0000003,8.957436140174948
2014-01-05 17:47:02.0000003,9.88335452317114
2014-01-05 17:47:02.0000002,12.121833176277343
2009-03-21 09:59:50.0000003,47.310691243596104
2009-03-21 09:59:50.0000002,12.63809623893139
2009-03-21 09:59:50.0000001,6.403483519522099
2009-08-26 23:55:38.0000002,9.317930280628435
2009-06-09 15:10:50.0000002,47.310691243596104
2009-06-09 15:10:50.0000001,4.749195311457874
2011-09-18 06:14:54.0000001,8.412447411117482
2009-03-27 16:05:22.0000004,30.31014624412486
2009-03-27 16:05:22.0000005,5.712693839652327
2009-03-27 16:05:22.0000001,9.783528810604869
2009-03-27 16:05:22.0000006,6.962609919927696
2009-03-27 16:05:22.0000003,9.77659703351395
2009-03-27 16:05:22.0000002,6.938401713780305
2015-05-29 10:02:42.0000005,8.356062827841384
2015-05-29 10:02:42.0000003,7.510217619572702
2015-05-29 10:02:42.0000004,7.510217619572702
2012-09-07 23:20:34.0000004,16.671235036457748
2012-09-07 23:20:34.0000003,13.634856155182469
2012-09-07 23:20:34.0000001,5.850696719221707
2014-03-07 10:36:50.0000002,8.356062827841384
2014-03-07 10:36:50.0000001,10.69283395302545
2013-03-17 23:47:50.0000002,19.876694302877
2013-03-17 23:47:50.0000001,7.767545266112144
2015-06-30 20:03:50.0000005,10.05698536851322
2015-06-30 20:03:50.0000001,99.69004424503257
2015-06-30 20:03:50.0000003,10.145703887515456
2015-06-30 20:03:50.0000004,7.444721190765153
2015-05-11 02:21:26.0000002,5.089196931378638
2015-05-11 02:21:26.0000001,13.1457951741453
2015-01-10 14:32:14.0000001,8.356062827841384
2014-12-05 14:14:14.0000001,10.468652681262354
2014-12-05 14:14:14.0000002,12.107691375460732
2012-04-23 12:23:18.0000001,6.548170352019488
2012-04-23 12:23:18.0000003,5.473497263719553
2012-04-23 12:23:18.0000002,30.931682380510644
2012-09-01 13:33:14.0000003,6.463824781720896
2012-09-01 13:33:14.0000002,10.787276114989679
2012-09-01 13:33:14.0000001,11.817297790812963
2011-04-17 14:55:58.0000001,4.70106393019901
2010-05-31 20:43:42.0000002,9.170988775042153
2013-11-22 23:44:34.0000002,11.150700080593936
2013-11-22 23:44:34.0000001,7.747750775454916
2013-05-17 05:30:10.0000002,13.166577180828028
2013-05-17 05:30:10.0000001,7.906329830699192
2009-07-28 11:13:10.0000001,12.431306282222506
2014-05-18 14:43:26.0000001,9.586949782478964
2014-05-18 14:43:26.0000002,7.510217619572702
2014-05-18 14:43:26.0000003,7.510217619572702
2011-10-08 18:18:26.0000005,10.926614431056521
2011-10-08 18:18:26.0000001,5.046147910099611
2011-10-08 18:18:26.0000004,12.775758052931353
2013-09-27 04:39:14.0000001,9.125051171549801
2011-02-08 01:44:18.0000001,10.913805483791068
2015-01-12 06:21:38.0000001,8.104508127080157
2015-01-12 06:21:38.0000002,16.004812667141042
2010-03-23 13:23:34.0000004,5.465513823896824
2010-03-23 13:23:34.0000002,14.691453239362254
2010-03-23 13:23:34.0000001,4.949554881390216
2009-04-02 06:19:02.0000001,10.398508155906905
2012-01-12 18:05:10.0000003,9.455339939078998
2012-01-12 18:05:10.0000001,26.124594760035915
2014-11-21 02:04:42.0000002,11.716786498843996
2014-11-21 02:04:42.0000003,12.641863721973088
2014-11-21 02:04:42.0000001,26.991212142473294
2010-10-09 03:54:42.0000001,6.352517666872762
2012-04-03 12:26:14.0000002,5.046147910099611
2012-04-03 12:26:14.0000001,30.802345889108373
2012-04-03 12:26:14.0000003,9.791872066151207
2010-12-21 08:46:02.0000005,11.535471402086793
2010-12-21 08:46:02.0000004,7.804067708379589
2010-12-21 08:46:02.0000003,10.113306907077593
2010-06-19 22:52:30.0000002,5.570942817425797
2010-06-19 22:52:30.0000001,10.388421888399195
2013-01-03 01:43:10.0000001,23.1488106932783
2013-11-24 03:44:46.0000004,10.097647905085761
2013-11-24 03:44:46.0000002,18.30384305757156
2013-11-24 03:44:46.0000005,14.252280580917413
2011-04-16 12:57:18.0000001,6.962609919927696
2012-10-11 22:24:18.0000001,9.328699801532759
2010-12-13 23:24:02.0000002,10.638508788166568
2010-12-13 23:24:02.0000001,10.539948498968611
2011-09-14 23:42:46.0000001,10.54916783352891
2011-05-17 23:42:46.0000001,5.148357970286195
2011-05-17 23:42:46.0000004,47.329839383205154
2011-05-17 23:42:46.0000002,10.651165810500165
2011-05-17 23:42:46.0000005,5.506649906653273
2011-05-17 23:42:46.0000007,8.192164506076189
2013-06-30 03:37:26.0000002,6.238185032164213
2013-06-30 03:37:26.0000005,21.26525136413602
2013-06-30 03:37:26.0000001,5.089196931378638
2013-06-30 03:37:26.0000004,17.34058732931543
2011-05-26 21:36:54.0000001,5.508501214248392
2009-11-09 06:00:22.0000001,5.056954628833623
2014-01-09 17:27:18.0000002,40.198234657490865
2014-01-09 17:27:18.0000001,5.192677866024059
2014-01-09 17:27:18.0000005,9.864446137638252
2014-01-09 17:27:18.0000006,6.364754705338836
2014-01-09 17:27:18.0000007,7.433634281865934
2012-07-01 00:24:58.0000003,7.425737179276785
2012-07-01 00:24:58.0000001,7.887211238820321
2012-07-01 00:24:58.0000002,11.981513008191262
2010-06-02 14:55:22.0000003,7.43642270636978
2010-06-02 14:55:22.0000002,5.046147910099611
2010-06-02 14:55:22.0000004,5.508501214248392
2010-06-02 14:55:22.0000006,7.679112778428762
2010-06-02 14:55:22.0000001,12.256311256845079
2010-06-02 14:55:22.0000005,8.06222802305714
2013-03-07 08:50:34.0000001,20.441241710307136
2013-03-07 08:50:34.0000005,7.510217619572702
2013-03-07 08:50:34.0000002,14.292306465067673
2013-03-07 08:50:34.0000006,12.978927212980524
2013-03-07 08:50:34.0000003,14.580764722554456
2013-03-07 08:50:34.0000004,14.063519854838061
2013-10-28 00:33:30.0000001,8.834886645142722
2013-11-23 16:33:30.0000003,11.956767021323854
2013-11-23 16:33:30.0000001,8.305466069120007
2014-11-06 07:56:46.0000002,6.9939990881589935
2014-11-06 07:56:46.0000001,8.124066575420219
2013-04-05 12:38:22.0000001,18.707107807854563
2014-11-06 02:02:10.0000001,6.238185032164213
2012-10-09 07:47:46.0000002,8.35054151658959
2012-10-09 07:47:46.0000001,9.786283323454867
2012-10-09 07:47:46.0000003,8.931976542398258
2012-10-09 07:47:46.0000004,8.586638715385366
2012-10-09 07:47:46.0000005,5.067726196954084
2013-11-21 22:21:58.0000001,17.225232451586653
2014-12-20 01:57:26.0000001,8.523348682847876
2014-12-20 01:57:26.0000004,6.238185032164213
2014-12-20 01:57:26.0000003,9.75978433345253
2014-12-20 01:57:26.0000002,6.86167429118847
2010-01-09 13:24:22.0000003,6.146046272100403
2011-11-02 02:18:18.0000001,20.83749561285983
2009-03-11 21:46:54.0000003,8.516651760804628
2009-03-11 21:46:54.0000005,16.218879311975304
2009-03-11 21:46:54.0000001,8.580195027930944
2009-03-11 21:46:54.0000004,27.592136070236638
2014-12-07 03:45:18.0000001,8.104508127080157
2014-12-07 03:45:18.0000002,15.389160003928714
2014-12-07 03:45:18.0000004,16.925240380573822
2014-12-07 03:45:18.0000003,8.157241984452499
2014-11-29 19:23:58.0000001,10.910411285099784
2010-03-04 09:49:38.0000002,17.661558879917877
2010-03-04 09:49:38.0000001,9.283543496119025
2010-03-04 09:49:38.0000003,4.70106393019901
2009-10-10 06:52:06.0000001,6.024973738416647
2009-10-10 06:52:06.0000002,9.655776261237316
2012-08-22 20:54:46.0000003,7.638040913185296
2012-08-22 20:54:46.0000001,8.61794985509933
2012-08-22 20:54:46.0000002,6.903282426862549
2015-05-01 07:49:14.0000001,5.089196931378638
2009-02-21 20:49:34.0000001,10.208391805918275
2012-08-10 14:04:14.0000005,8.093253320044116
2012-08-10 14:04:14.0000006,19.576373622150605
2012-08-10 14:04:14.0000004,5.513974708056497
2012-08-10 14:04:14.0000003,5.346505042300676
2012-08-10 14:04:14.0000007,5.046147910099611
2012-08-10 14:04:14.0000002,10.20061485130617
2013-05-10 21:08:18.0000002,20.533569797302498
2013-05-10 21:08:18.0000003,7.8187024266267295
2013-05-10 21:08:18.0000005,6.462597624222021
2013-05-10 21:08:18.0000004,13.938220264812228
2013-05-10 21:08:18.0000001,5.5589478521017375
2009-09-25 12:59:18.0000001,6.999179493101519
2014-08-02 21:05:42.0000002,14.37783403314047
2014-08-02 21:05:42.0000001,6.408019291427996
2013-10-29 20:16:10.0000002,6.509561713118876
2013-10-29 20:16:10.0000001,17.13686098183721
2009-11-11 22:49:46.0000003,10.292185310849604
2009-11-11 22:49:46.0000002,7.77631565298674
2009-11-11 22:49:46.0000001,5.737092275341947
2009-10-17 03:52:42.0000002,7.8209668399283085
2009-10-17 03:52:42.0000007,5.681948671340427
2009-10-17 03:52:42.0000006,7.566147704639906
2009-10-17 03:52:42.0000003,14.979677432775782
2009-10-17 03:52:42.0000001,6.728381901122967
2009-10-17 03:52:42.0000004,6.39029718331119
2014-02-27 09:36:26.0000007,11.307099040274554
2014-02-27 09:36:26.0000008,7.842957805964334
2014-02-27 09:36:26.0000002,5.089196931378638
2014-02-27 09:36:26.0000005,5.089196931378638
2014-02-27 09:36:26.0000003,6.446103743186601
2014-02-27 09:36:26.0000006,11.29230602068257
2014-02-27 09:36:26.0000004,14.523376594468367
2014-02-27 09:36:26.0000009,5.089196931378638
2012-12-26 17:12:30.0000003,9.053887494480714
2012-12-26 17:12:30.0000005,18.429373109576776
2012-12-26 17:12:30.0000001,7.274852727271866
2012-12-26 17:12:30.0000004,9.10612580189947
2014-03-11 20:24:02.0000003,8.888184566586986
2014-03-11 20:24:02.0000002,8.356062827841384
2014-03-11 20:24:02.0000004,8.094340683625022
2011-01-29 09:28:38.0000002,6.455640934471943
2011-01-29 09:28:38.0000001,7.669098685112121
2011-01-29 09:28:38.0000003,7.644907890996178
2011-01-29 09:28:38.0000005,6.873997805388564
2011-01-29 09:28:38.0000004,6.933933217569752
2015-05-07 15:33:26.0000003,5.089196931378638
2015-05-07 15:33:26.0000007,5.5435766892953895
2015-05-07 15:33:26.0000001,9.864446137638252
2015-05-07 15:33:26.0000002,12.667543265758137
2015-05-07 15:33:26.0000006,6.521187925485201
2010-10-25 13:31:22.0000003,5.61041067717974
2010-10-25 13:31:22.0000002,15.217708402690407
2010-10-25 13:31:22.0000001,5.096609529754727
2010-10-25 13:31:22.0000004,9.43970792637344
2012-09-10 21:07:54.0000005,18.701358380313863
2012-09-10 21:07:54.0000004,12.446487521198767
2012-09-10 21:07:54.0000003,5.722891227860035
2012-09-10 21:07:54.0000007,9.419095024716713
2012-09-10 21:07:54.0000002,10.319246661521131
2012-09-10 21:07:54.0000006,8.935229433184277
2012-09-10 21:07:54.0000001,7.303529429629812
2012-04-15 21:54:22.0000001,8.72472309276734
2012-04-20 00:06:10.0000007,6.799362721438012
2012-04-20 00:06:10.0000001,6.913985547989544
2012-04-20 00:06:10.0000002,7.789531174975062
2012-04-20 00:06:10.0000006,7.3588202027765774
2012-04-20 00:06:10.0000005,5.101012646435704
2012-04-20 00:06:10.0000008,14.458293708037232
2012-06-12 23:10:42.0000001,12.244161314355322
2012-06-12 23:10:42.0000003,12.244161314355322
2012-06-12 23:10:42.0000002,40.696492671809054
2009-04-30 22:25:26.0000004,13.009122887000645
2009-04-30 22:25:26.0000003,12.27782508048861
2009-04-30 22:25:26.0000002,7.613850119069355
2009-04-30 22:25:26.0000001,6.933933217569752
2011-02-20 06:18:34.0000001,29.54004479521663
2011-02-20 06:18:34.0000002,7.2967728491547925
2013-04-21 19:50:54.0000003,41.141900298920135
2011-06-11 21:33:18.0000001,10.67067082346671
2013-02-06 18:21:18.0000006,8.356062827841384
2013-02-06 18:21:18.0000002,8.356062827841384
2013-02-06 18:21:18.0000003,12.843493595592172
2013-02-06 18:21:18.0000004,7.794672307612256
2014-05-01 21:05:34.0000002,6.561925587239845
2014-05-01 21:05:34.0000003,17.163280524493043
2013-07-21 11:41:26.0000001,18.597134422724135
2013-07-21 11:41:26.0000002,5.120784294133675
2011-04-22 19:23:54.0000001,11.187530774228703
2011-04-22 19:23:54.0000003,6.924094138122253
2011-04-22 19:23:54.0000002,47.329839383205154
2012-09-04 05:46:50.0000001,5.856241460391468
2012-09-04 05:46:50.0000002,25.752161418009564
2009-03-24 11:57:34.0000005,11.967270260397859
2009-03-24 11:57:34.0000004,5.688616490506133
2009-03-24 11:57:34.0000003,4.705868807676497
2009-03-24 11:57:34.0000002,4.70106393019901
2009-03-24 11:57:34.0000001,5.2399223096167455
2011-07-05 22:05:34.0000001,8.243459416772128
2011-09-17 15:41:06.0000001,7.1868328789044025
2011-09-17 15:41:06.0000003,5.046147910099611
2011-12-25 04:37:10.0000001,7.036013392730752
2015-03-05 13:21:58.0000002,9.883741150740502
2015-03-05 13:21:58.0000003,7.488009310244807
2014-09-01 09:16:10.0000001,8.347679173748254
2015-06-21 17:16:10.0000007,8.259030196759278
2015-06-21 17:16:10.0000002,13.442419241843002
2015-06-21 17:16:10.0000006,14.624256180022941
2015-06-21 17:16:10.0000003,12.095553182121764
2015-06-21 17:16:10.0000004,10.393245883424301
2010-06-02 22:04:10.0000003,8.624088673482968
2010-06-02 22:04:10.0000004,15.501586822228749
2010-06-02 22:04:10.0000005,8.138959563394614
2010-06-02 22:04:10.0000006,6.040844050306261
2014-03-01 09:37:02.0000001,6.113033311711603
2014-03-01 09:37:02.0000002,6.575228405596014
2014-03-01 09:37:02.0000003,59.67077812792836
2011-07-18 12:12:18.0000001,6.088929057651078
2011-07-18 12:12:18.0000003,6.096655886143559
2011-07-18 12:12:18.0000002,8.112059650794263
2015-02-27 19:36:02.0000009,12.304355403967982
2015-02-27 19:36:02.00000010,5.089196931378638
2015-02-27 19:36:02.00000012,15.161035232124673
2015-02-27 19:36:02.0000004,5.110775218233111
2015-02-27 19:36:02.00000011,8.356062827841384
2015-02-27 19:36:02.0000003,8.356062827841384
2015-02-27 19:36:02.0000001,31.254422131210944
2015-02-27 19:36:02.0000002,7.4265237132311235
2015-02-27 19:36:02.0000007,19.182490180908207
2012-04-16 21:10:10.0000001,9.309939295908263
2015-06-14 08:26:26.0000001,6.446103743186601
2014-01-15 22:45:42.0000003,7.433634281865934
2014-01-15 22:45:42.0000001,55.84904905173089
2014-01-15 22:45:42.0000002,14.036644237311434
2013-04-06 19:16:10.0000001,4.729657722906039
2013-04-06 19:16:10.0000003,9.0863331410941
2013-04-06 19:16:10.0000004,9.510921166528133
2013-04-06 19:16:10.0000005,13.841682076985672
2014-03-08 16:08:26.0000002,12.885836191159958
2014-03-08 16:08:26.0000004,5.089196931378638
2013-12-06 23:40:42.0000001,10.037012461925142
2013-12-06 23:40:42.0000006,44.29915170737491
2013-12-06 23:40:42.0000002,35.52847441753613
2013-12-06 23:40:42.0000003,14.554169230783188
2013-08-19 17:09:50.0000001,5.046201747133505
2013-08-19 17:09:50.0000002,10.479747924091507
2013-08-19 17:09:50.0000004,6.446103743186601
2013-08-19 17:09:50.0000003,12.528428138889774
2009-11-02 21:38:38.0000001,11.32471574813981
2009-06-03 09:11:30.0000004,8.385110798803206
2009-06-03 09:11:30.0000003,14.547832456371827
2009-06-03 09:11:30.0000002,7.644907890996178
2009-06-03 09:11:30.0000005,5.473497263719553
2015-03-12 13:01:54.0000002,8.356062827841384
2015-03-12 13:01:54.0000005,13.01896685808761
2015-03-12 13:01:54.0000004,9.424457140137672
2015-03-12 13:01:54.0000001,5.929374650244096
2013-02-05 06:13:58.0000003,14.415496418114342
2013-02-05 06:13:58.0000002,55.80527344146173
2013-02-05 06:13:58.0000001,18.63268009631587
2014-05-19 06:39:34.0000001,6.9939990881589935
2014-10-04 21:48:22.0000003,8.347679173748254
2014-10-04 21:48:22.0000002,8.986300293399394
2014-10-04 21:48:22.0000004,30.82284583563843
2012-01-22 04:13:34.0000005,12.594715260101044
2012-01-22 04:13:34.0000006,6.881892558676335
2012-01-22 04:13:34.0000004,8.30107639549981
2012-01-22 04:13:34.0000002,13.94404452569605
2010-07-27 06:13:02.0000001,19.7647671494639
2013-06-21 11:19:18.0000002,5.5435766892953895
2013-06-21 11:19:18.0000001,10.468652681262354
2010-12-23 05:52:26.0000001,29.669627053745092
2010-12-23 05:52:26.0000002,47.372970010170455
2010-12-17 10:33:34.0000004,9.03507555555045
2010-12-17 10:33:34.0000002,5.046147910099611
2012-06-04 11:34:58.0000003,9.238391548122497
2012-06-04 11:34:58.0000004,5.513036702294237
2012-06-04 11:34:58.0000001,15.890044731003632
2009-07-05 16:31:30.0000001,5.340344453502546
2009-07-05 16:31:30.0000002,7.634843258320545
2009-07-05 16:31:30.0000003,23.3984278462444
2012-12-08 20:08:38.0000004,4.970828271280087
2012-12-08 20:08:38.0000003,8.969930279898625
2012-12-08 20:08:38.0000005,10.38709661585171
2010-06-23 08:34:50.0000003,9.791872066151207
2010-06-23 08:34:50.0000002,5.3352898239899424
2010-06-23 08:34:50.0000001,7.30801611808414
2012-03-07 10:57:46.0000001,7.4530234711499705
2012-03-07 10:57:46.0000004,14.070413482092285
2012-03-07 10:57:46.0000005,6.089131238477892
2012-03-07 10:57:46.0000002,6.880080082689375
2012-03-07 10:57:46.0000003,7.278471114795107
2010-02-24 07:06:54.0000001,6.857684352528944
2013-12-29 01:20:50.0000003,17.72011312488065
2013-12-29 01:20:50.0000001,8.086883628475356
2014-03-28 22:34:26.0000001,29.12112463563762
2014-03-28 22:34:26.0000004,4.9041320379055655
2014-03-28 22:34:26.0000003,9.409753460531698
2010-12-04 21:08:38.0000002,10.347177526057065
2010-12-04 21:08:38.0000001,18.29353242613049
2010-12-04 21:08:38.0000006,7.756129716480622
2010-12-04 21:08:38.0000003,7.535206436080651
2010-03-07 17:09:42.0000002,31.48327782436506
2010-03-07 17:09:42.0000003,6.5674996325890405
2010-03-07 17:09:42.0000001,12.419840455176802
2010-03-07 17:09:42.0000004,13.363186563458557
2013-09-07 19:43:18.0000004,14.291658596322073
2013-09-07 19:43:18.0000005,18.37355500277122
2013-09-07 19:43:18.0000006,11.059219371349617
2013-09-07 19:43:18.0000008,8.558974034061855
2013-09-07 19:43:18.0000001,7.755813470023389
2013-12-20 15:31:06.0000001,8.403895441036479
2013-12-20 15:31:06.0000002,8.403895441036479
2010-09-06 04:31:54.0000001,25.903169829506204
2013-11-01 05:26:54.0000001,55.80527344146173
2010-03-07 00:47:26.0000004,17.255804263432584
2012-03-20 01:55:42.0000001,18.589968043855162
2011-10-02 05:06:46.0000001,15.827559487387964
2010-10-31 18:45:58.0000003,5.7432707980540165
2010-10-31 18:45:58.0000002,16.245600773675154
2010-10-31 18:45:58.0000001,7.775730035568049
2010-10-31 18:45:58.0000005,5.096609529754727
2015-02-03 09:00:58.0000002,9.94283816571061
2012-08-08 08:58:50.0000001,7.0260111221077794
2012-08-08 08:58:50.0000004,5.046147910099611
2012-08-08 08:58:50.0000005,6.962609919927696
2012-08-08 08:58:50.0000003,7.260872818014746
2011-04-08 15:01:02.0000001,8.396723762435402
2011-04-08 15:01:02.0000003,6.146046272100403
2009-01-14 03:42:38.0000001,9.627695863823604
2015-01-10 09:38:54.0000007,12.106371554011517
2015-01-10 09:38:54.0000003,7.510217619572702
2015-01-10 09:38:54.0000004,14.170045164241825
2010-12-04 09:25:10.0000001,13.080077854627687
2010-12-04 09:25:10.0000002,9.390683241983446
2009-05-12 17:08:06.0000001,14.652023026392563
2013-11-07 02:07:22.0000001,17.799806944427488
2014-10-03 00:50:06.0000004,15.697832544879864
2014-10-03 00:50:06.0000001,6.845842034335036
2014-10-03 00:50:06.0000002,13.390611260208685
2010-06-18 19:19:26.0000001,30.377663496766605
2010-06-18 19:19:26.0000002,5.307376094081849
2010-06-18 19:19:26.0000003,6.403483519522099
2010-05-10 03:55:14.0000001,8.788501354058324
2013-06-21 00:00:34.0000001,21.91681804266499
2013-06-21 00:00:34.0000002,18.358805630983905
2013-06-21 00:00:34.0000003,12.461288037323282
2009-03-11 16:02:14.0000006,6.933933217569752
2009-03-11 16:02:14.0000004,6.5674996325890405
2009-03-11 16:02:14.0000002,10.781371912314334
2009-03-11 16:02:14.0000001,4.720369079176927
2009-03-11 16:02:14.0000005,7.56347807811469
2009-03-11 16:02:14.0000003,6.146046272100403
2013-07-05 17:38:14.0000001,9.870930533500164
2013-08-26 01:11:14.0000002,12.506523196648871
2013-08-26 01:11:14.0000001,9.798011194917198
2012-07-30 01:49:10.0000001,5.046147910099611
2012-07-30 01:49:10.0000002,22.377359958095347
2011-05-13 03:57:10.0000001,6.217836855357454
2012-02-29 12:03:34.0000004,11.0916912668628
2012-02-29 12:03:34.0000002,5.046147910099611
2012-02-29 12:03:34.0000001,6.962609919927696
2013-12-17 17:59:22.0000001,5.268383049976568
2012-09-18 09:58:54.0000003,9.093799868497813
2012-09-18 09:58:54.0000002,31.506532855341938
2012-09-18 09:58:54.0000001,10.97599481356379
2013-07-23 18:56:30.0000002,7.632277307293248
2013-07-23 18:56:30.0000001,7.733960618763991
2014-05-15 01:39:14.0000001,30.388588332208705
2013-09-16 14:16:34.0000003,7.4265237132311235
2013-09-16 14:16:34.0000001,40.77616877689008
2014-01-04 17:27:38.0000001,27.291994304015315
2014-01-04 17:27:38.0000002,9.009569537622948
2014-01-04 17:27:38.0000003,9.036624067551378
2011-03-10 18:16:14.0000003,6.23063107268978
2011-03-10 18:16:14.0000004,5.508501214248392
2011-03-10 18:16:14.0000001,5.44570859725415
2013-04-05 06:42:26.0000002,8.10469928447093
2013-04-05 06:42:26.0000001,15.020176104257395
2009-03-11 12:01:30.0000001,13.290148973147527
2009-03-11 12:01:30.0000002,5.096609529754727
2009-03-11 12:01:30.0000004,5.9554654820280915
2015-01-20 05:31:06.0000001,55.82475500446892
2009-08-03 17:06:06.0000001,5.096609529754727
2014-01-05 08:51:10.0000001,7.433634281865934
2010-03-13 01:23:10.0000002,20.178707455169917
2010-03-13 01:23:10.0000003,5.508501214248392
2012-05-30 02:28:50.0000001,10.402181886108451
2012-07-26 12:40:38.0000002,6.140654515099226
2012-07-26 12:40:38.0000001,30.766803679149263
2012-07-26 12:40:38.0000003,7.733938541691838
2010-09-22 16:28:54.0000003,6.024853032319491
2010-09-22 16:28:54.0000001,7.10417130558143
2010-09-22 16:28:54.0000002,30.001053385328355
2014-05-26 22:57:10.0000002,7.7184669330495534
2014-05-26 22:57:10.0000003,14.842595305549295
2014-05-26 22:57:10.0000005,8.26830095267653
2014-05-26 22:57:10.0000004,10.505699420751917
2012-02-11 07:03:34.0000001,5.3548414302764105
2010-06-27 05:03:38.0000001,7.580161850792581
2014-09-29 11:51:06.0000001,19.778761825424574
2014-09-29 11:51:06.0000002,6.446103743186601
2010-09-04 18:31:42.0000002,12.363642803793061
2010-09-04 18:31:42.0000001,18.387290540975812
2015-04-14 19:20:46.0000001,10.679501651236714
2015-04-14 19:20:46.0000005,6.446103743186601
2015-04-14 19:20:46.00000010,5.089196931378638
2015-04-14 19:20:46.0000007,4.9041320379055655
2015-04-14 19:20:46.0000004,5.900514005024031
2015-04-14 19:20:46.0000003,11.408328722651348
2015-04-14 19:20:46.0000006,7.433853150081675
2015-04-14 19:20:46.0000002,8.356062827841384
2015-04-14 19:20:46.0000009,10.785598879085684
2009-07-20 08:53:34.0000002,5.508501214248392
2009-07-20 08:53:34.0000001,7.278471114795107
2013-04-03 16:09:02.0000002,4.734462600383526
2013-04-03 16:09:02.0000001,77.85482271551273
2009-11-20 23:19:58.0000001,8.319145219318584
2009-11-20 23:19:58.0000002,10.374936046911055
2012-08-04 09:01:54.0000002,9.900358281803106
2012-08-04 09:01:54.0000001,5.077735272854648
2011-09-22 20:05:22.0000007,8.39417746648617
2011-09-22 20:05:22.0000001,10.402777340981833
2011-09-22 20:05:22.0000005,12.053476703272297
2011-09-22 20:05:22.0000006,5.71783659834743
2014-08-09 01:27:30.0000002,7.893176032049757
2011-02-15 05:44:42.0000002,14.171317243042939
2011-02-15 05:44:42.0000001,47.329839383205154
2014-10-31 12:04:26.0000002,32.62960910509054
2014-10-31 12:04:26.0000001,5.620918959164495
2015-02-09 07:16:26.0000006,5.089196931378638
2015-02-09 07:16:26.0000004,6.354006876217455
2015-02-09 07:16:26.0000007,6.238185032164213
2015-02-09 07:16:26.0000001,4.783596511153538
2015-02-09 07:16:26.0000002,8.96009973494565
2015-02-09 07:16:26.0000008,5.350256659263933
2015-02-09 07:16:26.0000003,8.912422594007161
2011-09-08 17:26:34.0000001,7.714038382311113
2011-09-08 17:26:34.0000003,10.936075723769145
2011-09-08 17:26:34.0000002,9.615167397005502
2011-09-08 17:26:34.0000004,6.45425940272226
2013-04-10 21:03:42.0000004,7.510217619572702
2013-04-10 21:03:42.0000005,9.956759407366064
2013-04-10 21:03:42.0000003,6.509810394997401
2013-04-10 21:03:42.0000002,12.142495186640554
2013-04-10 21:03:42.0000001,5.580712646153038
2011-12-29 19:29:50.0000003,6.864161728960199
2011-12-29 19:29:50.0000004,14.12664608735816
2011-12-29 19:29:50.0000001,8.931592609567792
2013-09-26 15:50:06.0000003,5.089196931378638
2013-09-26 15:50:06.0000005,15.27413070704486
2013-09-26 15:50:06.0000002,6.446103743186601
2013-09-26 15:50:06.0000001,11.98367537210918
2013-09-26 15:50:06.0000004,7.437610622130343
2012-10-01 07:18:06.0000001,5.077735272854648
2012-10-01 07:18:06.0000002,7.069270508145069
2013-03-14 21:43:46.0000001,14.514100884097191
2012-10-05 23:47:02.0000001,8.935229433184277
2009-02-08 00:04:06.0000004,11.924077457486648
2009-02-08 00:04:06.0000002,32.074261902099856
2012-02-04 22:47:18.0000001,6.72813026798203
2012-02-04 22:47:18.0000003,7.613850119069355
2012-05-06 03:01:10.0000003,6.881892558676335
2012-05-06 03:01:10.0000002,11.439123341862928
2014-07-08 08:56:58.0000001,8.347679173748254
2010-01-09 08:29:14.0000003,5.046147910099611
2010-01-09 08:29:14.0000002,8.287911221103503
2010-01-09 08:29:14.0000001,15.867508045484122
2010-01-09 08:29:14.0000004,5.508501214248392
2010-12-06 03:36:58.0000001,5.08308072357175
2011-10-19 05:25:18.0000002,29.716990221441964
2011-10-19 05:25:18.0000001,7.534870479610951
2014-06-14 08:13:22.0000002,17.188759908360524
2014-06-14 08:13:22.0000003,16.174749169951266
2014-06-14 08:13:22.0000001,13.766763832122932
2011-02-19 10:14:58.0000002,6.146046272100403
2014-12-25 03:10:26.0000001,11.49803433710884
2009-06-16 14:32:38.0000003,6.088929057651078
2009-06-16 14:32:38.0000001,6.962609919927696
2009-06-16 14:32:38.0000005,9.07862401576885
2009-06-16 14:32:38.0000006,8.358803606560588
2009-06-16 14:32:38.0000002,7.415831359905601
2009-06-16 14:32:38.0000004,16.57200146443085
2010-08-16 17:14:18.0000001,47.310691243596104
2013-04-29 09:18:06.0000004,6.614902054624422
2013-04-29 09:18:06.0000002,30.84737830632666
2013-04-29 09:18:06.0000005,10.423966998923644
2013-04-29 09:18:06.0000001,23.2640119056565
2013-04-29 09:18:06.0000003,10.479747924091507
2013-06-23 14:52:34.0000002,28.412259336714456
2013-06-23 14:52:34.0000001,5.089196931378638
2013-03-28 05:22:58.0000001,7.938640578850457
2015-06-08 20:18:30.0000006,10.395179845036687
2015-06-08 20:18:30.0000003,5.1780701853908075
2015-06-08 20:18:30.0000002,17.054964666862023
2015-06-08 20:18:30.0000001,10.531809786596781
2015-06-08 20:18:30.0000004,10.531809786596781
2015-06-08 20:18:30.0000005,10.531809786596781
2011-09-08 13:39:06.0000001,5.850696719221707
2012-03-03 02:30:54.0000001,7.3475903307929595
2012-03-03 02:30:54.0000002,7.4311235782016505
2012-03-03 02:30:54.0000004,11.613822465437458
2010-03-27 20:11:10.0000003,6.096655886143559
2010-03-27 20:11:10.0000001,7.613850119069355
2010-03-27 20:11:10.0000002,10.54070834342595
2009-08-11 22:40:02.0000002,8.760920661243814
2009-08-11 22:40:02.0000003,37.00187920685743
2009-08-11 22:40:02.0000004,4.772192232272203
2009-08-11 22:40:02.0000005,15.094882614650636
2009-08-11 22:40:02.0000001,5.507796185344427
2012-12-27 21:01:54.0000001,5.989806953734053
2012-12-27 21:01:54.0000003,5.7432707980540165
2012-12-27 21:01:54.0000006,9.008730558624313
2012-12-27 21:01:54.0000007,14.71880430492019
2012-12-27 21:01:54.0000008,9.014628279627223
2015-04-16 18:45:22.0000003,7.510217619572702
2015-04-16 18:45:22.0000002,5.115752230569429
2015-04-16 18:45:22.0000001,10.399575004029911
2015-04-16 18:45:22.0000005,18.57752795908295
2014-05-17 10:51:46.0000001,8.082215704837651
2014-05-17 10:51:46.0000004,7.761342343576506
2014-05-17 10:51:46.0000002,30.83607768394412
2009-05-04 11:23:18.0000001,7.644907890996178
2009-05-04 11:23:18.0000003,7.165374544944309
2009-05-04 11:23:18.0000002,9.294687167310293
2013-07-22 14:30:06.0000002,6.516350816841532
2013-07-22 14:30:06.0000001,18.66801863508669
2015-05-31 20:48:54.0000005,5.0831856524350885
2015-05-31 20:48:54.0000004,10.692142269354584
2015-05-31 20:48:54.0000001,5.528897525993781
2010-07-16 06:44:06.0000001,5.770643614650746
2010-07-16 06:44:06.0000003,15.035791170532693
2010-07-16 06:44:06.0000004,18.699766603600725
2010-07-16 06:44:06.0000002,18.03799080693212
2013-01-06 12:39:54.0000003,8.347679173748254
2013-01-06 12:39:54.0000001,8.43741909936842
2013-01-06 12:39:54.0000004,9.48923660512527
2013-01-06 12:39:54.0000002,7.733960618763991
2013-01-06 12:39:54.0000005,4.734462600383526
2012-12-15 15:55:42.0000001,6.474236556843636
2012-12-15 15:55:42.0000002,8.547776399522128
2010-05-06 11:35:26.0000001,6.623098150993554
2010-05-06 11:35:26.0000003,11.22683489665412
2014-01-06 10:16:02.0000001,17.577795163357575
2014-01-06 10:16:02.0000002,6.561925587239845
2012-07-24 04:44:26.0000001,8.313369809710725
2010-08-06 15:37:14.0000007,7.184586372099205
2010-08-06 15:37:14.0000003,6.248115189777715
2010-08-06 15:37:14.0000006,6.962609919927696
2010-08-06 15:37:14.0000005,31.314080341599066
2010-08-06 15:37:14.0000004,9.791872066151207
2010-08-06 15:37:14.0000002,11.409933896431534
2010-08-06 15:37:14.0000001,6.209258450209108
2010-11-10 23:21:50.0000002,7.756129716480622
2010-11-10 23:21:50.0000003,8.765329303085494
2013-03-31 00:09:58.0000002,8.737578843678646
2013-03-31 00:09:58.0000003,9.599882106569556
2010-02-01 00:05:42.0000001,10.904051586679886
2010-02-01 00:05:42.0000002,15.904106021186646
2009-06-18 18:47:22.0000003,12.84802767061624
2009-06-18 18:47:22.0000001,8.385110798803206
2009-06-18 18:47:22.0000002,9.791872066151207
2015-01-03 08:47:26.0000001,11.55389219309466
2015-01-03 08:47:26.0000002,11.42165435903866
2014-06-20 02:16:34.0000001,8.104508127080157
2011-02-03 07:13:06.0000001,5.508501214248392
2014-01-14 18:48:06.0000007,11.98367537210918
2014-01-14 18:48:06.0000002,6.511068416812152
2014-01-14 18:48:06.0000003,6.298389586679468
2014-01-14 18:48:06.0000004,7.518109269327707
2014-01-14 18:48:06.0000001,9.028456424377913
2014-01-14 18:48:06.0000005,7.8187024266267295
2014-01-14 18:48:06.0000006,6.561925587239845
2013-10-18 05:08:54.0000001,35.52388798193257
2011-07-20 08:05:02.0000003,8.376217456165744
2011-07-20 08:05:02.0000002,5.077735272854648
2011-07-20 08:05:02.0000004,8.327085582988436
2009-05-03 16:02:54.0000005,8.36865027689816
2009-05-03 16:02:54.0000003,6.146046272100403
2009-05-03 16:02:54.0000002,7.644907890996178
2009-05-03 16:02:54.0000001,15.803439199764773
2012-09-06 17:58:06.0000001,4.70106393019901
2012-09-06 17:58:06.0000003,8.51015600983608
2014-04-06 16:47:14.0000003,7.518109269327707
2014-09-06 03:52:50.0000002,11.200626383234132
2013-07-27 09:59:18.0000001,7.4265237132311235
2014-12-26 20:19:38.0000002,7.242021119012954
2014-01-01 13:06:34.0000001,6.561925587239845
2011-12-25 15:35:54.0000003,8.367119443831138
2011-12-25 15:35:54.0000004,9.228489416982573
2015-05-14 23:11:58.0000001,17.34214037575077
2015-05-14 23:11:58.0000007,8.990446588769931
2015-05-14 23:11:58.0000003,8.356062827841384
2015-05-14 23:11:58.0000005,7.510217619572702
2015-05-14 23:11:58.0000008,10.05817887950336
2015-05-14 23:11:58.0000002,14.162983019792152
2015-05-14 23:11:58.0000006,7.531613081620776
2015-04-22 09:54:06.0000002,7.510217619572702
2015-04-22 09:54:06.0000003,5.120784294133675
2009-03-22 07:02:02.0000001,9.621606268023923
2012-04-30 04:34:50.0000001,18.589968043855162
2009-01-21 09:13:50.0000003,4.896351987664099
2009-01-21 09:13:50.0000004,5.50344658473579
2009-01-21 09:13:50.0000001,8.915609796849429
2009-01-21 09:13:50.0000002,6.548170352019488
2010-06-11 18:07:10.0000002,5.7199287340129015
2010-06-11 18:07:10.0000001,4.742607994438135
2010-06-11 18:07:10.0000004,12.549794886530721
2010-06-11 18:07:10.0000003,12.440836397274957
2012-09-01 19:04:18.0000002,8.541949041470899
2014-06-18 06:22:42.0000001,6.943756095379152
2014-06-18 06:22:42.0000002,11.57473984350096
2009-12-09 08:34:30.0000001,7.099702809370877
2009-12-09 08:34:30.0000002,5.737092275341947
2009-12-09 08:34:30.0000003,46.121450095758185
2009-12-09 08:34:30.0000004,47.372970010170455
2013-06-06 02:54:50.0000002,11.272007062611001
2013-06-06 02:54:50.0000003,8.086883628475356
2010-07-19 12:15:54.0000003,6.146046272100403
2010-07-19 12:15:54.0000002,12.577608058133034
2010-07-19 12:15:54.0000001,6.924094138122253
2010-07-19 12:15:54.0000004,5.508501214248392
2013-12-18 12:36:46.0000001,7.510217619572702
2013-12-18 12:36:46.0000003,38.60466974024901
2013-12-18 12:36:46.0000004,7.998751257939431
2013-12-18 12:36:46.0000002,9.813295149888173
2009-01-25 21:17:18.0000002,8.63220529571878
2009-01-25 21:17:18.0000003,7.1882404738913666
2012-10-03 09:18:22.0000002,7.2793212234824205
2012-10-03 09:18:22.0000003,8.53502253433218
2012-10-03 09:18:22.0000004,6.513307873100866
2012-10-03 09:18:22.0000001,13.478232900196005
2012-10-03 09:18:22.0000005,9.991369051544476
2012-06-13 19:49:50.0000003,10.740037856439526
2012-06-13 19:49:50.0000002,11.148175755337265
2012-06-13 19:49:50.0000001,5.3352898239899424
2011-09-03 00:03:42.0000004,5.71783659834743
2011-09-03 00:03:42.0000009,14.989283147564661
2011-09-03 00:03:42.0000001,6.845060880922414
2011-09-03 00:03:42.0000003,7.054058104975778
2011-09-03 00:03:42.0000006,8.447146695381495
2011-09-03 00:03:42.0000002,7.497205263226043
2011-09-03 00:03:42.0000005,8.534705819911204
2009-01-27 13:27:30.0000002,10.925487420994257
2009-01-27 13:27:30.0000001,6.880080082689375
2009-07-03 00:41:38.0000001,8.841689752664166
2009-07-03 00:41:38.0000002,5.046147910099611
2010-05-29 11:51:30.0000001,5.473497263719553
2013-07-02 22:27:14.0000005,8.245095147803902
2013-07-02 22:27:14.0000003,14.239110649623981
2015-05-09 11:33:58.0000004,6.561925587239845
2015-05-09 11:33:58.0000001,7.510217619572702
2015-05-09 11:33:58.0000003,35.391554367067556
2011-07-18 00:04:54.0000002,5.077735272854648
2011-04-03 03:46:18.0000002,9.636319313400632
2009-11-03 13:04:46.0000003,5.737092275341947
2009-11-03 13:04:46.0000002,17.48791925429798
2009-11-03 13:04:46.0000001,8.424746256159082
2010-06-25 14:00:14.0000002,7.634843258320545
2010-12-20 09:39:02.0000001,12.139276544590459
2010-12-20 09:39:02.0000002,5.7432707980540165
2014-05-20 14:43:10.0000001,8.971217432148078
2014-05-20 14:43:10.0000002,5.1780701853908075
2010-09-16 05:07:10.0000001,6.924858086348476
2011-08-01 17:44:30.0000006,7.864960586747198
2011-08-01 17:44:30.0000005,5.513974708056497
2011-08-01 17:44:30.0000001,9.783528810604869
2011-08-01 17:44:30.0000002,8.915609796849429
2011-08-01 17:44:30.0000004,5.077735272854648
2011-03-01 07:23:14.0000003,6.141093065136565
2011-03-01 07:23:14.0000001,5.977256250985172
2011-06-24 13:23:18.0000004,11.431656018084714
2011-06-24 13:23:18.0000001,12.833581077674019
2011-06-24 13:23:18.0000002,14.309421009788936
2011-06-24 13:23:18.0000003,9.783528810604869
2013-11-19 02:41:10.0000001,9.85003487851875
2012-01-01 18:02:46.0000003,5.50344658473579
2012-01-01 18:02:46.0000002,8.262732579864196
2015-03-28 19:31:26.0000002,6.446103743186601
2015-03-28 19:31:26.0000006,7.510217619572702
2015-03-28 19:31:26.0000001,8.245095147803902
2015-03-28 19:31:26.0000005,12.572157197988142
2010-07-13 11:53:15.0000004,7.644907890996178
2010-07-13 11:53:15.0000001,9.348546744026383
2010-07-13 11:53:15.0000007,12.589340090961967
2010-07-13 11:53:15.0000002,8.385110798803206
2013-02-07 13:47:59.0000004,9.237448924189216
2013-02-07 13:47:59.0000001,4.729657722906039
2013-02-07 13:47:59.0000003,8.425244166247765
2013-08-08 14:38:43.0000001,4.729657722906039
2013-08-08 14:38:43.0000003,5.1780701853908075
2015-05-19 13:58:11.0000003,33.21024145086687
2015-05-19 13:58:11.0000008,10.479747924091507
2015-05-19 13:58:11.0000005,11.967547368895323
2015-05-19 13:58:11.0000007,40.791856733846565
2015-05-19 13:58:11.0000004,6.561925587239845
2015-05-19 13:58:11.0000002,13.383392450806568
2012-07-31 22:21:11.0000001,8.536634967240339
2012-07-31 22:21:11.0000002,5.508501214248392
2013-01-03 08:50:31.0000001,10.479747924091507
2013-01-03 08:50:31.0000002,7.4618722987629305
2013-01-03 08:50:31.0000007,7.510217619572702
2013-01-03 08:50:31.0000004,8.323972458487008
2013-01-03 08:50:31.0000006,30.99948800432876
2013-01-03 08:50:31.0000005,21.683255230373025
2009-04-14 17:43:23.0000003,5.8542696073068115
2009-04-14 17:43:23.0000007,12.510418860730242
2009-04-14 17:43:23.0000006,8.396723762435402
2009-04-14 17:43:23.0000008,5.8044904786855795
2009-04-14 17:43:23.0000004,9.791872066151207
2009-04-14 17:43:23.0000005,6.146046272100403
2009-11-19 22:48:27.0000003,8.39417746648617
2009-11-19 22:48:27.0000002,20.08355742208085
2009-11-19 22:48:27.0000004,7.10417130558143
2013-02-15 00:37:15.0000003,14.849001120463873
2013-02-15 00:37:15.0000002,13.722032872189557
2013-02-15 00:37:15.0000001,8.466087203430963
2012-03-25 04:50:39.0000002,10.584182799236535
2012-03-24 23:33:59.0000001,6.146046272100403
2012-12-26 18:28:55.0000002,6.513307873100866
2012-12-26 18:28:55.0000005,14.100192580810536
2012-12-26 18:28:55.0000001,9.820009989192124
2012-12-26 18:28:55.0000003,4.87608425324839
2012-12-26 18:28:55.0000007,22.242980667321152
2012-12-26 18:28:55.0000006,54.46617657583079
2011-07-06 19:56:23.0000004,7.009842707581822
2011-07-06 19:56:23.0000002,5.863076155212088
2011-07-06 19:56:23.0000006,14.446958601179704
2011-07-06 19:56:23.0000007,9.739681176935344
2011-07-06 19:56:23.0000003,8.670217280655176
2014-12-15 10:41:15.0000001,5.089196931378638
2014-12-15 10:41:15.0000002,21.08786531183765
2014-12-15 10:41:15.0000003,12.598597958302541
2011-08-14 21:39:31.0000001,8.960020878852562
2011-08-14 21:39:31.0000002,8.740224131516321
2010-06-06 21:04:55.0000001,6.938401713780305
2013-09-27 19:02:51.0000001,12.425624821194408
2013-09-27 19:02:51.0000003,36.65649605506684
2013-09-27 19:02:51.0000004,7.6867966801624865
2013-09-27 19:02:51.0000002,9.055744419420074
2013-05-28 18:24:27.0000003,14.002574908826462
2013-05-28 18:24:27.0000001,6.949526954518105
2013-05-28 18:24:27.0000004,7.444721190765153
2013-05-28 18:24:27.0000002,4.729657722906039
2015-06-15 14:34:03.0000002,5.517303212974201
2010-07-04 16:44:11.0000001,7.669098685112121
2010-07-04 16:44:11.0000002,8.96581351443611
2014-11-26 06:46:23.0000001,12.861290607792931
2010-07-27 11:37:43.0000001,14.227268343034238
2010-07-27 11:37:43.0000003,8.396723762435402
2010-07-27 11:37:43.0000005,15.995552788766595
2010-07-27 11:37:43.0000006,9.97285645535135
2010-07-27 11:37:43.0000004,8.396723762435402
2010-07-27 11:37:43.0000002,28.132947739204592
2010-12-19 16:25:15.0000004,11.115103265527672
2010-12-19 16:25:15.0000003,6.45425940272226
2010-12-19 16:25:15.0000001,8.52003561246131
2012-08-19 12:06:39.0000001,5.046147910099611
2011-02-26 12:32:15.0000001,4.75534556268973
2011-02-26 12:32:15.0000002,5.485072246777111
2015-06-18 20:56:55.0000003,8.913571482940593
2015-06-18 20:56:55.0000005,28.407535871649998
2015-06-18 20:56:55.0000007,35.96715161566935
2015-06-18 20:56:55.0000006,5.089196931378638
2013-11-24 21:33:11.0000001,56.67737791734924
2013-11-24 21:33:11.0000002,11.163562499329002
2015-04-28 20:15:27.0000002,50.63129710439303
2015-04-28 20:15:27.0000006,8.323972458487008
2015-04-28 20:15:27.0000001,8.842034710093769
2015-04-28 20:15:27.0000005,7.510217619572702
2015-04-28 20:15:27.0000008,14.50221683875456
2013-01-23 13:49:19.0000002,9.984418660606304
2013-01-23 13:49:19.0000003,36.24671545559293
2014-03-12 19:19:31.0000003,23.900711553673887
2014-03-12 19:19:31.0000001,28.707207101583982
2014-03-12 19:19:31.0000002,8.356062827841384
2010-07-26 09:54:11.0000001,5.096609529754727
2012-01-03 08:49:15.0000002,6.146046272100403
2012-01-03 08:49:15.0000001,48.041650946099566
2012-01-03 08:49:15.0000004,5.4578115768906965
2012-01-03 08:49:15.0000003,5.101012646435704
2012-11-05 14:49:19.0000002,14.755146982822312
2012-11-05 14:49:19.0000001,4.705868807676497
2012-06-09 19:03:11.0000004,8.321726947346338
2012-06-09 19:03:11.0000006,10.724699460710658
2012-06-09 19:03:11.0000002,4.734551911547477
2012-06-09 19:03:11.0000003,11.325175325302023
2012-06-09 19:03:11.0000001,9.108750440049166
2010-10-17 23:12:19.0000004,8.827124735878085
2010-10-17 23:12:19.0000005,6.45425940272226
2010-10-17 23:12:19.0000001,5.716761884393003
2010-10-17 23:12:19.0000002,10.485975613327748
2010-10-17 23:12:19.0000003,6.032351495126105
2014-06-07 12:21:11.0000001,37.74409413711824
2014-06-07 12:21:11.0000004,7.77307413966526
2011-09-08 22:37:43.0000004,6.760454303610555
2011-09-08 22:37:43.0000003,8.788614153679193
2011-09-08 22:37:43.0000005,16.27667901568116
2011-09-08 22:37:43.0000002,10.651375130246088
2014-10-30 19:25:15.0000003,55.62318525860389
2014-10-30 19:25:15.0000005,5.069563044669323
2014-10-30 19:25:15.0000001,5.089196931378638
2014-10-30 19:25:15.0000002,40.61731896640998
2014-10-30 19:25:15.0000004,8.356062827841384
2010-06-18 22:52:11.0000002,5.046147910099611
2011-02-16 05:49:51.0000001,6.601329806337798
2011-09-13 13:31:51.0000004,6.131636132232878
2011-09-13 13:31:51.0000003,47.329839383205154
2011-09-13 13:31:51.0000002,6.063181748182342
2009-09-28 04:31:39.0000001,11.72496775148657
2009-01-11 03:31:55.0000001,15.648040394516046
2009-01-11 03:31:55.0000003,9.679320578546138
2009-01-11 03:31:55.0000004,12.386191788998254
2009-01-11 03:31:55.0000002,6.217836855357454
2014-01-24 03:38:19.0000001,20.032164395453933
2014-08-06 18:03:31.0000002,10.479747924091507
2014-08-06 18:03:31.0000001,9.68058066751506
2009-08-26 00:46:43.0000001,6.677396052535003
2014-01-19 09:28:55.0000001,19.428943807727507
2010-01-27 06:01:59.0000001,6.887527869193445
2011-11-30 23:09:47.0000003,12.053588372446777
2011-11-30 23:09:47.0000002,10.45792684839524
2011-11-30 23:09:47.0000001,6.45425940272226
2014-08-03 23:37:31.0000003,11.92781844651955
2014-08-03 23:37:31.0000002,14.164145629892737
2014-08-03 23:37:31.0000001,8.367412673559368
2014-10-06 09:24:11.0000002,19.49111154653277
2014-10-06 09:24:11.0000004,36.062842325038915
2014-10-06 09:24:11.0000003,9.94283816571061
2014-10-06 09:24:11.0000001,9.90830254101798
2009-08-28 12:38:19.0000001,11.019429859664738
2009-08-28 12:38:19.0000004,17.679325595754428
2009-08-28 12:38:19.0000003,27.33349300655093
2009-08-28 12:38:19.0000002,6.962609919927696
2012-03-15 18:23:55.0000001,6.096655886143559
2012-03-15 18:23:55.0000004,11.545380553781344
2012-03-15 18:23:55.0000005,8.02761854478252
2012-03-15 18:23:55.0000003,7.644907890996178
2011-11-23 21:07:43.0000003,5.046147910099611
2011-11-23 21:07:43.0000002,12.777309318405036
2012-11-23 07:58:23.0000001,7.1847731653734455
2010-11-17 19:10:23.0000007,24.595840909180712
2010-11-17 19:10:23.0000006,7.701460028995433
2010-11-17 19:10:23.0000001,6.153375199073282
2010-11-17 19:10:23.0000002,29.932023558011675
2010-11-17 19:10:23.0000008,9.624708794782089
2010-11-17 19:10:23.0000004,5.7476796605006975
2015-02-14 13:15:19.0000003,12.106371554011517
2015-02-14 13:15:19.0000006,10.242902147989435
2015-02-14 13:15:19.0000004,5.566105267496926
2015-02-14 13:15:19.0000008,7.8187024266267295
2015-02-14 13:15:19.0000001,15.895326439941416
2013-01-12 22:40:39.0000003,4.921882054029038
2013-01-12 22:40:39.0000004,11.258175491928535
2013-01-12 22:40:39.0000001,13.807473459374568
2013-01-12 22:40:39.0000005,7.510217619572702
2013-01-12 22:40:39.0000006,5.120784294133675
2011-04-12 12:06:07.0000002,6.146046272100403
2011-04-12 12:06:07.0000001,30.402715787251818
2010-11-04 20:14:39.0000005,5.304678625431601
2010-11-04 20:14:39.0000002,6.39029718331119
2010-11-04 20:14:39.0000004,8.268218642349254
2010-11-04 20:14:39.0000003,6.962630515092013
2010-11-04 20:14:39.0000001,7.10417130558143
2011-04-25 19:14:55.0000003,10.475006633534667
2011-04-25 19:14:55.0000001,6.587426183444725
2011-04-25 19:14:55.0000004,6.962609919927696
2011-04-25 19:14:55.0000002,6.933933217569752
2011-04-25 19:14:55.0000005,6.956604400700386
2010-02-15 14:20:31.0000001,8.396723762435402
2013-03-23 15:41:07.0000001,10.203138986887353
2013-03-23 15:41:07.0000004,9.48923660512527
2013-03-23 15:41:07.0000005,6.446103743186601
2012-12-09 06:04:39.0000001,54.46617657583079
2013-11-07 16:38:15.0000003,7.667449924444798
2013-11-07 16:38:15.0000002,7.757525288330008
2013-11-07 16:38:15.0000001,6.6529499351821695
2011-08-08 11:18:15.0000004,8.358803606560588
2011-08-08 11:18:15.0000003,7.638925142396111
2011-08-08 11:18:15.0000002,6.962609919927696
2009-05-08 22:14:51.0000004,5.101012646435704
2009-05-08 22:14:51.0000001,12.57579121329257
2009-05-08 22:14:51.0000003,12.36747486646062
2012-11-15 18:22:19.0000002,13.266252038592086
2012-11-15 18:22:19.0000007,6.372432588704958
2012-11-15 18:22:19.0000003,4.749195311457874
2012-11-15 18:22:19.0000005,7.459097533945149
2012-11-15 18:22:19.0000001,18.471554207029115
2012-11-15 18:22:19.0000004,7.3095233393307355
2012-11-15 18:22:19.0000006,9.093799868497813
2010-01-31 00:33:03.0000002,6.7377910782817905
2010-01-31 00:33:03.0000004,5.077735272854648
2010-01-31 00:33:03.0000001,21.12585649322838
2010-01-31 00:33:03.0000007,5.763087426773328
2010-01-31 00:33:03.0000003,11.04689491308256
2012-04-20 07:30:43.0000003,6.091702679179722
2012-04-20 07:30:43.0000002,13.555320684843148
2012-04-20 07:30:43.0000004,7.3475903307929595
2012-04-20 07:30:43.0000001,10.130476229853747
2009-09-29 09:38:15.0000002,6.45425940272226
2009-09-29 09:38:15.0000001,9.357422648316284
2010-12-31 05:30:19.0000002,7.029849898828387
2010-12-31 05:30:19.0000001,12.489786615371763
2009-01-18 18:22:07.0000001,19.89287406843963
2009-01-28 11:27:19.0000002,5.067726196954084
2013-05-04 05:00:43.0000001,9.749953873877073
2014-02-23 13:22:03.0000002,6.754481006136168
2014-02-23 13:22:03.0000001,5.120784294133675
2010-10-28 12:38:55.0000003,8.441738203468363
2010-10-28 12:38:55.0000002,6.582827690016506
2010-10-28 12:38:55.0000001,11.081769102500873
2015-05-20 19:39:11.0000002,14.582199945745144
2015-05-20 19:39:11.0000009,12.425624821194408
2015-05-20 19:39:11.0000001,10.890281060324735
2015-05-20 19:39:11.0000008,11.4731889927292
2015-05-20 19:39:11.0000007,29.52997551500947
2015-05-20 19:39:11.0000005,8.051881654547557
2015-05-20 19:39:11.0000006,8.367412673559368
2015-03-20 16:33:07.0000002,8.403895441036479
2015-03-20 16:33:07.0000001,7.518109269327707
2013-04-26 17:05:07.0000001,8.356062827841384
2014-01-11 17:47:47.0000005,25.87186567588145
2014-01-11 17:47:47.0000006,6.739924543455402
2014-01-11 17:47:47.0000002,17.032068213238073
2014-01-11 17:47:47.0000003,6.9920285965392575
2014-01-11 17:47:47.0000004,9.497436375398367
2012-03-10 10:48:43.0000001,9.196619981002456
2012-03-10 10:48:43.0000004,9.73594029616421
2012-03-10 10:48:43.0000003,6.880080082689375
2012-03-10 10:48:43.0000005,5.046147910099611
2012-03-10 10:48:43.0000002,8.36865027689816
2012-07-12 02:46:07.0000002,21.866042585260878
2009-01-06 14:48:51.0000003,5.383289692862751
2009-01-06 14:48:51.0000002,5.508501214248392
2009-01-06 14:48:51.0000001,5.688616490506133
2015-04-15 03:30:27.0000001,6.145088254159767
2015-04-26 21:44:23.0000001,36.426337971967634
2015-04-26 21:44:23.0000003,14.235552854769526
2014-11-24 05:03:51.0000001,17.736759044637186
2014-03-05 23:16:07.0000002,57.59770573394858
2015-01-04 00:28:11.0000005,6.9939990881589935
2015-01-04 00:28:11.0000001,9.885025098562659
2015-01-04 00:28:11.0000002,5.182998710161561
2015-01-04 00:28:11.0000003,10.203530708894464
2014-12-17 20:56:31.0000004,6.458956024787019
2014-12-17 20:56:31.0000002,15.368742331525985
2014-12-17 20:56:31.0000001,9.62206161684286
2010-10-04 16:17:03.0000002,4.852329526350365
2010-10-04 16:17:03.0000003,4.705868807676497
2010-10-04 16:17:03.0000005,7.128379511728822
2010-10-04 16:17:03.0000004,11.665110021725141
2010-10-09 15:48:51.0000001,5.08308072357175
2010-10-09 15:48:51.0000005,11.055457813585829
2010-10-09 15:48:51.0000002,5.046147910099611
2013-10-10 11:09:23.0000006,5.089196931378638
2013-10-10 11:09:23.0000004,8.564753942596267
2013-10-10 11:09:23.0000002,5.1780701853908075
2013-10-10 11:09:23.0000003,6.541973338263469
2013-10-10 11:09:23.0000005,9.870930533500164
2010-12-14 00:39:07.0000001,19.884382759190693
2010-12-14 00:39:07.0000002,6.45425940272226
2010-12-14 00:39:07.0000003,10.143902573165487
2013-01-08 07:03:07.0000004,8.098093021759718
2013-01-08 07:03:07.0000003,11.360317178915823
2013-01-08 07:03:07.0000002,6.9939990881589935
2012-10-28 17:21:19.0000004,7.005836249871432
2012-10-28 17:21:19.0000002,5.046147910099611
2010-03-10 10:37:39.0000003,7.142791372661652
2010-03-10 10:37:39.0000004,6.61452143119671
2010-03-10 10:37:39.0000001,6.511114921375991
2010-03-10 10:37:39.0000002,13.511826246762197
2012-04-27 22:32:19.0000001,5.508501214248392
2012-04-27 22:32:19.0000003,5.470568453409428
2009-04-14 06:55:19.0000001,46.80292663819946
2009-04-14 06:55:19.0000002,5.029135807682442
2013-07-22 14:22:51.0000001,21.617738463045534
2012-02-11 21:23:07.0000002,5.046147910099611
2012-02-11 21:23:07.0000001,7.6440305085387275
2012-02-11 21:23:07.0000004,4.705868807676497
2012-02-11 21:23:07.0000003,5.508501214248392
2015-05-10 12:37:51.0000001,19.15561324400818
2015-05-10 12:37:51.0000004,4.923949042769327
2015-05-10 12:37:51.0000006,7.510217619572702
2010-12-11 13:31:11.0000001,9.454538389680362
2010-12-11 13:31:11.0000002,11.038224877674118
2010-03-01 22:21:55.0000001,4.879984880339769
2010-03-01 22:21:55.0000004,10.589360672943144
2014-11-03 22:00:07.0000001,9.836038134954318
2009-08-26 16:50:19.0000001,4.87608425324839
2009-08-26 16:50:19.0000002,6.938401713780305
2010-06-07 10:02:51.0000002,4.70106393019901
2010-06-07 10:02:51.0000001,6.484723660687451
2010-06-07 10:02:51.0000004,15.882276344533865
2010-06-07 10:02:51.0000003,11.574708402938608
2015-03-08 14:59:23.0000002,16.14802389360246
2015-03-08 14:59:23.0000004,55.82475500446892
2015-03-08 14:59:23.0000005,19.926638808444576
2010-12-13 05:52:47.0000001,8.787737017069997
2012-10-12 15:21:55.0000001,5.7432707980540165
2011-05-17 07:53:55.0000002,5.508501214248392
2011-05-17 07:53:55.0000004,7.353579926146391
2011-05-17 07:53:55.0000001,10.013396536590987
2012-12-26 20:55:27.0000002,10.597482162561944
2012-12-26 20:55:27.0000005,9.014628279627223
2012-12-26 20:55:27.0000004,11.69551531906003
2009-02-22 14:59:11.0000001,13.182183061681942
2011-12-17 16:19:47.0000003,12.994784062295105
2011-12-17 16:19:47.0000001,9.805579789785824
2014-12-02 23:54:11.0000002,10.16005740412922
2014-12-02 23:54:11.0000001,9.643783744886225
2014-11-11 11:21:07.0000001,4.828543645093148
2014-07-11 12:35:19.0000003,11.98367537210918
2014-07-11 12:35:19.0000001,8.190048943099002
2014-07-11 12:35:19.0000002,15.436745852035624
2010-01-25 15:04:11.0000001,5.096609529754727
2010-01-25 15:04:11.0000002,9.301686798866953
2014-01-26 13:51:39.0000002,9.084969966759678
2014-01-26 13:51:39.0000003,7.510217619572702
2011-11-18 04:49:19.0000002,5.7432707980540165
2011-11-18 04:49:19.0000003,47.42871061343726
2011-11-18 04:49:19.0000001,5.046147910099611
2014-11-30 15:46:23.0000001,8.367412673559368
2014-11-30 15:46:23.0000004,9.48923660512527
2014-11-30 15:46:23.0000006,33.57591529867466
2014-11-30 15:46:23.0000005,5.089196931378638
2011-08-20 15:50:39.0000002,30.121623371391998
2010-06-22 14:25:19.0000005,12.049809274678783
2010-06-22 14:25:19.0000003,6.088929057651078
2010-06-22 14:25:19.0000002,6.088929057651078
2010-06-22 14:25:19.0000006,5.2345001648605765
2010-06-22 14:25:19.0000004,8.978823925309264
2010-12-06 18:51:31.0000001,9.916439986635824
2010-12-06 18:51:31.0000002,15.882276344533865
2014-05-25 19:46:59.0000004,18.108135392965107
2014-05-25 19:46:59.0000002,7.366606780281331
2014-05-25 19:46:59.0000001,8.723306192923182
2009-11-20 14:03:03.0000003,7.293057752288406
2009-11-20 14:03:03.0000004,13.538963094161543
2009-11-20 14:03:03.0000001,11.521653776023586
2009-11-20 14:03:03.0000005,7.169439141483327
2009-11-20 14:03:03.0000002,8.469558565544556
2010-09-17 18:21:11.0000001,13.922192567767466
2011-02-23 21:35:19.0000001,5.508501214248392
2011-02-23 21:35:19.0000002,12.248815428893192
2013-01-03 11:41:47.0000001,4.729657722906039
2014-04-04 05:47:11.0000001,16.466406258602106
2014-08-18 19:09:19.0000001,9.804379027191494
2014-08-18 19:09:19.0000002,15.503021420564112
2010-04-12 08:22:27.0000001,5.168466490770721
2010-04-12 08:22:27.0000002,9.783528810604869
2010-06-05 08:18:11.0000002,15.523348745229837
2010-06-05 08:18:11.0000001,5.101012646435704
2010-06-05 08:18:11.0000003,30.27541132657291
2013-05-07 23:58:31.0000001,23.61153660521997
2013-01-11 20:08:07.0000002,7.510217619572702
2013-02-17 23:55:55.0000001,14.362208267254312
2013-02-17 23:55:55.0000002,22.19820283883103
2013-02-17 23:55:55.0000003,14.51429423703001
2010-11-26 06:04:59.0000001,5.748815539223777
2013-10-09 17:27:39.0000002,8.356062827841384
2013-02-27 13:28:43.0000003,7.65701711245204
2013-02-27 13:28:43.0000001,4.9041320379055655
2013-02-27 13:28:43.0000004,7.4265237132311235
2013-02-27 13:28:43.0000002,5.120784294133675
2009-08-28 07:10:39.0000001,8.972367670234735
2009-08-28 07:10:39.0000002,9.649212814951136
2009-08-28 07:10:39.0000004,5.580660289715363
2009-08-28 07:10:39.0000003,5.507796185344427
2015-01-12 17:05:51.0000006,7.804206019878426
2015-01-12 17:05:51.0000007,6.461926651201177
2015-01-12 17:05:51.0000002,4.837791302817461
2015-01-12 17:05:51.0000003,4.813935964459896
2014-05-01 07:16:07.0000001,5.120784294133675
2009-01-12 07:47:39.0000004,5.575484865962502
2009-01-12 07:47:39.0000002,7.3475903307929595
2009-01-12 07:47:39.0000003,6.609906526134641
2014-02-09 21:05:31.0000001,22.899069775278132
2014-02-09 21:05:31.0000002,14.314236726477489
2012-05-14 03:52:59.0000001,7.316874047369902
2011-04-28 19:39:43.0000005,6.956866309705312
2011-04-28 19:39:43.0000001,6.146046272100403
2011-04-28 19:39:43.0000002,4.70106393019901
2011-04-28 19:39:43.0000004,4.70106393019901
2010-02-15 10:14:23.0000002,9.23001948036404
2010-02-15 10:14:23.0000003,20.090156727750355
2010-02-15 10:14:23.0000004,9.951164841584246
2010-08-18 05:24:15.0000002,10.301468997506543
2010-08-18 05:24:15.0000001,8.749727187724481
2010-05-31 06:46:59.0000001,40.195217114622885
2014-11-17 00:03:47.0000002,13.453057001693502
2012-11-16 00:09:43.0000001,8.419846852825597
2012-03-09 06:03:23.0000001,10.147559432901524
2013-10-18 13:05:19.0000002,7.518109269327707
2013-10-18 13:05:19.0000001,20.930068867527947
2013-10-18 13:05:19.0000003,5.120784294133675
2010-01-16 04:52:31.0000001,32.77657155983136
2013-08-18 00:32:15.0000002,15.724621052117541
2013-08-18 00:32:15.0000001,7.2606317298889795
2010-12-11 16:12:35.0000004,13.221773729610003
2010-12-11 16:12:35.0000005,7.804067708379589
2010-12-11 16:12:35.0000001,7.723073718588541
2010-12-11 16:12:35.0000002,8.461991386276972
2013-05-23 12:09:23.0000001,12.667543265758137
2013-05-23 12:09:23.0000003,6.561925587239845
2013-05-23 12:09:23.0000002,6.561925587239845
2014-12-11 08:20:39.0000003,6.82278190750736
2014-12-11 08:20:39.0000002,5.56831910473468
2011-01-28 19:41:11.0000002,5.3352898239899424
2011-01-28 19:41:11.0000001,10.624492273467093
2011-03-24 04:46:51.0000001,29.771944933586756
2013-04-07 00:24:27.0000001,6.521187925485201
2013-04-07 00:24:27.0000003,6.531495645753301
2013-04-07 00:24:27.0000004,8.10469928447093
2010-08-17 21:22:39.0000002,21.46466740598693
2010-08-17 21:22:39.0000003,7.205139756296103
2010-08-17 21:22:39.0000001,6.850930069985284
2013-12-10 14:00:35.0000004,9.369581994003202
2013-12-10 14:00:35.0000001,8.379400909975471
2013-12-10 14:00:35.0000003,6.561925587239845
2011-09-18 05:32:51.0000002,47.329839383205154
2011-09-18 05:32:51.0000001,9.057728085050787
2011-09-18 05:32:51.0000003,13.180724442735054
2011-09-10 20:44:59.0000002,8.763627080583397
2011-09-10 20:44:59.0000001,6.45425940272226
2011-04-28 09:50:03.0000002,30.09647169074706
2011-04-28 09:50:03.0000003,6.924094138122253
2011-04-28 09:50:03.0000004,7.669098685112121
2010-02-26 18:34:51.0000002,6.812112485034833
2013-12-05 23:29:15.0000001,13.523100830562159
2013-12-05 23:29:15.0000004,4.813935964459896
2013-12-05 23:29:15.0000003,31.865223899509584
2013-12-05 23:29:15.0000005,55.82475500446892
2010-01-13 08:28:59.0000003,9.791872066151207
2010-01-13 08:28:59.0000001,9.783528810604869
2010-01-13 08:28:59.0000004,12.462281546337513
2010-01-13 08:28:59.0000005,6.899510161736324
2010-07-16 07:07:27.0000001,8.320175766777469
2012-06-16 14:33:19.0000002,9.212644160933376
2013-05-08 17:02:39.0000001,14.259862202257052
2013-05-08 17:02:39.0000003,12.019678643209254
2013-05-08 17:02:39.0000005,8.356062827841384
2013-05-08 17:02:39.0000004,5.10000365011265
2013-05-08 17:02:39.0000002,8.356062827841384
2013-05-08 17:02:39.0000006,6.561925587239845
2013-05-08 17:02:39.0000007,9.921756672499134
2011-02-28 08:34:27.0000004,9.951164841584246
2011-02-28 08:34:27.0000002,5.504369910512557
2011-02-28 08:34:27.0000006,13.326470295764585
2011-02-28 08:34:27.0000007,5.508501214248392
2011-02-28 08:34:27.0000005,15.22022658305189
2011-02-28 08:34:27.0000003,9.301686798866953
2011-02-28 08:34:27.0000001,9.77659703351395
2012-12-13 19:05:27.0000001,4.87608425324839
2012-12-13 19:05:27.0000002,6.521034701593346
2012-12-13 19:05:27.0000003,8.94048480920067
2009-03-25 01:20:55.0000001,8.396242610202568
2011-01-18 12:43:35.0000001,10.282358590496948
2010-07-13 07:38:03.0000007,10.183176774287833
2010-07-13 07:38:03.0000004,10.025444113790275
2010-07-13 07:38:03.0000002,8.679436427749346
2010-07-13 07:38:03.0000006,15.188919606799857
2010-07-13 07:38:03.0000005,7.316874047369902
2010-07-13 07:38:03.0000001,6.881892558676335
2009-01-26 15:16:43.0000001,31.23496357694532
2009-01-26 15:16:43.0000002,4.70106393019901
2015-05-18 01:13:35.0000001,6.9939990881589935
2012-11-09 18:17:35.0000001,11.532690932096166
2012-11-09 18:17:35.0000006,8.838138719441748
2012-11-09 18:17:35.0000005,7.274852727271866
2012-11-09 18:17:35.0000003,9.289954650947896
2010-07-05 19:21:35.0000005,5.046147910099611
2010-07-05 19:21:35.0000003,5.046147910099611
2010-07-05 19:21:35.0000004,10.950816875153173
2010-07-05 19:21:35.0000002,10.730594762458507
2014-09-11 00:28:47.0000001,9.76064386138104
2014-09-11 00:28:47.0000002,6.541973338263469
2010-03-22 16:20:15.0000001,30.28788700862408
2010-03-22 16:20:15.0000002,7.733938541691838
2009-06-21 00:54:23.0000003,14.376922534228935
2009-06-21 00:54:23.0000001,15.543975833184133
2013-05-02 14:48:31.0000001,13.01896685808761
2011-09-12 09:15:15.0000003,6.45425940272226
2011-09-12 09:15:15.0000004,7.769629938047401
2011-09-12 09:15:15.0000002,6.809533840839716
2011-09-12 09:15:15.0000001,6.45425940272226
2009-02-27 07:09:23.0000001,9.16838906010796
2011-08-22 10:42:15.0000003,10.862072399870225
2011-08-22 10:42:15.0000002,15.904708459290136
2011-08-22 10:42:15.0000001,6.858728998513044
2011-11-29 22:19:51.0000001,13.933017987777685
2011-11-29 22:19:51.0000002,11.975914801665597
2009-01-30 22:47:07.0000004,17.73771449323456
2009-01-30 22:47:07.0000001,5.499791809289537
2009-01-30 22:47:07.0000003,4.70106393019901
2012-04-18 20:03:35.0000004,9.084969966759678
2012-04-18 20:03:35.0000003,5.046147910099611
2012-04-18 20:03:35.0000001,10.385696812617203
2012-04-18 20:03:35.0000002,6.096655886143559
2013-09-26 20:54:19.0000002,11.962019468869343
2011-06-25 23:18:27.0000001,10.839181907823585
2009-01-17 02:21:55.0000001,5.340344453502546
2009-01-17 02:21:55.0000002,4.70106393019901
2014-11-01 15:31:15.0000002,13.814870162996264
2014-11-01 15:31:15.0000003,10.393245883424301
2014-11-01 15:31:15.0000004,6.289639218680497
2011-06-08 11:31:51.0000003,5.3352898239899424
2011-06-08 11:31:51.0000002,6.962609919927696
2011-06-08 11:31:51.0000001,8.385110798803206
2013-07-12 23:17:31.0000004,7.510217619572702
2013-07-12 23:17:31.0000005,55.82475500446892
2012-07-10 18:24:47.0000002,8.937699384171783
2012-07-10 18:24:47.0000001,18.469464702953836
2012-07-10 18:24:47.0000003,6.088929057651078
2013-05-14 03:15:31.0000001,18.429735357775765
2009-04-20 21:08:35.0000006,6.146046272100403
2009-04-20 21:08:35.0000003,6.8165715947884715
2009-04-20 21:08:35.0000002,16.02678946575547
2009-04-20 21:08:35.0000001,10.641353677894864
2011-01-19 08:30:47.0000003,9.200440974512297
2011-01-19 08:30:47.0000002,8.80665225096016
2011-01-19 08:30:47.0000001,6.820524160316904
2009-09-25 10:19:35.0000003,5.711658075635361
2009-09-25 10:19:35.0000001,8.543169381525553
2009-09-25 10:19:35.0000002,6.760454303610555
2012-02-17 15:11:23.0000001,5.589480247304906
2009-12-23 20:14:19.0000003,9.353408098334498
2009-12-23 20:14:19.0000001,5.737092275341947
2009-12-23 20:14:19.0000002,10.347177526057065
2012-09-14 05:42:59.0000001,8.845996204327802
2012-09-14 05:42:59.0000002,7.229208022876768
2009-04-06 13:47:15.0000002,18.029103279025563
2013-11-29 21:36:07.0000004,9.769976248816029
2011-11-07 00:22:31.0000001,5.748815539223777
2011-11-07 00:22:31.0000002,7.554074497056904
2009-09-04 08:02:51.0000001,10.92806837288289
2015-02-16 17:32:27.0000004,10.900553010011304
2015-02-16 17:32:27.0000002,9.906598215941214
2015-02-16 17:32:27.0000003,7.77307413966526
2015-02-16 17:32:27.0000001,8.245095147803902
2012-04-14 11:59:11.0000004,17.29924563966966
2012-04-14 11:59:11.0000002,4.772192232272203
2012-04-14 11:59:11.0000001,6.626520860124945
2011-12-11 11:05:51.0000001,5.7432707980540165
2011-12-11 11:05:51.0000003,7.775730035568049
2010-01-03 13:07:27.0000001,12.02761682801653
2009-03-06 00:13:03.0000003,8.225725530335604
2009-03-06 00:13:03.0000001,10.338498625123805
2010-01-04 19:54:27.0000002,9.505742836175191
2010-01-04 19:54:27.0000001,6.499325847573654
2010-01-04 19:54:27.0000003,4.749195311457874
2014-08-01 16:50:03.0000004,19.929630278386124
2014-08-01 16:50:03.0000001,5.089196931378638
2014-08-01 16:50:03.0000003,14.002574908826462
2014-08-01 16:50:03.0000002,13.803985975637628
2010-11-25 16:22:19.0000001,5.046147910099611
2010-09-04 10:06:23.0000001,16.354245790214417
2009-04-28 13:35:27.0000002,9.783528810604869
2009-04-28 13:35:27.0000001,5.470568453409428
2009-04-28 13:35:27.0000003,28.95038402969913
2009-04-28 13:35:27.0000004,7.984931891912078
2012-07-26 00:23:59.0000006,8.562065884189344
2012-07-26 00:23:59.0000007,4.913017066720529
2012-07-26 00:23:59.0000001,8.668906422163458
2012-07-26 00:23:59.0000004,7.644693504123004
2012-07-26 00:23:59.0000005,7.644693504123004
2012-07-26 00:23:59.0000002,11.150809760922089
2012-07-26 00:23:59.0000003,6.853215856318389
2014-04-29 15:15:43.0000002,9.921756672499134
2014-04-29 15:15:43.0000001,7.545730491703717
2014-04-29 15:15:43.0000003,5.0194778885848415
2010-04-23 00:00:03.0000002,15.168096141898666
2010-04-23 00:00:03.0000003,5.513036702294237
2010-05-22 23:46:19.0000001,7.613850119069355
2010-05-22 23:46:19.0000002,17.960061724007055
2010-05-22 23:46:19.0000003,12.188740510277015
2014-06-14 12:32:11.0000005,10.393245883424301
2014-06-14 12:32:11.0000002,12.363113731849973
2014-06-14 12:32:11.0000004,12.088033597593375
2014-06-14 12:32:11.0000006,11.75079594443932
2014-06-14 12:32:11.0000003,38.604922643551284
2012-06-09 22:57:15.0000002,6.592784244210012
2012-06-09 22:57:15.0000005,6.96860382962862
2014-04-22 01:28:15.0000001,26.54412711228268
2013-01-31 01:19:15.0000001,19.642656052816744
2013-01-31 01:19:15.0000002,12.58422345115865
2014-12-19 21:54:27.0000003,8.323972458487008
2014-12-19 21:54:27.0000002,17.152081279394416
2014-12-19 21:54:27.0000004,8.917814392607704
2014-12-19 21:54:27.0000001,13.35128258221462
2010-10-22 20:56:51.0000004,6.39029718331119
2010-10-22 20:56:51.0000001,15.89222302843588
2011-10-04 11:48:35.0000004,6.868953259522845
2011-10-04 11:48:35.0000003,12.384026160647986
2011-10-04 11:48:35.0000002,6.938039231291006
2010-12-31 13:32:39.0000001,8.505996204358656
2010-04-10 11:05:27.0000002,6.146046272100403
2010-04-10 11:05:27.0000001,6.938401713780305
2013-10-02 21:12:59.0000001,10.555169173222232
2013-10-02 21:12:59.0000002,12.423578404710492
2013-10-02 21:12:59.0000004,7.807217924456653
2013-10-02 21:12:59.0000005,14.273257426960333
2013-10-02 21:12:59.0000006,12.142495186640554
2013-10-02 21:12:59.0000007,22.97617644844786
2013-10-02 21:12:59.0000008,16.57358292296628
2013-10-02 21:12:59.0000003,26.70943136022258
2009-03-14 05:27:55.0000001,7.420104332473915
2009-04-20 14:05:51.0000003,5.779815664892271
2009-04-20 14:05:51.0000002,15.937764815715832
2009-04-20 14:05:51.0000001,25.188984249174627
2009-04-20 14:05:51.0000004,9.238391548122497
2011-02-21 23:46:07.0000001,5.168466490770721
2010-08-21 20:25:07.0000001,5.5761182411786585
2009-11-16 21:03:31.0000003,10.290141366014497
2009-11-16 21:03:31.0000002,15.67007000735856
2009-11-16 21:03:31.0000004,7.756129716480622
2009-11-16 21:03:31.0000001,16.103915654774838
2014-11-29 11:16:23.0000002,10.242902147989435
2014-11-29 11:16:23.0000001,9.48923660512527
2010-12-01 21:02:35.0000001,7.134373421429745
2010-12-01 21:02:35.0000002,7.604437477984363
2009-04-13 18:30:39.0000002,6.395614275223316
2009-04-13 18:30:39.0000001,7.669098685112121
2010-06-02 19:45:19.0000002,10.883475798090346
2010-06-02 19:45:19.0000001,8.575782472410578
2010-06-02 19:45:19.0000004,9.047656656474132
2012-04-16 14:29:35.0000001,5.046147910099611
2014-08-06 18:15:43.0000001,6.879079129845137
2014-08-06 18:15:43.0000002,15.444822158695787
2010-04-20 11:53:23.0000005,8.130096253092873
2010-04-20 11:53:23.0000002,5.508501214248392
2010-04-20 11:53:23.0000006,5.046147910099611
2010-04-20 11:53:23.0000003,13.626924852262247
2010-04-20 11:53:23.0000004,10.808339115185815
2009-05-21 20:50:31.0000005,9.26019737135196
2009-05-21 20:50:31.0000006,11.751849033748742
2009-05-21 20:50:31.0000002,15.698928567060898
2009-05-21 20:50:31.0000001,14.8098568844511
2014-08-16 21:59:59.0000002,10.523426540258056
2014-08-16 21:59:59.0000001,16.40712007545912
2010-09-13 07:05:39.0000001,5.096609529754727
2010-09-13 07:05:39.0000002,5.077735272854648
2010-01-28 12:25:11.0000001,6.146046272100403
2013-10-13 19:39:55.0000005,5.500024404280833
2013-10-13 19:39:55.0000004,7.728431745210875
2013-10-13 19:39:55.0000007,6.0126832990126085
2013-10-13 19:39:55.0000001,11.331180446794251
2013-10-13 19:39:55.0000003,9.619887761473954
2013-10-13 19:39:55.0000006,5.1780701853908075
2013-10-13 19:39:55.0000002,10.641713087398067
2013-09-20 13:38:55.0000003,7.733960618763991
2013-09-20 13:38:55.0000002,14.002574908826462
2013-09-20 13:38:55.0000006,9.201987816304415
2013-09-20 13:38:55.0000001,10.427588005844592
2014-11-11 12:10:59.0000003,8.002610456072153
2014-11-11 12:10:59.0000002,12.074847716297135
2012-09-09 23:40:03.0000001,16.74886378687812
2013-02-18 11:13:23.0000004,21.683255230373025
2013-02-18 11:13:23.0000001,5.62166187404327
2013-02-18 11:13:23.0000003,28.840349696555894
2013-02-18 11:13:23.0000002,7.518109269327707
2011-06-05 12:38:43.0000002,6.782675007814003
2011-06-05 12:38:43.0000003,6.962609919927696
2011-06-05 12:38:43.0000001,47.329839383205154
2014-11-27 07:37:55.0000001,8.125375833994148
2010-05-23 15:28:55.0000001,10.933090179098558
2012-10-15 20:10:31.0000001,5.688127194052497
2012-10-15 20:10:31.0000004,13.330904737394022
2012-10-15 20:10:31.0000002,15.605806298538191
2012-10-15 20:10:31.0000003,5.7432707980540165
2012-06-27 06:52:39.0000001,8.254144196353534
2013-06-07 13:52:55.0000001,6.614902054624422
2013-06-07 13:52:55.0000002,7.998751257939431
2013-06-07 13:52:55.0000006,28.0381762083736
2013-06-07 13:52:55.0000003,10.479747924091507
2013-06-07 13:52:55.0000004,8.121651995500569
2009-06-04 19:34:15.0000003,10.724699460710658
2009-06-04 19:34:15.0000001,11.887194326176449
2009-06-04 19:34:15.0000004,11.271916418417902
2009-06-04 19:34:15.0000002,9.52139593048064
2013-09-29 22:12:07.0000002,16.883454847521026
2013-09-29 22:12:07.0000003,8.906339173434139
2013-12-04 08:37:11.0000003,9.11913051851223
2013-12-04 08:37:11.0000002,13.979906557814354
2013-12-04 08:37:11.0000001,14.259862202257052
2010-05-02 12:39:55.0000002,9.10320307478888
2009-07-13 01:18:55.0000002,5.096609529754727
2009-07-13 01:18:55.0000001,6.700707314116882
2015-05-20 00:59:15.0000004,5.089196931378638
2015-05-20 00:59:15.0000003,21.77100555221934
2009-12-03 18:02:47.0000001,9.412772078861888
2014-06-24 02:41:11.0000001,31.925480162351132
2012-01-13 02:08:43.0000001,8.360641160317014
2012-08-06 21:07:55.0000001,13.492331497877837
2012-08-06 21:07:55.0000002,10.233017202370844
2012-08-06 21:07:55.0000004,5.796151832434839
2012-08-06 21:07:55.0000005,8.685362867592378
2012-08-06 21:07:55.0000003,7.6440305085387275
2009-07-13 07:32:31.0000001,7.316874047369902
2009-07-13 07:32:31.0000003,6.890627581970359
2009-07-13 07:32:31.0000002,9.666469064430423
2014-09-10 17:52:51.0000001,5.120784294133675
2014-09-10 17:52:51.0000003,9.826223215981734
2014-09-10 17:52:51.0000002,16.41311916286013
2014-09-10 17:52:51.0000005,11.216109011418661
2014-09-10 17:52:51.0000004,10.775497105161174
2009-09-28 19:21:59.0000004,5.046147910099611
2009-09-28 19:21:59.0000005,7.083944654225499
2009-09-28 19:21:59.0000002,6.532000286297753
2009-09-28 19:21:59.0000008,7.775730035568049
2009-09-28 19:21:59.0000001,6.343023426243324
2015-05-23 12:59:39.0000004,11.218703809136507
2015-05-23 12:59:39.0000002,12.918773831368764
2015-05-23 12:59:39.0000001,7.510217619572702
2010-02-10 12:16:03.0000001,5.752933513875734
2010-02-10 12:16:03.0000002,11.756396975325776
2014-01-11 23:10:59.0000004,14.566991712785489
2014-01-11 23:10:59.0000003,18.237240919740955
2014-01-11 23:10:59.0000005,16.54845104336726
2014-01-11 23:10:59.0000001,14.300764799160477
2014-01-11 23:10:59.0000002,23.466821823339878
2010-04-24 20:15:07.0000002,13.515761903554194
2013-08-07 00:31:07.0000001,55.82475500446892
2012-10-21 19:47:23.0000001,5.7432707980540165
2012-10-21 19:47:23.0000003,8.967697227235954
2012-10-21 19:47:23.0000004,11.595372892441153
2013-05-24 07:22:51.0000002,5.6098620234001935
2009-09-13 20:12:31.0000002,5.844518196509637
2009-09-13 20:12:31.0000001,6.825894801407798
2010-10-31 08:51:59.0000002,5.738216168541414
2010-10-31 08:51:59.0000001,16.75763502838306
2013-06-04 23:58:11.0000007,7.747750775454916
2013-06-04 23:58:11.0000001,15.58549102105704
2013-06-04 23:58:11.0000003,10.747534720710437
2013-06-04 23:58:11.0000005,7.510217619572702
2013-06-04 23:58:11.0000002,27.470956208303328
2013-06-04 23:58:11.0000004,10.015290333881778
2013-06-04 23:58:11.0000008,30.12527176696353
2010-03-22 22:11:31.0000001,14.23507239500929
2010-03-22 22:11:31.0000002,7.99745448222665
2011-01-15 12:49:59.0000002,12.90302679483379
2011-01-15 12:49:59.0000001,13.150283578337689
2009-06-13 18:36:47.0000001,14.718844621491241
2009-06-13 18:36:47.0000002,9.73594029616421
2009-06-13 18:36:47.0000003,10.619312291266137
2009-05-06 16:41:35.0000001,9.238391548122497
2014-08-08 17:32:47.0000004,5.089196931378638
2014-08-08 17:32:47.0000001,37.68686051677265
2014-08-08 17:32:47.0000002,14.288834062585432
2014-04-02 11:55:15.0000001,9.68058066751506
2014-04-02 11:55:15.0000002,5.089196931378638
2011-01-04 10:12:51.0000003,6.933933217569752
2011-01-04 10:12:51.0000004,5.369813356076076
2011-01-04 10:12:51.0000001,5.072703209290402
2011-01-04 10:12:51.0000005,4.994208840540739
2010-09-22 09:42:31.0000002,9.851578901589942
2010-09-22 09:42:31.0000004,9.89167754365854
2010-09-22 09:42:31.0000001,7.10417130558143
2013-08-19 19:39:23.0000003,8.356062827841384
2013-08-19 19:39:23.0000001,7.4265237132311235
2014-07-08 10:21:39.0000002,8.356062827841384
2014-07-08 10:21:39.0000006,12.978927212980524
2014-07-08 10:21:39.0000003,4.729657722906039
2014-07-08 10:21:39.0000005,11.98367537210918
2014-07-08 10:21:39.0000004,10.807335119588567
2014-07-08 10:21:39.0000001,4.778564447589293
2015-03-11 16:36:39.0000003,11.98367537210918
2015-03-11 16:36:39.0000001,6.765178996163435
2015-03-11 16:36:39.0000002,17.217882518600167
2015-05-29 18:59:35.0000005,35.92119958503992
2015-05-29 18:59:35.0000004,13.01896685808761
2015-05-29 18:59:35.0000002,7.510217619572702
2015-05-29 18:59:35.0000001,7.65701711245204
2011-10-26 17:48:43.0000001,5.7476796605006975
2011-10-26 17:48:43.0000008,5.7432707980540165
2011-10-26 17:48:43.0000002,9.197572889254435
2011-10-26 17:48:43.0000004,7.584764167404481
2011-10-26 17:48:43.0000003,5.61041067717974
2011-10-26 17:48:43.0000007,4.772192232272203
2014-06-24 09:49:55.0000004,12.65317403779411
2014-06-24 09:49:55.0000007,5.1780701853908075
2014-06-24 09:49:55.0000001,5.10000365011265
2014-06-24 09:49:55.0000006,5.635526337820607
2014-06-24 09:49:55.0000002,10.890470617123297
2014-06-24 09:49:55.0000003,7.510217619572702
2014-06-24 09:49:55.0000005,5.089196931378638
2009-03-14 20:59:19.0000001,12.233984834646055
2009-01-29 18:38:03.0000002,7.13814087220911
2009-01-29 18:38:03.0000001,29.972333240026437
2010-07-23 00:03:59.0000001,14.777580645858073
2013-01-11 12:28:03.0000004,7.767006364509757
2013-01-11 12:28:03.0000003,7.4265237132311235
2013-01-11 12:28:03.0000002,5.120784294133675
2013-01-11 12:28:03.0000005,10.209598515269724
2013-01-11 12:28:03.0000001,7.8187024266267295
2013-02-20 02:00:23.0000001,15.540416502086664
2013-02-20 02:00:23.0000002,5.234010766566006
2013-02-20 02:00:23.0000003,8.713070551597276
2009-11-03 19:53:27.0000004,12.575171806116744
2009-11-03 19:53:27.0000003,6.45425940272226
2009-12-19 21:56:15.0000002,7.363967784227741
2009-12-19 21:56:15.0000001,8.637466362459733
2014-03-22 12:24:03.0000001,37.1941178041231
2014-03-22 12:24:03.0000002,8.522439716497285
2009-12-21 21:20:43.0000003,8.395603128442543
2009-12-21 21:20:43.0000001,9.99332641809595
2009-08-21 15:35:07.0000002,5.340326519588606
2009-08-21 15:35:07.0000004,47.310691243596104
2009-08-21 15:35:07.0000003,5.507796185344427
2010-04-25 13:28:47.0000002,5.3352898239899424
2010-04-25 13:28:47.0000003,23.134998037893816
2010-11-02 18:49:59.0000001,12.767833059926463
2010-11-02 18:49:59.0000003,5.046147910099611
2010-11-02 18:49:59.0000002,8.427991490173554
2011-04-02 00:27:03.0000006,6.881892558676335
2011-04-02 00:27:03.0000002,6.141093065136565
2011-04-02 00:27:03.0000004,5.508501214248392
2011-04-02 00:27:03.0000003,7.425737179276785
2011-04-02 00:27:03.0000005,7.665593441468946
2011-04-02 00:27:03.0000001,6.74620275356386
2013-12-29 12:31:55.0000001,10.28161673492949
2013-12-29 12:31:55.0000002,11.896958102931132
2013-12-29 12:31:55.0000003,8.367412673559368
2012-05-02 12:02:03.0000003,8.119563380271412
2012-05-02 12:02:03.0000002,11.39743305459848
2012-05-02 12:02:03.0000004,5.508501214248392
2012-05-02 12:02:03.0000005,7.009842707581822
2012-05-02 12:02:03.0000001,5.046147910099611
2009-07-21 10:36:43.0000001,5.046147910099611
2009-07-21 10:36:43.0000003,7.4530234711499705
2009-07-21 10:36:43.0000002,6.938401713780305
2012-09-16 18:14:55.0000003,5.046147910099611
2012-09-16 18:14:55.0000001,10.4370143950748
2012-09-16 18:14:55.0000004,6.133848725396544
2010-04-21 06:28:47.0000002,7.316874047369902
2009-03-02 09:30:07.0000001,7.669098685112121
2009-03-02 09:30:07.0000002,5.040790834233747
2010-12-18 15:32:19.0000001,6.938039231291006
2013-02-20 08:23:31.0000001,6.446103743186601
2015-02-11 20:51:51.0000006,33.5016396056421
2015-02-11 20:51:51.0000002,10.114837559613797
2015-02-11 20:51:51.0000003,5.089196931378638
2015-02-11 20:51:51.0000005,6.226204371588876
2015-02-11 20:51:51.0000007,9.769976248816029
2015-02-11 20:51:51.0000004,8.356062827841384
2013-12-07 01:41:59.0000001,11.364202715561717
2013-12-07 01:41:59.0000003,13.978300885320643
2014-03-04 12:06:35.0000002,6.767176575859653
2014-03-04 12:06:35.0000004,9.864446137638252
2014-03-04 12:06:35.0000003,13.01896685808761
2014-03-04 12:06:35.0000001,6.431265183314793
2013-05-21 06:52:59.0000001,16.289016964113532
2013-05-21 06:52:59.0000004,6.487432276984147
2013-05-21 06:52:59.0000002,6.9939990881589935
2009-09-09 08:09:19.0000002,7.150865169269012
2009-09-09 08:09:19.0000001,7.134373421429745
2012-06-22 20:50:55.0000001,17.46278112808436
2010-04-06 09:14:59.0000001,15.334451391464835
2010-04-06 09:14:59.0000003,5.069971357280995
2010-04-06 09:14:59.0000002,30.262921775523218
2009-04-03 07:49:39.0000002,8.225725530335604
2009-04-03 07:49:39.0000001,7.3475903307929595
2011-08-28 16:06:43.0000001,10.950323115010269
2010-12-19 15:52:31.0000001,11.313801810615228
2010-12-19 15:52:31.0000002,5.439725624379388
2010-12-19 15:52:31.0000004,5.046147910099611
2010-12-19 15:52:31.0000003,5.7432707980540165
2014-07-12 00:15:59.0000004,6.238185032164213
2014-07-12 00:15:59.0000003,5.323227536920438
2014-07-12 00:15:59.0000002,8.584060015734128
2009-03-31 10:27:19.0000004,8.195771167655954
2009-03-31 10:27:19.0000002,6.96860382962862
2009-03-31 10:27:19.0000001,17.73771449323456
2014-07-31 10:39:39.0000002,4.9041320379055655
2012-06-02 07:16:31.0000001,5.688616490506133
2012-06-02 07:16:31.0000003,48.041650946099566
2012-06-02 07:16:31.0000002,14.793741058629701
2012-09-27 15:03:15.0000001,34.50677256922037
2012-07-05 02:23:47.0000001,5.508501214248392
2013-09-14 18:28:03.0000002,20.06254889241567
2013-09-14 18:28:03.0000003,19.02207336516626
2009-04-22 04:26:35.0000001,15.67948178931188
2015-02-14 09:08:11.0000003,12.655924493976665
2012-01-19 20:26:35.0000004,5.402741815640469
2012-01-19 20:26:35.0000005,11.994112137706596
2012-01-19 20:26:35.0000001,6.146046272100403
2015-03-13 13:04:59.0000001,10.219309285259989
2015-03-13 13:04:59.0000002,10.793875891020559
2015-03-13 13:04:59.0000006,8.356062827841384
2015-03-13 13:04:59.0000004,5.089196931378638
2015-03-13 13:04:59.0000007,14.489949253062711
2015-03-13 13:04:59.0000003,8.292062294355713
2015-03-13 13:04:59.0000005,6.544829020100743
2013-07-25 13:47:39.0000002,9.028456424377913
2013-07-25 13:47:39.0000001,10.352632992609227
2014-03-07 11:45:35.0000001,10.026907533101518
2014-03-07 11:45:35.0000002,23.68415778505474
2013-10-31 06:09:15.0000001,19.604772495976075
2014-09-11 06:41:15.0000001,5.984825709153943
2014-09-11 06:41:15.0000002,5.089196931378638
2014-09-11 06:41:15.0000004,9.701751904584299
2014-09-11 06:41:15.0000003,12.943761162459658
2012-06-04 09:50:39.0000005,30.888794055402638
2012-06-04 09:50:39.0000003,5.470568453409428
2012-06-04 09:50:39.0000001,11.567448350201591
2012-06-04 09:50:39.0000004,9.951164841584246
2012-06-04 09:50:39.0000002,7.334490918844897
2010-06-07 07:37:55.0000002,6.461226175084033
2010-06-07 07:37:55.0000003,5.096609529754727
2010-06-07 07:37:55.0000001,7.226828434473268
2010-06-07 07:37:55.0000004,5.046147910099611
2015-02-25 18:00:51.0000009,6.52615824386569
2015-02-25 18:00:51.0000006,5.192677866024059
2015-02-25 18:00:51.0000002,24.12911564426777
2015-02-25 18:00:51.0000003,7.059092320036488
2015-02-25 18:00:51.00000010,7.433634281865934
2015-02-25 18:00:51.0000004,7.510217619572702
2015-02-25 18:00:51.0000005,6.3344548621128585
2015-02-08 08:44:03.0000001,14.711183002976206
2010-12-11 15:16:35.0000001,5.7432707980540165
2010-12-11 15:16:35.0000002,5.077735272854648
2014-05-19 18:38:19.0000002,5.5435766892953895
2014-05-19 18:38:19.0000001,9.864446137638252
2009-07-19 08:38:51.0000001,6.938401713780305
2013-08-20 12:05:47.0000001,9.883741150740502
2013-08-20 12:05:47.0000003,8.588015272768926
2013-08-20 12:05:47.0000004,9.873311762376368
2013-08-20 12:05:47.0000002,11.443000489847252
2014-03-11 19:48:15.0000007,9.055410631161964
2014-03-11 19:48:15.0000001,10.785598879085684
2014-03-11 19:48:15.0000005,7.510217619572702
2014-03-11 19:48:15.0000006,11.460326573994136
2014-03-11 19:48:15.0000004,11.655772944175471
2014-03-11 19:48:15.0000002,17.381735369516253
2014-03-11 19:48:15.0000003,10.837036906187816
2013-01-09 02:05:51.0000002,7.112243550233871
2009-08-08 11:41:51.0000001,4.831886342185282
2009-08-08 11:41:51.0000004,11.410039558306105
2009-08-08 11:41:51.0000002,6.538851985721849
2014-06-18 16:08:03.0000001,8.356062827841384
2014-06-18 16:08:03.0000002,15.811508382519696
2013-06-02 16:26:47.0000003,10.076457687982472
2013-06-02 16:26:47.0000002,6.446103743186601
2009-07-29 10:02:47.0000002,7.644907890996178
2009-07-29 10:02:47.0000001,6.880080082689375
2013-02-16 14:26:51.0000002,7.510217619572702
2012-05-11 03:48:31.0000001,6.132922456377843
2010-01-22 05:47:59.0000001,8.788501354058324
2012-11-12 11:57:03.0000002,54.46617657583079
2012-01-04 00:06:39.0000001,6.857684352528944
2010-12-28 20:17:27.0000002,4.895389402226307
2010-12-28 20:17:27.0000001,6.846548080661815
2010-12-28 20:17:27.0000004,5.595140593468191
2009-03-18 08:03:07.0000002,11.441468150690016
2009-03-18 08:03:07.0000001,5.077735272854648
2011-10-07 12:38:19.0000004,13.758949852795872
2011-10-07 12:38:19.0000003,4.70106393019901
2011-10-07 12:38:19.0000002,18.006753243946754
2011-10-07 12:38:19.0000005,9.916439986635824
2009-12-12 22:01:31.0000005,12.071427942261261
2009-12-12 22:01:31.0000002,8.298498462163266
2009-12-12 22:01:31.0000004,5.737092275341947
2009-12-12 22:01:31.0000006,5.096609529754727
2009-12-12 22:01:31.0000003,10.619826446381383
2015-04-19 20:44:15.0000003,17.269513669149088
2015-04-19 20:44:15.0000002,6.446103743186601
2015-04-19 20:44:15.0000004,9.718897927776025
2012-03-23 01:36:31.0000002,6.740497265604104
2012-03-23 01:36:31.0000001,4.70106393019901
2014-10-08 21:24:47.0000001,12.142495186640554
2014-10-08 21:24:47.0000002,12.171790582000563
2011-02-03 01:27:31.0000001,18.036822208314735
2011-05-20 23:42:59.0000002,6.146046272100403
2014-01-04 10:54:59.0000001,19.033825927770593
2014-01-04 10:54:59.0000003,10.313074556831868
2009-11-23 05:45:11.0000001,29.8858540254223
2013-01-22 16:25:11.0000003,9.883741150740502
2013-01-22 16:25:11.0000002,38.859348422101476
2013-01-22 16:25:11.0000001,11.622756597274611
2015-05-12 08:31:07.0000007,36.06521266463349
2015-05-12 08:31:07.0000008,5.192677866024059
2015-05-12 08:31:07.0000001,10.479747924091507
2015-05-12 08:31:07.0000009,8.780530019531092
2015-05-12 08:31:07.0000005,7.577005014853596
2015-05-12 08:31:07.0000006,7.510217619572702
2015-05-12 08:31:07.0000002,33.55543597822146
2015-05-12 08:31:07.0000004,9.322463589298616
2013-09-26 06:58:55.0000001,7.338372131761374
2013-09-26 06:58:55.0000002,11.733126886800191
2014-09-14 23:26:11.0000003,13.348452321197444
2014-09-14 23:26:11.0000002,13.338095037918674
2009-08-26 08:06:15.0000002,11.528466722752308
2009-08-26 08:06:15.0000003,33.90149466394547
2009-08-26 08:06:15.0000001,6.798848555610944
2014-10-13 06:14:51.0000001,7.319116542706533
2013-02-02 16:07:55.0000002,12.106371554011517
2013-02-02 16:07:55.0000001,7.04879634867098
2013-02-02 16:07:55.0000003,8.356062827841384
2014-04-05 01:52:27.0000005,6.200100580405608
2014-04-05 01:52:27.0000001,23.793619388843695
2010-02-23 20:29:51.0000002,6.236048081914734
2010-02-23 20:29:51.0000003,7.248799581321179
2011-01-25 00:01:03.0000002,7.306809414694268
2011-01-25 00:01:03.0000001,11.030159380066607
2013-11-01 13:07:47.0000002,9.875541380467405
2013-11-01 13:07:47.0000001,8.746468130100022
2013-11-01 13:07:47.0000005,9.854230797262256
2013-11-01 13:07:47.0000004,9.864446137638252
2015-03-07 15:25:59.0000004,6.446103743186601
2015-03-07 15:25:59.0000002,20.8769170590869
2015-03-07 15:25:59.0000001,10.393245883424301
2013-10-06 21:05:11.0000002,28.328129361611733
2013-10-06 21:05:11.0000001,11.099520361332479
2009-04-16 15:57:31.0000002,6.820524160316904
2012-02-21 20:45:03.0000002,7.065491264535634
2012-02-21 20:45:03.0000001,8.750046548149585
2010-01-10 12:55:43.0000002,8.702040546131387
2015-01-31 01:05:19.0000004,18.881473633582353
2015-01-31 01:05:19.0000007,24.148125193558897
2015-01-31 01:05:19.0000006,8.078502049262484
2015-01-31 01:05:19.0000001,9.644576140507255
2015-01-31 01:05:19.0000003,5.089196931378638
2015-01-31 01:05:19.0000002,15.27838361408488
2011-10-23 17:43:43.0000001,6.036634861763806
2015-03-16 21:12:19.0000003,24.481021878947363
2015-03-16 21:12:19.0000004,8.323972458487008
2015-03-16 21:12:19.0000005,13.976401616476227
2015-03-16 21:12:19.0000008,17.054964666862023
2015-03-16 21:12:19.0000001,14.51429423703001
2012-09-29 20:16:51.0000001,7.303529429629812
2012-09-29 20:16:51.0000002,23.63996423474581
2012-09-29 20:16:51.0000003,6.583807194585018
2012-09-29 20:16:51.0000005,9.686839507779473
2009-08-03 16:28:07.0000001,4.7765953489531805
2009-08-03 16:28:07.0000003,5.469863424505462
2009-08-03 16:28:07.0000004,6.683808453626864
2009-08-03 16:28:07.0000002,13.27937542510912
2009-07-30 15:49:15.0000003,8.396723762435402
2009-07-30 15:49:15.0000001,7.222385864166216
2009-07-30 15:49:15.0000005,7.145728986850245
2015-01-18 14:06:23.0000005,17.739666408437742
2015-01-18 14:06:23.0000002,21.699122949870354
2015-03-02 14:08:03.0000002,5.089196931378638
2015-03-02 14:08:03.0000001,7.786884281681296
2009-09-07 19:35:39.0000003,7.128379511728822
2009-09-07 19:35:39.0000002,9.608374554515581
2014-07-01 15:15:23.0000004,9.931064946014713
2014-07-01 15:15:23.0000002,16.406646716500322
2014-07-01 15:15:23.0000005,16.929236288587315
2014-07-01 15:15:23.0000006,5.089196931378638
2014-07-01 15:15:23.0000001,31.286842093635272
2013-04-18 02:55:07.0000001,21.145648325940883
2010-02-10 16:57:19.0000001,8.57966692629697
2013-02-15 18:45:39.0000001,11.322786509984317
2011-06-22 01:50:11.0000001,19.23022037762425
2014-05-06 23:54:59.0000002,16.22520456988831
2014-05-06 23:54:59.0000004,5.089196931378638
2014-05-06 23:54:59.0000003,4.933874606752563
2014-05-06 23:54:59.0000001,12.482419436835078
2012-04-23 21:05:31.0000003,21.952638424971273
2012-04-23 21:05:31.0000004,11.891858187877524
2012-04-23 21:05:31.0000002,12.72320733906172
2012-04-23 21:05:31.0000006,5.719346844130826
2012-04-23 21:05:31.0000001,41.92331807582201
2012-04-23 21:05:31.0000005,6.962609919927696
2009-03-20 07:29:39.0000003,6.128874450194832
2009-03-20 07:29:39.0000001,14.693355365588967
2009-03-20 07:29:39.0000002,8.06061018636526
2014-06-25 15:08:19.0000001,7.233846264737653
2014-06-25 15:08:19.0000002,7.764152213201638
2011-06-09 14:51:15.0000003,8.376217456165744
2011-06-09 14:51:15.0000004,7.334490918844897
2011-06-09 14:51:15.0000001,7.644907890996178
2011-06-09 14:51:15.0000002,9.200440974512297
2015-01-27 13:08:24.0000001,5.120784294133675
2011-07-24 14:52:56.0000001,9.750129311243287
2011-10-08 11:53:44.0000001,14.75257199636002
2012-12-01 21:12:12.0000004,5.046147910099611
2013-11-22 15:43:12.0000001,4.729657722906039
2012-07-15 16:45:04.0000005,5.5704302364499
2012-07-15 16:45:04.0000001,6.499325847573654
2014-06-14 13:39:00.00000014,11.55265730335064
2014-06-14 13:39:00.000000113,9.501311079158846
2014-06-14 13:39:00.0000006,7.444721190765153
2014-06-14 13:39:00.000000139,9.501311079158846
2014-06-14 13:39:00.0000004,5.089196931378638
2014-06-14 13:39:00.000000171,10.742667484822098
2014-06-14 13:39:00.00000011,13.27958305626554
2014-06-14 13:39:00.00000064,5.5435766892953895
2014-06-14 13:39:00.00000090,6.5676797360429715
2014-06-14 13:39:00.00000041,6.446103743186601
2014-06-14 13:39:00.00000081,4.8293584071358975
2014-06-14 13:39:00.000000164,9.497436375398367
2014-06-14 13:39:00.00000080,15.64376269088924
2014-06-14 13:39:00.00000026,34.629930681061396
2014-06-14 13:39:00.00000058,8.53609886312173
2014-06-14 13:39:00.000000150,13.678059493456376
2014-06-14 13:39:00.00000030,6.82278190750736
2014-06-14 13:39:00.00000091,4.813935964459896
2014-06-14 13:39:00.000000175,6.446103743186601
2014-06-14 13:39:00.000000101,19.41681399288869
2014-06-14 13:39:00.00000085,8.369737619113947
2014-06-14 13:39:00.000000105,7.510217619572702
2014-06-14 13:39:00.00000069,6.446103743186601
2014-06-14 13:39:00.000000149,84.26601984418105
2010-08-22 21:14:08.0000004,5.046147910099611
2011-06-24 20:34:48.0000003,9.325022382368507
2011-06-24 20:34:48.0000004,5.464543487197696
2011-03-28 20:38:36.0000001,10.308986536195903
2009-10-21 02:11:24.0000001,14.743280321121249
2011-05-21 13:16:20.0000002,9.758472566789624
2015-01-31 20:54:04.0000003,7.510217619572702
2010-05-10 10:37:04.0000001,8.125679538124308
2010-03-20 21:35:20.0000001,10.516148245780691
2010-03-20 21:35:20.0000002,9.186494295171316
2012-08-22 22:39:20.0000004,5.476041947217533
2012-08-22 22:39:20.0000002,10.208391805918275
2012-12-23 02:29:16.0000002,16.05893619272895
2011-10-02 23:36:00.00000031,5.7432707980540165
2011-10-02 23:36:00.00000070,8.31542660571149
2011-10-02 23:36:00.00000068,13.551605374937287
2011-10-02 23:36:00.00000034,15.995552788766595
2011-10-02 23:36:00.00000042,8.796767639537643
2011-10-02 23:36:00.00000032,8.420999569052235
2011-10-02 23:36:00.00000028,5.61041067717974
2011-10-02 23:36:00.00000078,5.046147910099611
2011-10-02 23:36:00.00000027,9.352726952373438
2011-10-02 23:36:00.00000018,5.7432707980540165
2011-10-02 23:36:00.00000061,9.36050020007457
2011-10-02 23:36:00.00000045,5.056954628833623
2011-10-02 23:36:00.00000016,5.609863396141639
2011-10-02 23:36:00.00000052,8.29907361006915
2011-10-02 23:36:00.00000098,8.665097146256507
2011-10-02 23:36:00.00000048,9.353408098334498
2013-03-21 12:47:28.0000004,7.510217619572702
2013-03-21 12:47:28.0000007,5.047157703510744
2010-09-05 22:31:32.0000001,10.322084670859802
2013-07-12 23:33:24.0000003,14.75673015336001
2015-06-08 20:02:56.0000002,14.758238727563414
2011-10-11 22:13:48.0000001,10.8013704755768
2011-10-11 22:13:48.0000004,5.7476796605006975
2013-09-14 16:53:20.0000004,10.358000016215078
2013-09-14 16:53:20.0000003,19.424746677810013
2014-02-06 09:09:56.0000002,9.71645693919986
2009-06-10 16:55:00.00000028,6.626520860124945
2009-06-10 16:55:00.00000020,9.706068113116451
2009-06-10 16:55:00.0000001,5.101012646435704
2009-06-10 16:55:00.000000133,8.119563380271412
2009-06-10 16:55:00.00000026,6.908891003154016
2009-06-10 16:55:00.000000142,16.21750716336674
2009-06-10 16:55:00.00000038,6.311477154993561
2009-06-10 16:55:00.00000042,9.783528810604869
2009-06-10 16:55:00.000000112,5.508501214248392
2009-06-10 16:55:00.00000096,6.1378756633416796
2009-06-10 16:55:00.00000050,8.295478400371087
2009-06-10 16:55:00.00000092,9.783528810604869
2009-06-10 16:55:00.000000167,7.346963548817038
2009-06-10 16:55:00.000000110,5.508501214248392
2009-06-10 16:55:00.00000015,10.816346466072071
2009-06-10 16:55:00.000000104,27.60629854895779
2009-06-10 16:55:00.00000019,47.310691243596104
2009-06-10 16:55:00.000000168,5.311056807269721
2009-06-10 16:55:00.00000059,8.769389165186817
2009-06-10 16:55:00.000000136,8.327085582988436
2009-06-10 16:55:00.00000087,30.32842440538218
2009-06-10 16:55:00.000000134,5.760671528952291
2009-06-10 16:55:00.00000032,6.962609919927696
2013-06-26 11:19:36.0000001,7.518109269327707
2009-05-02 20:11:32.0000002,5.046147910099611
2009-05-02 20:11:32.0000003,12.335742956504873
2011-06-24 12:03:00.00000031,7.644907890996178
2011-06-24 12:03:00.00000064,6.088929057651078
2011-06-24 12:03:00.000000153,13.449512652057098
2011-06-24 12:03:00.00000014,6.146046272100403
2011-06-24 12:03:00.000000192,26.785475076882516
2011-06-24 12:03:00.000000121,6.7586829584295
2011-06-24 12:03:00.000000140,5.046459963995324
2011-06-24 12:03:00.000000155,5.046147910099611
2011-06-24 12:03:00.00000016,5.046147910099611
2011-06-24 12:03:00.00000084,5.8612343203251065
2011-06-24 12:03:00.00000080,4.70106393019901
2011-06-24 12:03:00.000000123,4.749195311457874
2011-06-24 12:03:00.000000125,5.508501214248392
2011-06-24 12:03:00.00000032,8.376217456165744
2011-06-24 12:03:00.000000178,14.135290884685707
2011-06-24 12:03:00.00000090,10.79127506436889
2011-06-24 12:03:00.000000166,39.33674731897727
2011-06-24 12:03:00.000000108,5.504369910512557
2011-06-24 12:03:00.00000098,9.783528810604869
2011-06-24 12:03:00.000000104,28.878813269869045
2011-06-24 12:03:00.00000027,12.542981279334949
2011-06-24 12:03:00.000000151,8.87620579781494
2011-06-24 12:03:00.00000099,11.01094206089042
2011-06-24 12:03:00.00000077,23.442564077041798
2011-06-24 12:03:00.00000019,9.94915214993931
2011-06-24 12:03:00.00000091,8.358803606560588
2011-06-24 12:03:00.000000132,12.061724594667748
2011-06-24 12:03:00.000000161,6.938401713780305
2011-06-24 12:03:00.00000024,5.3352898239899424
2011-06-24 12:03:00.00000034,10.03010962111118
2011-06-24 12:03:00.00000050,15.754810493046737
2011-06-24 12:03:00.00000023,42.02655246852653
2011-06-24 12:03:00.00000049,7.675088280465551
2011-06-24 12:03:00.000000115,11.441468150690016
2011-06-24 12:03:00.0000008,6.623098150993554
2014-06-15 07:06:00.00000021,15.017724614710232
2014-06-15 07:06:00.00000032,8.949643215590353
2014-06-15 07:06:00.00000029,5.173776882379294
2014-06-15 07:06:00.00000043,35.441866153100335
2014-06-15 07:06:00.0000007,6.354006876217455
2014-06-15 07:06:00.00000038,13.728727645111512
2014-06-15 07:06:00.00000020,8.093689990932733
2014-06-15 07:06:00.00000027,55.80527344146173
2012-08-09 01:30:36.0000001,10.330213569795067
2015-05-30 21:29:04.0000002,14.234856069182372
2015-05-30 21:29:04.0000005,9.769976248816029
2009-10-26 12:01:36.0000004,30.262921775523218
2013-02-02 15:45:08.0000004,8.356062827841384
2010-12-14 23:27:36.0000003,5.046147910099611
2010-12-14 23:27:36.0000004,5.7476796605006975
2010-12-14 23:27:36.0000002,8.78195108440304
2014-04-14 13:48:32.0000001,35.84342413044695
2014-04-14 13:48:32.0000002,8.356062827841384
2014-08-07 16:57:56.0000001,8.356062827841384
2009-09-14 02:19:00.00000022,7.808584822150014
2009-09-14 02:19:00.00000010,11.487176357148954
2009-09-14 02:19:00.0000004,5.046147910099611
2009-09-14 02:19:00.00000011,4.87608425324839
2009-09-14 02:19:00.00000023,10.314733636854122
2009-09-14 02:19:00.00000041,5.062077409154452
2009-09-14 02:19:00.00000013,11.30770211182544
2014-03-17 16:07:56.0000001,8.356062827841384
2011-06-12 11:31:48.0000003,5.508501214248392
2011-06-12 11:31:48.0000001,8.110916110193095
2011-06-12 11:31:48.0000002,13.278683146101825
2015-06-24 14:19:52.0000003,11.98367537210918
2010-08-21 22:21:32.0000003,8.076819703207018
2012-01-26 11:17:36.0000001,5.621687622939739
2015-02-27 14:15:52.0000001,11.074100401108684
2015-02-27 14:15:52.0000002,10.410670246859064
2014-09-14 17:22:12.0000004,10.242902147989435
2009-01-02 17:45:40.0000004,31.999211523571045
2009-01-02 17:45:40.0000001,6.146046272100403
2009-01-02 17:45:40.0000002,8.218736848584056
2009-01-02 17:45:40.0000003,5.508501214248392
2009-01-01 11:04:24.0000003,11.552190033122576
2009-01-01 11:04:24.0000001,6.938401713780305
2014-04-28 19:46:36.0000001,6.458956024787019
2011-06-01 07:37:00.000000192,17.79414053186814
2011-06-01 07:37:00.000000115,13.293627443431184
2011-06-01 07:37:00.00000089,6.881892558676335
2011-06-01 07:37:00.00000087,7.640325150103606
2011-06-01 07:37:00.000000173,5.067726196954084
2011-06-01 07:37:00.000000166,8.762085590577854
2011-06-01 07:37:00.00000081,5.7199287340129015
2011-06-01 07:37:00.00000041,5.3352898239899424
2011-06-01 07:37:00.000000102,4.715754884455336
2011-06-01 07:37:00.000000215,12.7174585056458
2011-06-01 07:37:00.0000006,28.99631434506603
2011-06-01 07:37:00.000000161,6.141093065136565
2011-06-01 07:37:00.000000123,5.077735272854648
2011-06-01 07:37:00.000000117,7.505433283534839
2011-06-01 07:37:00.0000004,17.36455986267068
2011-06-01 07:37:00.000000133,9.611547464208948
2011-06-01 07:37:00.000000160,7.160595835695569
2011-06-01 07:37:00.000000136,16.135092045839908
2011-06-01 07:37:00.000000214,8.799031359644212
2011-06-01 07:37:00.00000047,11.135773945628817
2011-06-01 07:37:00.0000001,6.141093065136565
2011-06-01 07:37:00.00000096,5.3440219569453
2011-06-01 07:37:00.000000150,17.679835414578758
2011-06-01 07:37:00.00000072,15.903476432752921
2011-06-01 07:37:00.00000064,7.306809414694268
2010-08-27 18:45:00.00000048,15.589185486828775
2010-08-27 18:45:00.000000210,14.652372981756828
2010-08-27 18:45:00.000000159,4.871127587050229
2010-08-27 18:45:00.00000083,9.791872066151207
2010-08-27 18:45:00.000000145,5.324616278604314
2010-08-27 18:45:00.00000096,7.088033680994786
2010-08-27 18:45:00.00000036,5.830482237745851
2010-08-27 18:45:00.00000088,9.133633024300918
2010-08-27 18:45:00.000000116,11.453723814504963
2010-08-27 18:45:00.000000193,6.938401713780305
2010-08-27 18:45:00.000000121,5.363254907542569
2010-08-27 18:45:00.00000074,15.727806853211307
2010-08-27 18:45:00.00000075,8.844198559257558
2010-08-27 18:45:00.000000130,14.051129520891422
2010-08-27 18:45:00.000000224,6.2264866053190575
2010-08-27 18:45:00.00000072,5.046147910099611
2010-08-27 18:45:00.000000128,8.396723762435402
2010-08-27 18:45:00.000000163,10.950558822697438
2010-08-27 18:45:00.000000171,8.385110798803206
2010-08-27 18:45:00.000000157,10.90749656846412
2010-08-27 18:45:00.000000147,6.2264866053190575
2010-08-27 18:45:00.000000119,5.924446603389721
2010-08-27 18:45:00.000000111,6.1689577878053425
2010-08-27 18:45:00.00000015,19.173025996187103
2010-08-27 18:45:00.00000062,5.513974708056497
2010-08-27 18:45:00.000000127,5.513974708056497
2010-08-27 18:45:00.000000223,4.70106393019901
2010-08-27 18:45:00.000000112,9.238391548122497
2010-08-27 18:45:00.000000201,16.218812709902462
2010-08-27 18:45:00.000000135,12.007638488378143
2010-08-27 18:45:00.00000092,7.644907890996178
2010-08-27 18:45:00.00000056,5.046147910099611
2010-08-27 18:45:00.000000105,9.783528810604869
2010-08-27 18:45:00.000000222,5.101012646435704
2010-08-27 18:45:00.00000023,7.644907890996178
2011-02-12 00:43:24.0000002,6.805015140452623
2014-05-07 06:50:20.0000004,7.707801131346564
2010-08-14 02:13:00.000000131,9.628728393847442
2010-08-14 02:13:00.00000097,7.121718990686702
2010-08-14 02:13:00.00000086,5.046147910099611
2010-08-14 02:13:00.00000051,8.119420672392884
2010-08-14 02:13:00.000000128,5.400757810039449
2010-08-14 02:13:00.00000074,8.442045545224484
2010-08-14 02:13:00.000000169,5.476041947217533
2010-08-14 02:13:00.000000127,8.831053625560854
2010-08-14 02:13:00.00000036,6.445030525638621
2010-08-14 02:13:00.00000068,27.243081519883148
2010-08-14 02:13:00.00000042,22.22925677638244
2010-08-14 02:13:00.000000115,20.25493829149792
2010-08-14 02:13:00.00000029,6.122124607262582
2010-08-14 02:13:00.0000003,40.001410342177564
2010-08-14 02:13:00.00000037,18.177358735375197
2010-08-14 02:13:00.000000121,4.70106393019901
2010-08-14 02:13:00.00000031,5.432087850793314
2010-08-14 02:13:00.00000094,12.990228947233472
2010-08-14 02:13:00.000000136,12.784727456835085
2010-08-14 02:13:00.00000018,8.171303898149043
2010-08-14 02:13:00.000000125,8.34488531761711
2010-08-14 02:13:00.00000041,18.576847441465034
2010-08-14 02:13:00.000000163,16.085968578102793
2010-08-14 02:13:00.000000126,7.358609576520693
2010-08-14 02:13:00.0000008,10.853911122382302
2010-08-14 02:13:00.00000057,5.513974708056497
2010-08-14 02:13:00.00000050,15.847443932331787
2010-08-14 02:13:00.000000152,5.317908616804271
2014-03-25 23:47:00.00000083,7.597588286521105
2014-03-25 23:47:00.000000139,6.4502364145382725
2014-03-25 23:47:00.000000122,21.683255230373025
2014-03-25 23:47:00.00000093,7.510217619572702
2014-03-25 23:47:00.00000039,10.531809786596781
2014-03-25 23:47:00.000000119,7.757525288330008
2014-03-25 23:47:00.00000067,13.474296223737198
2014-03-25 23:47:00.00000034,9.753426787994592
2014-03-25 23:47:00.00000040,14.653606507791672
2014-03-25 23:47:00.000000137,12.255593922482984
2014-03-25 23:47:00.00000076,23.46729026801341
2014-03-25 23:47:00.00000057,10.501490616045103
2014-03-25 23:47:00.000000104,8.896384336860082
2014-03-25 23:47:00.00000069,5.56831910473468
2015-06-05 08:38:56.0000008,19.97234587731102
2010-08-06 20:27:12.0000003,7.261347637104194
2012-08-03 12:33:08.0000001,5.513974708056497
2010-09-29 16:43:00.00000088,10.113306907077593
2010-09-29 16:43:00.00000034,12.332261673140621
2010-09-29 16:43:00.00000069,12.967049045160335
2010-09-29 16:43:00.000000172,9.084969966759678
2010-09-29 16:43:00.000000152,6.360317497176209
2010-09-29 16:43:00.00000084,8.374686623098722
2010-09-29 16:43:00.000000136,5.850696719221707
2010-09-29 16:43:00.000000126,8.543169381525553
2010-09-29 16:43:00.000000171,5.850696719221707
2010-09-29 16:43:00.000000139,5.651648337808815
2010-09-29 16:43:00.0000002,5.850696719221707
2010-09-29 16:43:00.00000070,8.308748485844658
2010-09-29 16:43:00.00000045,5.046147910099611
2010-09-29 16:43:00.0000009,9.456386614937479
2010-09-29 16:43:00.00000057,10.664616861617404
2010-09-29 16:43:00.000000118,6.760454303610555
2010-09-29 16:43:00.00000042,11.030622119569816
2010-09-29 16:43:00.000000130,7.775730035568049
2010-09-29 16:43:00.00000039,6.634539559972984
2010-09-29 16:43:00.00000032,7.04754197348251
2014-10-27 14:58:00.000000101,9.273288950112713
2014-10-27 14:58:00.00000023,10.60498290115658
2014-10-27 14:58:00.0000006,11.98367537210918
2014-10-27 14:58:00.000000113,6.446103743186601
2014-10-27 14:58:00.000000143,4.734462600383526
2014-10-27 14:58:00.00000090,5.580208145482998
2014-10-27 14:58:00.000000104,19.32164834381732
2014-10-27 14:58:00.000000148,38.61816156862489
2014-10-27 14:58:00.00000060,6.496703677014426
2014-10-27 14:58:00.000000129,21.699122949870354
2014-10-27 14:58:00.00000012,17.30020966253544
2014-10-27 14:58:00.00000035,16.71574630833759
2014-10-27 14:58:00.00000036,9.94283816571061
2014-10-27 14:58:00.000000150,9.303135003455713
2014-10-27 14:58:00.00000050,6.561925587239845
2014-10-27 14:58:00.000000103,8.053202291836374
2014-10-27 14:58:00.00000067,6.52615824386569
2014-10-27 14:58:00.00000066,6.289639218680497
2009-10-08 23:44:56.0000003,8.780497531443379
2012-11-03 17:11:00.00000064,12.13299953113902
2012-11-03 17:11:00.00000074,6.433863634910301
2012-11-03 17:11:00.000000132,54.46617657583079
2012-11-03 17:11:00.00000031,8.544004003909539
2012-11-03 17:11:00.00000028,8.942256440668292
2012-11-03 17:11:00.000000102,8.544004003909539
2012-11-03 17:11:00.00000067,8.51015600983608
2012-11-03 17:11:00.000000162,7.777999548305072
2012-11-03 17:11:00.00000054,12.550814957048413
2012-11-03 17:11:00.00000046,6.451447359566837
2012-11-03 17:11:00.000000113,24.593846771041857
2012-11-03 17:11:00.00000093,6.513307873100866
2012-11-03 17:11:00.00000032,7.772804758779361
2012-11-03 17:11:00.00000052,15.876590894671146
2012-11-03 17:11:00.000000147,8.547776399522128
2012-11-03 17:11:00.000000125,7.37287069888538
2012-11-03 17:11:00.00000086,6.8373613053849365
2012-11-03 17:11:00.0000009,8.51015600983608
2012-11-03 17:11:00.000000136,7.005836249871432
2012-11-03 17:11:00.00000077,9.08623268923023
2012-11-03 17:11:00.00000099,14.737134444004173
2012-11-03 17:11:00.00000096,9.648091287368164
2012-11-03 17:11:00.000000161,7.189253117362809
2012-11-03 17:11:00.000000124,9.640439175195704
2012-11-03 17:11:00.00000016,17.99368354721737
2012-11-03 17:11:00.00000058,4.705868807676497
2012-11-03 17:11:00.00000083,9.08623268923023
2012-11-03 17:11:00.00000082,8.261194076621942
2012-11-03 17:11:00.00000075,39.720703211198206
2012-11-03 17:11:00.00000061,9.942694519545634
2012-11-03 17:11:00.00000012,7.2079925763007076
2012-11-03 17:11:00.00000057,4.70106393019901
2012-11-03 17:11:00.00000037,5.08308072357175
2012-11-03 17:11:00.000000106,6.583807194585018
2009-05-07 13:58:32.0000002,27.23357175647126
2011-05-28 17:29:44.0000001,82.74076408571233
2011-05-28 17:29:44.0000004,29.640407891453002
2011-12-25 21:26:32.0000002,7.10417130558143
2009-05-06 01:49:12.0000002,15.971967729984126
2009-05-06 01:49:12.0000004,6.141093065136565
2011-03-11 01:44:00.00000030,8.133008677815091
2011-03-11 01:44:00.00000027,33.65025610640613
2011-03-11 01:44:00.0000009,8.112893338754706
2011-03-11 01:44:00.00000047,27.926227109610615
2011-03-11 01:44:00.00000092,5.046147910099611
2011-03-11 01:44:00.0000006,12.049439148558024
2011-03-11 01:44:00.00000056,13.41848283996933
2011-03-11 01:44:00.00000081,12.111081436525428
2011-03-11 01:44:00.00000039,7.3475903307929595
2011-03-11 01:44:00.00000077,19.505222397583815
2011-03-11 01:44:00.00000059,15.010272099757396
2011-03-11 01:44:00.00000028,6.887527869193445
2011-03-11 01:44:00.00000036,13.43574608169639
2011-03-11 01:44:00.00000038,21.618181648016293
2011-03-11 01:44:00.00000065,17.146778264511653
2011-03-11 01:44:00.0000003,7.0856306779479095
2013-01-27 00:09:12.0000003,8.22356425592464
2012-01-07 11:21:56.0000003,5.046147910099611
2012-01-07 11:21:56.0000001,6.96860382962862
2012-10-31 12:17:24.0000002,10.967987462677536
2012-10-20 02:05:08.0000003,7.2049998167293765
2014-10-11 15:11:24.0000003,4.729657722906039
2009-08-17 12:27:08.0000002,9.389197299162664
2014-04-09 09:23:12.0000004,13.733011108116997
2009-11-25 19:32:52.0000004,5.737092275341947
2014-05-30 00:09:16.0000007,6.46469125342955
2014-05-30 00:09:16.0000006,18.906863560779428
2013-01-07 17:08:32.0000002,9.890225546602414
2013-02-18 17:37:28.0000001,5.53873782461032
2011-10-04 09:37:00.00000038,13.006249889340804
2011-10-04 09:37:00.00000095,9.494937520598603
2011-10-04 09:37:00.00000015,7.804067708379589
2011-10-04 09:37:00.00000022,30.284148562628026
2011-10-04 09:37:00.00000052,9.902250971556748
2011-10-04 09:37:00.000000141,11.351194064374997
2011-10-04 09:37:00.000000179,14.278710589820898
2011-10-04 09:37:00.000000148,6.45425940272226
2011-10-04 09:37:00.00000014,6.933848466283357
2011-10-04 09:37:00.00000085,5.7432707980540165
2011-10-04 09:37:00.000000162,10.113306907077593
2011-10-04 09:37:00.00000034,30.35320879108589
2011-10-04 09:37:00.00000037,14.75257199636002
2011-10-04 09:37:00.000000111,12.967953492183053
2011-10-04 09:37:00.00000061,4.70106393019901
2011-10-04 09:37:00.000000199,7.128379511728822
2011-10-04 09:37:00.000000158,18.044535762813325
2011-10-04 09:37:00.000000149,7.775730035568049
2011-10-04 09:37:00.00000069,17.71083575638215
2011-10-04 09:37:00.00000077,9.11913051851223
2011-10-04 09:37:00.000000165,14.583000151642834
2011-10-04 09:37:00.00000044,10.936075723769145
2011-10-04 09:37:00.000000191,12.908411457675724
2011-10-04 09:37:00.000000164,5.7432707980540165
2011-10-04 09:37:00.000000135,5.077735272854648
2011-10-04 09:37:00.000000190,13.571236758527018
2011-10-04 09:37:00.000000163,16.47860476083468
2011-10-04 09:37:00.00000054,24.57620267807845
2011-10-04 09:37:00.000000177,9.62528407458851
2011-10-04 09:37:00.00000064,5.106201757612793
2011-10-04 09:37:00.0000003,10.874781274452738
2011-10-04 09:37:00.000000196,26.71572770267299
2011-10-04 09:37:00.000000155,5.748815539223777
2012-10-23 14:15:04.0000002,9.101684784250695
2012-10-18 21:06:20.0000009,8.307676058937991
2012-10-18 21:06:20.0000007,9.427086009436884
2014-12-24 03:00:00.00000016,16.758460035591916
2014-12-24 03:00:00.00000025,10.481541716358176
2014-12-24 03:00:00.00000029,7.3232743026229254
2014-12-24 03:00:00.00000040,11.231133679047666
2014-12-24 03:00:00.0000007,5.120784294133675
2014-12-24 03:00:00.00000019,7.012600994064766
2014-12-24 03:00:00.00000039,5.911807788516416
2010-10-07 10:54:20.0000003,47.372970010170455
2011-02-21 20:11:08.0000006,8.750046548149585
2009-10-04 22:54:56.0000002,14.011335286897793
2015-04-11 20:31:32.00000011,7.826931510390063
2015-04-11 20:31:32.0000005,12.159439313808575
2011-02-20 12:31:04.0000002,6.962609919927696
2013-01-01 22:04:56.0000002,9.769976248816029
2013-01-01 22:04:56.0000003,8.637903335186468
2013-04-23 17:52:44.0000003,55.80527344146173
2010-01-01 13:19:40.0000004,13.193648888727644
2010-03-06 23:51:08.0000003,13.604039386646686
2014-04-27 02:57:00.000000155,11.400853102140541
2014-04-27 02:57:00.00000072,10.252566840953817
2014-04-27 02:57:00.00000043,8.632028772715651
2014-04-27 02:57:00.00000073,13.98446356576161
2014-04-27 02:57:00.00000013,16.377964630332926
2014-04-27 02:57:00.000000191,6.9932887968967075
2014-04-27 02:57:00.000000171,18.275253283052255
2014-04-27 02:57:00.000000162,21.303807661066493
2014-04-27 02:57:00.00000082,13.820030690579234
2014-04-27 02:57:00.00000023,7.938640578850457
2014-04-27 02:57:00.000000137,6.9939990881589935
2014-04-27 02:57:00.00000057,17.069747247209612
2014-04-27 02:57:00.000000174,5.133825879381424
2014-04-27 02:57:00.00000012,5.089196931378638
2014-04-27 02:57:00.000000158,5.120784294133675
2014-04-27 02:57:00.000000138,36.39538968252621
2014-04-27 02:57:00.000000172,11.367210472354554
2014-04-27 02:57:00.000000195,11.422306604766177
2014-04-27 02:57:00.000000131,8.104508127080157
2014-04-27 02:57:00.000000140,16.106189030960135
2014-04-27 02:57:00.000000154,5.120784294133675
2014-04-27 02:57:00.00000036,7.452739364149806
2014-04-27 02:57:00.000000153,11.558417005790488
2014-04-27 02:57:00.000000164,7.188963018932669
2014-04-27 02:57:00.00000031,8.104508127080157
2014-04-27 02:57:00.000000116,26.24893783133443
2014-04-27 02:57:00.000000187,9.258661590402289
2011-01-18 10:26:40.0000001,13.620464108056636
2011-12-13 22:00:00.000000185,10.755040531509874
2011-12-13 22:00:00.000000117,29.664511582288224
2011-12-13 22:00:00.00000037,12.99943764576863
2011-12-13 22:00:00.000000171,7.756129716480622
2011-12-13 22:00:00.000000194,12.521471680597928
2011-12-13 22:00:00.000000237,5.61041067717974
2011-12-13 22:00:00.000000160,7.063753926820222
2011-12-13 22:00:00.000000145,4.91530216125522
2011-12-13 22:00:00.00000035,11.339283220553867
2011-12-13 22:00:00.00000081,5.077735272854648
2011-12-13 22:00:00.00000015,8.262905788285275
2011-12-13 22:00:00.000000118,8.395603128442543
2011-12-13 22:00:00.000000140,8.629120540127353
2011-12-13 22:00:00.00000092,21.50923628744566
2011-12-13 22:00:00.00000047,6.45425940272226
2011-12-13 22:00:00.000000119,7.04754197348251
2011-12-13 22:00:00.00000077,5.61041067717974
2011-12-13 22:00:00.00000096,8.248420723899335
2011-12-13 22:00:00.000000152,16.106833265846998
2011-12-13 22:00:00.000000198,8.919434661761901
2011-12-13 22:00:00.00000043,6.6721304802715755
2011-12-13 22:00:00.000000115,5.637562029397335
2011-12-13 22:00:00.000000236,5.046147910099611
2011-12-13 22:00:00.000000200,6.028016380538884
2011-12-13 22:00:00.0000001,18.314188465188266
2011-12-13 22:00:00.000000251,7.753383458025297
2011-12-13 22:00:00.00000049,7.04754197348251
2011-12-13 22:00:00.00000034,10.485975613327748
2011-12-13 22:00:00.000000262,6.45425940272226
2011-12-13 22:00:00.00000018,20.955142355985203
2011-12-13 22:00:00.000000108,5.731694053784846
2011-12-13 22:00:00.00000084,6.817318081610954
2014-05-13 07:33:52.0000005,6.546755701430978
2011-06-30 09:37:08.0000001,9.23001948036404
2009-01-28 16:36:28.0000004,9.32460205209266
2010-07-21 22:06:12.0000004,14.358345185005156
2013-05-24 13:37:32.0000003,13.941149607502057
2013-05-24 13:37:32.0000002,5.1780701853908075
2014-03-05 21:07:12.0000002,4.9041320379055655
2014-03-05 21:07:12.0000005,5.1780701853908075
2009-11-28 15:07:24.0000002,6.6721304802715755
2010-07-31 15:47:28.0000002,12.576707573858961
2013-11-22 15:36:36.0000001,12.187517324977987
2011-06-26 18:48:08.0000003,7.126204205476418
2011-10-17 18:49:20.0000001,10.936075723769145
2011-10-17 18:49:20.0000004,7.542299825463438
2014-07-21 18:19:00.00000053,8.356062827841384
2014-07-21 18:19:00.00000085,10.15253698956262
2014-07-21 18:19:00.000000175,7.510217619572702
2014-07-21 18:19:00.00000076,12.63483608137597
2014-07-21 18:19:00.000000147,11.80938666790523
2014-07-21 18:19:00.0000001,16.82630270178706
2014-07-21 18:19:00.0000007,8.356062827841384
2014-07-21 18:19:00.000000234,11.098829013601364
2014-07-21 18:19:00.000000188,8.971100571956937
2014-07-21 18:19:00.00000024,10.145148288111043
2014-07-21 18:19:00.000000158,5.528897525993781
2014-07-21 18:19:00.00000093,12.466779326581795
2014-07-21 18:19:00.00000081,7.545730491703717
2014-07-21 18:19:00.000000206,7.510217619572702
2014-07-21 18:19:00.00000095,23.030986944535467
2014-07-21 18:19:00.000000164,4.783596511153538
2014-07-21 18:19:00.00000062,6.561925587239845
2014-07-21 18:19:00.000000140,11.942924945630711
2014-07-21 18:19:00.000000155,14.23380976757562
2014-07-21 18:19:00.000000170,9.932145299077309
2014-07-21 18:19:00.000000238,21.617738463045534
2014-07-21 18:19:00.000000207,9.870930533500164
2014-07-21 18:19:00.00000016,16.358432712743117
2014-07-21 18:19:00.000000237,13.01896685808761
2014-07-21 18:19:00.00000045,6.2146729832258485
2014-07-21 18:19:00.000000110,6.503822591212825
2014-07-21 18:19:00.000000157,5.1780701853908075
2014-07-21 18:19:00.000000236,11.98367537210918
2014-07-21 18:19:00.000000151,7.510217619572702
2014-07-21 18:19:00.000000192,4.831587370163397
2014-07-21 18:19:00.00000086,6.446103743186601
2014-07-21 18:19:00.00000040,7.510217619572702
2014-07-21 18:19:00.000000209,4.960189617608353
2014-07-21 18:19:00.000000138,13.733011108116997
2014-07-21 18:19:00.000000131,12.085118262296515
2014-07-21 18:19:00.000000243,8.356062827841384
2014-07-21 18:19:00.000000199,16.887373500485566
2014-07-21 18:19:00.00000041,13.979906557814354
2014-07-21 18:19:00.000000180,12.978927212980524
2014-07-21 18:19:00.00000052,7.325644462995518
2014-07-21 18:19:00.00000084,7.0846171669541045
2011-06-13 09:55:04.0000006,7.644907890996178
2011-06-13 09:55:04.0000002,25.300399525549157
2014-12-27 22:31:56.0000001,11.023700714090053
2014-12-27 22:31:56.0000003,28.328161201551325
2010-09-20 16:48:00.00000050,9.029593556715817
2010-09-20 16:48:00.00000055,7.775730035568049
2010-09-20 16:48:00.000000154,9.43970792637344
2010-09-20 16:48:00.000000106,14.056080549552858
2010-09-20 16:48:00.000000163,19.087864212699884
2010-09-20 16:48:00.000000121,40.58677685749669
2010-09-20 16:48:00.000000111,47.310691243596104
2010-09-20 16:48:00.000000124,9.424082741345027
2010-09-20 16:48:00.000000143,4.98392282291076
2010-09-20 16:48:00.000000131,7.128379511728822
2010-09-20 16:48:00.000000137,29.247430344142074
2010-09-20 16:48:00.000000142,7.767911670002981
2010-09-20 16:48:00.00000036,6.45425940272226
2010-09-20 16:48:00.0000007,13.323431044196175
2010-09-20 16:48:00.000000112,11.246649570202543
2010-09-20 16:48:00.000000104,9.816923911922766
2010-09-20 16:48:00.00000056,14.631451806354253
2010-09-20 16:48:00.000000114,7.04754197348251
2010-09-20 16:48:00.000000152,5.046147910099611
2010-09-20 16:48:00.00000072,25.187239228731563
2010-09-20 16:48:00.0000004,10.936075723769145
2010-09-20 16:48:00.00000058,17.573540506720757
2010-09-20 16:48:00.00000081,8.505996204358656
2010-09-20 16:48:00.000000116,6.830686331970444
2010-09-20 16:48:00.00000040,11.535471402086793
2010-09-20 16:48:00.00000019,13.136268579328652
2010-09-20 16:48:00.000000134,8.441738203468363
2010-09-20 16:48:00.00000084,47.310691243596104
2010-09-20 16:48:00.00000016,9.029593556715817
2010-09-20 16:48:00.000000103,5.077735272854648
2012-08-20 14:47:36.0000001,6.894932176992297
2011-12-01 01:36:08.0000001,5.046147910099611
2014-03-29 14:59:28.0000001,12.793393420332716
2014-08-18 01:19:48.0000001,9.113426741970258
2012-04-30 20:04:20.0000001,5.096609529754727
2013-07-13 18:28:20.0000003,55.35534446127818
2014-10-07 19:04:08.0000003,5.1780701853908075
2014-10-07 19:04:08.0000001,6.561925587239845
2013-08-21 09:32:24.0000001,5.089196931378638
2015-01-26 07:13:44.0000001,37.03191503575333
2011-03-06 21:01:00.0000003,12.079517386565112
2011-03-06 21:01:00.000000155,5.046147910099611
2011-03-06 21:01:00.000000164,5.077735272854648
2011-03-06 21:01:00.000000131,8.243459416772128
2011-03-06 21:01:00.00000091,8.250716516843704
2011-03-06 21:01:00.000000144,14.865994163809829
2011-03-06 21:01:00.000000132,5.508501214248392
2011-03-06 21:01:00.000000134,5.464543487197696
2011-03-06 21:01:00.000000110,4.705868807676497
2011-03-06 21:01:00.00000058,5.508501214248392
2011-03-06 21:01:00.00000081,22.738488247700506
2011-03-06 21:01:00.00000048,17.31743458592565
2011-03-06 21:01:00.00000079,8.688805634543307
2011-03-06 21:01:00.000000142,12.992860877164999
2011-03-06 21:01:00.00000090,10.552034023099857
2011-03-06 21:01:00.000000125,6.812112485034833
2011-03-06 21:01:00.000000119,4.70106393019901
2011-03-06 21:01:00.000000117,14.364290475335437
2011-03-06 21:01:00.00000065,8.936110929955511
2011-03-06 21:01:00.000000163,5.760671528952291
2011-03-06 21:01:00.000000159,7.613850119069355
2011-03-06 21:01:00.000000112,5.530602708208263
2011-03-06 21:01:00.00000013,30.125344320720796
2011-03-06 21:01:00.000000121,7.613850119069355
2011-03-06 21:01:00.000000152,5.077735272854648
2011-03-06 21:01:00.00000059,11.852680643830093
2011-03-06 21:01:00.00000041,5.096061904921212
2011-03-06 21:01:00.000000174,8.525920576361571
2011-03-06 21:01:00.000000171,7.613850119069355
2011-03-06 21:01:00.00000069,14.36985152445334
2011-03-06 21:01:00.00000050,5.046147910099611
2011-03-06 21:01:00.00000039,8.159615355529148
2011-03-06 21:01:00.00000082,9.48846220708455
2011-03-06 21:01:00.000000165,6.674585130078882
2011-03-06 21:01:00.000000103,5.3352898239899424
2011-03-06 21:01:00.00000063,5.508501214248392
2011-03-06 21:01:00.000000100,14.741416020025765
2011-03-06 21:01:00.000000124,9.518148233351265
2011-03-06 21:01:00.000000126,6.484723660687451
2011-03-06 21:01:00.00000068,6.96860382962862
2011-03-06 21:01:00.00000030,7.067574453418607
2009-11-24 08:58:48.0000008,6.509916293600074
2009-11-24 08:58:48.0000004,8.354833336438004
2011-05-30 09:32:56.0000002,5.101012646435704
2010-01-02 12:20:32.0000001,8.319518403720851
2010-10-05 02:09:00.00000026,7.077228484356532
2010-10-05 02:09:00.00000016,5.615465306692344
2010-10-05 02:09:00.00000019,19.560236264356526
2010-10-05 02:09:00.00000014,6.39802401180367
2010-10-05 02:09:00.0000004,8.161441535704137
2010-10-05 02:09:00.00000025,15.72406628346095
2010-10-05 02:09:00.0000009,8.474172014342493
2012-01-25 22:43:44.0000005,5.508501214248392
2010-12-01 22:04:52.0000002,7.756129716480622
2013-06-23 02:54:32.0000001,19.393974348601194
2013-11-18 15:07:28.0000003,9.99495803468807
2013-08-06 23:56:32.0000002,7.518109269327707
2013-08-06 23:56:32.0000001,27.23051563977656
2012-03-10 02:36:04.0000004,5.046147910099611
2014-04-13 17:35:52.0000001,10.3969979048185
2013-09-14 16:03:12.0000001,11.55389219309466
2013-09-14 16:03:12.0000002,6.5676797360429715
2013-09-14 16:03:12.0000003,6.446103743186601
2014-04-05 18:27:08.0000001,9.495721000987183
2014-04-05 18:27:08.0000002,5.192677866024059
2009-12-02 15:59:56.0000003,5.342320811027685
2010-01-03 02:03:40.0000001,4.871127587050229
2011-01-30 14:38:24.0000001,10.791347803981534
2011-04-16 21:23:16.0000005,8.234566074134664
2009-05-31 21:24:56.0000002,8.678146854049151
2009-07-14 17:59:12.0000002,12.550486438418089
2009-12-18 12:37:04.0000003,6.45425940272226
2012-11-21 15:12:48.0000002,5.051817039861188
2011-10-07 22:08:20.0000002,7.128379511728822
2011-10-07 22:08:20.0000001,10.347177526057065
2011-10-07 22:08:20.0000004,10.431763093181923
2013-09-24 21:16:40.0000008,5.981669195785276
2013-09-24 21:16:40.0000005,5.089196931378638
2014-01-25 12:36:52.0000003,10.847052448614917
2012-01-26 07:33:00.000000101,5.508501214248392
2012-01-26 07:33:00.00000057,13.42289911019832
2012-01-26 07:33:00.000000175,6.799362721438012
2012-01-26 07:33:00.00000024,7.644693504123004
2012-01-26 07:33:00.00000097,5.046147910099611
2012-01-26 07:33:00.000000115,17.88446922022643
2012-01-26 07:33:00.00000039,5.499791809289537
2012-01-26 07:33:00.000000161,6.677473827275691
2012-01-26 07:33:00.000000173,7.686189242870547
2012-01-26 07:33:00.000000183,9.707159560645437
2012-01-26 07:33:00.00000020,10.438719418307436
2012-01-26 07:33:00.00000022,8.76917905628337
2012-01-26 07:33:00.000000136,9.084969966759678
2012-01-26 07:33:00.0000008,15.190148253021821
2012-01-26 07:33:00.000000100,9.586433150949052
2012-01-26 07:33:00.00000023,9.07862401576885
2012-01-26 07:33:00.00000056,6.881892558676335
2012-01-26 07:33:00.00000018,8.08002252280103
2012-01-26 07:33:00.00000076,18.56280461995764
2012-01-26 07:33:00.00000080,7.3475903307929595
2012-01-26 07:33:00.000000104,8.26084327845789
2012-01-26 07:33:00.00000082,5.508501214248392
2012-01-26 07:33:00.00000025,5.470568453409428
2012-01-26 07:33:00.000000181,13.46284249474615
2012-01-26 07:33:00.000000105,5.513036702294237
2015-03-20 23:34:40.0000001,8.914538943707235
2015-03-20 23:34:40.0000008,8.66816646259425
2015-03-20 23:34:40.0000003,20.15428255414021
2013-12-14 03:20:48.0000003,10.804858627957692
2010-12-09 07:29:00.000000164,10.885489097444033
2010-12-09 07:29:00.000000141,12.224965510120237
2010-12-09 07:29:00.00000073,8.360936818944573
2010-12-09 07:29:00.00000062,5.7432707980540165
2010-12-09 07:29:00.000000139,7.30907603988907
2010-12-09 07:29:00.00000079,5.31010077018777
2010-12-09 07:29:00.000000145,7.804361057148154
2010-12-09 07:29:00.0000006,5.70387790397072
2010-12-09 07:29:00.00000066,5.046147910099611
2010-12-09 07:29:00.000000171,8.856230567878379
2010-12-09 07:29:00.000000136,8.345164621270463
2010-12-09 07:29:00.00000026,20.786014218084254
2010-12-09 07:29:00.00000044,5.046147910099611
2010-12-09 07:29:00.00000083,9.0945514594922
2010-12-09 07:29:00.00000028,7.289000170272224
2010-12-09 07:29:00.000000168,11.475706168451952
2010-12-09 07:29:00.000000180,6.39029718331119
2010-12-09 07:29:00.00000094,7.054058104975778
2010-12-09 07:29:00.00000080,47.372970010170455
2010-12-09 07:29:00.000000181,10.300802072916332
2010-12-09 07:29:00.00000086,9.766585693416022
2011-09-25 13:01:20.0000002,5.836829650001041
2014-02-20 18:49:04.0000001,11.98367537210918
2010-08-21 23:02:28.0000004,5.508920078543894
2010-08-21 23:02:28.0000001,14.333279413369539
2010-08-21 23:02:28.0000002,6.938401713780305
2012-05-08 03:50:00.00000017,21.470666282092548
2012-05-08 03:50:00.00000010,7.191352111380979
2012-05-08 03:50:00.0000005,6.632469506205383
2009-07-31 07:30:56.0000003,17.720448609946047
2012-03-06 07:33:04.0000001,11.429632738230183
2015-03-12 19:43:24.0000006,34.88202401814188
2014-01-18 17:43:28.0000001,10.242902147989435
2011-09-04 01:36:36.0000001,7.009623247472456
2010-08-09 08:53:56.0000001,6.858728998513044
2015-02-01 00:48:44.0000002,5.089196931378638
2014-01-26 15:28:52.0000001,10.519417440252594
2014-01-26 15:28:52.0000002,14.397146890845015
2011-12-06 11:07:40.0000004,11.002508615513086
2011-07-12 19:41:48.0000001,9.00171509814376
2010-09-16 14:27:16.0000002,7.128379511728822
2015-02-14 20:20:56.0000003,5.432002133532375
2009-01-22 12:27:20.0000002,13.00720033483329
2011-04-23 21:22:20.0000003,9.317930280628435
2011-04-23 21:22:20.0000004,14.639766457761983
2015-02-21 18:39:16.0000003,5.089196931378638
2015-02-21 18:39:16.0000004,7.842957805964334
2009-04-23 00:05:40.0000002,7.734756856792728
2013-03-09 21:40:52.0000001,9.769976248816029
2010-07-22 09:37:12.0000002,30.460530380418916
2012-07-31 02:46:40.0000001,7.482272821544647
2015-02-21 17:23:28.0000004,14.678927358049096
2012-11-19 22:15:32.0000001,8.592802009770303
2009-01-26 18:26:48.0000005,6.880080082689375
2009-09-22 11:47:24.0000001,9.985682002418569
2012-07-05 18:30:36.0000004,5.508501214248392
2012-11-20 21:54:00.000000225,6.451447359566837
2012-11-20 21:54:00.00000025,10.950417308433956
2012-11-20 21:54:00.00000036,18.2909728797528
2012-11-20 21:54:00.000000102,14.237984654025716
2012-11-20 21:54:00.000000105,22.399910863378008
2012-11-20 21:54:00.000000167,16.138777433335605
2012-11-20 21:54:00.000000186,7.247433479785521
2012-11-20 21:54:00.000000172,6.583807194585018
2012-11-20 21:54:00.000000202,14.35566085779572
2012-11-20 21:54:00.000000179,36.834625932336856
2012-11-20 21:54:00.000000110,8.86806808218426
2012-11-20 21:54:00.00000076,7.303529429629812
2012-11-20 21:54:00.000000195,18.86155293668739
2012-11-20 21:54:00.000000131,31.845451008356267
2012-11-20 21:54:00.0000002,12.642459453480278
2012-11-20 21:54:00.00000068,25.286169519203163
2012-11-20 21:54:00.000000138,8.933126042948388
2012-11-20 21:54:00.00000090,8.481902416266477
2012-11-20 21:54:00.000000169,7.2079925763007076
2012-11-20 21:54:00.00000065,8.35102344364877
2012-11-20 21:54:00.000000121,20.68069063215297
2012-11-20 21:54:00.00000024,5.106201757612793
2012-11-20 21:54:00.000000123,9.393614932846932
2012-11-20 21:54:00.000000100,10.38709661585171
2012-11-20 21:54:00.0000004,7.001044719308787
2012-11-20 21:54:00.00000098,5.072703209290402
2012-11-20 21:54:00.000000205,5.979722642006859
2012-11-20 21:54:00.000000103,24.70691746033127
2012-11-20 21:54:00.00000092,13.536790514379023
2012-11-20 21:54:00.00000040,7.2079925763007076
2012-11-20 21:54:00.00000069,24.563315477583277
2012-11-20 21:54:00.000000148,14.793732442704755
2012-11-20 21:54:00.000000233,5.7432707980540165
2014-06-23 00:16:00.00000054,14.191229450307803
2014-06-23 00:16:00.00000059,36.150889926300344
2014-06-23 00:16:00.00000051,8.611091772400988
2014-06-23 00:16:00.00000012,11.527093246159593
2014-06-23 00:16:00.00000046,46.310947528822716
2014-06-23 00:16:00.00000032,7.328891055581625
2014-06-23 00:16:00.00000017,10.95838367282069
2014-06-23 00:16:00.0000006,5.882596378884663
2014-06-23 00:16:00.00000084,9.16607691149441
2014-06-23 00:16:00.00000021,48.96752488980573
2014-06-23 00:16:00.0000007,10.239028339894602
2014-06-23 00:16:00.00000045,8.137619214758825
2014-06-23 00:16:00.00000083,28.643866581202236
2014-06-23 00:16:00.00000048,33.54961057563241
2014-06-23 00:16:00.00000058,8.312183653552985
2014-06-23 00:16:00.00000075,8.94296697102797
2014-06-23 00:16:00.00000027,9.453363406964755
2014-06-23 00:16:00.00000031,9.029141977917783
2009-04-25 10:52:56.0000001,10.03010962111118
2009-04-25 10:52:56.0000003,5.664985494812658
2009-04-20 11:11:40.0000002,9.217437062887923
2009-10-22 21:57:36.0000001,15.304629232373966
2013-11-28 11:00:04.0000001,9.864446137638252
2014-05-25 15:07:04.0000001,5.192677866024059
2011-08-18 13:00:16.0000001,5.7743661168890155
2013-09-25 22:00:00.000000167,8.372507546019895
2013-09-25 22:00:00.00000033,6.446103743186601
2013-09-25 22:00:00.000000122,12.114471621031702
2013-09-25 22:00:00.000000236,9.617880638141083
2013-09-25 22:00:00.000000193,14.975149960813676
2013-09-25 22:00:00.000000239,6.52615824386569
2013-09-25 22:00:00.00000086,14.554169230783188
2013-09-25 22:00:00.000000201,12.171790582000563
2013-09-25 22:00:00.000000170,17.37512597668146
2013-09-25 22:00:00.00000080,5.1780701853908075
2013-09-25 22:00:00.00000021,5.62166187404327
2013-09-25 22:00:00.000000240,7.9433947932073865
2013-09-25 22:00:00.00000046,16.78186847712735
2013-09-25 22:00:00.000000231,32.70146511564244
2013-09-25 22:00:00.00000027,8.888054299721563
2013-09-25 22:00:00.00000045,6.46608368515973
2013-09-25 22:00:00.000000108,8.274636583552258
2013-09-25 22:00:00.000000125,10.531809786596781
2013-09-25 22:00:00.000000232,7.510217619572702
2013-09-25 22:00:00.000000184,14.149180845964592
2013-09-25 22:00:00.00000096,11.344142079487655
2013-09-25 22:00:00.000000158,10.037012461925142
2013-09-25 22:00:00.000000131,17.63476080150796
2013-09-25 22:00:00.000000207,6.614902054624422
2013-09-25 22:00:00.00000068,8.421303848271629
2013-09-25 22:00:00.000000194,13.506346347788336
2013-09-25 22:00:00.00000011,55.82475500446892
2013-09-25 22:00:00.000000243,19.34817016791241
2013-09-25 22:00:00.000000138,14.53854346489703
2013-09-25 22:00:00.00000069,8.231420097361562
2013-09-25 22:00:00.00000067,7.510217619572702
2013-09-25 22:00:00.000000152,12.804978568985332
2013-07-20 12:06:44.0000002,11.424722414126904
2013-07-20 12:06:44.0000001,9.586949782478964
2014-07-11 12:36:08.0000003,55.725552385472575
2014-01-31 11:11:05.0000002,14.002574908826462
2014-08-31 04:03:29.0000002,10.211189674291232
2014-08-31 04:03:29.0000003,22.750356628085047
2014-08-01 18:38:09.0000004,20.407603613688103
2014-08-01 18:38:09.0000003,22.15025229910239
2009-05-16 14:53:41.0000005,12.577874263916263
2009-05-16 14:53:41.0000001,24.89242081908555
2009-05-16 14:53:41.0000004,21.66196306326068
2013-08-26 11:47:37.0000001,9.826919284664848
2010-10-30 13:31:13.0000001,5.046147910099611
2014-05-09 00:30:41.0000004,11.841775126541416
2012-03-05 13:24:37.0000002,6.040844050306261
2010-07-01 22:11:33.0000005,7.701690564318865
2010-07-01 22:11:33.0000006,25.344424447597522
2012-01-07 21:39:05.0000001,48.041650946099566
2012-05-26 00:31:25.0000001,5.374001592357279
2014-10-07 11:52:13.0000006,10.410670246859064
2015-06-13 19:17:09.0000005,7.120386372789437
2009-11-28 13:50:17.0000004,5.732037645829344
2009-11-28 13:50:17.0000002,5.77180491270032
2015-01-13 12:07:53.0000005,6.561925587239845
2015-01-13 12:07:53.0000003,6.561925587239845
2012-01-31 09:15:49.0000001,6.96860382962862
2011-03-22 12:59:49.0000002,27.057756283482647
2011-03-22 12:59:49.0000006,6.962609919927696
2013-07-05 00:58:17.0000001,4.97163709065779
2010-01-30 00:57:21.0000002,17.978433310834603
2009-10-16 16:14:41.0000002,6.39029718331119
2011-03-13 05:34:57.0000002,12.142515485132956
2015-02-26 23:20:13.00000010,9.769976248816029
2013-10-09 15:11:41.0000004,21.684820762690286
2011-09-01 09:53:49.0000004,5.096609529754727
2010-09-28 00:16:53.0000003,7.7340964791835765
2010-07-25 04:03:17.0000003,15.9556510052919
2010-07-25 04:03:17.0000002,5.046147910099611
2013-09-19 21:24:21.0000001,11.163562499329002
2011-02-04 09:12:53.0000004,4.705868807676497
2012-03-08 12:33:25.0000003,13.400482850085243
2009-07-31 18:15:57.0000001,10.78127776451429
2009-07-10 20:17:05.0000003,4.720892473427771
2010-08-21 21:56:25.0000002,11.852680643830093
2010-10-09 17:11:17.0000001,7.775730035568049
2009-09-25 15:13:57.0000001,8.543169381525553
2009-09-25 15:13:57.0000003,6.760454303610555
2009-09-25 15:13:57.0000002,11.468394869139466
2010-05-03 08:36:41.0000004,6.962609919927696
2011-01-24 20:18:49.0000003,6.146046272100403
2010-01-23 14:32:17.0000003,5.3352898239899424
2012-06-02 01:16:05.0000004,15.64871343917163
2011-10-20 13:46:33.0000003,9.447360038545902
2014-10-28 12:23:09.0000001,17.616609178232462
2011-07-11 20:43:33.0000004,13.616638170706274
2011-07-11 20:43:33.0000005,27.4996979534352
2011-07-11 20:43:33.0000001,5.784234381334303
2013-02-23 14:25:29.0000002,12.920589307197972
2010-01-30 18:58:33.0000008,9.332581727649215
2010-01-30 18:58:33.0000006,7.0260111221077794
2010-01-30 18:58:33.0000001,6.938401713780305
2014-06-22 14:49:13.0000001,15.517086080477755
2014-06-22 14:49:13.0000005,15.881127494717212
2015-03-14 02:23:17.0000006,15.827893269336188
2015-03-14 02:23:17.0000002,7.692783480929827
2015-03-14 02:23:17.0000004,15.239228784536756
2012-03-12 01:08:09.0000001,8.47861833366018
2014-09-25 20:52:09.0000002,6.446103743186601
2014-09-25 20:52:09.0000005,23.03845834091303
2012-12-15 06:35:45.0000001,9.238448455994705
2012-01-05 05:51:01.0000001,7.681240795542775
2013-10-15 08:16:21.0000002,23.375613694260352
2014-08-26 23:35:49.0000002,6.4502364145382725
2009-08-28 23:01:41.0000001,8.12507951003942
2009-08-28 23:01:41.0000006,5.046147910099611
2014-12-16 13:40:25.0000003,10.739806465926874
2012-12-09 22:30:13.0000006,6.583807194585018
2012-12-09 22:30:13.0000002,8.904665902240296
2012-12-09 22:30:13.0000004,14.380161101438334
2011-05-11 19:56:09.0000001,5.046147910099611
2014-08-08 00:02:41.0000004,11.6705130285993
2014-08-08 00:02:41.0000002,42.309441909980094
2013-09-12 12:50:13.0000007,10.238418997704107
2013-09-12 12:50:13.0000003,8.356062827841384
2013-09-12 12:50:13.0000001,16.793251720024724
2011-06-26 03:33:25.0000002,18.309775980216315
2011-09-18 18:33:13.0000003,7.128379511728822
2014-03-04 16:24:45.0000001,85.41977562873039
2014-11-10 10:52:41.0000001,37.48061026712273
2009-12-22 15:59:53.0000003,11.521653776023586
2014-05-08 21:23:41.0000001,9.769976248816029
2012-07-15 03:53:37.0000001,14.581155319995567
2012-07-15 03:53:37.0000002,10.07059129233944
2012-07-15 03:53:37.0000003,7.062154035089851
2013-06-10 11:29:13.0000001,11.98367537210918
2015-04-25 01:06:17.0000007,14.252280580917413
2015-04-25 01:06:17.0000003,13.955111885632537
2012-10-28 13:55:57.0000001,8.522669865258651
2011-06-12 01:07:57.0000003,6.853215856318389
2014-12-11 15:20:49.0000001,5.089196931378638
2011-06-19 04:08:49.0000002,12.358310581333962
2012-04-14 22:29:37.0000001,5.101012646435704
2015-06-02 09:11:17.0000007,10.209598515269724
2011-10-08 12:54:49.0000002,6.945389955998496
2009-06-02 08:34:33.0000001,9.116884836126523
2011-10-01 15:04:57.0000001,28.405905694606908
2013-06-22 01:59:25.0000002,11.602545143371506
2010-12-15 08:39:33.0000005,5.096609529754727
2012-05-26 11:54:53.0000001,9.151077036048957
2012-05-26 11:54:53.0000002,8.618582261478497
2014-01-11 19:20:17.0000001,5.10000365011265
2015-01-05 21:43:13.0000001,22.9225013766076
2011-07-19 22:20:41.0000002,14.906919052688709
2011-07-19 22:20:41.0000004,8.243459416772128
2011-07-19 22:20:41.0000001,16.323234735037534
2012-03-18 02:27:41.0000001,6.083975850687241
2009-01-19 19:48:17.0000001,5.096609529754727
2009-01-19 19:48:17.0000002,5.101012646435704
2013-01-13 00:20:53.0000001,8.972376190472396
2013-11-28 13:17:13.0000002,23.213842824674067
2012-06-10 00:46:17.0000006,5.046147910099611
2012-06-10 00:46:17.0000003,10.188633149903469
2012-06-10 00:46:17.0000005,8.788501354058324
2010-02-20 04:04:13.0000004,21.198685990299467
2014-01-01 16:33:01.0000005,14.990100808456319
2010-10-01 13:11:05.0000001,5.688127194052497
2012-04-14 14:20:33.0000001,10.046894789374235
2015-05-17 04:17:33.0000005,5.089196931378638
2014-07-26 23:31:41.0000003,16.945233135418388
2014-07-26 23:31:41.0000002,10.518094082048556
2009-11-07 16:37:49.0000004,7.099702809370877
2011-01-07 09:25:57.0000003,7.176278834548859
2012-07-18 16:28:21.0000001,6.938401713780305
2013-03-08 19:03:09.0000003,9.804379027191494
2009-12-10 22:45:01.0000004,12.007638488378143
2012-07-13 11:00:05.0000004,7.3651877027023955
2013-04-28 10:36:37.0000001,7.510217619572702
2009-04-23 02:42:05.0000003,9.60871276647342
2013-06-08 16:55:13.0000003,9.490558798208637
2012-10-25 16:20:37.0000004,6.997259530074589
2012-10-25 16:20:37.0000003,29.732302614472946
2012-07-31 20:04:53.0000006,8.394265330606244
2012-07-31 20:04:53.0000002,6.962609919927696
2009-07-14 22:41:09.0000003,6.820524160316904
2011-09-03 19:22:17.0000001,8.48765259570984
2011-09-03 19:22:17.0000003,8.33857985870721
2011-09-03 19:22:17.0000002,17.061508391604054
2013-11-21 14:19:21.0000001,40.752735222716964
2015-01-02 11:55:57.0000003,19.094762907439794
2013-11-23 22:19:37.0000004,5.7191826825229635
2013-11-23 22:19:37.0000003,8.356062827841384
2013-11-23 22:19:37.0000005,10.464518183408034
2011-04-04 19:54:33.0000001,6.146046272100403
2014-07-14 16:18:37.0000002,7.510217619572702
2014-03-18 19:55:17.0000001,7.350436199884118
2010-06-05 23:05:25.0000006,7.532420306187866
2014-09-09 22:48:37.0000001,8.469909880073573
2014-09-09 22:48:37.0000002,5.900514005024031
2014-03-28 21:55:17.0000003,5.089196931378638
2014-03-28 21:55:17.0000001,6.9249773173190325
2009-09-24 22:41:17.0000001,9.532158241535601
2012-04-27 18:37:09.0000002,7.675088280465551
2014-04-05 18:11:33.0000002,14.100775519457905
2013-11-07 22:25:25.0000003,8.323972458487008
2013-11-07 22:25:25.0000001,5.089196931378638
2012-06-30 03:53:29.0000002,5.464543487197696
2011-05-19 16:01:41.0000001,6.820524160316904
2010-01-11 12:38:33.0000002,4.715814323573815
2010-10-16 09:26:33.0000001,10.05937560169594
2010-10-16 09:26:33.0000003,7.551253370952731
2014-07-25 18:06:37.0000007,6.82278190750736
2014-05-13 21:07:29.0000004,9.15458057725182
2014-05-13 21:07:29.0000001,30.128073920145898
2013-11-16 18:33:25.0000005,12.07016247268312
2009-08-02 14:01:33.0000004,6.858728998513044
2015-01-12 15:36:37.0000008,11.98367537210918
2013-05-26 15:18:37.0000005,22.209321554139255
2013-05-26 15:18:37.0000001,51.05831599008792
2013-05-26 15:18:37.0000003,14.638134044727604
2009-09-20 23:07:01.0000001,9.353408098334498
2009-09-25 21:43:49.0000004,9.32702912348462
2009-09-25 21:43:49.00000010,12.049809274678783
2009-03-22 20:58:33.0000003,14.543883998543109
2011-12-09 21:19:25.0000001,7.128379511728822
2013-07-05 20:44:49.0000001,11.023700714090053
2013-12-20 15:58:29.0000006,12.429277008286567
2013-12-20 15:58:29.0000001,9.169980763321163
2014-10-06 14:37:25.0000005,55.80527344146173
2015-01-18 23:09:25.0000001,5.115752230569429
2014-02-06 13:26:49.0000002,5.089196931378638
2013-02-27 19:25:13.0000001,17.977024314534216
2009-09-15 08:28:53.0000003,11.047686170386742
2012-07-18 22:34:53.0000003,8.090389968393687
2011-05-17 22:09:17.0000002,5.051817039861188
2010-09-19 17:13:29.0000008,30.22737956556411
2010-09-19 17:13:29.0000006,14.717947693034125
2013-03-19 18:08:29.0000002,12.07869242288654
2013-03-19 18:08:29.0000001,12.63483608137597
2011-04-23 11:01:49.0000001,9.758472566789624
2013-07-04 05:39:13.0000001,13.992022441382963
2010-11-08 10:01:37.0000003,5.046147910099611
2009-04-01 19:28:09.0000001,6.618306620430909
2011-11-26 02:04:29.0000004,5.7432707980540165
2011-11-26 02:04:29.0000003,5.046147910099611
2009-01-11 07:56:01.0000001,5.50344658473579
2012-05-30 09:19:13.0000002,5.431597867348882
2014-10-28 22:42:33.0000003,10.531809786596781
2014-07-19 21:05:37.0000002,12.142495186640554
2012-10-02 14:17:13.0000001,5.046147910099611
2012-10-20 00:36:37.0000002,6.583807194585018
2014-06-19 22:37:09.0000006,7.510217619572702
2014-06-19 22:37:09.0000004,9.70151648360139
2011-05-11 13:24:37.0000002,9.791872066151207
2014-10-13 00:42:05.0000002,9.2115682201255
2013-12-08 10:41:05.0000007,9.952733911278559
2009-07-04 13:00:57.0000002,11.454074654397639
2015-06-30 04:09:45.0000001,34.14134667873956
2013-09-08 03:47:57.0000002,9.132507718789629
2009-05-15 21:19:13.0000004,29.92212084419675
2010-01-29 08:32:53.0000002,7.29378949579621
2015-05-15 01:51:49.0000003,6.354006876217455
2012-11-12 10:06:17.0000003,6.726500992189471
2013-12-01 22:23:57.0000003,41.61504598568151
2014-01-03 15:48:49.0000001,9.70285858828003
2013-01-19 20:19:45.0000002,9.098651728097318
2015-03-17 21:44:26.0000002,5.089196931378638
2009-01-06 07:36:34.0000005,5.320578723916276
2013-01-20 20:41:26.0000002,14.990591478723683
2015-06-07 00:38:14.0000001,8.95920620991532
2009-01-03 00:51:02.0000002,11.981513008191262
2009-01-03 00:51:02.0000001,9.82559356318912
2009-08-02 05:08:42.0000001,26.89820749895836
2013-10-18 09:06:14.0000002,6.060335170667127
2009-04-26 17:29:42.0000001,5.046147910099611
2015-02-25 22:00:38.0000002,16.237779277816408
2010-10-06 23:31:54.0000001,14.173699713129984
2009-01-21 20:04:30.0000006,8.678146854049151
2013-12-18 14:26:58.0000002,30.408939223743804
2014-04-26 18:02:26.0000003,6.350178007463771
2014-10-05 13:58:18.0000002,7.510217619572702
2014-10-05 13:58:18.0000001,6.561925587239845
2013-05-23 23:54:42.0000004,9.257567842481635
2009-11-23 19:06:14.0000005,12.549726427232313
2010-09-01 08:23:54.0000002,6.421527964970928
2011-12-10 23:39:06.0000001,13.877726717311527
2009-12-17 15:54:46.0000002,9.188924736999471
2010-06-16 18:41:54.0000003,7.680769875054311
2011-11-02 08:21:50.0000003,8.79969486418164
2011-11-02 08:21:50.0000001,8.459108000023623
2009-03-15 03:31:14.0000003,6.708353601060959
2014-09-08 19:07:46.0000001,7.510217619572702
2010-04-24 23:31:50.0000004,6.820524160316904
2010-04-24 23:31:50.0000002,10.372309315367058
2011-03-03 21:31:42.0000004,6.146046272100403
2011-03-03 21:31:42.0000002,14.857349526082315
2011-09-05 10:47:26.0000001,7.150865169269012
2012-09-16 12:48:06.0000002,7.303529429629812
2015-04-10 11:56:54.0000005,10.92579978248964
2013-10-15 23:31:26.0000002,19.69001478284018
2013-06-21 18:06:14.0000002,7.433634281865934
2009-05-19 15:44:30.0000001,8.778217544401862
2014-01-26 08:48:30.0000003,9.915484695380345
2014-12-25 21:32:58.0000002,7.510217619572702
2011-07-30 15:27:58.0000001,8.287911221103503
2010-09-24 22:40:06.0000007,5.8465654154858715
2010-02-06 17:37:10.0000005,47.310691243596104
2010-02-06 17:37:10.0000001,12.852676586226078
2012-08-13 15:02:26.0000001,7.643417200409711
2013-01-14 18:42:54.0000004,7.488009310244807
2013-01-14 18:42:54.0000005,7.767006364509757
2009-11-11 21:20:18.0000002,7.083944654225499
2009-04-18 02:44:34.0000004,31.315104902371427
2009-04-18 02:44:34.0000001,8.391670451378411
2014-01-10 12:28:38.0000002,5.110775218233111
2014-10-11 00:26:38.0000004,19.848692612979157
2010-01-30 02:13:06.0000004,5.046147910099611
2009-08-26 23:55:38.0000001,7.638040913185296
2012-09-07 23:20:34.0000002,9.022744901863035
2012-09-07 23:20:34.0000005,8.53881498704044
2015-01-10 14:32:14.0000002,13.267893344780466
2010-05-31 20:43:42.0000001,6.820524160316904
2010-05-31 20:43:42.0000003,5.508501214248392
2014-05-18 14:43:26.0000004,7.8187024266267295
2011-10-08 18:18:26.0000002,5.7432707980540165
2011-10-08 18:18:26.0000003,13.028469198954161
2010-03-23 13:23:34.0000003,12.392081103642388
2010-12-21 08:46:02.0000001,9.487937889041943
2010-12-21 08:46:02.0000002,5.61041067717974
2010-06-19 22:52:30.0000003,8.45014871937056
2013-01-03 01:43:10.0000002,11.852211675801955
2013-11-24 03:44:46.0000001,12.924718376015155
2011-04-16 12:57:18.0000002,5.046147910099611
2012-10-11 22:24:18.0000002,6.6204717974223515
2011-05-17 23:42:46.0000006,6.938401713780305
2011-05-17 23:42:46.0000003,5.046147910099611
2014-01-09 17:27:18.0000003,5.541869063672385
2014-01-09 17:27:18.0000004,8.356062827841384
2010-01-09 13:24:22.0000002,42.056395684542814
2010-01-09 13:24:22.0000001,8.36865027689816
2009-03-11 21:46:54.0000006,8.61794985509933
2012-08-22 20:54:46.0000004,9.239705429618143
2012-08-22 20:54:46.0000005,29.60348331259375
2009-02-21 20:49:34.0000002,10.772084213423764
2012-08-10 14:04:14.0000001,7.675088280465551
2009-10-17 03:52:42.0000005,10.158292090766148
2014-02-27 09:36:26.0000001,12.535253134609679
2014-03-11 20:24:02.0000005,12.188734709168584
2014-03-11 20:24:02.0000001,6.561925587239845
2015-05-07 15:33:26.0000004,4.924462150133279
2012-09-10 21:07:54.0000008,7.2079925763007076
2012-04-20 00:06:10.0000003,5.101012646435704
2012-04-20 00:06:10.0000004,15.847443932331787
2012-06-12 23:10:42.0000004,11.481950832906467
2013-04-21 19:50:54.0000002,7.6867966801624865
2013-02-06 18:21:18.0000005,19.79172397700738
2014-05-01 21:05:34.0000001,28.308956140729897
2011-04-22 19:23:54.0000004,5.508501214248392
2011-09-17 15:41:06.0000002,6.826759581175304
2015-03-05 13:21:58.0000001,55.78480902904132
2015-06-21 17:16:10.0000001,7.510217619572702
2010-06-02 22:04:10.0000002,27.08034894207265
2010-06-02 22:04:10.0000001,8.501350176413855
2015-02-27 19:36:02.0000008,13.565478899758912
2015-02-27 19:36:02.0000005,9.439786303666322
2013-04-06 19:16:10.0000002,7.757525288330008
2014-03-08 16:08:26.0000006,18.78491998471125
2014-03-08 16:08:26.0000005,4.813935964459896
2013-12-06 23:40:42.0000004,6.561925587239845
2013-12-06 23:40:42.0000005,14.800070884008369
2014-09-13 19:05:02.0000001,6.446103743186601
2015-03-12 13:01:54.0000003,5.089196931378638
2015-03-12 13:01:54.0000006,4.935719400660601
2014-10-04 21:48:22.0000001,12.086816337228445
2012-01-22 04:13:34.0000001,22.800125065274436
2012-01-22 04:13:34.0000003,10.584182799236535
2010-12-17 10:33:34.0000003,13.006249889340804
2010-12-17 10:33:34.0000001,30.16644124387149
2012-06-04 11:34:58.0000002,7.89447697542233
2012-12-08 20:08:38.0000001,12.998402600653403
2012-12-08 20:08:38.0000002,8.750344102240499
2013-12-29 01:20:50.0000002,20.48668986428377
2014-03-28 22:34:26.0000002,10.167746561699852
2013-09-07 19:43:18.0000002,17.038261044667788
2013-09-07 19:43:18.0000007,7.808201158824296
2010-03-07 00:47:26.0000002,11.134491749627442
2010-03-07 00:47:26.0000003,6.835017370174499
2010-10-31 18:45:58.0000004,5.7432707980540165
2015-02-03 09:00:58.0000003,32.8570368673903
2012-08-08 08:58:50.0000002,5.508920078543894
2011-04-08 15:01:02.0000002,5.508501214248392
2015-01-10 09:38:54.0000006,7.433634281865934
2015-01-10 09:38:54.0000002,14.778145843111046
2015-01-10 09:38:54.0000005,12.106371554011517
2015-01-10 09:38:54.0000001,10.393245883424301
2014-10-03 00:50:06.0000003,8.37854382309788
2010-06-18 19:19:26.0000004,13.3509772365544
2013-06-21 00:00:34.0000004,8.10469928447093
2012-02-29 12:03:34.0000003,7.053168063689696
2013-09-16 14:16:34.0000002,28.394746028954376
2011-03-10 18:16:14.0000002,6.146046272100403
2011-05-19 02:06:46.0000001,7.316874047369902
2014-08-08 15:26:18.0000001,8.356062827841384
2009-03-11 12:01:30.0000003,5.096609529754727
2012-07-26 12:40:38.0000004,8.385110798803206
2014-05-26 22:57:10.0000001,11.12458971474907
2010-09-04 18:31:42.0000004,11.491787145887939
2011-09-22 20:05:22.0000002,6.055261698618733
2011-09-22 20:05:22.0000004,6.45425940272226
2014-08-09 01:27:30.0000001,12.681669723240752
2014-10-31 12:04:26.0000003,9.697581144580525
2013-04-10 21:03:42.0000006,12.142495186640554
2011-12-29 19:29:50.0000002,7.04754197348251
2013-03-14 21:43:46.0000002,5.089196931378638
2009-02-08 00:04:06.0000003,5.046147910099611
2012-02-04 22:47:18.0000002,5.499791809289537
2012-05-06 03:01:10.0000001,20.243328144096314
2014-07-08 08:56:58.0000002,4.813935964459896
2014-07-08 08:56:58.0000005,4.759082342755637
2014-07-08 08:56:58.0000004,14.523376594468367
2014-07-08 08:56:58.0000003,10.41433101797317
2011-02-19 10:14:58.0000001,7.427556296986794
2010-08-16 17:14:18.0000002,7.675088280465551
2012-12-27 21:01:54.0000002,14.15743436561413
2015-05-31 20:48:54.0000002,14.690511432861053
2013-01-06 12:39:54.0000006,5.120784294133675
2010-12-24 04:23:06.0000001,29.248909500553157
2010-11-10 23:21:50.0000001,8.395603128442543
2011-10-01 00:42:26.0000002,18.35001576161093
2013-03-31 00:09:58.0000001,26.133670225747274
2011-07-20 08:05:02.0000001,19.599910378145765
2009-05-03 16:02:54.0000004,4.772192232272203
2012-09-06 17:58:06.0000002,7.343469077806756
2014-04-06 16:47:14.0000001,13.442419241843002
2014-04-06 16:47:14.0000002,29.01975696870989
2014-09-06 03:52:50.0000001,8.665611463268464
2014-01-01 13:06:34.0000002,13.32827152133449
2011-12-25 15:35:54.0000002,6.39029718331119
2011-12-25 15:35:54.0000005,5.077735272854648
2011-12-25 15:35:54.0000001,6.45425940272226
2015-05-14 23:11:58.0000004,13.550764866663396
2015-04-22 09:54:06.0000001,6.458778529140884
2012-09-01 19:04:18.0000001,10.80996709132816
2013-06-06 02:54:50.0000001,39.153754819223
2011-09-03 00:03:42.0000007,47.329839383205154
2013-07-02 22:27:14.0000002,5.620918959164495
2011-07-18 00:04:54.0000001,10.806218883669233
2011-04-03 03:46:18.0000001,5.508501214248392
2010-06-25 14:00:14.0000001,8.915609796849429
2014-09-10 16:40:02.0000001,6.561925587239845
2011-03-01 07:23:14.0000002,5.688616490506133
2011-06-24 13:23:18.0000005,9.791872066151207
2012-01-01 18:02:46.0000001,15.822581205908492
2015-03-28 19:31:26.0000004,8.91578786054964
2010-07-13 11:53:15.0000006,9.925180556595164
2010-07-13 11:53:15.0000005,6.627877355253406
2010-07-13 11:53:15.0000003,5.077735272854648
2013-02-07 13:47:59.0000002,15.415299401539684
2015-05-19 13:58:11.0000006,34.81578773856554
2015-05-19 13:58:11.0000009,13.833184010834957
2012-07-31 22:21:11.0000003,8.004307835974082
2013-01-03 08:50:31.0000003,9.875541380467405
2010-03-18 00:05:43.0000001,19.43480484266299
2009-04-14 17:43:23.0000001,47.310691243596104
2009-04-14 17:43:23.0000002,6.987544688985611
2015-06-15 14:34:03.0000001,11.98367537210918
2014-11-26 06:46:23.0000002,30.20533714199982
2010-12-19 16:25:15.0000002,8.52003561246131
2015-06-18 20:56:55.0000004,5.089196931378638
2015-06-18 20:56:55.0000008,18.27321353048015
2015-04-28 20:15:27.0000003,7.510217619572702
2013-01-23 13:49:19.0000001,7.733960618763991
2012-01-03 08:49:15.0000005,10.816346466072071
2012-06-09 19:03:11.0000005,7.633450438156782
2012-06-09 19:03:11.0000007,10.052325926041844
2009-05-27 02:00:51.0000001,16.051501640925117
2014-06-07 12:21:11.0000003,11.356407226300949
2011-09-08 22:37:43.0000001,7.472391783317513
2010-06-18 22:52:11.0000001,22.543698619102706
2011-09-13 13:31:51.0000001,10.998862783935548
2011-09-13 13:31:51.0000005,6.817687539940701
2014-10-06 09:24:11.0000005,23.411623326987733
2012-03-15 18:23:55.0000002,6.962609919927696
2013-12-22 21:24:47.0000002,5.192677866024059
2011-11-23 21:07:43.0000001,7.134373421429745
2010-11-17 19:10:23.0000003,7.0167536450289685
2010-11-17 19:10:23.0000005,9.2753695209317
2015-02-14 13:15:19.0000007,8.347679173748254
2013-01-12 22:40:39.0000008,8.356062827841384
2013-01-12 22:40:39.0000009,19.917804761909235
2013-01-12 22:40:39.0000007,8.245095147803902
2010-02-15 14:20:31.0000002,25.509206718012102
2010-02-15 14:20:31.0000003,5.08308072357175
2013-03-23 15:41:07.0000003,10.742667484822098
2009-05-08 22:14:51.0000002,5.508501214248392
2010-01-31 00:33:03.0000005,7.316874047369902
2009-01-18 18:22:07.0000002,8.325536119181766
2009-01-28 11:27:19.0000001,5.508501214248392
2015-05-20 19:39:11.0000003,15.202177856568241
2014-01-11 17:47:47.0000001,8.354252631842831
2012-07-12 02:46:07.0000001,9.62807844217357
2014-03-05 23:16:07.0000001,13.593998165747083
2014-12-17 20:56:31.0000003,10.659245122351894
2010-10-09 15:48:51.0000003,30.432651910388227
2013-10-10 11:09:23.0000001,14.063519854838061
2014-10-12 09:23:55.0000001,12.316407140539251
2013-01-08 07:03:07.0000001,6.546755701430978
2012-10-28 17:21:19.0000001,6.583807194585018
2012-10-28 17:21:19.0000003,9.448135288142701
2014-12-26 20:46:23.0000001,12.250823431347829
2015-05-10 12:37:51.0000003,11.675628015338514
2010-12-11 13:31:11.0000003,5.7432707980540165
2010-03-01 22:21:55.0000003,6.962609919927696
2010-03-01 22:21:55.0000002,16.723598734260392
2015-03-08 14:59:23.0000001,20.048496177039812
2015-03-08 14:59:23.0000003,35.76887920880658
2009-06-08 11:06:23.0000001,64.63565826502732
2014-01-26 13:51:39.0000001,8.356062827841384
2014-11-30 15:46:23.0000003,5.089196931378638
2011-08-20 15:50:39.0000001,11.400820223745802
2010-06-22 14:25:19.0000008,47.310691243596104
2010-06-22 14:25:19.0000001,5.897855033333986
2014-05-25 19:46:59.0000003,32.510391357462595
2014-04-04 05:47:11.0000002,11.846955700653554
2013-01-11 20:08:07.0000003,10.816589054562819
2013-01-11 20:08:07.0000001,5.110775218233111
2013-10-09 17:27:39.0000001,55.704634064122295
2015-01-12 17:05:51.0000004,8.347679173748254
2009-01-12 07:47:39.0000001,30.48808239397367
2011-04-28 19:39:43.0000003,13.203009239301714
2014-11-17 00:03:47.0000003,8.086409797664782
2014-11-17 00:03:47.0000001,10.032312766453002
2013-08-18 00:32:15.0000003,6.2221184543690375
2013-05-23 12:09:23.0000005,6.939866232145894
2013-05-23 12:09:23.0000004,14.002574908826462
2014-12-11 08:20:39.0000001,17.85270534827545
2014-12-11 08:20:39.0000004,14.034296875972206
2013-12-10 14:00:35.0000002,5.089196931378638
2011-09-10 20:44:59.0000003,7.134373421429745
2011-04-28 09:50:03.0000001,6.128435900157493
2010-02-26 18:34:51.0000001,8.915609796849429
2013-12-05 23:29:15.0000002,5.192677866024059
2012-12-13 19:05:27.0000004,4.920647611972322
2012-11-09 18:17:35.0000002,11.826759083525587
2010-07-05 19:21:35.0000001,11.140844710494653
2011-11-29 22:19:51.0000003,7.134373421429745
2009-01-30 22:47:07.0000002,15.882276344533865
2009-01-30 22:47:07.0000005,5.508501214248392
2013-09-26 20:54:19.0000001,12.468546097487366
2014-09-16 18:22:23.0000001,6.6432504028464905
2011-06-25 23:18:27.0000003,7.075671922970608
2011-06-25 23:18:27.0000002,10.785858097040547
2009-01-17 02:21:55.0000003,6.107722942244574
2014-11-01 15:31:15.0000001,5.192677866024059
2013-07-12 23:17:31.0000003,7.510217619572702
2013-07-12 23:17:31.0000002,12.142495186640554
2013-07-12 23:17:31.0000001,9.628751873147284
2009-09-24 04:23:47.0000001,5.716712705147964
2009-04-20 21:08:35.0000005,7.627976280509663
2009-04-20 21:08:35.0000004,9.317930280628435
2009-04-06 13:47:15.0000001,5.046147910099611
2013-11-29 21:36:07.0000002,21.602409326133014
2013-11-29 21:36:07.0000001,8.79540964849567
2012-04-14 11:59:11.0000003,9.758472566789624
2009-03-06 00:13:03.0000002,14.042272172191199
2010-04-23 00:00:03.0000001,24.143090689099232
2010-05-22 23:46:19.0000004,8.243459416772128
2012-06-09 22:57:15.0000004,7.403758123212034
2010-10-27 02:29:39.0000001,7.566147704639906
2010-10-22 20:56:51.0000003,10.590443661071104
2013-10-07 08:53:39.0000001,5.1780701853908075
2011-10-04 11:48:35.0000001,8.33895663457143
2010-12-31 13:32:39.0000002,6.39029718331119
2010-08-21 20:25:07.0000002,6.888395074919215
2009-11-16 21:03:31.0000005,11.999593060209927
2009-11-16 21:03:31.0000006,7.756129716480622
2010-12-01 21:02:35.0000003,12.417353652275626
2010-04-20 11:53:23.0000001,6.812112485034833
2013-09-20 13:38:55.0000005,5.089196931378638
2013-09-20 13:38:55.0000004,55.80527344146173
2012-09-09 23:40:03.0000002,6.99797718221131
2012-09-09 23:40:03.0000004,10.430949591172967
2010-05-23 15:28:55.0000002,7.866381489475133
2012-10-15 20:10:31.0000005,13.089896128937188
2013-06-07 13:52:55.0000005,7.8187024266267295
2009-06-04 19:34:15.0000005,8.336267260146688
2013-09-29 22:12:07.0000001,30.64629594063273
2010-05-02 12:39:55.0000003,6.146046272100403
2010-05-02 12:39:55.0000001,17.03839442239653
2015-05-20 00:59:15.0000001,7.319116542706533
2009-12-03 18:02:47.0000003,7.099702809370877
2009-12-03 18:02:47.0000002,47.372970010170455
2009-09-28 19:21:59.0000007,5.077735272854648
2009-09-28 19:21:59.0000006,9.264918947504842
2015-05-23 12:59:39.0000003,15.89887251736135
2014-01-11 23:10:59.0000006,8.735970803334881
2010-04-24 20:15:07.0000001,5.508501214248392
2013-05-24 07:22:51.0000001,8.212407446723047
2009-08-06 02:50:03.0000001,16.23149629686707
2014-08-08 17:32:47.0000003,8.67600864385719
2010-09-22 09:42:31.0000003,8.14328255357459
2013-08-19 19:39:23.0000002,15.662552584784159
2015-03-11 16:36:39.0000004,28.589344595148656
2015-05-29 18:59:35.0000006,14.002574908826462
2011-10-26 17:48:43.0000005,8.543169381525553
2009-11-03 19:53:27.0000002,6.39802401180367
2009-11-03 19:53:27.0000001,5.973403926473753
2009-12-19 21:56:15.0000004,5.29850010271953
2009-12-21 21:20:43.0000002,6.195732623284747
2009-08-21 15:35:07.0000001,12.542981279334949
2010-04-25 13:28:47.0000001,9.750129311243287
2010-11-02 18:49:59.0000004,7.804067708379589
2010-04-21 06:28:47.0000001,47.310691243596104
2015-02-11 20:51:51.0000001,4.729657722906039
2013-12-07 01:41:59.0000002,7.2606317298889795
2013-05-21 06:52:59.0000003,32.89596571735588
2014-07-12 00:15:59.0000001,9.7067499151529
2010-06-13 19:39:51.0000002,12.204280181537285
2009-03-31 10:27:19.0000003,10.78127776451429
2013-09-14 18:28:03.0000001,6.541473301401599
2015-02-14 09:08:11.0000002,8.356062827841384
2012-01-19 20:26:35.0000002,6.5274078457959765
2012-01-19 20:26:35.0000003,6.146046272100403
2012-01-19 20:26:35.0000006,18.23666687728048
2015-02-25 18:00:51.0000001,6.624776327735847
2015-02-25 18:00:51.0000007,6.360379736372314
2009-08-08 11:41:51.0000003,6.2264866053190575
2013-06-02 16:26:47.0000001,6.6953060995914475
2011-09-14 00:50:15.0000001,9.603062300070748
2013-02-16 14:26:51.0000003,5.089196931378638
2012-11-12 11:57:03.0000001,6.583807194585018
2012-01-04 00:06:39.0000002,6.5191880571185035
2013-06-21 02:39:47.0000001,14.771111257098147
2010-12-28 20:17:27.0000005,10.046555635640031
2010-12-28 20:17:27.0000003,10.355130071484206
2009-12-12 22:01:31.0000001,5.046147910099611
2011-05-20 23:42:59.0000001,6.924094138122253
2014-01-04 10:54:59.0000005,8.381064116848142
2014-01-04 10:54:59.0000002,10.339746769270457
2012-02-11 04:52:35.0000001,5.046147910099611
2014-09-14 23:26:11.0000001,8.356062827841384
2014-04-05 01:52:27.0000002,32.51091143302283
2010-02-23 20:29:51.0000004,7.990627097236089
2013-11-01 13:07:47.0000003,19.382011671301026
2015-03-07 15:25:59.0000003,5.089196931378638
2009-04-16 15:57:31.0000001,8.778217544401862
2010-01-10 12:55:43.0000003,10.806885173359447
2010-01-10 12:55:43.0000004,25.884270674824542
2010-01-10 12:55:43.0000001,5.168466490770721
2015-03-16 21:12:19.0000002,8.356062827841384
2015-03-16 21:12:19.0000006,17.59471552715456
2012-09-29 20:16:51.0000004,5.343853955761343
2009-07-30 15:49:15.0000002,12.9320144864428
2009-07-30 15:49:15.0000004,8.376217456165744
2013-11-18 16:18:39.0000001,55.80527344146173
2015-01-18 14:06:23.0000001,9.516677286411584
2015-01-18 14:06:23.0000004,6.460428195280863
2015-01-18 14:06:23.0000003,8.065412174335735
2009-09-07 19:35:39.0000001,6.984860507598127
2014-06-14 13:39:00.000000155,4.989565857335067
2014-06-14 13:39:00.000000174,9.29411268391854
2014-06-14 13:39:00.000000104,9.505925005461375
2014-06-14 13:39:00.00000083,55.67900878462183
2014-06-14 13:39:00.00000056,5.1780701853908075
2014-06-14 13:39:00.000000102,11.55389219309466
2014-06-14 13:39:00.00000065,21.683255230373025
2014-06-14 13:39:00.000000137,11.490809270964261
2014-06-14 13:39:00.0000002,55.82475500446892
2014-06-14 13:39:00.00000028,6.516350816841532
2014-06-14 13:39:00.000000194,6.516350816841532
2013-06-27 00:20:40.0000002,5.5264009547599775
2014-12-30 20:29:24.0000001,6.5297830647386945
2011-03-24 15:57:04.0000002,4.705868807676497
2012-06-09 16:53:44.0000001,8.36865027689816
2011-10-02 23:36:00.0000001,16.599836491040552
2011-10-02 23:36:00.00000050,22.737963009191404
2011-10-02 23:36:00.00000069,8.222822775756526
2011-10-02 23:36:00.00000093,10.552222043003129
2011-10-02 23:36:00.00000010,12.190321238726554
2011-10-02 23:36:00.00000017,10.638508788166568
2011-10-02 23:36:00.00000072,12.988095559008604
2011-10-02 23:36:00.00000025,8.79031637618129
2011-10-02 23:36:00.00000019,5.7432707980540165
2013-03-21 12:47:28.0000001,10.653990605974652
2013-06-07 03:02:56.0000003,11.797314579719032
2009-06-10 16:55:00.000000123,5.374867985588679
2009-06-10 16:55:00.000000150,10.816346466072071
2009-06-10 16:55:00.00000064,6.4121353927622735
2009-06-10 16:55:00.00000062,11.39743305459848
2009-06-10 16:55:00.0000005,5.2399223096167455
2009-06-10 16:55:00.0000006,18.556887778111857
2009-06-10 16:55:00.000000130,7.675088280465551
2009-06-10 16:55:00.000000175,5.077735272854648
2009-06-10 16:55:00.00000041,47.310691243596104
2009-06-10 16:55:00.000000152,5.046147910099611
2009-06-10 16:55:00.000000155,9.098651728097318
2009-06-10 16:55:00.00000061,5.077735272854648
2011-06-24 12:03:00.000000131,9.084969966759678
2011-06-24 12:03:00.000000184,10.78127776451429
2011-06-24 12:03:00.00000081,8.327085582988436
2011-06-24 12:03:00.0000007,6.663028426281724
2011-06-24 12:03:00.00000028,6.146046272100403
2011-06-24 12:03:00.000000198,6.088929057651078
2014-06-15 07:06:00.0000004,14.529044874661203
2014-06-15 07:06:00.00000011,9.796731275089215
2014-06-06 16:22:20.0000001,8.3384107014334
2009-09-14 02:19:00.00000043,6.125215319507488
2009-09-14 02:19:00.00000027,9.011306212165078
2009-09-14 02:19:00.00000042,7.603477451808434
2009-09-14 02:19:00.00000034,18.28021152888691
2009-09-14 02:19:00.00000033,8.403321589210549
2010-08-21 22:21:32.0000001,9.803088826879888
2010-08-21 22:21:32.0000002,7.613850119069355
2012-05-06 23:37:24.0000003,12.059056982392795
2013-12-21 17:20:32.0000002,55.80527344146173
2014-04-28 19:46:36.0000002,8.192280357489999
2011-06-01 07:37:00.00000080,45.202802170573776
2011-06-01 07:37:00.000000164,10.10434544405547
2011-06-01 07:37:00.00000074,17.749122962071766
2011-06-01 07:37:00.00000085,15.214319124558994
2011-06-01 07:37:00.0000003,7.317002849742986
2011-06-01 07:37:00.000000159,17.64218215456024
2011-06-01 07:37:00.00000052,22.13888607086621
2011-06-01 07:37:00.000000218,15.90373327479636
2011-06-01 07:37:00.00000062,5.760671528952291
2011-06-01 07:37:00.00000031,5.9741481214191285
2010-08-27 18:45:00.000000170,12.02761682801653
2010-08-27 18:45:00.00000044,16.280301101376
2010-08-27 18:45:00.000000146,6.161230959312861
2010-08-27 18:45:00.00000035,8.513871753347342
2010-08-27 18:45:00.000000139,5.693791914258994
2010-08-27 18:45:00.00000051,5.513974708056497
2010-08-27 18:45:00.000000186,5.513974708056497
2010-08-27 18:45:00.000000102,7.644907890996178
2010-08-27 18:45:00.000000164,11.552190033122576
2010-08-27 18:45:00.000000199,12.484237672163903
2010-08-27 18:45:00.000000174,7.644907890996178
2010-08-27 18:45:00.000000187,5.513974708056497
2010-08-27 18:45:00.000000172,13.528058690884253
2010-08-14 02:13:00.000000105,8.80657119155843
2010-08-14 02:13:00.000000159,5.046147910099611
2010-08-14 02:13:00.00000040,6.807677713667852
2010-08-14 02:13:00.000000147,9.620921169387502
2010-08-14 02:13:00.000000145,6.807677713667852
2010-08-14 02:13:00.00000061,7.321806522658573
2010-08-14 02:13:00.000000150,13.443765498280136
2010-08-14 02:13:00.00000024,6.853215856318389
2010-08-14 02:13:00.000000167,7.3588202027765774
2010-08-14 02:13:00.00000099,8.393356843087425
2010-08-14 02:13:00.000000120,10.147101309271576
2010-08-14 02:13:00.00000027,6.2264866053190575
2010-08-14 02:13:00.00000063,10.325801149205462
2010-08-14 02:13:00.000000164,6.1689577878053425
2010-08-14 02:13:00.000000143,17.81044920162855
2010-08-14 02:13:00.000000156,22.47598064544059
2010-08-14 02:13:00.000000123,14.894036009610002
2014-03-25 23:47:00.00000013,5.089196931378638
2014-03-25 23:47:00.000000116,10.087123318830567
2014-03-25 23:47:00.000000141,6.458778529140884
2014-03-25 23:47:00.000000107,8.903616646366537
2014-03-25 23:47:00.00000068,6.5676797360429715
2014-03-25 23:47:00.00000098,19.671963817328006
2014-03-25 23:47:00.000000138,12.569997007255107
2014-03-25 23:47:00.000000120,12.142495186640554
2015-06-05 08:38:56.0000003,9.883741150740502
2010-09-29 16:43:00.000000154,32.87644449700585
2010-09-29 16:43:00.000000157,5.338673939153363
2010-09-29 16:43:00.00000099,8.520353814643478
2010-09-29 16:43:00.00000023,7.217872756796201
2010-09-29 16:43:00.000000148,15.229445865810693
2014-10-27 14:58:00.00000028,7.510217619572702
2014-10-27 14:58:00.00000069,9.94283816571061
2014-10-27 14:58:00.000000106,7.652512263397023
2014-10-27 14:58:00.00000070,5.120784294133675
2014-10-27 14:58:00.000000121,14.328721659465769
2014-10-27 14:58:00.00000022,12.077078782222916
2014-10-27 14:58:00.00000057,13.462373496332935
2009-10-08 23:44:56.0000002,5.737092275341947
2012-11-03 17:11:00.00000080,10.768766100703953
2012-11-03 17:11:00.00000030,7.005836249871432
2012-11-03 17:11:00.000000149,5.5871852939887106
2012-11-03 17:11:00.00000078,9.957969552182892
2012-11-03 17:11:00.00000063,9.11545681913752
2012-11-03 17:11:00.000000142,6.812802848946092
2012-11-03 17:11:00.000000101,9.600225530448364
2011-05-28 17:29:44.0000003,6.146046272100403
2011-03-11 01:44:00.00000023,20.247107460644976
2011-03-11 01:44:00.00000014,5.077735272854648
2011-03-11 01:44:00.00000067,9.145780567733894
2011-03-11 01:44:00.00000019,6.857684352528944
2011-03-11 01:44:00.00000082,18.15825714188108
2011-03-11 01:44:00.00000084,5.046147910099611
2011-03-11 01:44:00.00000033,10.714420126243256
2011-03-11 01:44:00.00000051,14.381978013818413
2011-03-11 01:44:00.00000011,20.42844854926567
2013-12-16 19:06:44.0000001,8.28586928190078
2009-05-08 18:00:36.0000001,4.8492138212237785
2013-01-27 00:09:12.0000008,10.179015555440841
2013-09-15 02:37:52.0000002,11.317345396951435
2009-04-05 09:48:20.0000001,5.077735272854648
2009-11-25 19:32:52.0000001,10.187724807225955
2011-10-04 09:37:00.00000099,6.45425940272226
2011-10-04 09:37:00.00000019,9.376815672735566
2011-10-04 09:37:00.000000132,17.881961822255622
2011-10-04 09:37:00.00000043,38.45021674845204
2011-10-04 09:37:00.000000122,29.886503005486063
2011-10-04 09:37:00.0000002,10.727574529520718
2011-10-04 09:37:00.000000109,5.688127194052497
2014-04-29 08:15:56.0000003,7.518109269327707
2014-12-24 03:00:00.00000035,5.089196931378638
2009-10-04 22:54:56.0000001,20.805586821936323
2015-04-11 20:31:32.0000008,8.906339173434139
2015-04-11 20:31:32.00000013,14.355348508551945
2011-02-06 17:08:24.0000003,7.458154002774288
2014-04-27 02:57:00.00000010,16.763878097243023
2014-04-27 02:57:00.00000053,9.163767142747623
2014-04-27 02:57:00.000000128,5.168391029528309
2014-04-27 02:57:00.0000008,8.950052797836733
2014-04-27 02:57:00.00000067,11.371365924363596
2014-04-27 02:57:00.0000009,5.323227536920438
2014-04-27 02:57:00.000000159,15.77626422679866
2014-04-27 02:57:00.000000127,12.66334967880319
2014-04-27 02:57:00.000000112,8.807022963093912
2011-12-13 22:00:00.000000147,15.846233833161186
2011-12-13 22:00:00.000000164,6.32140218160284
2011-12-13 22:00:00.00000078,7.0167536450289685
2011-12-13 22:00:00.000000103,9.353408098334498
2011-12-13 22:00:00.000000226,6.955582419158258
2011-12-13 22:00:00.000000215,10.347177526057065
2011-12-13 22:00:00.00000013,9.228275895770592
2011-12-13 22:00:00.000000258,7.099702809370877
2011-12-13 22:00:00.00000087,40.9461427164516
2011-12-13 22:00:00.000000270,5.273820505607063
2011-12-13 22:00:00.00000073,8.78195108440304
2011-12-13 22:00:00.000000203,5.688127194052497
2011-12-13 22:00:00.000000184,4.70106393019901
2011-12-13 22:00:00.00000019,6.825894801407798
2011-12-13 22:00:00.000000101,28.0067191705615
2011-12-13 22:00:00.000000122,18.861543860380323
2011-12-13 22:00:00.000000190,7.427904733216669
2011-12-13 22:00:00.00000021,5.028927543991819
2011-12-13 22:00:00.00000051,8.464543581251963
2011-12-13 22:00:00.00000036,8.33592499912869
2011-12-13 22:00:00.00000022,6.852429749867364
2009-04-12 16:00:56.0000002,13.278683146101825
2014-03-05 21:07:12.0000001,5.089196931378638
2015-04-11 14:16:12.0000009,6.939866232145894
2014-07-21 18:19:00.000000203,9.952069293665465
2014-07-21 18:19:00.000000229,12.667543265758137
2014-07-21 18:19:00.000000146,6.455145795251483
2014-07-21 18:19:00.000000108,9.864446137638252
2014-07-21 18:19:00.000000171,6.47335522701595
2014-07-21 18:19:00.00000090,15.296803972574189
2014-07-21 18:19:00.00000020,7.510217619572702
2014-07-21 18:19:00.00000059,20.911276090705147
2014-07-21 18:19:00.000000185,6.561925587239845
2014-07-21 18:19:00.000000186,12.070962131276401
2014-07-21 18:19:00.000000201,12.669818858951452
2014-07-21 18:19:00.000000217,4.729657722906039
2014-07-21 18:19:00.00000017,8.356062827841384
2014-07-21 18:19:00.00000079,8.356062827841384
2014-07-21 18:19:00.00000087,8.200300437077699
2011-06-13 09:55:04.0000003,14.748980018402051
2010-09-20 16:48:00.00000025,11.039847704595273
2010-09-20 16:48:00.00000085,47.310691243596104
2010-09-20 16:48:00.00000069,30.126134264804705
2010-09-20 16:48:00.00000086,7.775730035568049
2010-09-20 16:48:00.00000021,9.098651728097318
2010-09-20 16:48:00.00000024,7.128379511728822
2010-09-20 16:48:00.000000100,9.916439986635824
2010-09-20 16:48:00.0000008,15.799119885760712
2010-09-20 16:48:00.00000074,12.344882159644152
2012-08-20 14:47:36.0000002,10.618776284124163
2014-12-01 00:12:44.0000002,29.568254161864697
2009-03-16 09:55:24.0000001,6.623098150993554
2011-03-06 21:01:00.00000017,7.389807412448735
2011-03-06 21:01:00.000000161,8.511704267536727
2011-03-06 21:01:00.000000170,7.613850119069355
2011-03-06 21:01:00.00000078,10.54070834342595
2011-03-06 21:01:00.000000160,10.308986536195903
2013-02-26 01:38:20.0000001,7.338372131761374
2014-09-22 07:14:16.0000001,6.927414740062238
2010-10-05 02:09:00.00000017,7.67919260216394
2010-10-05 02:09:00.00000024,15.799208127267072
2010-10-05 02:09:00.00000020,6.032351495126105
2011-04-16 21:23:16.0000001,6.146046272100403
2013-10-05 19:51:04.0000001,6.561925587239845
2011-10-07 22:08:20.0000005,8.298498462163266
2012-03-14 19:10:48.0000003,4.772192232272203
2009-06-21 04:28:48.0000001,15.827559487387964
2011-06-25 11:42:36.0000001,9.750129311243287
2012-01-26 07:33:00.000000145,7.402192548525369
2012-01-26 07:33:00.00000030,5.046147910099611
2012-01-26 07:33:00.000000121,5.056954628833623
2012-01-26 07:33:00.000000151,8.274431283880096
2012-01-26 07:33:00.00000044,6.881892558676335
2015-03-20 23:34:40.0000009,17.37512597668146
2015-03-20 23:34:40.0000005,6.561925587239845
2015-05-21 07:08:08.0000001,8.429271267903921
2010-12-09 07:29:00.000000156,5.7432707980540165
2010-12-09 07:29:00.0000002,7.566147704639906
2010-12-09 07:29:00.00000081,12.674939452475346
2010-08-21 23:02:28.0000003,12.243791012751744
2009-10-29 10:48:40.0000003,9.0945514594922
2015-02-01 00:48:44.0000003,8.104508127080157
2015-02-01 00:48:44.0000005,5.089196931378638
2011-12-06 11:07:40.0000002,5.106201757612793
2011-12-06 11:07:40.0000003,13.571236758527018
2013-05-18 15:28:40.0000001,9.896978657947814
2013-09-01 17:57:04.0000001,8.245095147803902
2015-02-21 18:39:16.0000001,9.9822460929859
2013-07-22 15:05:16.0000005,10.468652681262354
2010-12-25 13:54:12.0000002,6.45425940272226
2013-11-29 20:09:12.0000001,16.685764558530963
2011-10-25 20:34:20.0000002,10.327254012407389
2012-11-20 21:54:00.000000152,5.077735272854648
2012-11-20 21:54:00.00000071,24.614135305114278
2012-11-20 21:54:00.00000078,10.597482162561944
2012-11-20 21:54:00.00000073,8.481902416266477
2012-11-20 21:54:00.00000066,10.430949591172967
2012-11-20 21:54:00.000000189,7.2793212234824205
2012-11-20 21:54:00.00000016,12.546267969737222
2012-11-20 21:54:00.0000007,9.427086009436884
2012-11-20 21:54:00.000000161,13.308380115823956
2012-11-20 21:54:00.000000174,9.020431627379018
2012-11-20 21:54:00.00000084,9.014628279627223
2012-11-20 21:54:00.000000173,7.143591914898111
2014-06-23 00:16:00.00000086,8.109359673777458
2014-06-23 00:16:00.00000042,42.23367100094196
2014-06-23 00:16:00.00000010,6.402132546637585
2011-09-30 03:23:32.0000001,12.636472606881346
2011-01-03 21:51:28.0000003,7.971820766485941
2013-09-25 22:00:00.00000018,9.504102530541317
2013-09-25 22:00:00.00000071,9.597554758165638
2013-09-25 22:00:00.000000114,10.598505615339425
2013-09-25 22:00:00.000000191,8.69994797090844
2013-09-25 22:00:00.0000006,8.3384107014334
2013-09-25 22:00:00.000000113,4.740131730145103
2013-09-25 22:00:00.000000212,5.1780701853908075
2013-09-25 22:00:00.00000066,6.51661981310511
2011-07-06 18:07:44.0000004,5.508501214248392
2014-07-11 12:36:08.0000001,14.302983473605579
2015-02-20 11:08:29.0000007,9.883741150740502
2009-05-16 14:53:41.0000003,6.088929057651078
2010-07-01 22:11:33.0000003,5.770643614650746
2014-10-07 11:52:13.0000008,6.516350816841532
2015-02-26 23:20:13.0000008,14.011867231425377
2011-11-28 14:13:37.0000002,7.20805573281809
2013-08-30 11:20:21.0000003,36.90226494589721
2014-10-25 23:23:05.0000001,10.518094082048556
2014-10-25 23:23:05.0000002,12.114471621031702
2011-07-02 00:38:01.0000001,7.666889896909371
2014-02-08 17:24:57.0000002,8.356062827841384
2013-02-16 16:03:17.0000001,13.324180379559778
2011-01-24 20:18:49.0000005,9.325022382368507
2012-04-07 12:14:05.0000001,10.863969649387496
2011-10-20 13:46:33.0000002,9.092587596856463
2013-11-29 15:09:45.0000003,8.347679173748254
2014-06-22 14:49:13.0000002,37.80864197775926
2009-08-28 23:01:41.0000002,6.962609919927696
2010-06-11 13:37:21.0000003,8.21686556696849
2013-06-17 06:37:49.0000002,5.089196931378638
2015-06-02 09:11:17.0000002,40.69884772501643
2014-12-07 19:56:45.0000001,13.959824433515704
2013-04-23 13:19:17.0000001,7.433634281865934
2013-11-28 13:17:13.0000003,6.509561713118876
2012-06-10 00:46:17.0000001,8.353942078212661
2010-02-27 22:55:09.0000001,5.508501214248392
2012-04-14 14:20:33.0000002,7.339990482117636
2013-03-08 19:03:09.0000002,5.651808888363854
2012-07-13 11:00:05.0000005,4.70106393019901
2014-07-01 11:05:21.0000003,8.356062827841384
2012-10-25 16:20:37.0000005,9.681490786729746
2011-03-24 17:44:01.0000002,9.783528810604869
2014-07-25 18:06:37.0000006,12.70190590097092
2009-08-02 14:01:33.0000005,9.204992048760916
2009-09-25 21:43:49.0000009,10.27135738339196
2011-12-09 21:19:25.0000003,7.083944654225499
2011-12-09 21:19:25.0000004,9.353408098334498
2012-02-08 11:14:49.0000003,14.26198267964873
2012-07-18 22:34:53.0000002,5.077735272854648
2012-07-18 22:34:53.0000004,6.938401713780305
2009-09-04 18:43:33.0000002,5.648967385661288
2011-04-23 11:01:49.0000002,30.444087768344353
2014-10-28 22:42:33.0000004,5.120784294133675
2010-06-20 12:42:37.0000002,5.507982072781634
2015-02-19 11:39:21.0000004,38.859348422101476
2013-12-08 10:41:05.0000002,5.120784294133675
2009-05-15 21:19:13.0000003,5.508501214248392
2011-08-18 08:36:13.0000005,5.513974708056497
2012-12-20 23:43:09.0000004,18.169442632628012
2009-06-13 18:40:13.0000001,14.247759824397942
2009-01-06 07:36:34.0000001,8.762085590577854
2015-04-12 21:56:22.0000003,8.356062827841384
2010-03-21 16:52:58.0000003,8.36865027689816
2013-07-09 21:59:42.0000001,34.14755974472387
2012-06-23 09:43:42.0000002,5.313401060293581
2012-06-23 09:43:42.0000004,5.50344658473579
2013-10-26 10:46:46.0000003,38.526538657031026
2013-09-14 18:51:46.0000001,7.754808529289647
2009-11-23 19:06:14.0000001,7.10417130558143
2010-01-24 14:09:58.0000002,6.622102439110392
2011-12-10 23:39:06.0000003,5.046147910099611
2011-01-15 04:13:38.0000001,6.141093065136565
2011-03-03 21:31:42.0000003,6.088929057651078
2012-08-04 23:34:58.0000003,14.705983937155283
2015-04-10 11:56:54.0000006,6.561925587239845
2015-05-05 12:32:14.0000008,16.553474993111603
2013-10-13 19:52:54.0000002,44.789551619145705
2015-06-25 01:01:46.0000004,11.552714033420965
2009-05-19 15:44:30.0000002,28.221216073865172
2010-02-06 17:37:10.0000002,5.508501214248392
2013-01-14 18:42:54.0000003,7.842957805964334
2014-01-05 17:47:02.0000001,12.978501112191145
2009-07-28 11:13:10.0000002,6.938401713780305
2012-01-12 18:05:10.0000002,23.272313559835812
2010-12-21 08:46:02.0000006,5.7432707980540165
2013-11-24 03:44:46.0000003,16.8092322663037
2013-06-30 03:37:26.0000003,14.445665831300799
2011-05-26 21:36:54.0000004,6.820524160316904
2009-03-11 21:46:54.0000002,10.254008221855663
2012-12-26 17:12:30.0000002,10.958930762746865
2013-04-21 19:50:54.0000001,10.830366964997005
2013-02-06 18:21:18.0000001,10.468652681262354
2013-07-21 11:41:26.0000003,11.078279350370956
2011-09-17 15:41:06.0000004,13.249010035014479
2015-06-21 17:16:10.0000005,12.106371554011517
2015-02-27 19:36:02.00000013,7.755813470023389
2015-06-15 01:00:06.0000001,5.089196931378638
2014-03-08 16:08:26.0000001,4.729657722906039
2014-03-08 16:08:26.0000003,8.407448071987348
2014-09-13 19:05:02.0000002,8.78493427591049
2010-12-04 21:08:38.0000004,15.986224607283521
2010-03-07 00:47:26.0000001,5.046147910099611
2009-12-30 16:54:50.0000001,18.78226051935626
2009-03-11 16:02:14.0000007,11.97747409846116
2010-03-13 01:23:10.0000001,5.508501214248392
2012-05-30 02:28:50.0000002,8.81346846534781
2010-09-04 18:31:42.0000003,5.71783659834743
2009-11-20 23:19:58.0000003,9.345417113614328
2011-09-22 20:05:22.0000003,11.412084602232177
2009-02-08 00:04:06.0000001,22.960916758380055
2014-05-17 10:51:46.0000003,13.458011063816432
2010-05-06 11:35:26.0000002,9.994306001996556
2011-10-01 00:42:26.0000001,6.924858086348476
2014-12-26 20:19:38.0000001,6.446103743186601
2015-04-22 09:54:06.0000004,12.282117152628096
2009-01-25 21:17:18.0000001,11.949936942788645
2011-08-01 17:44:30.0000003,18.14551256103749
2012-03-25 04:50:39.0000001,29.49356028020693
2012-12-26 18:28:55.0000004,8.51015600983608
2011-07-06 19:56:23.0000005,13.22612627206669
2012-08-19 12:06:39.0000002,12.413388109005227
2015-04-28 20:15:27.0000004,6.561925587239845
2015-04-28 20:15:27.0000007,8.245095147803902
2014-06-07 12:21:11.0000002,38.25865650758872
2013-12-22 21:24:47.0000001,9.70151648360139
2011-11-23 21:07:43.0000004,8.395603128442543
2011-08-08 11:18:15.0000001,6.805896651544701
2015-05-20 19:39:11.0000004,9.414792428818686
2015-03-20 16:33:07.0000003,38.859348422101476
2015-04-26 21:44:23.0000002,5.089196931378638
2010-10-09 15:48:51.0000004,5.046147910099611
2012-04-27 22:32:19.0000002,7.061347925157333
2012-10-12 15:21:55.0000002,10.79045292450565
2009-12-26 09:23:19.0000001,6.45425940272226
2014-11-30 15:46:23.0000002,5.089196931378638
2010-06-22 14:25:19.0000007,9.23001948036404
2013-01-03 11:41:47.0000002,34.553748142988276
2015-01-12 17:05:51.0000005,32.973974657932516
2013-04-07 00:24:27.0000002,6.936645526744342
2010-01-13 08:28:59.0000002,5.046147910099611
2012-06-16 14:33:19.0000001,6.146046272100403
2009-03-25 01:20:55.0000002,10.101116976641931
2010-07-13 07:38:03.0000003,16.43210468001786
2012-11-09 18:17:35.0000004,5.61041067717974
2009-06-21 00:54:23.0000002,8.354486420694773
2009-12-23 20:14:19.0000004,8.37045914038409
2013-11-29 21:36:07.0000003,5.120784294133675
2012-06-09 22:57:15.0000003,6.146046272100403
2010-10-22 20:56:51.0000002,6.864161728960199
2011-02-21 23:46:07.0000002,17.530847366307086
2012-07-30 18:18:19.0000001,29.489912910380575
2010-06-02 19:45:19.0000003,6.880080082689375
2009-05-21 20:50:31.0000003,6.146046272100403
2014-11-11 12:10:59.0000001,14.002574908826462
2012-09-09 23:40:03.0000003,9.574125618544201
2011-04-28 01:29:51.0000001,6.825653799712065
2009-09-28 19:21:59.0000003,15.418593301126576
2012-10-21 19:47:23.0000002,15.141181983947863
2013-06-04 23:58:11.0000006,10.531809786596781
2014-08-08 17:32:47.0000005,55.74670623211051
2011-01-04 10:12:51.0000002,9.783528810604869
2011-10-26 17:48:43.0000006,12.94670785483348
2009-12-19 21:56:15.0000003,5.046147910099611
2010-06-13 19:39:51.0000001,5.508501214248392
2015-02-14 09:08:11.0000001,55.84904905173089
2015-02-14 09:08:11.0000004,9.497436375398367
2013-01-09 02:05:51.0000001,11.849232266970422
2013-06-21 02:39:47.0000002,6.238185032164213
2011-10-07 12:38:19.0000001,6.45425940272226
2013-02-02 16:07:55.0000004,15.323584735430995
2014-04-05 01:52:27.0000004,9.620166267071237
2014-04-05 01:52:27.0000003,17.04738471262903
2010-02-23 20:29:51.0000001,5.37952599291165
2014-07-01 15:15:23.0000003,6.142124045001222
2012-12-01 21:12:12.0000001,15.878818622300262
2014-06-14 13:39:00.00000071,6.446103743186601
2013-11-09 18:52:40.0000001,11.424722414126904
2013-11-09 18:52:40.0000003,13.169109719257179
2014-12-30 20:29:24.0000002,8.396308006010667
2010-05-10 10:37:04.0000004,9.791872066151207
2013-07-12 23:33:24.0000002,17.11145796926548
2009-06-10 16:55:00.000000132,8.80665225096016
2009-06-10 16:55:00.000000163,9.783528810604869
2009-06-10 16:55:00.00000084,15.150044645250984
2009-03-22 04:31:40.0000001,15.240737233977516
2011-06-24 12:03:00.0000009,8.87520079852161
2011-06-24 12:03:00.000000174,30.48759192816907
2011-06-24 12:03:00.000000158,9.97285645535135
2014-06-15 07:06:00.00000044,55.80527344146173
2015-05-30 21:29:04.0000006,8.356062827841384
2009-09-14 02:19:00.00000037,13.597763456455857
2011-10-02 22:31:44.0000001,19.622321784563038
2011-07-20 16:34:48.0000002,9.283543496119025
2011-06-01 07:37:00.00000012,13.803355806141901
2011-06-01 07:37:00.000000111,9.666469064430423
2011-06-01 07:37:00.00000014,7.6303426054895995
2010-08-27 18:45:00.0000002,13.863282643043096
2010-08-27 18:45:00.000000118,6.094766263656708
2010-08-27 18:45:00.000000143,7.067568493528887
2010-08-27 18:45:00.000000233,17.364195485057035
2010-08-27 18:45:00.000000156,7.536935703229265
2010-08-27 18:45:00.000000167,6.846887958925404
2010-08-27 18:45:00.000000168,6.102900015012377
2010-08-27 18:45:00.000000149,6.184978050870193
2010-08-27 18:45:00.00000091,6.2264866053190575
2010-08-27 18:45:00.000000126,6.780271479762431
2010-08-27 18:45:00.00000020,9.301686798866953
2010-08-14 02:13:00.000000154,7.316874047369902
2010-08-14 02:13:00.00000098,6.440415744934672
2015-04-16 22:32:48.0000003,19.941819100865835
2014-03-25 23:47:00.00000021,29.65406951437464
2014-03-25 23:47:00.00000084,13.996461521318395
2010-09-29 16:43:00.000000161,8.527602791728896
2010-09-29 16:43:00.00000093,30.32842440538218
2014-10-27 14:58:00.00000088,9.81385486628172
2014-10-27 14:58:00.00000092,55.82475500446892
2014-10-27 14:58:00.00000094,7.834923164250905
2012-11-03 17:11:00.00000013,8.51015600983608
2012-11-03 17:11:00.0000001,5.624941779443589
2012-11-03 17:11:00.000000150,8.53584894395025
2011-05-28 17:29:44.0000002,5.508501214248392
2013-09-28 00:06:20.0000005,8.943881897959784
2013-09-28 00:06:20.0000003,20.20604023587646
2011-03-11 01:44:00.00000095,5.046147910099611
2011-03-11 01:44:00.00000029,7.238240866301361
2011-10-04 09:37:00.00000080,30.49115568273123
2011-10-04 09:37:00.000000113,13.248639682130731
2011-10-04 09:37:00.000000160,7.656261443789359
2011-10-04 09:37:00.0000006,5.748815539223777
2014-12-24 03:00:00.00000020,84.02453432052681
2009-05-16 23:36:24.0000003,4.70106393019901
2014-04-27 02:57:00.00000064,29.366152503736025
2014-04-27 02:57:00.00000083,13.505217519238773
2014-04-27 02:57:00.00000069,18.770159931638265
2014-04-27 02:57:00.0000007,9.698753912955643
2011-12-13 22:00:00.000000102,16.05042546128752
2011-12-13 22:00:00.000000214,12.847505767520275
2011-12-13 22:00:00.000000128,11.441536107905046
2011-12-13 22:00:00.000000249,7.756129716480622
2011-12-13 22:00:00.00000052,15.09090823211988
2011-12-13 22:00:00.000000168,6.237633140438499
2011-12-13 22:00:00.00000079,8.79031637618129
2011-12-13 22:00:00.00000050,7.128379511728822
2015-04-11 14:16:12.0000005,6.561925587239845
2014-07-21 18:19:00.000000205,7.74665724764653
2014-07-21 18:19:00.00000023,20.25310552725243
2014-07-21 18:19:00.00000046,12.978927212980524
2014-07-21 18:19:00.00000096,16.777887617473983
2014-07-21 18:19:00.000000156,35.67214514508667
2010-09-20 16:48:00.0000002,8.469558565544556
2010-09-20 16:48:00.000000156,5.845642089709104
2010-09-20 16:48:00.00000041,9.188924736999471
2010-09-20 16:48:00.00000083,5.850696719221707
2010-09-20 16:48:00.000000122,13.582872179738867
2011-03-06 21:01:00.00000036,8.229867618555103
2011-03-06 21:01:00.00000019,5.508501214248392
2011-03-06 21:01:00.000000123,10.361666424828554
2011-03-06 21:01:00.000000166,9.325240119387544
2011-03-06 21:01:00.000000140,15.882276344533865
2011-03-06 21:01:00.00000060,7.613850119069355
2012-05-23 16:25:16.0000001,48.041650946099566
2011-04-16 21:23:16.0000003,4.70106393019901
2013-10-05 19:51:04.0000004,6.446103743186601
2012-03-14 19:10:48.0000007,6.962609919927696
2012-01-26 07:33:00.00000064,17.979310473924063
2012-01-26 07:33:00.000000131,5.44570859725415
2012-01-26 07:33:00.00000071,5.7199287340129015
2012-01-26 07:33:00.00000028,16.14436827314
2012-01-26 07:33:00.00000072,7.3475903307929595
2010-12-09 07:29:00.00000093,9.023218133437801
2010-12-09 07:29:00.000000123,8.811079489241932
2010-12-09 07:29:00.00000056,6.833179676033553
2014-05-17 02:47:12.0000001,7.488558043349594
2009-01-22 12:27:20.0000001,11.463535947110262
2011-04-23 21:22:20.0000002,5.077735272854648
2012-11-20 21:54:00.00000062,7.2079925763007076
2012-11-20 21:54:00.000000207,9.539478733364408
2012-11-20 21:54:00.00000014,5.077735272854648
2012-11-20 21:54:00.000000246,16.31010706314796
2012-11-20 21:54:00.000000164,54.46617657583079
2014-06-23 00:16:00.00000011,19.851875198576366
2014-06-23 00:16:00.00000091,9.08973098701906
2013-09-25 22:00:00.000000144,12.101664708487117
2013-09-25 22:00:00.000000100,55.82475500446892
2013-09-25 22:00:00.000000166,11.062352644177954
2013-09-25 22:00:00.000000105,15.443438516989538
2013-09-25 22:00:00.00000015,10.595241598864272
2011-07-06 18:07:44.0000002,43.33930547931667
2009-05-16 14:53:41.0000002,9.650938139950863
2013-10-17 22:21:57.0000003,12.142495186640554
2015-03-04 21:42:57.00000011,8.323972458487008
2011-03-22 12:59:49.0000001,11.58563278059939
2013-07-05 00:58:17.0000004,15.600465557622035
2010-01-30 00:57:21.0000001,6.056044934554348
2012-04-02 08:39:21.0000002,14.3914135574762
2010-07-25 04:03:17.0000001,45.71375191968402
2012-07-01 22:30:29.0000002,17.80544504563555
2014-02-08 17:24:57.0000003,17.04336441264278
2012-06-02 01:16:05.0000003,5.046147910099611
2012-06-02 01:16:05.0000001,6.7016563003841805
2014-01-11 06:18:37.0000001,6.354006876217455
2012-12-09 22:30:13.0000005,5.7432707980540165
2011-10-01 15:04:57.0000002,5.7432707980540165
2012-01-01 00:37:29.0000004,8.126390441630043
2012-04-14 14:20:33.0000003,11.51367560275079
2010-02-01 20:28:45.0000004,8.671483784773
2013-08-19 16:21:05.0000001,18.627497862227102
2014-06-05 22:56:05.0000004,7.747750775454916
2013-11-07 22:25:25.0000004,17.851283586009288
2010-06-19 03:06:33.0000001,16.67562067257624
2012-07-18 09:44:53.0000003,6.31800762516474
2009-09-25 21:43:49.0000002,8.298498462163266
2009-09-04 18:43:33.0000001,6.45425940272226
2012-10-20 00:36:37.0000001,8.35054151658959
2014-06-19 22:37:09.0000002,29.55408157972514
2012-12-20 23:43:09.0000001,18.429373109576776
2015-05-23 01:00:22.0000002,8.73128134189112
2012-11-18 14:55:42.0000001,7.2450743292119
2010-01-24 14:09:58.0000003,5.924985639409017
2014-07-27 11:25:18.0000003,19.494254161018
2009-03-15 03:31:14.0000004,5.046147910099611
2010-09-24 22:40:06.0000004,6.036634861763806
2009-04-18 23:09:34.0000001,37.34369206498537
2014-08-26 16:39:54.0000001,16.663890597549777
2009-05-31 20:56:38.0000004,6.096655886143559
2015-05-29 10:02:42.0000002,7.510217619572702
2011-04-17 14:55:58.0000002,6.623098150993554
2011-05-26 21:36:54.0000003,6.938401713780305
2011-05-26 21:36:54.0000002,9.325022382368507
2013-11-23 16:33:30.0000002,10.89234440305667
2009-06-03 09:11:30.0000001,8.14443512563398
2010-12-04 21:08:38.0000005,7.128379511728822
2013-09-07 19:43:18.0000003,10.220009876033622
2011-03-10 18:16:14.0000005,5.508501214248392
2011-05-19 02:06:46.0000002,6.81879280048496
2009-08-03 17:06:06.0000002,15.916445922410421
2015-04-14 19:20:46.0000008,6.887119925015056
2011-09-08 13:39:06.0000002,7.083944654225499
2012-03-03 02:30:54.0000003,12.861891757250962
2012-12-27 21:01:54.0000004,5.317908616804271
2012-12-27 21:01:54.0000005,9.419993907696812
2014-06-20 02:16:34.0000002,6.9939990881589935
2014-01-14 18:48:06.0000008,9.959005888397348
2011-09-03 00:03:42.0000008,7.75737529493238
2013-07-02 22:27:14.0000004,15.869751021824975
2013-07-02 22:27:14.0000001,10.41737884128229
2015-05-09 11:33:58.0000002,9.505925005461375
2015-03-28 19:31:26.0000003,13.06248800569124
2013-08-08 14:38:43.0000002,10.28143230425038
2009-11-19 22:48:27.0000001,38.60815640108075
2011-07-06 19:56:23.0000001,15.231964046172175
2015-06-18 20:56:55.0000002,5.089196931378638
2015-02-14 13:15:19.0000002,6.561925587239845
2013-01-12 22:40:39.0000002,8.914538943707235
2013-03-23 15:41:07.0000002,38.01762693801727
2010-01-31 00:33:03.0000006,7.515532622996751
2014-06-09 14:51:39.0000001,7.767006364509757
2015-03-20 16:33:07.0000004,15.245515552861765
2015-01-04 00:28:11.0000004,8.086883628475356
2010-10-04 16:17:03.0000001,11.33395688268616
2011-05-17 07:53:55.0000003,5.688616490506133
2012-12-26 20:55:27.0000001,5.046147910099611
2012-12-26 20:55:27.0000003,4.87608425324839
2011-12-17 16:19:47.0000002,11.671966462942539
2010-02-15 10:14:23.0000001,30.32842440538218
2010-12-11 16:12:35.0000003,5.106201757612793
2011-12-11 11:05:51.0000002,11.671966462942539
2014-06-14 12:32:11.0000001,10.393245883424301
2012-06-09 22:57:15.0000001,7.061347925157333
2009-05-21 20:50:31.0000004,5.101012646435704
2010-09-22 09:42:31.0000005,7.150865169269012
2014-07-08 10:21:39.0000007,19.947052519576445
2012-09-16 18:14:55.0000002,15.127791331604794
2013-10-05 13:45:39.0000001,6.561925587239845
2014-07-31 10:39:39.0000001,12.978927212980524
2013-02-16 14:26:51.0000001,12.106371554011517
2014-01-04 10:54:59.0000004,55.77964816196127
2015-03-07 15:25:59.0000005,8.413219035335858
2009-04-16 15:57:31.0000003,5.508501214248392
2011-10-23 17:43:43.0000002,7.61127441315928
2014-06-14 13:39:00.000000189,11.55389219309466
2014-06-14 13:39:00.000000153,9.571228218799513
2014-06-14 13:39:00.00000088,5.089196931378638
2014-06-14 13:39:00.000000157,14.563914856650417
2014-06-14 13:39:00.00000046,7.7184669330495534
2014-06-14 13:39:00.000000110,6.531122238398441
2014-06-14 13:39:00.000000106,43.5121278938894
2014-06-14 13:39:00.00000019,15.071590961062093
2014-06-14 13:39:00.000000186,6.561925587239845
2014-06-14 13:39:00.00000037,9.48923660512527
2014-06-14 13:39:00.00000057,11.592289987005836
2014-06-14 13:39:00.000000127,12.292524755211769
2014-06-14 13:39:00.0000009,37.56344739126625
2014-06-14 13:39:00.000000173,8.356062827841384
2014-06-14 13:39:00.00000027,5.192677866024059
2014-06-14 13:39:00.000000100,7.510217619572702
2011-10-02 23:36:00.00000060,17.508674127119004
2011-10-02 23:36:00.00000057,16.271322940135875
2011-10-02 23:36:00.00000044,5.716761884393003
2011-10-02 23:36:00.00000087,22.469428891003954
2011-10-02 23:36:00.00000084,10.530485491743727
2011-10-02 23:36:00.00000046,13.025847269469518
2011-10-02 23:36:00.0000006,7.128379511728822
2011-10-02 23:36:00.00000033,33.64148416377127
2011-10-02 23:36:00.00000064,18.340376415712054
2011-10-02 23:36:00.00000094,9.337339523409684
2011-10-02 23:36:00.00000049,5.887074702585597
2011-10-02 23:36:00.00000066,8.201779648599329
2011-10-02 23:36:00.00000080,9.345417113614328
2011-10-02 23:36:00.00000029,33.6567332904198
2011-10-02 23:36:00.00000055,4.705868807676497
2011-10-02 23:36:00.00000079,16.97823502954793
2011-10-02 23:36:00.00000053,10.731283970367963
2009-06-10 16:55:00.00000014,6.962609919927696
2009-06-10 16:55:00.00000052,6.820524160316904
2009-06-10 16:55:00.00000065,7.288169479943702
2009-06-10 16:55:00.000000169,12.007638488378143
2009-06-10 16:55:00.000000172,6.8920438032013225
2009-06-10 16:55:00.000000105,5.096609529754727
2009-06-10 16:55:00.00000073,4.70106393019901
2009-06-10 16:55:00.000000157,10.860899088878343
2009-06-10 16:55:00.000000156,5.760671528952291
2009-06-10 16:55:00.000000116,8.130096253092873
2009-06-10 16:55:00.00000022,5.3352898239899424
2009-06-10 16:55:00.00000013,6.146046272100403
2009-06-10 16:55:00.000000126,4.977508418387085
2009-06-10 16:55:00.00000023,6.96860382962862
2009-06-10 16:55:00.00000086,6.307142536060065
2009-06-10 16:55:00.00000040,10.808339115185815
2009-06-10 16:55:00.00000058,6.962609919927696
2009-06-10 16:55:00.000000170,5.3352898239899424
2009-06-10 16:55:00.00000027,10.887143801573409
2009-06-10 16:55:00.00000011,12.662159610635973
2009-06-10 16:55:00.000000129,5.91712456928156
2009-06-10 16:55:00.000000121,5.077735272854648
2009-06-10 16:55:00.00000080,7.644907890996178
2009-06-10 16:55:00.00000089,8.180926277264502
2009-06-10 16:55:00.000000103,6.054176705276964
2009-06-10 16:55:00.00000051,7.272008423806153
2009-06-10 16:55:00.00000063,27.423549852746447
2009-06-10 16:55:00.000000106,5.470568453409428
2009-06-10 16:55:00.00000091,6.146046272100403
2009-06-10 16:55:00.00000095,13.886678486323817
2009-06-10 16:55:00.000000137,5.046147910099611
2009-06-10 16:55:00.000000113,4.87608425324839
2009-06-10 16:55:00.000000173,6.088929057651078
2009-06-10 16:55:00.00000077,5.2345001648605765
2009-06-10 16:55:00.00000036,5.508501214248392
2011-06-24 12:03:00.000000148,5.724209588231189
2011-06-24 12:03:00.00000070,5.499791809289537
2011-06-24 12:03:00.000000129,9.238391548122497
2011-06-24 12:03:00.000000130,5.077735272854648
2011-06-24 12:03:00.000000160,10.78127776451429
2011-06-24 12:03:00.000000167,28.433915615383302
2011-06-24 12:03:00.00000059,6.962609919927696
2011-06-24 12:03:00.000000128,7.312728364495721
2011-06-24 12:03:00.000000112,4.895389402226307
2011-06-24 12:03:00.000000134,5.508501214248392
2011-06-24 12:03:00.00000021,13.290148973147527
2011-06-24 12:03:00.00000039,11.283895586360204
2011-06-24 12:03:00.00000083,13.204791657691198
2011-06-24 12:03:00.00000029,6.555500203660806
2011-06-24 12:03:00.00000037,7.669098685112121
2011-06-24 12:03:00.0000004,12.589340090961967
2011-06-24 12:03:00.000000117,30.32276971244452
2011-06-24 12:03:00.000000147,4.720369079176927
2011-06-24 12:03:00.00000043,6.962609919927696
2011-06-24 12:03:00.000000172,7.679817249866749
2011-06-24 12:03:00.00000011,6.146046272100403
2011-06-24 12:03:00.00000036,4.70106393019901
2011-06-24 12:03:00.00000015,5.508501214248392
2011-06-24 12:03:00.00000065,6.236048081914734
2011-06-24 12:03:00.000000169,33.9990499384567
2011-06-24 12:03:00.000000164,12.415841730032438
2011-06-24 12:03:00.000000163,5.508501214248392
2011-06-24 12:03:00.00000096,6.938401713780305
2011-06-24 12:03:00.00000030,11.630969582614664
2014-06-15 07:06:00.00000018,8.83836189776737
2014-06-15 07:06:00.00000034,21.492805796322855
2014-06-15 07:06:00.00000022,55.80527344146173
2014-06-15 07:06:00.00000012,6.823700579213453
2014-06-15 07:06:00.0000005,9.49991436995422
2014-06-15 07:06:00.00000023,5.182998710161561
2014-06-15 07:06:00.0000001,10.26282493472806
2009-09-14 02:19:00.0000005,4.736054894861267
2009-09-14 02:19:00.00000032,5.549444292686941
2009-09-14 02:19:00.00000015,5.072703209290402
2009-09-14 02:19:00.00000029,6.973220566729467
2009-09-14 02:19:00.00000012,5.9762246920859425
2009-09-14 02:19:00.00000019,12.845521190231063
2011-06-01 07:37:00.000000193,5.464543487197696
2011-06-01 07:37:00.000000135,5.311056807269721
2011-06-01 07:37:00.000000124,7.353579926146391
2011-06-01 07:37:00.00000071,7.637812136659004
2011-06-01 07:37:00.000000191,15.917506900205137
2011-06-01 07:37:00.00000073,6.0358908433424245
2011-06-01 07:37:00.000000134,12.191910414341065
2011-06-01 07:37:00.000000195,9.782764603754135
2011-06-01 07:37:00.000000130,8.333550263829432
2011-06-01 07:37:00.00000039,7.316874047369902
2011-06-01 07:37:00.000000188,12.589512326527302
2011-06-01 07:37:00.00000030,7.6165009670101504
2011-06-01 07:37:00.00000040,11.157023856359126
2011-06-01 07:37:00.00000011,8.289351522479814
2011-06-01 07:37:00.00000093,7.258263784498978
2011-06-01 07:37:00.000000121,47.329839383205154
2011-06-01 07:37:00.000000224,6.853215856318389
2011-06-01 07:37:00.000000153,5.173373728043533
2011-06-01 07:37:00.00000033,5.3352898239899424
2011-06-01 07:37:00.000000213,9.510406500054204
2011-06-01 07:37:00.00000076,5.431597867348882
2011-06-01 07:37:00.00000018,6.887527869193445
2011-06-01 07:37:00.00000021,11.032871982083158
2011-06-01 07:37:00.000000126,12.558115863427401
2011-06-01 07:37:00.000000202,6.049223498313126
2011-06-01 07:37:00.00000035,8.247989456731291
2011-06-01 07:37:00.000000216,11.157699192933293
2011-06-01 07:37:00.00000067,7.6303426054895995
2011-06-01 07:37:00.00000013,9.604971297589199
2011-06-01 07:37:00.00000024,8.254688538835646
2011-06-01 07:37:00.000000148,5.046147910099611
2011-06-01 07:37:00.000000200,5.508501214248392
2011-06-01 07:37:00.00000042,10.219824009648343
2011-06-01 07:37:00.00000066,9.687895650064743
2011-06-01 07:37:00.00000056,11.287591578152686
2011-06-01 07:37:00.00000063,15.461363500061088
2011-06-01 07:37:00.0000009,9.980375991345497
2011-06-01 07:37:00.000000187,6.609906526134641
2011-06-01 07:37:00.000000225,6.141093065136565
2010-08-27 18:45:00.0000009,33.110137151392905
2010-08-27 18:45:00.000000120,6.897229904042508
2010-08-27 18:45:00.00000019,6.933933217569752
2010-08-27 18:45:00.0000001,6.732307270365093
2010-08-27 18:45:00.00000080,5.046147910099611
2010-08-27 18:45:00.00000082,5.505265303097641
2010-08-27 18:45:00.000000180,10.816346466072071
2010-08-27 18:45:00.00000058,16.023404397209852
2010-08-27 18:45:00.000000178,28.442155407493345
2010-08-27 18:45:00.000000117,6.962609919927696
2010-08-27 18:45:00.00000079,10.922010478683708
2010-08-27 18:45:00.000000200,5.046147910099611
2010-08-27 18:45:00.000000108,7.13603896995165
2010-08-27 18:45:00.00000098,6.938401713780305
2010-08-27 18:45:00.00000059,47.310691243596104
2010-08-27 18:45:00.000000138,17.73771449323456
2010-08-27 18:45:00.000000232,7.655323145672079
2010-08-27 18:45:00.00000032,22.671510367832653
2010-08-27 18:45:00.00000047,9.200440974512297
2010-08-27 18:45:00.000000100,9.791872066151207
2010-08-27 18:45:00.000000154,6.924094138122253
2010-08-27 18:45:00.000000211,8.139030561126853
2010-08-27 18:45:00.000000114,6.962609919927696
2010-08-27 18:45:00.00000042,5.513974708056497
2010-08-27 18:45:00.000000104,17.61591011863328
2010-08-27 18:45:00.000000162,9.301686798866953
2010-08-27 18:45:00.00000095,5.046147910099611
2010-08-27 18:45:00.000000150,9.200440974512297
2010-08-27 18:45:00.00000052,13.290148973147527
2010-08-27 18:45:00.000000225,5.513974708056497
2010-08-27 18:45:00.00000064,8.376217456165744
2010-08-27 18:45:00.000000215,9.07862401576885
2010-08-27 18:45:00.000000206,5.513974708056497
2010-08-27 18:45:00.000000122,6.161230959312861
2010-08-27 18:45:00.000000221,9.783528810604869
2010-08-27 18:45:00.00000027,5.0913160994249225
2010-08-27 18:45:00.000000115,6.635097579921788
2010-08-27 18:45:00.000000218,7.586134753763684
2010-08-27 18:45:00.000000212,12.549794886530721
2010-08-27 18:45:00.000000229,6.962609919927696
2010-08-27 18:45:00.000000213,9.455339939078998
2010-08-27 18:45:00.00000099,39.928106386414925
2010-08-27 18:45:00.000000176,12.729037288633595
2010-08-27 18:45:00.000000132,17.759762864152055
2010-08-27 18:45:00.0000007,6.888395074919215
2010-08-27 18:45:00.000000151,30.431110047498578
2010-08-27 18:45:00.000000137,13.587658579574697
2010-08-27 18:45:00.00000021,29.63104243908336
2010-08-27 18:45:00.000000185,5.346505042300676
2010-08-27 18:45:00.00000041,7.260872818014746
2010-08-14 02:13:00.000000129,8.406181146934012
2010-08-14 02:13:00.0000006,13.684917456076768
2010-08-14 02:13:00.00000045,9.618008690620893
2010-08-14 02:13:00.000000117,15.872130211907349
2010-08-14 02:13:00.00000079,13.394170914832436
2010-08-14 02:13:00.000000112,6.1689577878053425
2010-08-14 02:13:00.00000088,21.514386970666468
2010-08-14 02:13:00.0000005,8.110387247922697
2010-08-14 02:13:00.00000016,10.041301340585159
2010-08-14 02:13:00.0000002,7.680443471689041
2010-08-14 02:13:00.00000071,25.097158715943568
2010-08-14 02:13:00.00000019,8.300483942180312
2010-08-14 02:13:00.000000113,5.096609529754727
2010-08-14 02:13:00.000000151,6.807677713667852
2010-08-14 02:13:00.000000104,12.059615899694123
2010-08-14 02:13:00.00000095,15.293810309525512
2010-08-14 02:13:00.00000053,7.3475903307929595
2010-08-14 02:13:00.00000046,7.643893338904616
2010-08-14 02:13:00.00000011,16.16906031761044
2010-08-14 02:13:00.000000124,21.512095152603507
2010-08-14 02:13:00.000000153,19.680055731718845
2010-08-14 02:13:00.00000081,45.41174764237637
2010-08-14 02:13:00.00000062,9.69768239685176
2010-08-14 02:13:00.000000103,15.629047602603778
2010-08-14 02:13:00.000000144,6.857684352528944
2010-08-14 02:13:00.00000082,7.67400272918324
2010-08-14 02:13:00.00000093,5.513974708056497
2010-08-14 02:13:00.00000058,6.857684352528944
2010-08-14 02:13:00.000000107,5.693791914258994
2010-08-14 02:13:00.000000157,6.881892558676335
2010-08-14 02:13:00.00000013,5.513974708056497
2010-08-14 02:13:00.000000138,5.046147910099611
2010-08-14 02:13:00.000000119,12.754989786870603
2010-08-14 02:13:00.00000065,5.046147910099611
2010-08-14 02:13:00.00000039,5.513974708056497
2010-08-14 02:13:00.000000118,6.857684352528944
2010-08-14 02:13:00.00000048,15.814758613268939
2010-08-14 02:13:00.00000067,12.139886326439436
2010-08-14 02:13:00.00000096,19.934060987333083
2010-08-14 02:13:00.00000091,14.751665215350602
2010-08-14 02:13:00.000000114,6.807677713667852
2010-08-14 02:13:00.00000023,39.21206933664915
2010-08-14 02:13:00.000000106,6.2264866053190575
2014-03-25 23:47:00.000000102,7.518109269327707
2014-03-25 23:47:00.00000026,22.89275288129992
2014-03-25 23:47:00.00000042,15.198818056678508
2014-03-25 23:47:00.00000051,5.982572309258989
2014-03-25 23:47:00.00000052,8.150022679642886
2014-03-25 23:47:00.00000031,12.913016655687214
2014-03-25 23:47:00.00000096,11.150700080593936
2014-03-25 23:47:00.000000134,5.120784294133675
2014-03-25 23:47:00.00000019,16.480951565166812
2014-03-25 23:47:00.00000020,8.775068165675922
2014-03-25 23:47:00.000000115,31.721913229011243
2014-03-25 23:47:00.00000035,5.089196931378638
2014-03-25 23:47:00.000000132,19.931152235168067
2014-03-25 23:47:00.00000085,35.344814477156746
2014-03-25 23:47:00.00000064,55.82475500446892
2014-03-25 23:47:00.00000011,8.309115661695396
2014-03-25 23:47:00.000000124,8.896384336860082
2014-03-25 23:47:00.000000112,7.600132073665071
2014-03-25 23:47:00.000000127,22.31995571325497
2014-03-25 23:47:00.00000028,17.69405936075182
2014-03-25 23:47:00.00000055,10.409457116128328
2014-03-25 23:47:00.00000036,8.356062827841384
2014-03-25 23:47:00.000000135,32.90996527050069
2014-03-25 23:47:00.000000108,11.262566360856372
2014-03-25 23:47:00.00000012,15.853318842345338
2010-09-29 16:43:00.000000162,7.150865169269012
2010-09-29 16:43:00.00000078,8.479898867568819
2010-09-29 16:43:00.00000015,8.548950907042546
2010-09-29 16:43:00.0000001,12.732582081101684
2010-09-29 16:43:00.000000119,7.775730035568049
2010-09-29 16:43:00.000000140,8.527602791728896
2010-09-29 16:43:00.00000041,7.775730035568049
2010-09-29 16:43:00.000000135,13.023785421753125
2010-09-29 16:43:00.000000117,6.45425940272226
2010-09-29 16:43:00.00000059,13.571236758527018
2010-09-29 16:43:00.00000014,7.599028246080629
2010-09-29 16:43:00.00000012,12.729530487678291
2010-09-29 16:43:00.000000170,5.8615311898013776
2010-09-29 16:43:00.00000013,7.656261443789359
2010-09-29 16:43:00.000000145,7.128379511728822
2010-09-29 16:43:00.000000174,13.557532220856908
2010-09-29 16:43:00.000000164,7.122635901506436
2010-09-29 16:43:00.00000037,12.851808340624023
2010-09-29 16:43:00.000000159,5.106201757612793
2010-09-29 16:43:00.000000113,12.732582081101684
2010-09-29 16:43:00.00000094,4.705868807676497
2010-09-29 16:43:00.00000011,5.845642089709104
2010-09-29 16:43:00.000000168,5.046147910099611
2010-09-29 16:43:00.000000114,47.310691243596104
2010-09-29 16:43:00.00000019,5.077735272854648
2010-09-29 16:43:00.00000022,7.775730035568049
2010-09-29 16:43:00.00000040,7.10417130558143
2010-09-29 16:43:00.00000016,7.04754197348251
2010-09-29 16:43:00.000000144,7.083944654225499
2010-09-29 16:43:00.00000044,9.025887614508783
2010-09-29 16:43:00.00000062,9.092587596856463
2010-09-29 16:43:00.00000074,30.7052174948265
2010-09-29 16:43:00.00000064,16.223998994171698
2010-09-29 16:43:00.000000110,12.800696596063892
2010-09-29 16:43:00.000000122,7.775730035568049
2010-09-29 16:43:00.000000142,4.70106393019901
2010-09-29 16:43:00.00000080,5.046147910099611
2014-10-27 14:58:00.000000149,55.82475500446892
2014-10-27 14:58:00.000000125,13.979906557814354
2014-10-27 14:58:00.000000130,9.864446137638252
2014-10-27 14:58:00.000000146,7.33667916608255
2014-10-27 14:58:00.00000040,7.444721190765153
2014-10-27 14:58:00.000000136,6.5030182524247975
2014-10-27 14:58:00.000000123,12.409436870356279
2014-10-27 14:58:00.000000115,6.561925587239845
2014-10-27 14:58:00.00000046,6.289639218680497
2014-10-27 14:58:00.0000009,55.82475500446892
2014-10-27 14:58:00.00000059,52.161987135828795
2014-10-27 14:58:00.000000111,7.8187024266267295
2014-10-27 14:58:00.00000054,55.82475500446892
2014-10-27 14:58:00.00000024,7.842957805964334
2014-10-27 14:58:00.00000065,10.479747924091507
2014-10-27 14:58:00.00000087,14.002574908826462
2014-10-27 14:58:00.00000099,6.561925587239845
2014-10-27 14:58:00.000000144,5.05797564449768
2014-10-27 14:58:00.00000081,4.9041320379055655
2014-10-27 14:58:00.00000056,9.931064946014713
2012-11-03 17:11:00.000000115,6.583807194585018
2012-11-03 17:11:00.00000079,7.279849406867677
2012-11-03 17:11:00.00000081,10.319014021259868
2012-11-03 17:11:00.00000085,13.477784224539262
2012-11-03 17:11:00.000000128,4.749195311457874
2012-11-03 17:11:00.000000160,9.078057069553013
2012-11-03 17:11:00.000000118,7.005836249871432
2012-11-03 17:11:00.00000076,8.881806258093059
2012-11-03 17:11:00.000000114,7.158719878111089
2012-11-03 17:11:00.00000091,7.015125264295135
2012-11-03 17:11:00.00000060,9.657842102034408
2012-11-03 17:11:00.000000155,9.643980304414104
2012-11-03 17:11:00.000000117,9.957969552182892
2012-11-03 17:11:00.000000105,5.046147910099611
2012-11-03 17:11:00.0000007,18.014919416942927
2012-11-03 17:11:00.00000055,7.2793212234824205
2012-11-03 17:11:00.000000103,6.498280679093642
2012-11-03 17:11:00.00000053,8.51015600983608
2011-03-11 01:44:00.00000064,9.220336071158236
2011-03-11 01:44:00.00000016,5.101012646435704
2011-03-11 01:44:00.00000072,12.202392345029807
2011-03-11 01:44:00.00000057,5.508501214248392
2011-03-11 01:44:00.00000040,6.983541920318931
2011-03-11 01:44:00.00000021,16.808868445747095
2011-03-11 01:44:00.00000046,9.99472110449098
2011-03-11 01:44:00.00000034,7.316874047369902
2011-03-11 01:44:00.00000083,45.80741781477017
2011-03-11 01:44:00.00000032,9.636319313400632
2011-03-11 01:44:00.00000075,7.3475903307929595
2011-03-11 01:44:00.00000085,8.749727187724481
2011-03-11 01:44:00.00000044,6.799362721438012
2011-03-11 01:44:00.0000005,8.961837664648847
2011-03-11 01:44:00.00000074,14.943193999095499
2011-03-11 01:44:00.00000041,9.592077796038696
2011-03-11 01:44:00.00000042,8.751555584991966
2011-03-11 01:44:00.00000035,12.169983893817298
2011-03-11 01:44:00.00000052,5.046147910099611
2011-10-04 09:37:00.000000194,5.7432707980540165
2011-10-04 09:37:00.000000183,7.083944654225499
2011-10-04 09:37:00.000000157,30.306320046027686
2011-10-04 09:37:00.000000176,6.436750703043339
2011-10-04 09:37:00.000000170,8.543169381525553
2011-10-04 09:37:00.00000036,8.79969486418164
2011-10-04 09:37:00.00000017,4.70106393019901
2011-10-04 09:37:00.000000114,16.517516314215115
2011-10-04 09:37:00.000000184,11.50124843860056
2011-10-04 09:37:00.00000047,5.7432707980540165
2011-10-04 09:37:00.00000055,6.45425940272226
2011-10-04 09:37:00.00000031,7.169439141483327
2011-10-04 09:37:00.00000049,47.42871061343726
2011-10-04 09:37:00.0000005,4.952464582242174
2011-10-04 09:37:00.00000067,5.046147910099611
2011-10-04 09:37:00.000000134,11.124564558240298
2011-10-04 09:37:00.00000025,6.45425940272226
2011-10-04 09:37:00.000000185,6.45425940272226
2011-10-04 09:37:00.000000180,7.10417130558143
2011-10-04 09:37:00.00000088,9.11913051851223
2011-10-04 09:37:00.000000108,8.441738203468363
2011-10-04 09:37:00.000000107,9.481908375191415
2011-10-04 09:37:00.00000062,18.741794894028715
2011-10-04 09:37:00.00000045,5.050357227220082
2011-10-04 09:37:00.00000028,9.916439986635824
2011-10-04 09:37:00.00000057,6.45425940272226
2011-10-04 09:37:00.00000013,9.447360038545902
2011-10-04 09:37:00.00000056,11.50124843860056
2011-10-04 09:37:00.000000106,5.7432707980540165
2011-10-04 09:37:00.000000136,8.424746256159082
2014-12-24 03:00:00.0000005,23.534175722950717
2014-12-24 03:00:00.00000017,20.116797832359282
2014-12-24 03:00:00.00000036,18.334968640757687
2014-12-24 03:00:00.00000033,5.10000365011265
2014-12-24 03:00:00.00000026,21.696035366130175
2014-12-24 03:00:00.00000031,19.839127212095285
2014-12-24 03:00:00.00000015,9.765036190651035
2015-02-12 05:37:56.0000001,4.963629341062366
2014-04-27 02:57:00.000000124,13.406746061122256
2014-04-27 02:57:00.00000017,18.18600795911419
2014-04-27 02:57:00.000000151,6.354006876217455
2014-04-27 02:57:00.000000168,5.089196931378638
2014-04-27 02:57:00.00000039,5.120784294133675
2014-04-27 02:57:00.00000097,13.556215632533373
2014-04-27 02:57:00.00000033,6.467209051230557
2014-04-27 02:57:00.000000129,9.019816536548706
2014-04-27 02:57:00.000000141,8.104508127080157
2014-04-27 02:57:00.00000074,14.000018045585959
2014-04-27 02:57:00.00000047,19.787287316366513
2014-04-27 02:57:00.00000076,11.47630520440653
2014-04-27 02:57:00.000000142,6.3240292982142625
2014-04-27 02:57:00.000000143,18.606140940393967
2014-04-27 02:57:00.00000090,20.51767348376312
2014-04-27 02:57:00.000000106,20.307886623734937
2014-04-27 02:57:00.000000167,16.159735812928545
2014-04-27 02:57:00.000000145,12.11308049117371
2011-12-13 22:00:00.00000085,13.192169479882605
2011-12-13 22:00:00.000000264,8.331891036834616
2011-12-13 22:00:00.000000138,10.539948498968611
2011-12-13 22:00:00.000000135,6.45425940272226
2011-12-13 22:00:00.000000197,5.7432707980540165
2011-12-13 22:00:00.000000143,13.192784417898224
2011-12-13 22:00:00.000000134,5.106201757612793
2011-12-13 22:00:00.00000033,10.515390301820984
2011-12-13 22:00:00.00000058,7.10417130558143
2011-12-13 22:00:00.000000205,8.291936968451331
2011-12-13 22:00:00.000000173,10.562034175608433
2011-12-13 22:00:00.000000248,7.099702809370877
2011-12-13 22:00:00.00000074,6.988463389953748
2011-12-13 22:00:00.00000098,5.046147910099611
2011-12-13 22:00:00.00000095,10.308698513079225
2011-12-13 22:00:00.000000229,19.593636880886763
2011-12-13 22:00:00.000000186,12.287058910122635
2011-12-13 22:00:00.0000005,30.317413637723792
2011-12-13 22:00:00.000000246,16.517516314215115
2011-12-13 22:00:00.000000180,7.144644600897457
2011-12-13 22:00:00.00000044,9.208767689885493
2011-12-13 22:00:00.000000110,8.019789215261047
2011-12-13 22:00:00.000000231,6.45425940272226
2011-12-13 22:00:00.000000144,10.271654197482619
2011-12-13 22:00:00.00000070,31.852829229531864
2011-12-13 22:00:00.000000116,7.895257124884104
2011-12-13 22:00:00.000000156,6.1985630528675015
2011-12-13 22:00:00.000000148,9.056628996712089
2011-12-13 22:00:00.00000072,8.834622514208041
2011-12-13 22:00:00.00000028,10.825127036718712
2011-12-13 22:00:00.00000066,10.347177526057065
2011-12-13 22:00:00.000000121,12.276058248405377
2011-12-13 22:00:00.00000094,39.98075278229464
2011-12-13 22:00:00.000000266,10.280438471246093
2015-04-11 14:16:12.0000004,10.809983557545898
2015-05-10 19:54:00.0000002,14.529640049971054
2014-07-21 18:19:00.00000054,9.864446137638252
2014-07-21 18:19:00.000000230,7.545730491703717
2014-07-21 18:19:00.000000187,18.57752795908295
2014-07-21 18:19:00.000000100,9.94283816571061
2014-07-21 18:19:00.00000071,13.513763333684997
2014-07-21 18:19:00.000000172,10.479747924091507
2014-07-21 18:19:00.00000025,9.084969966759678
2014-07-21 18:19:00.000000191,11.98367537210918
2014-07-21 18:19:00.00000034,11.98367537210918
2014-07-21 18:19:00.000000176,5.575101134305235
2014-07-21 18:19:00.00000037,7.842957805964334
2014-07-21 18:19:00.000000160,6.52615824386569
2014-07-21 18:19:00.00000077,9.971776044630225
2014-07-21 18:19:00.00000013,12.63483608137597
2014-07-21 18:19:00.000000184,8.259030196759278
2014-07-21 18:19:00.000000232,6.954456804667497
2014-07-21 18:19:00.000000116,9.921756672499134
2014-07-21 18:19:00.00000048,9.039656232961221
2014-07-21 18:19:00.00000067,10.479747924091507
2014-07-21 18:19:00.00000099,5.105126430433479
2014-07-21 18:19:00.000000223,7.510217619572702
2014-07-21 18:19:00.000000162,16.43806786863795
2014-07-21 18:19:00.00000068,9.94283816571061
2014-07-21 18:19:00.000000144,8.797294486772373
2014-07-21 18:19:00.00000035,25.141309580812614
2014-07-21 18:19:00.00000029,7.510217619572702
2014-07-21 18:19:00.00000032,5.771866040015822
2014-07-21 18:19:00.00000082,5.1780701853908075
2014-07-21 18:19:00.000000132,5.883096179813753
2014-07-21 18:19:00.000000152,7.326854199830202
2014-07-21 18:19:00.00000039,6.461926651201177
2014-07-21 18:19:00.000000241,4.855402395903516
2014-07-21 18:19:00.00000088,6.861344249228031
2010-09-20 16:48:00.000000159,28.11336608345237
2010-09-20 16:48:00.0000006,9.816923911922766
2010-09-20 16:48:00.000000166,7.844118956933532
2010-09-20 16:48:00.000000110,7.134373421429745
2010-09-20 16:48:00.000000139,25.182168066723392
2010-09-20 16:48:00.00000015,7.157221986608798
2010-09-20 16:48:00.00000068,14.22730282690246
2010-09-20 16:48:00.000000158,47.310691243596104
2010-09-20 16:48:00.00000035,14.950497847589888
2010-09-20 16:48:00.000000148,5.046147910099611
2010-09-20 16:48:00.00000023,14.746461838040569
2010-09-20 16:48:00.00000027,9.188924736999471
2010-09-20 16:48:00.00000092,23.596684977394933
2010-09-20 16:48:00.000000151,30.379709722268093
2010-09-20 16:48:00.00000071,8.543169381525553
2010-09-20 16:48:00.000000132,7.150865169269012
2010-09-20 16:48:00.00000099,15.995552788766595
2010-09-20 16:48:00.0000001,5.71783659834743
2010-09-20 16:48:00.0000005,18.546257549401375
2011-03-06 21:01:00.00000037,5.077735272854648
2011-03-06 21:01:00.00000028,14.325637633192473
2011-03-06 21:01:00.00000025,6.962609919927696
2011-03-06 21:01:00.000000139,6.7777838117907665
2011-03-06 21:01:00.00000083,9.520743935410003
2011-03-06 21:01:00.000000173,18.923765389172466
2011-03-06 21:01:00.00000051,19.570993001755618
2011-03-06 21:01:00.000000116,14.543883998543109
2011-03-06 21:01:00.00000057,6.096655886143559
2011-03-06 21:01:00.000000168,8.192164506076189
2011-03-06 21:01:00.000000138,17.370694207039115
2011-03-06 21:01:00.00000043,10.198394506063675
2011-03-06 21:01:00.000000127,5.046147910099611
2011-03-06 21:01:00.00000096,15.995552788766595
2011-03-06 21:01:00.00000074,5.046147910099611
2011-03-06 21:01:00.000000113,7.654044601855369
2011-03-06 21:01:00.000000120,27.143988049753933
2011-03-06 21:01:00.00000018,9.206522007499784
2011-03-06 21:01:00.00000071,6.962609919927696
2011-03-06 21:01:00.000000137,5.046147910099611
2011-03-06 21:01:00.00000011,17.370462022060384
2011-03-06 21:01:00.000000146,7.844005761591801
2011-03-06 21:01:00.000000149,5.046147910099611
2011-03-06 21:01:00.00000056,5.046147910099611
2011-03-06 21:01:00.00000052,12.233984834646055
2011-03-06 21:01:00.000000109,5.489917704584884
2012-01-26 07:33:00.000000167,7.3475903307929595
2012-01-26 07:33:00.000000114,14.759064047168287
2012-01-26 07:33:00.00000031,8.996419961518068
2012-01-26 07:33:00.000000133,19.682347501054267
2012-01-26 07:33:00.000000180,5.508501214248392
2012-01-26 07:33:00.000000120,9.642442683428444
2012-01-26 07:33:00.000000168,8.130897543257403
2012-01-26 07:33:00.000000122,6.049223498313126
2012-01-26 07:33:00.000000166,9.822688524067841
2012-01-26 07:33:00.000000186,6.887527869193445
2012-01-26 07:33:00.00000068,7.675086934794106
2012-01-26 07:33:00.00000085,19.86003998027427
2012-01-26 07:33:00.000000103,4.705868807676497
2012-01-26 07:33:00.00000081,24.264087730441485
2012-01-26 07:33:00.00000099,10.292692068383195
2012-01-26 07:33:00.00000051,8.757950935379156
2012-01-26 07:33:00.000000160,4.87608425324839
2012-01-26 07:33:00.00000091,5.508501214248392
2012-01-26 07:33:00.00000089,8.351693235662434
2012-01-26 07:33:00.000000189,6.891422007974241
2010-12-09 07:29:00.0000003,7.737184703735789
2010-12-09 07:29:00.00000078,5.685517975549389
2010-12-09 07:29:00.000000127,7.059693415492887
2010-12-09 07:29:00.00000050,7.589717976512482
2010-12-09 07:29:00.000000135,5.673199241582937
2010-12-09 07:29:00.000000196,11.949661941068104
2010-12-09 07:29:00.000000183,8.008837848972714
2010-12-09 07:29:00.000000152,9.91274524343428
2010-12-09 07:29:00.00000098,30.98115714817608
2010-12-09 07:29:00.00000090,9.670266153820593
2010-12-09 07:29:00.00000025,12.657413506486069
2010-12-09 07:29:00.000000150,7.511726364166082
2010-12-09 07:29:00.00000041,5.317908616804271
2010-12-09 07:29:00.000000143,8.447146695381495
2010-12-09 07:29:00.000000148,5.7432707980540165
2010-12-09 07:29:00.000000151,6.45425940272226
2010-12-09 07:29:00.0000007,5.077735272854648
2010-12-09 07:29:00.00000069,9.575701356285599
2010-12-09 07:29:00.00000036,5.716761884393003
2010-12-09 07:29:00.00000046,16.14572005665362
2010-12-09 07:29:00.000000195,6.681593143794423
2010-12-09 07:29:00.000000115,17.860221053230774
2010-12-09 07:29:00.000000134,5.7432707980540165
2010-12-09 07:29:00.00000067,8.10248655065663
2010-12-09 07:29:00.000000112,6.973220566729467
2010-12-09 07:29:00.00000015,8.362692088392604
2010-12-09 07:29:00.00000031,8.340649731418011
2010-12-09 07:29:00.000000193,7.924367946724573
2010-12-09 07:29:00.00000012,8.360936818944573
2010-12-09 07:29:00.0000005,47.372970010170455
2010-12-09 07:29:00.00000038,9.724286207210458
2010-12-09 07:29:00.00000097,5.504885029434865
2010-12-09 07:29:00.000000102,5.096609529754727
2010-12-09 07:29:00.00000089,7.593223867526633
2010-12-09 07:29:00.00000068,7.054058104975778
2010-12-09 07:29:00.00000071,9.761816874562548
2010-12-09 07:29:00.000000186,7.054058104975778
2012-05-08 03:50:00.0000009,18.391010461498112
2012-05-08 03:50:00.0000001,6.843376776870891
2012-05-08 03:50:00.00000012,13.257878025557098
2012-05-08 03:50:00.0000006,15.918234701865806
2015-03-12 19:43:24.0000005,5.120784294133675
2015-02-01 00:48:44.0000001,29.696898791387756
2015-02-21 18:39:16.0000005,6.446103743186601
2011-01-24 20:47:04.0000001,10.198394506063675
2010-12-25 13:54:12.0000001,14.456933465370344
2015-04-07 14:31:12.0000001,7.131465272681753
2012-11-20 21:54:00.00000086,15.805014106829633
2012-11-20 21:54:00.000000150,7.624425679403606
2012-11-20 21:54:00.000000184,7.001044719308787
2012-11-20 21:54:00.00000080,26.024624254837185
2012-11-20 21:54:00.00000021,5.7432707980540165
2012-11-20 21:54:00.00000019,7.92207778072734
2012-11-20 21:54:00.00000087,4.749195311457874
2012-11-20 21:54:00.00000077,11.857966582705913
2012-11-20 21:54:00.000000216,8.395355486413036
2012-11-20 21:54:00.00000010,6.566298494906095
2012-11-20 21:54:00.000000104,8.215627278615246
2012-11-20 21:54:00.00000048,6.497707784882868
2012-11-20 21:54:00.000000221,16.990235038786846
2012-11-20 21:54:00.00000030,9.427303746455921
2012-11-20 21:54:00.00000085,5.682102227840765
2012-11-20 21:54:00.000000133,5.949139775356762
2012-11-20 21:54:00.000000144,8.917333341688717
2012-11-20 21:54:00.00000047,5.7432707980540165
2012-11-20 21:54:00.000000229,5.077735272854648
2012-11-20 21:54:00.00000015,6.513307873100866
2012-11-20 21:54:00.000000101,7.3095233393307355
2012-11-20 21:54:00.000000238,7.052952298303028
2012-11-20 21:54:00.00000097,16.568635329426428
2012-11-20 21:54:00.00000049,6.583807194585018
2012-11-20 21:54:00.000000209,15.141946884115086
2012-11-20 21:54:00.00000012,8.95670629585311
2012-11-20 21:54:00.000000132,9.014628279627223
2012-11-20 21:54:00.000000197,5.7432707980540165
2012-11-20 21:54:00.000000211,13.068455454661308
2012-11-20 21:54:00.00000083,7.116082562904769
2012-11-20 21:54:00.000000127,7.176734589814407
2012-11-20 21:54:00.000000223,35.56549072165112
2012-11-20 21:54:00.000000130,10.89293303216841
2012-11-20 21:54:00.000000149,9.626413068234388
2012-11-20 21:54:00.000000196,9.419993907696812
2012-11-20 21:54:00.00000056,5.738216168541414
2012-11-20 21:54:00.00000026,11.774909566864642
2012-11-20 21:54:00.00000055,8.481902416266477
2012-11-20 21:54:00.000000135,26.75757206399301
2014-06-23 00:16:00.00000023,12.96789348983809
2014-06-23 00:16:00.00000014,8.127438647195994
2014-06-23 00:16:00.00000080,8.188616003156413
2014-06-23 00:16:00.0000003,13.470666157969811
2014-06-23 00:16:00.00000029,14.455922296394709
2014-06-23 00:16:00.00000055,32.01422095091314
2014-06-23 00:16:00.00000050,12.888628049861058
2014-06-23 00:16:00.0000002,16.772686954592416
2014-06-23 00:16:00.00000072,7.012600994064766
2014-06-23 00:16:00.00000020,11.083934159575982
2013-09-25 22:00:00.00000052,10.091753366633448
2013-09-25 22:00:00.000000129,7.510217619572702
2013-09-25 22:00:00.000000226,52.794954523931466
2013-09-25 22:00:00.00000029,12.58059448069242
2013-09-25 22:00:00.000000141,6.561925587239845
2013-09-25 22:00:00.000000206,14.62750275291767
2013-09-25 22:00:00.00000051,8.094340683625022
2013-09-25 22:00:00.000000238,9.75144551460516
2013-09-25 22:00:00.000000251,12.482419436835078
2013-09-25 22:00:00.00000031,7.510217619572702
2013-09-25 22:00:00.000000124,9.776878377604259
2013-09-25 22:00:00.000000102,8.367412673559368
2013-09-25 22:00:00.000000198,22.97617644844786
2013-09-25 22:00:00.000000208,5.089196931378638
2013-09-25 22:00:00.00000087,15.340696155077067
2013-09-25 22:00:00.000000116,5.089196931378638
2013-09-25 22:00:00.00000034,12.804978568985332
2013-09-25 22:00:00.000000104,10.549494901553162
2013-09-25 22:00:00.00000088,8.218384363898302
2013-09-25 22:00:00.000000218,32.343100437897604
2013-09-25 22:00:00.00000065,15.17232395002894
2013-09-25 22:00:00.000000115,12.142495186640554
2013-09-25 22:00:00.00000042,11.14231683425521
2013-09-25 22:00:00.000000234,7.444721190765153
2013-09-25 22:00:00.000000247,5.089196931378638
2013-09-25 22:00:00.000000147,14.31729301879883
2013-09-25 22:00:00.000000248,8.356062827841384
2013-09-25 22:00:00.000000162,16.323175628973207
2013-09-25 22:00:00.000000130,11.163562499329002
2013-09-25 22:00:00.000000174,5.105126430433479
2015-03-04 21:42:57.0000006,6.51661981310511
2015-04-25 01:06:17.0000005,16.25165687456686
2015-02-19 11:39:21.0000001,21.683255230373025
2015-01-29 13:15:50.0000001,5.120784294133675
2015-05-07 15:33:26.0000005,4.960189617608353
2015-02-09 07:16:26.0000005,15.623429696656832
2015-04-16 18:45:22.0000004,18.029813749029493
2015-05-31 20:48:54.0000006,40.93324966773373
2015-05-31 20:48:54.0000003,6.5250007015711855
2015-06-18 20:56:55.0000001,20.230811710449444
2015-02-14 13:15:19.0000005,5.830371913058127
2015-05-10 12:37:51.0000007,7.820163102424234
2015-05-10 12:37:51.0000005,12.106371554011517
2015-05-20 00:59:15.0000002,15.378103108271096
2015-05-29 18:59:35.0000003,10.479747924091507
2015-02-25 18:00:51.0000008,7.726880569256087
2015-02-08 08:44:03.0000002,7.723627401119221
2015-05-12 08:31:07.0000003,8.356062827841384
2015-03-16 21:12:19.0000007,9.576892443431078
2014-06-14 13:39:00.000000117,5.022429911767333
2014-06-14 13:39:00.000000187,7.280940269549742
2014-06-14 13:39:00.00000099,7.510217619572702
2014-06-14 13:39:00.000000112,21.27336517632273
2014-06-14 13:39:00.00000039,12.121833176277343
2014-06-14 13:39:00.00000078,55.36912761729158
2014-06-14 13:39:00.00000084,7.510217619572702
2014-06-14 13:39:00.000000166,7.444721190765153
2014-06-14 13:39:00.00000089,5.089196931378638
2014-06-14 13:39:00.00000047,9.396595337331311
2014-06-14 13:39:00.0000001,19.010007257033948
2015-01-31 20:54:04.0000002,10.531809786596781
2011-10-02 23:36:00.0000002,8.37045914038409
2011-10-02 23:36:00.00000051,10.585557072092833
2011-06-24 12:03:00.000000182,6.889336233654542
2011-06-24 12:03:00.000000103,6.962609919927696
2011-06-24 12:03:00.0000003,6.622102439110392
2011-06-01 07:37:00.00000050,7.327893293097635
2010-08-27 18:45:00.000000216,4.895389402226307
2010-08-14 02:13:00.000000135,10.484402547208616
2014-03-25 23:47:00.00000022,6.429948914715058
2014-03-25 23:47:00.000000128,19.219285193900422
2014-03-25 23:47:00.000000105,7.987930323524726
2014-03-25 23:47:00.00000091,5.133825879381424
2014-03-25 23:47:00.00000054,8.372507546019895
2014-03-25 23:47:00.000000129,8.396308006010667
2014-03-25 23:47:00.00000063,38.06885654102028
2014-03-25 23:47:00.00000060,7.488009310244807
2014-03-25 23:47:00.00000075,19.919781784638925
2010-09-29 16:43:00.00000083,6.760454303610555
2014-10-27 14:58:00.000000145,38.859348422101476
2014-10-27 14:58:00.0000007,14.002574908826462
2014-10-27 14:58:00.00000031,11.393579065387076
2014-10-27 14:58:00.000000128,21.200753225088555
2014-10-27 14:58:00.00000097,4.729657722906039
2014-10-27 14:58:00.00000078,35.21758414421058
2014-10-27 14:58:00.000000135,8.338182914920713
2012-11-03 17:11:00.00000044,6.583807194585018
2012-11-03 17:11:00.00000050,11.003432541337924
2012-11-03 17:11:00.00000024,7.303529429629812
2012-11-03 17:11:00.00000072,11.351124031881001
2012-11-03 17:11:00.000000159,8.51015600983608
2012-11-03 17:11:00.000000126,5.678605277405942
2012-11-03 17:11:00.00000090,9.640439175195704
2011-03-11 01:44:00.00000062,29.37294178381982
2015-02-22 09:48:32.0000004,21.617738463045534
2011-10-04 09:37:00.000000102,9.474222996321044
2011-10-04 09:37:00.00000023,7.775730035568049
2014-12-24 03:00:00.0000003,6.238185032164213
2014-12-24 03:00:00.00000014,6.289639218680497
2014-12-24 03:00:00.0000002,13.134655248753381
2014-12-24 03:00:00.00000027,15.47634458208255
2015-04-11 20:31:32.0000004,7.510217619572702
2014-04-27 02:57:00.000000123,8.113003104505166
2014-04-27 02:57:00.00000078,5.089196931378638
2014-04-27 02:57:00.00000075,11.272007062611001
2014-04-27 02:57:00.000000178,6.238185032164213
2014-04-27 02:57:00.0000004,8.965885732371234
2014-04-27 02:57:00.000000166,12.469572968401339
2014-04-27 02:57:00.00000091,13.166078333407095
2014-04-27 02:57:00.000000173,8.205347104573116
2014-04-27 02:57:00.00000066,22.415994774390796
2014-04-27 02:57:00.000000183,5.168391029528309
2014-04-27 02:57:00.000000179,11.622983172270763
2014-04-27 02:57:00.000000144,8.1400469292969
2014-04-27 02:57:00.00000025,19.66808773245235
2014-04-27 02:57:00.00000052,6.9939990881589935
2014-04-27 02:57:00.00000094,6.238185032164213
2014-04-27 02:57:00.000000189,20.855539015794854
2011-12-13 22:00:00.00000040,10.590973297975944
2011-12-13 22:00:00.000000228,6.629394597181182
2011-12-13 22:00:00.000000130,30.370721828341743
2011-12-13 22:00:00.000000141,6.634539559972984
2011-12-13 22:00:00.000000149,7.739060248823457
2011-12-13 22:00:00.000000224,5.7432707980540165
2011-12-13 22:00:00.000000154,7.400725787322319
2011-12-13 22:00:00.000000131,8.407885677349512
2011-12-13 22:00:00.0000002,7.128379511728822
2011-12-13 22:00:00.000000221,9.353408098334498
2011-12-13 22:00:00.00000056,6.817318081610954
2011-12-13 22:00:00.000000195,7.476076153199958
2011-12-13 22:00:00.000000191,7.04754197348251
2011-12-13 22:00:00.00000059,5.7432707980540165
2015-02-26 15:55:48.0000001,18.462908790625953
2014-07-21 18:19:00.000000197,6.890512400917474
2014-07-21 18:19:00.000000153,5.089196931378638
2014-07-21 18:19:00.000000159,7.510217619572702
2014-07-21 18:19:00.000000212,40.39857781580586
2014-07-21 18:19:00.00000091,6.629650199216445
2014-07-21 18:19:00.0000002,6.446103743186601
2014-07-21 18:19:00.000000142,10.280573987772382
2014-07-21 18:19:00.000000141,16.148598123624094
2014-07-21 18:19:00.000000149,7.510217619572702
2014-07-21 18:19:00.00000065,9.084969966759678
2014-07-21 18:19:00.00000033,7.437610622130343
2010-09-20 16:48:00.000000146,7.656261443789359
2010-09-20 16:48:00.00000047,13.609380157811113
2010-09-20 16:48:00.000000129,9.916439986635824
2015-01-26 07:13:44.0000005,55.66065007709673
2011-03-06 21:01:00.00000033,7.531679103697579
2012-01-26 07:33:00.00000090,6.141093065136565
2012-01-26 07:33:00.00000087,9.684535697708984
2012-01-26 07:33:00.00000012,10.10812908807168
2012-01-26 07:33:00.000000171,7.6241272936228395
2012-01-26 07:33:00.00000065,35.742492347154716
2012-01-26 07:33:00.00000088,8.26084327845789
2012-01-26 07:33:00.000000119,18.909790235134686
2015-03-20 23:34:40.0000004,31.32003034071782
2010-12-09 07:29:00.0000001,8.360936818944573
2012-05-08 03:50:00.00000013,6.141093065136565
2015-03-12 19:43:24.0000003,18.04496337524505
2012-11-20 21:54:00.00000034,9.014628279627223
2012-11-20 21:54:00.000000170,7.303529429629812
2012-11-20 21:54:00.000000108,10.338314238123694
2012-11-20 21:54:00.00000031,10.30994224765394
2012-11-20 21:54:00.000000171,12.437894379455626
2012-11-20 21:54:00.00000023,7.303529429629812
2012-11-20 21:54:00.00000074,6.513307873100866
2012-11-20 21:54:00.000000122,10.601688767644578
2012-11-20 21:54:00.0000006,6.750129270554519
2012-11-20 21:54:00.000000160,9.419993907696812
2012-11-20 21:54:00.00000042,23.296677542622756
2012-11-20 21:54:00.00000039,9.419993907696812
2012-11-20 21:54:00.00000043,9.419993907696812
2012-11-20 21:54:00.000000219,5.077735272854648
2012-11-20 21:54:00.00000020,5.7432707980540165
2012-11-20 21:54:00.000000222,5.7432707980540165
2012-11-20 21:54:00.0000005,7.450684979543075
2012-11-20 21:54:00.000000154,8.933126042948388
2014-06-23 00:16:00.00000060,18.906863560779428
2014-06-23 00:16:00.0000008,9.029225642358465
2014-06-23 00:16:00.00000035,25.84143084681192
2014-06-23 00:16:00.00000052,11.792269176351581
2014-06-23 00:16:00.00000053,8.352511651090843
2013-09-25 22:00:00.00000056,23.40719030184174
2013-09-25 22:00:00.00000083,6.754481006136168
2013-09-25 22:00:00.000000128,6.446103743186601
2013-09-25 22:00:00.00000037,16.39535830914592
2013-09-25 22:00:00.00000013,6.446103743186601
2013-09-25 22:00:00.000000168,8.245095147803902
2013-09-25 22:00:00.000000181,6.561940935053801
2013-09-25 22:00:00.00000016,12.804978568985332
2013-09-25 22:00:00.00000063,17.300010991378855
2013-09-25 22:00:00.00000047,8.356062827841384
2013-09-25 22:00:00.000000220,16.402053986164674
2013-09-25 22:00:00.000000163,9.732479432459224
2013-09-25 22:00:00.00000077,12.293770872809516
2013-09-25 22:00:00.00000060,40.425118442422715
2013-09-25 22:00:00.000000213,15.167210357965882
2013-09-25 22:00:00.000000150,19.876694302877
2013-09-25 22:00:00.00000010,7.738092467583086
2013-09-25 22:00:00.000000146,9.192840246162142
2013-09-25 22:00:00.00000041,10.167746561699852
2013-09-25 22:00:00.000000109,10.819946525105982
2013-09-25 22:00:00.000000210,17.288637415053202
2013-09-25 22:00:00.000000151,10.509161651473594
2013-09-25 22:00:00.000000190,14.546414149069596
2013-09-25 22:00:00.000000153,11.150700080593936
2013-09-25 22:00:00.000000241,27.40097856516354
2013-09-25 22:00:00.000000127,9.755671713491962
2015-02-20 11:08:29.0000001,17.533886907582584
2015-01-12 15:36:37.0000002,4.829835282869872
2015-06-07 00:38:14.0000002,18.107996378953818
2015-04-12 21:56:22.0000005,7.955958336596398
2015-04-10 11:56:54.0000004,7.000477775213051
2015-06-25 01:01:46.0000002,13.298712151935026
2015-05-29 10:02:42.0000001,10.4117892385211
2015-06-30 20:03:50.0000002,41.31138603035456
2015-02-27 19:36:02.0000006,25.183255539204414
2015-06-15 01:00:06.0000002,5.089196931378638
2015-02-03 09:00:58.0000001,38.859348422101476
2015-05-19 13:58:11.0000001,8.356062827841384
2015-05-10 12:37:51.0000002,8.694722474273718
2015-01-12 17:05:51.0000001,12.535127501605402
2015-04-19 20:44:15.0000001,55.35534446127818
2015-01-31 01:05:19.0000005,21.467721770945715
2015-01-18 14:06:23.0000006,6.82278190750736
