key,fare_amount
2015-01-27 13:08:24.0000002,10.857751
2015-01-27 13:08:24.0000003,11.584431
2011-10-08 11:53:44.0000002,5.00719
2012-12-01 21:12:12.0000002,8.7125635
2012-12-01 21:12:12.0000003,16.162085
2012-12-01 21:12:12.0000005,10.5343275
2011-10-06 12:10:20.0000001,5.680394
2011-10-06 12:10:20.0000003,49.000275
2011-10-06 12:10:20.0000002,11.84426
2014-02-18 15:22:20.0000002,7.020928
2014-02-18 15:22:20.0000003,10.322065
2014-02-18 15:22:20.0000001,17.804852
2010-03-29 20:20:32.0000002,4.033595
2010-03-29 20:20:32.0000001,5.994774
2011-10-06 03:59:12.0000002,7.270481
2011-10-06 03:59:12.0000001,10.83118
2012-07-15 16:45:04.0000006,4.207541
2012-07-15 16:45:04.0000002,8.955079
2012-07-15 16:45:04.0000003,4.764186
2012-07-15 16:45:04.0000004,4.4613686
2014-10-29 02:09:56.0000001,7.648255
2014-06-14 13:39:00.00000010,8.5249195
2014-06-14 13:39:00.00000060,7.365858
2014-06-14 13:39:00.00000087,8.823808
2014-06-14 13:39:00.00000050,18.5962
2014-06-14 13:39:00.0000003,7.0668135
2014-06-14 13:39:00.000000158,38.09418
2014-06-14 13:39:00.00000015,28.22822
2014-06-14 13:39:00.00000073,6.0627527
2014-06-14 13:39:00.00000077,16.583912
2014-06-14 13:39:00.000000145,9.683253
2014-06-14 13:39:00.00000079,6.182561
2014-06-14 13:39:00.000000121,5.576277
2014-06-14 13:39:00.00000021,11.078872
2014-06-14 13:39:00.0000005,8.774905
2014-06-14 13:39:00.000000165,7.25184
2014-06-14 13:39:00.000000184,6.4210505
2014-06-14 13:39:00.00000059,6.3810916
2014-06-14 13:39:00.00000070,8.171305
2014-06-14 13:39:00.00000068,4.6589937
2014-06-14 13:39:00.000000133,20.65941
2014-06-14 13:39:00.000000128,9.908181
2014-06-14 13:39:00.000000136,20.432924
2014-06-14 13:39:00.00000017,11.857066
2014-06-14 13:39:00.000000111,5.7622213
2014-06-14 13:39:00.000000115,12.531219
2014-06-14 13:39:00.000000168,5.754483
2014-06-14 13:39:00.00000031,6.8492994
2014-06-14 13:39:00.000000116,6.4151506
2014-06-14 13:39:00.00000051,4.8662963
2014-06-14 13:39:00.000000193,13.938878
2014-06-14 13:39:00.000000132,13.284696
2014-06-14 13:39:00.000000167,22.33523
2014-06-14 13:39:00.00000044,6.2866974
2014-06-14 13:39:00.000000138,7.8992124
2014-06-14 13:39:00.00000066,15.554683
2014-06-14 13:39:00.00000063,10.481413
2014-06-14 13:39:00.000000154,11.651689
2014-06-14 13:39:00.00000097,14.364814
2014-06-14 13:39:00.00000067,14.222279
2014-06-14 13:39:00.000000179,7.370561
2014-06-14 13:39:00.00000092,11.335331
2014-06-14 13:39:00.00000029,5.607585
2014-06-14 13:39:00.000000177,5.852194
2014-06-14 13:39:00.000000192,7.453981
2014-06-14 13:39:00.000000181,6.9349604
2014-06-14 13:39:00.000000120,11.222582
2014-06-14 13:39:00.0000008,5.4404263
2014-06-14 13:39:00.000000103,4.8672013
2014-06-14 13:39:00.00000049,18.760931
2014-06-14 13:39:00.000000108,7.9615297
2014-06-14 13:39:00.00000072,5.937419
2014-06-14 13:39:00.000000182,13.287476
2014-06-14 13:39:00.00000061,7.1808667
2014-06-14 13:39:00.00000093,9.318866
2014-06-14 13:39:00.000000170,12.59203
2014-06-14 13:39:00.000000147,48.96827
2014-06-14 13:39:00.000000140,5.25033
2014-06-14 13:39:00.000000159,4.709499
2014-06-14 13:39:00.00000012,4.691201
2014-06-14 13:39:00.00000025,7.3512454
2014-06-14 13:39:00.000000156,5.580429
2014-06-14 13:39:00.000000152,8.3496275
2014-06-14 13:39:00.000000129,10.261328
2014-06-14 13:39:00.000000119,19.742758
2014-06-14 13:39:00.000000118,5.6357517
2014-06-14 13:39:00.00000076,5.085659
2014-06-14 13:39:00.000000135,7.5043235
2014-06-14 13:39:00.00000023,21.305155
2014-06-14 13:39:00.00000082,9.967534
2014-06-14 13:39:00.000000125,11.796205
2014-06-14 13:39:00.00000075,10.657073
2014-06-14 13:39:00.000000124,7.2411623
2014-06-14 13:39:00.000000172,6.8004103
2014-06-14 13:39:00.00000024,15.552908
2014-06-14 13:39:00.000000169,14.524138
2014-06-14 13:39:00.00000052,12.305862
2014-06-14 13:39:00.000000161,14.102232
2014-06-14 13:39:00.00000038,8.732514
2014-06-14 13:39:00.00000035,11.269195
2014-06-14 13:39:00.00000053,13.122541
2014-06-14 13:39:00.000000183,6.8292513
2014-06-14 13:39:00.000000131,55.3303
2014-06-14 13:39:00.000000180,8.120349
2014-06-14 13:39:00.000000130,8.47315
2014-06-14 13:39:00.00000032,4.6112876
2014-06-14 13:39:00.000000148,12.139313
2014-06-14 13:39:00.0000007,10.467987
2014-06-14 13:39:00.00000095,12.0185375
2014-06-14 13:39:00.000000144,37.605083
2014-06-14 13:39:00.000000141,35.103947
2014-06-14 13:39:00.000000162,21.416887
2014-06-14 13:39:00.00000018,12.735487
2014-06-14 13:39:00.00000054,9.914275
2014-06-14 13:39:00.00000040,6.6779385
2014-06-14 13:39:00.00000096,6.9128304
2014-06-14 13:39:00.00000055,27.38458
2014-06-14 13:39:00.000000109,9.490461
2014-06-14 13:39:00.000000151,7.3485518
2014-06-14 13:39:00.00000016,11.034038
2014-06-14 13:39:00.00000062,11.141197
2014-06-14 13:39:00.000000191,10.56972
2014-06-14 13:39:00.00000034,9.123519
2014-06-14 13:39:00.000000160,6.938117
2014-06-14 13:39:00.00000013,6.6054754
2014-06-14 13:39:00.000000188,5.7917013
2014-06-14 13:39:00.00000086,9.018357
2014-06-14 13:39:00.000000185,11.841303
2014-06-14 13:39:00.00000074,9.588499
2014-06-14 13:39:00.00000022,19.408638
2014-06-14 13:39:00.00000036,5.070122
2014-06-14 13:39:00.000000126,5.2789583
2014-06-14 13:39:00.000000190,6.189651
2014-06-14 13:39:00.00000042,6.880123
2014-06-14 13:39:00.000000178,7.7413397
2014-06-14 13:39:00.000000163,5.430261
2014-06-14 13:39:00.00000020,13.423721
2014-06-14 13:39:00.00000098,6.3706393
2014-06-14 13:39:00.000000114,23.00271
2014-06-14 13:39:00.00000045,9.784485
2014-06-14 13:39:00.00000094,4.9013987
2014-06-14 13:39:00.000000146,11.6914835
2014-06-14 13:39:00.00000033,8.984225
2014-06-14 13:39:00.000000143,5.6533523
2014-06-14 13:39:00.000000107,7.075648
2014-06-14 13:39:00.00000048,9.671253
2014-06-14 13:39:00.00000043,12.411936
2014-06-14 13:39:00.000000123,10.041471
2014-06-14 13:39:00.000000134,9.24697
2014-06-14 13:39:00.000000142,7.0844026
2014-06-14 13:39:00.000000122,11.4691725
2014-06-14 13:39:00.000000176,10.511847
2011-12-12 09:42:12.0000004,6.376965
2011-12-12 09:42:12.0000002,4.6777506
2011-12-12 09:42:12.0000001,10.697162
2011-12-12 09:42:12.0000003,6.982905
2011-12-12 09:42:12.0000005,8.08642
2013-06-27 00:20:40.0000001,17.65003
2013-06-27 00:20:40.0000003,10.74885
2009-02-20 13:34:16.0000001,8.168967
2009-02-20 13:34:16.0000002,11.503372
2009-02-20 13:34:16.0000003,6.860645
2010-08-22 21:14:08.0000001,28.211637
2010-08-22 21:14:08.0000005,13.307831
2010-08-22 21:14:08.0000003,4.5591974
2010-08-22 21:14:08.0000002,7.1202774
2012-08-06 08:58:08.0000002,4.7153053
2012-08-06 08:58:08.0000001,16.547377
2013-11-04 08:34:12.0000003,5.8433537
2013-11-04 08:34:12.0000001,10.481708
2013-11-04 08:34:12.0000002,11.443243
2011-06-24 20:34:48.0000002,7.471691
2011-06-24 20:34:48.0000001,17.751554
2011-03-28 20:38:36.0000003,5.2781887
2011-03-28 20:38:36.0000004,4.956191
2011-03-28 20:38:36.0000002,7.2483773
2011-08-14 20:36:28.0000004,6.224356
2011-08-14 20:36:28.0000001,6.8920217
2011-08-14 20:36:28.0000003,20.697927
2011-08-14 20:36:28.0000002,6.453743
2015-02-21 15:52:44.0000004,20.264662
2015-02-21 15:52:44.0000003,9.90299
2015-02-21 15:52:44.0000002,18.002584
2015-02-21 15:52:44.0000001,10.319004
2013-01-29 11:29:52.0000001,10.259428
2014-09-12 19:03:48.0000001,11.028067
2013-11-09 18:52:40.0000004,9.8795185
2013-11-09 18:52:40.0000002,13.410065
2013-04-25 16:10:04.0000001,57.19469
2013-04-25 16:10:04.0000002,8.996203
2013-09-07 14:37:52.0000001,8.0484
2013-09-07 14:37:52.0000002,11.398435
2013-09-07 14:37:52.0000003,5.876883
2011-05-21 13:16:20.0000004,5.185775
2011-05-21 13:16:20.0000001,6.004548
2011-05-21 13:16:20.0000003,8.70125
2011-11-25 16:36:24.0000002,6.5860558
2011-11-25 16:36:24.0000001,11.084503
2015-01-31 20:54:04.0000001,6.349103
2010-11-01 23:31:28.0000002,6.542144
2010-11-01 23:31:28.0000001,7.872714
2010-11-01 23:31:28.0000003,8.817631
2011-03-24 15:57:04.0000003,4.660577
2011-03-24 15:57:04.0000001,7.825997
2010-05-10 10:37:04.0000005,6.126564
2010-05-10 10:37:04.0000002,5.4754286
2010-05-10 10:37:04.0000003,9.585048
2010-05-10 10:37:04.0000006,8.263329
2012-06-09 16:53:44.0000002,8.226876
2012-08-22 22:39:20.0000003,16.613686
2012-08-22 22:39:20.0000001,4.875705
2012-12-23 02:29:16.0000001,13.736106
2012-06-30 15:55:12.0000004,13.310525
2012-06-30 15:55:12.0000002,6.698037
2012-06-30 15:55:12.0000003,11.963793
2012-06-30 15:55:12.0000001,6.2170353
2011-10-02 23:36:00.00000056,9.967142
2011-10-02 23:36:00.00000086,17.30936
2011-10-02 23:36:00.00000081,14.444302
2011-10-02 23:36:00.0000009,4.372168
2011-10-02 23:36:00.00000041,11.675877
2011-10-02 23:36:00.00000091,4.211964
2011-10-02 23:36:00.0000008,11.18642
2011-10-02 23:36:00.00000015,25.625212
2011-10-02 23:36:00.00000014,8.524744
2011-10-02 23:36:00.00000047,6.8378015
2011-10-02 23:36:00.00000076,7.740604
2011-10-02 23:36:00.00000011,7.010071
2011-10-02 23:36:00.00000075,4.9589906
2011-10-02 23:36:00.00000035,6.8106275
2011-10-02 23:36:00.00000099,4.8623867
2011-10-02 23:36:00.00000062,8.1233635
2011-10-02 23:36:00.00000085,8.562167
2011-10-02 23:36:00.00000043,18.042309
2011-10-02 23:36:00.00000071,10.998115
2011-10-02 23:36:00.00000023,6.0582485
2011-10-02 23:36:00.00000092,5.2778773
2011-10-02 23:36:00.00000037,9.004796
2011-10-02 23:36:00.00000083,9.249557
2011-10-02 23:36:00.00000054,11.656687
2011-10-02 23:36:00.00000073,9.128282
2011-10-02 23:36:00.0000005,7.2771163
2011-10-02 23:36:00.00000095,5.353875
2011-10-02 23:36:00.00000088,7.2922864
2011-10-02 23:36:00.00000030,8.472332
2011-10-02 23:36:00.0000007,11.425729
2011-10-02 23:36:00.00000013,9.086629
2011-10-02 23:36:00.00000065,23.567736
2011-10-02 23:36:00.00000089,49.219032
2011-10-02 23:36:00.00000096,7.0294213
2011-10-02 23:36:00.00000039,9.052324
2011-10-02 23:36:00.00000038,24.91144
2011-10-02 23:36:00.00000067,17.975569
2011-10-02 23:36:00.00000077,11.176145
2011-10-02 23:36:00.00000020,16.955198
2011-10-02 23:36:00.00000063,15.7223
2011-10-02 23:36:00.00000012,8.060003
2011-10-02 23:36:00.00000058,15.552839
2011-10-02 23:36:00.00000026,9.164887
2011-10-02 23:36:00.00000074,19.190058
2011-10-02 23:36:00.00000059,25.109806
2011-10-02 23:36:00.00000090,13.994761
2011-10-02 23:36:00.0000004,29.505896
2011-10-02 23:36:00.0000003,15.3297415
2011-10-02 23:36:00.00000021,14.609885
2011-10-02 23:36:00.00000097,7.5293303
2011-10-02 23:36:00.00000036,17.323612
2011-10-02 23:36:00.00000024,20.082405
2011-10-02 23:36:00.00000082,47.317562
2011-10-02 23:36:00.000000100,7.1658835
2011-10-02 23:36:00.00000040,5.6158996
2011-10-02 23:36:00.00000022,4.2988987
2013-03-21 12:47:28.0000006,11.801772
2013-03-21 12:47:28.0000008,10.947069
2013-03-21 12:47:28.0000003,12.63276
2013-03-21 12:47:28.0000005,7.051048
2013-03-21 12:47:28.0000002,8.421239
2013-06-07 03:02:56.0000002,18.151974
2013-06-07 03:02:56.0000001,6.272879
2010-09-05 22:31:32.0000002,41.255436
2013-07-12 23:33:24.0000001,10.02823
2009-12-03 02:32:08.0000001,17.940208
2009-10-15 03:50:36.0000001,5.1541786
2011-09-25 22:36:32.0000002,19.51916
2011-09-25 22:36:32.0000001,10.794573
2015-06-08 20:02:56.0000001,10.3736515
2014-07-16 08:03:32.0000002,11.284956
2014-07-16 08:03:32.0000001,12.918283
2011-12-15 13:14:32.0000002,8.714163
2011-12-15 13:14:32.0000001,5.627789
2011-10-11 22:13:48.0000002,13.526001
2011-10-11 22:13:48.0000005,8.732115
2011-10-11 22:13:48.0000003,6.4878736
2013-09-14 16:53:20.0000001,8.815745
2013-09-14 16:53:20.0000002,10.87259
2014-02-06 09:09:56.0000004,5.265473
2014-02-06 09:09:56.0000003,5.9537854
2014-02-06 09:09:56.0000001,5.5817266
2009-06-10 16:55:00.00000081,30.801401
2009-06-10 16:55:00.00000029,5.6096063
2009-06-10 16:55:00.000000109,8.20494
2009-06-10 16:55:00.00000098,48.711178
2009-06-10 16:55:00.00000054,9.51085
2009-06-10 16:55:00.00000021,29.735449
2009-06-10 16:55:00.00000012,10.146605
2009-06-10 16:55:00.00000033,5.5816517
2009-06-10 16:55:00.00000024,8.263612
2009-06-10 16:55:00.00000099,10.479747
2009-06-10 16:55:00.0000009,7.494079
2009-06-10 16:55:00.000000158,6.0453444
2009-06-10 16:55:00.000000141,5.012894
2009-06-10 16:55:00.00000093,7.723775
2009-06-10 16:55:00.000000161,9.868338
2009-06-10 16:55:00.00000088,5.513274
2009-06-10 16:55:00.0000003,8.377455
2009-06-10 16:55:00.00000018,5.3577967
2009-06-10 16:55:00.00000047,7.239911
2009-06-10 16:55:00.000000154,10.891741
2009-06-10 16:55:00.000000131,10.308471
2009-06-10 16:55:00.00000046,12.843161
2009-06-10 16:55:00.0000004,5.6673975
2009-06-10 16:55:00.000000107,7.3265314
2009-06-10 16:55:00.000000114,6.097656
2009-06-10 16:55:00.000000117,8.107227
2009-06-10 16:55:00.000000162,10.28403
2009-06-10 16:55:00.00000049,10.67387
2009-06-10 16:55:00.00000069,6.6221495
2009-06-10 16:55:00.000000111,8.262159
2009-06-10 16:55:00.00000083,4.1540513
2009-06-10 16:55:00.000000166,56.30467
2009-06-10 16:55:00.000000135,9.024953
2009-06-10 16:55:00.00000044,31.344658
2009-06-10 16:55:00.00000085,8.126397
2009-06-10 16:55:00.000000115,6.316238
2009-06-10 16:55:00.000000108,6.7051983
2009-06-10 16:55:00.00000034,5.5538626
2009-06-10 16:55:00.00000060,15.637753
2009-06-10 16:55:00.000000120,5.31463
2009-06-10 16:55:00.000000174,31.045965
2009-06-10 16:55:00.0000007,6.739651
2009-06-10 16:55:00.000000159,7.1206384
2009-06-10 16:55:00.000000171,22.5444
2009-06-10 16:55:00.000000145,11.543705
2009-06-10 16:55:00.00000074,8.202333
2009-06-10 16:55:00.000000138,11.308587
2009-06-10 16:55:00.00000048,5.2086854
2009-06-10 16:55:00.000000101,5.128846
2009-06-10 16:55:00.000000153,5.559599
2009-06-10 16:55:00.0000002,9.91364
2009-06-10 16:55:00.00000037,9.467135
2009-06-10 16:55:00.000000151,9.878946
2009-06-10 16:55:00.000000127,29.211834
2009-06-10 16:55:00.000000144,35.6301
2009-06-10 16:55:00.000000165,12.62469
2009-06-10 16:55:00.0000008,4.679937
2009-06-10 16:55:00.000000122,7.6427903
2009-06-10 16:55:00.00000055,29.425188
2009-06-10 16:55:00.00000079,4.683626
2009-06-10 16:55:00.00000016,16.187052
2009-06-10 16:55:00.000000160,17.748138
2009-06-10 16:55:00.000000139,5.732529
2009-06-10 16:55:00.00000075,5.335293
2009-06-10 16:55:00.00000017,6.710324
2009-06-10 16:55:00.00000070,5.4444137
2009-06-10 16:55:00.000000118,10.815649
2009-06-10 16:55:00.00000066,12.313244
2009-06-10 16:55:00.000000164,5.6666408
2009-06-10 16:55:00.000000100,9.97649
2009-06-10 16:55:00.00000082,8.184019
2009-06-10 16:55:00.00000090,13.020956
2009-06-10 16:55:00.000000125,12.39882
2009-06-10 16:55:00.000000149,6.59691
2009-06-10 16:55:00.00000068,12.013293
2009-06-10 16:55:00.00000039,6.256222
2009-06-10 16:55:00.000000124,4.7250357
2009-06-10 16:55:00.00000053,5.8117976
2009-06-10 16:55:00.00000045,7.931291
2009-06-10 16:55:00.000000102,5.7047815
2009-06-10 16:55:00.000000140,7.38204
2009-06-10 16:55:00.000000148,7.08278
2009-06-10 16:55:00.000000147,6.837536
2009-06-10 16:55:00.00000097,8.226247
2009-06-10 16:55:00.00000094,6.535035
2009-06-10 16:55:00.00000078,8.041603
2009-06-10 16:55:00.00000035,6.1810822
2009-06-10 16:55:00.00000072,7.645659
2009-06-10 16:55:00.00000031,5.283434
2009-06-10 16:55:00.00000056,7.8642087
2009-06-10 16:55:00.000000128,18.561445
2009-06-10 16:55:00.00000057,6.8331556
2009-06-10 16:55:00.00000030,7.1649246
2009-06-10 16:55:00.00000043,10.844202
2009-06-10 16:55:00.000000146,7.725656
2009-06-10 16:55:00.00000010,8.041599
2009-06-10 16:55:00.00000067,11.176463
2009-06-10 16:55:00.000000119,5.49876
2009-06-10 16:55:00.00000076,17.219507
2009-06-10 16:55:00.00000025,6.8152413
2009-06-10 16:55:00.00000071,16.973063
2009-06-10 16:55:00.000000143,9.035523
2013-06-26 11:19:36.0000002,4.5920777
2014-09-05 10:02:48.0000004,5.140867
2014-09-05 10:02:48.0000002,9.160418
2014-09-05 10:02:48.0000001,40.803818
2014-09-05 10:02:48.0000003,9.074658
2012-09-19 12:31:40.0000001,9.695402
2012-09-19 12:31:40.0000002,6.706141
2009-03-22 04:31:40.0000002,18.72453
2009-08-27 02:31:44.0000001,18.403479
2009-05-02 20:11:32.0000001,9.255824
2009-05-02 20:11:32.0000004,8.833778
2011-02-20 02:31:16.0000002,7.4618425
2011-02-20 02:31:16.0000001,18.256018
2011-06-24 12:03:00.00000010,6.3744817
2011-06-24 12:03:00.00000067,11.49647
2011-06-24 12:03:00.00000071,11.042203
2011-06-24 12:03:00.000000100,7.2637224
2011-06-24 12:03:00.000000145,8.425219
2011-06-24 12:03:00.000000152,9.954715
2011-06-24 12:03:00.00000026,13.005296
2011-06-24 12:03:00.000000199,5.9022975
2011-06-24 12:03:00.000000195,5.504485
2011-06-24 12:03:00.000000119,5.901594
2011-06-24 12:03:00.00000086,15.452721
2011-06-24 12:03:00.00000012,7.3964562
2011-06-24 12:03:00.00000097,19.577234
2011-06-24 12:03:00.00000058,5.2738833
2011-06-24 12:03:00.000000176,4.903033
2011-06-24 12:03:00.000000139,4.061558
2011-06-24 12:03:00.00000048,6.9857907
2011-06-24 12:03:00.000000159,6.9531
2011-06-24 12:03:00.00000079,6.2384634
2011-06-24 12:03:00.000000138,7.4175425
2011-06-24 12:03:00.000000135,11.733043
2011-06-24 12:03:00.000000173,8.168066
2011-06-24 12:03:00.000000162,12.523533
2011-06-24 12:03:00.00000018,10.076732
2011-06-24 12:03:00.000000136,6.777323
2011-06-24 12:03:00.000000185,8.423179
2011-06-24 12:03:00.00000069,6.939829
2011-06-24 12:03:00.000000105,7.2160997
2011-06-24 12:03:00.000000180,7.1950316
2011-06-24 12:03:00.00000053,9.974886
2011-06-24 12:03:00.000000142,7.4697027
2011-06-24 12:03:00.000000188,9.625249
2011-06-24 12:03:00.00000089,4.2282043
2011-06-24 12:03:00.000000109,7.9990745
2011-06-24 12:03:00.00000074,6.844708
2011-06-24 12:03:00.000000113,10.462413
2011-06-24 12:03:00.00000044,6.029463
2011-06-24 12:03:00.000000183,6.1098228
2011-06-24 12:03:00.00000047,9.502991
2011-06-24 12:03:00.0000006,10.469203
2011-06-24 12:03:00.0000005,8.667321
2011-06-24 12:03:00.000000200,10.53883
2011-06-24 12:03:00.000000127,8.385464
2011-06-24 12:03:00.000000120,11.204038
2011-06-24 12:03:00.000000133,5.918481
2011-06-24 12:03:00.00000073,6.223764
2011-06-24 12:03:00.000000101,4.86086
2011-06-24 12:03:00.000000187,10.470726
2011-06-24 12:03:00.000000122,8.931187
2011-06-24 12:03:00.000000175,6.2683797
2011-06-24 12:03:00.000000154,10.1246
2011-06-24 12:03:00.000000197,7.718745
2011-06-24 12:03:00.00000017,7.9813128
2011-06-24 12:03:00.000000186,10.536856
2011-06-24 12:03:00.00000020,9.230779
2011-06-24 12:03:00.00000035,10.439122
2011-06-24 12:03:00.000000193,8.070725
2011-06-24 12:03:00.000000201,8.360013
2011-06-24 12:03:00.00000054,29.119701
2011-06-24 12:03:00.00000075,8.354067
2011-06-24 12:03:00.000000114,7.6135364
2011-06-24 12:03:00.00000062,27.883755
2011-06-24 12:03:00.00000055,25.172092
2011-06-24 12:03:00.00000025,6.144476
2011-06-24 12:03:00.00000022,5.653679
2011-06-24 12:03:00.000000144,13.339008
2011-06-24 12:03:00.000000177,6.601179
2011-06-24 12:03:00.000000124,6.0519357
2011-06-24 12:03:00.00000094,4.3313437
2011-06-24 12:03:00.00000041,7.2436075
2011-06-24 12:03:00.000000141,7.280818
2011-06-24 12:03:00.00000092,8.82671
2011-06-24 12:03:00.000000189,17.284533
2011-06-24 12:03:00.000000171,10.858502
2011-06-24 12:03:00.000000157,7.266358
2011-06-24 12:03:00.000000179,7.6320076
2011-06-24 12:03:00.000000107,12.392376
2011-06-24 12:03:00.00000095,15.499462
2011-06-24 12:03:00.00000076,11.366068
2011-06-24 12:03:00.000000156,7.254457
2011-06-24 12:03:00.000000111,31.06609
2011-06-24 12:03:00.000000116,8.367007
2011-06-24 12:03:00.00000033,10.369241
2011-06-24 12:03:00.00000082,4.890871
2011-06-24 12:03:00.00000078,5.3675723
2011-06-24 12:03:00.00000051,8.133473
2011-06-24 12:03:00.000000143,11.383312
2011-06-24 12:03:00.000000126,13.542669
2011-06-24 12:03:00.00000088,9.587973
2011-06-24 12:03:00.000000191,18.152925
2011-06-24 12:03:00.00000063,12.201085
2011-06-24 12:03:00.00000045,14.011837
2011-06-24 12:03:00.00000060,7.76743
2011-06-24 12:03:00.00000040,33.594955
2011-06-24 12:03:00.00000057,8.910046
2011-06-24 12:03:00.00000013,6.3928413
2011-06-24 12:03:00.00000068,29.66946
2011-06-24 12:03:00.000000165,4.7397246
2011-06-24 12:03:00.00000056,6.185817
2011-06-24 12:03:00.000000150,7.7189336
2011-06-24 12:03:00.00000052,5.7062993
2011-06-24 12:03:00.00000085,49.48673
2011-06-24 12:03:00.000000190,8.230258
2011-06-24 12:03:00.00000072,6.5963817
2011-06-24 12:03:00.000000137,5.9036
2011-06-24 12:03:00.000000102,5.958061
2011-06-24 12:03:00.000000106,8.947442
2011-06-24 12:03:00.000000118,5.0308647
2011-06-24 12:03:00.00000046,14.203539
2011-06-24 12:03:00.000000110,11.669388
2011-06-24 12:03:00.000000181,6.519696
2011-06-24 12:03:00.000000194,5.6660933
2011-06-24 12:03:00.00000061,9.767806
2011-06-24 12:03:00.0000001,11.410903
2011-06-24 12:03:00.00000087,8.399689
2011-06-24 12:03:00.00000066,5.7046576
2011-06-24 12:03:00.000000146,6.7826266
2011-06-24 12:03:00.000000149,49.362347
2011-06-24 12:03:00.00000038,11.625707
2011-06-24 12:03:00.000000196,9.098281
2011-06-24 12:03:00.00000093,8.811229
2011-06-24 12:03:00.000000170,5.6552625
2011-06-24 12:03:00.000000168,9.201613
2011-06-24 12:03:00.0000002,13.128259
2011-06-24 12:03:00.00000042,12.843303
2014-06-15 07:06:00.0000006,4.263247
2014-06-15 07:06:00.00000037,9.381552
2014-06-15 07:06:00.00000025,5.861917
2014-06-15 07:06:00.0000008,10.155315
2014-06-15 07:06:00.00000036,48.747208
2014-06-15 07:06:00.00000042,25.417618
2014-06-15 07:06:00.00000033,4.450523
2014-06-15 07:06:00.00000013,9.286961
2014-06-15 07:06:00.00000035,54.88825
2014-06-15 07:06:00.00000030,8.3866415
2014-06-15 07:06:00.00000024,7.1056457
2014-06-15 07:06:00.00000031,8.736837
2014-06-15 07:06:00.0000009,14.8215275
2014-06-15 07:06:00.00000039,52.6105
2014-06-15 07:06:00.00000010,6.1152225
2014-06-15 07:06:00.00000019,13.628026
2014-06-15 07:06:00.00000041,7.1728287
2014-06-15 07:06:00.00000028,17.210888
2014-06-15 07:06:00.00000014,53.88344
2014-06-15 07:06:00.0000003,13.034346
2014-06-15 07:06:00.00000017,55.242653
2014-06-15 07:06:00.00000015,15.643393
2014-06-15 07:06:00.00000026,5.9921227
2014-06-15 07:06:00.0000002,14.5731535
2014-06-15 07:06:00.00000040,4.1790547
2014-06-15 07:06:00.00000016,5.067943
2014-06-06 16:22:20.0000003,5.5391784
2014-06-06 16:22:20.0000002,8.654892
2015-05-30 21:29:04.0000004,14.492707
2015-05-30 21:29:04.0000007,17.784336
2015-05-30 21:29:04.0000003,11.593035
2015-05-30 21:29:04.0000001,7.671657
2009-10-26 12:01:36.0000001,10.442986
2009-10-26 12:01:36.0000002,8.496051
2009-10-26 12:01:36.0000005,6.7315803
2009-10-26 12:01:36.0000003,7.7325816
2013-02-02 15:45:08.0000003,8.455446
2013-02-02 15:45:08.0000001,8.767814
2013-02-02 15:45:08.0000002,12.638877
2015-04-15 06:47:04.0000001,7.787271
2015-04-15 06:47:04.0000002,10.070938
2010-12-14 23:27:36.0000001,5.103858
2009-03-05 11:03:04.0000002,4.7556114
2009-03-05 11:03:04.0000001,13.094473
2013-07-18 12:23:40.0000003,5.076913
2013-07-18 12:23:40.0000002,5.893208
2013-07-18 12:23:40.0000001,8.334696
2014-04-14 13:48:32.0000004,9.827982
2014-04-14 13:48:32.0000003,6.001241
2014-08-18 05:33:08.0000001,8.695586
2012-01-28 03:14:28.0000001,29.179232
2009-09-14 02:19:00.00000014,9.617567
2009-09-14 02:19:00.00000035,10.393596
2009-09-14 02:19:00.00000040,6.8093195
2009-09-14 02:19:00.00000031,5.2265086
2009-09-14 02:19:00.0000003,4.7797613
2009-09-14 02:19:00.00000025,7.952908
2009-09-14 02:19:00.0000008,7.3886585
2009-09-14 02:19:00.00000024,9.268881
2009-09-14 02:19:00.00000021,7.857228
2009-09-14 02:19:00.00000036,9.616226
2009-09-14 02:19:00.0000009,31.003223
2009-09-14 02:19:00.0000001,8.3211155
2009-09-14 02:19:00.00000018,4.9367723
2009-09-14 02:19:00.00000039,10.348121
2009-09-14 02:19:00.0000002,16.895765
2009-09-14 02:19:00.00000038,7.4456987
2009-09-14 02:19:00.00000020,18.135012
2009-09-14 02:19:00.00000028,7.362357
2009-09-14 02:19:00.00000026,17.468895
2009-09-14 02:19:00.00000017,8.005158
2009-09-14 02:19:00.00000030,6.8250346
2009-09-14 02:19:00.00000016,5.7801085
2009-09-14 02:19:00.0000006,6.6034718
2009-09-14 02:19:00.0000007,8.828152
2011-08-14 14:17:28.0000003,7.551995
2011-08-14 14:17:28.0000001,5.2570863
2011-08-14 14:17:28.0000004,6.596853
2011-08-14 14:17:28.0000002,8.204183
2011-08-14 14:17:28.0000005,13.723426
2014-03-17 16:07:56.0000002,54.541447
2010-11-03 21:09:56.0000002,5.2287636
2010-11-03 21:09:56.0000001,11.009888
2012-12-11 23:37:08.0000002,9.956002
2012-12-11 23:37:08.0000005,9.759079
2012-12-11 23:37:08.0000004,7.3984175
2012-12-11 23:37:08.0000006,10.1155615
2012-12-11 23:37:08.0000003,5.4236517
2012-12-11 23:37:08.0000001,16.98844
2015-06-24 14:19:52.0000001,13.544633
2015-06-24 14:19:52.0000002,59.18797
2015-06-24 14:19:52.0000004,8.737923
2010-08-21 22:21:32.0000004,13.0496
2011-02-19 10:20:28.0000003,4.135234
2011-02-19 10:20:28.0000002,9.919668
2011-02-19 10:20:28.0000001,6.073558
2011-02-19 10:20:28.0000004,7.3440113
2011-10-02 22:31:44.0000004,10.426609
2011-10-02 22:31:44.0000002,21.033588
2011-10-02 22:31:44.0000003,16.227747
2012-01-26 11:17:36.0000002,5.2037816
2012-05-06 23:37:24.0000002,19.747826
2012-05-06 23:37:24.0000001,22.353283
2013-06-12 20:03:36.0000001,7.996683
2013-06-12 20:03:36.0000002,53.372448
2015-02-27 14:15:52.0000003,77.377655
2013-12-21 17:20:32.0000001,10.657341
2009-06-29 08:09:40.0000002,10.751265
2009-06-29 08:09:40.0000001,12.051038
2014-09-14 17:22:12.0000002,6.912681
2014-09-14 17:22:12.0000001,11.147793
2014-09-14 17:22:12.0000003,15.50817
2014-09-14 17:22:12.0000005,7.3948545
2014-08-20 14:37:56.0000001,15.657827
2011-07-20 16:34:48.0000001,4.5969157
2011-07-20 16:34:48.0000003,6.1030207
2009-10-05 10:11:32.0000001,7.6275773
2009-10-05 10:11:32.0000002,13.495364
2011-02-16 08:44:04.0000001,14.293455
2011-02-16 08:44:04.0000007,8.782527
2011-02-16 08:44:04.0000004,9.71376
2011-02-16 08:44:04.0000003,5.308728
2011-02-16 08:44:04.0000002,5.1215734
2011-02-16 08:44:04.0000006,17.619287
2011-02-16 08:44:04.0000005,6.747794
2009-01-01 11:04:24.0000002,5.4080677
2014-04-28 19:46:36.0000003,8.05559
2012-11-11 20:35:40.0000001,45.62175
2012-11-11 20:35:40.0000002,11.246599
2011-06-01 07:37:00.000000171,8.3751545
2011-06-01 07:37:00.000000199,6.820557
2011-06-01 07:37:00.00000032,5.2867694
2011-06-01 07:37:00.000000175,8.753043
2011-06-01 07:37:00.00000095,5.345535
2011-06-01 07:37:00.000000106,5.240647
2011-06-01 07:37:00.00000090,10.218412
2011-06-01 07:37:00.000000169,16.164421
2011-06-01 07:37:00.0000007,5.0083427
2011-06-01 07:37:00.000000151,13.10216
2011-06-01 07:37:00.000000101,4.729584
2011-06-01 07:37:00.00000099,21.107502
2011-06-01 07:37:00.00000084,4.4674754
2011-06-01 07:37:00.00000083,5.0275097
2011-06-01 07:37:00.00000043,6.440403
2011-06-01 07:37:00.00000029,5.612301
2011-06-01 07:37:00.000000132,19.906372
2011-06-01 07:37:00.000000208,6.69528
2011-06-01 07:37:00.000000221,5.318255
2011-06-01 07:37:00.000000131,4.989084
2011-06-01 07:37:00.000000220,6.9930487
2011-06-01 07:37:00.000000207,7.5795283
2011-06-01 07:37:00.000000205,4.3753705
2011-06-01 07:37:00.000000180,6.9483986
2011-06-01 07:37:00.000000103,9.979322
2011-06-01 07:37:00.00000098,24.99891
2011-06-01 07:37:00.000000189,7.1727047
2011-06-01 07:37:00.000000165,5.012736
2011-06-01 07:37:00.000000184,36.024136
2011-06-01 07:37:00.00000092,5.9405885
2011-06-01 07:37:00.00000020,9.799729
2011-06-01 07:37:00.000000105,6.845312
2011-06-01 07:37:00.00000088,9.15002
2011-06-01 07:37:00.000000122,7.6796756
2011-06-01 07:37:00.000000219,12.491408
2011-06-01 07:37:00.000000222,7.6644783
2011-06-01 07:37:00.00000049,7.4722815
2011-06-01 07:37:00.000000114,4.307989
2011-06-01 07:37:00.000000181,5.649351
2011-06-01 07:37:00.000000144,51.57554
2011-06-01 07:37:00.000000155,7.5289755
2011-06-01 07:37:00.000000118,6.122895
2011-06-01 07:37:00.000000142,5.5068707
2011-06-01 07:37:00.000000223,7.154344
2011-06-01 07:37:00.00000057,6.4527183
2011-06-01 07:37:00.000000168,4.3879185
2011-06-01 07:37:00.000000226,6.7200146
2011-06-01 07:37:00.000000177,11.516601
2011-06-01 07:37:00.000000185,29.084
2011-06-01 07:37:00.000000178,12.140705
2011-06-01 07:37:00.000000140,7.601791
2011-06-01 07:37:00.000000141,10.646537
2011-06-01 07:37:00.00000045,8.496015
2011-06-01 07:37:00.00000086,7.1979704
2011-06-01 07:37:00.000000145,6.6037903
2011-06-01 07:37:00.00000037,8.0969715
2011-06-01 07:37:00.00000094,7.148765
2011-06-01 07:37:00.00000082,5.1316366
2011-06-01 07:37:00.000000179,9.287475
2011-06-01 07:37:00.000000197,5.955081
2011-06-01 07:37:00.000000154,11.507554
2011-06-01 07:37:00.00000019,8.933808
2011-06-01 07:37:00.00000075,6.5238624
2011-06-01 07:37:00.000000110,13.112065
2011-06-01 07:37:00.00000078,6.264373
2011-06-01 07:37:00.000000146,7.4944057
2011-06-01 07:37:00.000000143,9.1803875
2011-06-01 07:37:00.000000227,11.6883335
2011-06-01 07:37:00.00000070,4.4071884
2011-06-01 07:37:00.000000176,7.370043
2011-06-01 07:37:00.000000217,8.24576
2011-06-01 07:37:00.00000026,6.442567
2011-06-01 07:37:00.000000209,7.3648167
2011-06-01 07:37:00.000000183,7.803699
2011-06-01 07:37:00.000000210,5.548079
2011-06-01 07:37:00.00000060,8.879044
2011-06-01 07:37:00.000000174,6.9775767
2011-06-01 07:37:00.000000203,9.363984
2011-06-01 07:37:00.000000139,6.6181746
2011-06-01 07:37:00.000000162,7.9112897
2011-06-01 07:37:00.000000125,7.029152
2011-06-01 07:37:00.000000198,9.094038
2011-06-01 07:37:00.00000055,11.286354
2011-06-01 07:37:00.00000016,6.79556
2011-06-01 07:37:00.00000027,7.5890274
2011-06-01 07:37:00.00000053,19.154789
2011-06-01 07:37:00.000000201,31.660755
2011-06-01 07:37:00.000000138,4.9421754
2011-06-01 07:37:00.00000077,4.426605
2011-06-01 07:37:00.00000022,8.016475
2011-06-01 07:37:00.000000182,9.578069
2011-06-01 07:37:00.000000163,7.3037286
2011-06-01 07:37:00.000000204,8.890208
2011-06-01 07:37:00.000000137,8.039606
2011-06-01 07:37:00.000000152,7.5568585
2011-06-01 07:37:00.00000048,7.3764844
2011-06-01 07:37:00.00000025,8.430185
2011-06-01 07:37:00.000000100,14.307084
2011-06-01 07:37:00.00000015,4.4658213
2011-06-01 07:37:00.00000097,16.093143
2011-06-01 07:37:00.000000127,8.042933
2011-06-01 07:37:00.000000170,6.0107374
2011-06-01 07:37:00.00000091,13.190331
2011-06-01 07:37:00.000000109,9.142124
2011-06-01 07:37:00.00000028,9.158512
2011-06-01 07:37:00.000000129,18.93029
2011-06-01 07:37:00.000000158,4.3989477
2011-06-01 07:37:00.0000005,5.092002
2011-06-01 07:37:00.00000034,8.990626
2011-06-01 07:37:00.000000107,7.261602
2011-06-01 07:37:00.00000036,6.201612
2011-06-01 07:37:00.00000046,7.331967
2011-06-01 07:37:00.000000108,3.9296143
2011-06-01 07:37:00.0000008,8.322451
2011-06-01 07:37:00.000000212,7.693574
2011-06-01 07:37:00.00000068,6.8893933
2011-06-01 07:37:00.00000065,5.5443416
2011-06-01 07:37:00.000000116,4.118608
2011-06-01 07:37:00.000000196,7.17097
2011-06-01 07:37:00.000000172,8.499406
2011-06-01 07:37:00.00000059,12.717278
2011-06-01 07:37:00.000000167,4.621141
2011-06-01 07:37:00.00000058,6.279246
2011-06-01 07:37:00.00000061,4.3792033
2011-06-01 07:37:00.000000156,14.228514
2011-06-01 07:37:00.000000128,7.851845
2011-06-01 07:37:00.00000079,5.470375
2011-06-01 07:37:00.000000206,9.390904
2011-06-01 07:37:00.00000069,6.5123405
2011-06-01 07:37:00.000000190,6.3114305
2011-06-01 07:37:00.000000112,5.2193475
2011-06-01 07:37:00.000000104,5.1707544
2011-06-01 07:37:00.000000194,6.089211
2011-06-01 07:37:00.0000002,5.1246586
2011-06-01 07:37:00.00000044,5.5024924
2011-06-01 07:37:00.00000010,8.299101
2011-06-01 07:37:00.000000157,16.569996
2011-06-01 07:37:00.000000147,6.5165057
2011-06-01 07:37:00.000000120,5.08425
2011-06-01 07:37:00.000000149,10.063094
2011-06-01 07:37:00.000000119,8.979677
2011-06-01 07:37:00.00000023,5.521928
2011-06-01 07:37:00.00000017,9.335831
2011-06-01 07:37:00.00000038,16.015015
2011-06-01 07:37:00.000000113,9.301608
2011-06-01 07:37:00.000000211,7.7277803
2011-06-01 07:37:00.00000051,7.662183
2011-06-01 07:37:00.00000054,7.9449124
2011-06-01 07:37:00.000000186,10.075529
2009-02-16 03:13:40.0000001,7.218545
2010-08-27 18:45:00.000000234,5.6055746
2010-08-27 18:45:00.00000057,6.9811983
2010-08-27 18:45:00.00000039,11.069097
2010-08-27 18:45:00.000000161,6.77939
2010-08-27 18:45:00.000000220,10.923678
2010-08-27 18:45:00.00000028,8.250463
2010-08-27 18:45:00.00000014,15.248074
2010-08-27 18:45:00.000000226,14.401832
2010-08-27 18:45:00.000000175,5.7344294
2010-08-27 18:45:00.00000040,19.80857
2010-08-27 18:45:00.000000144,13.451115
2010-08-27 18:45:00.00000085,10.774993
2010-08-27 18:45:00.000000194,19.406076
2010-08-27 18:45:00.00000094,8.457487
2010-08-27 18:45:00.000000141,15.3893385
2010-08-27 18:45:00.00000067,4.3687096
2010-08-27 18:45:00.000000231,5.6705546
2010-08-27 18:45:00.000000214,9.874732
2010-08-27 18:45:00.00000037,14.876402
2010-08-27 18:45:00.000000165,5.3894377
2010-08-27 18:45:00.000000158,13.124312
2010-08-27 18:45:00.000000217,7.3182783
2010-08-27 18:45:00.00000090,13.147796
2010-08-27 18:45:00.000000142,9.510667
2010-08-27 18:45:00.0000004,7.455191
2010-08-27 18:45:00.00000070,4.977823
2010-08-27 18:45:00.000000202,8.1525545
2010-08-27 18:45:00.000000177,7.29471
2010-08-27 18:45:00.00000084,11.836329
2010-08-27 18:45:00.000000209,10.667619
2010-08-27 18:45:00.000000184,32.396538
2010-08-27 18:45:00.000000173,8.759087
2010-08-27 18:45:00.00000029,5.2516427
2010-08-27 18:45:00.00000025,6.1193404
2010-08-27 18:45:00.00000012,5.1587057
2010-08-27 18:45:00.00000010,4.9350247
2010-08-27 18:45:00.000000136,7.790095
2010-08-27 18:45:00.00000073,10.062078
2010-08-27 18:45:00.000000124,6.64501
2010-08-27 18:45:00.000000125,6.1446652
2010-08-27 18:45:00.000000169,5.7098184
2010-08-27 18:45:00.000000208,4.6881742
2010-08-27 18:45:00.000000152,5.4094
2010-08-27 18:45:00.000000196,8.760087
2010-08-27 18:45:00.0000005,11.708484
2010-08-27 18:45:00.00000077,6.7303305
2010-08-27 18:45:00.000000123,7.7593455
2010-08-27 18:45:00.00000046,10.800134
2010-08-27 18:45:00.00000033,6.9886746
2010-08-27 18:45:00.000000166,13.534335
2010-08-27 18:45:00.000000190,6.201912
2010-08-27 18:45:00.00000043,7.781683
2010-08-27 18:45:00.00000081,5.5156107
2010-08-27 18:45:00.00000034,8.903172
2010-08-27 18:45:00.00000089,17.426924
2010-08-27 18:45:00.000000189,5.655565
2010-08-27 18:45:00.00000078,8.20721
2010-08-27 18:45:00.00000053,11.646136
2010-08-27 18:45:00.000000188,7.867514
2010-08-27 18:45:00.00000071,7.3050303
2010-08-27 18:45:00.00000097,16.602106
2010-08-27 18:45:00.00000031,5.9696093
2010-08-27 18:45:00.000000101,12.713149
2010-08-27 18:45:00.000000140,6.0670094
2010-08-27 18:45:00.00000054,26.279547
2010-08-27 18:45:00.0000006,8.934387
2010-08-27 18:45:00.00000011,8.341203
2010-08-27 18:45:00.00000055,6.9541802
2010-08-27 18:45:00.000000160,9.98363
2010-08-27 18:45:00.00000024,11.325831
2010-08-27 18:45:00.000000106,6.5018773
2010-08-27 18:45:00.000000131,5.5646095
2010-08-27 18:45:00.00000087,12.245607
2010-08-27 18:45:00.000000110,11.118442
2010-08-27 18:45:00.000000197,13.869272
2010-08-27 18:45:00.00000066,8.778198
2010-08-27 18:45:00.000000205,11.151238
2010-08-27 18:45:00.00000086,5.455106
2010-08-27 18:45:00.000000207,8.347594
2010-08-27 18:45:00.00000068,14.0146
2010-08-27 18:45:00.00000050,6.199871
2010-08-27 18:45:00.00000045,7.070637
2010-08-27 18:45:00.00000093,4.2603235
2010-08-27 18:45:00.00000061,12.162971
2010-08-27 18:45:00.00000022,6.1170745
2010-08-27 18:45:00.00000018,6.5861506
2010-08-27 18:45:00.000000192,8.398601
2010-08-27 18:45:00.000000148,5.2171392
2010-08-27 18:45:00.000000195,4.8332586
2010-08-27 18:45:00.000000155,3.9987915
2010-08-27 18:45:00.000000129,9.062803
2010-08-27 18:45:00.000000133,5.881122
2010-08-27 18:45:00.00000063,10.808424
2010-08-27 18:45:00.00000076,6.8492365
2010-08-27 18:45:00.000000204,11.374829
2010-08-27 18:45:00.000000179,4.2984543
2010-08-27 18:45:00.000000219,16.17672
2010-08-27 18:45:00.000000107,6.800875
2010-08-27 18:45:00.000000153,9.0114155
2010-08-27 18:45:00.00000026,12.037101
2010-08-27 18:45:00.000000198,7.1749105
2010-08-27 18:45:00.00000016,10.110843
2010-08-27 18:45:00.00000060,8.07381
2010-08-27 18:45:00.00000017,26.960043
2010-08-27 18:45:00.000000109,14.17554
2010-08-27 18:45:00.000000227,11.837055
2010-08-27 18:45:00.000000181,4.971631
2010-08-27 18:45:00.000000191,7.5471044
2010-08-27 18:45:00.000000228,5.708123
2010-08-27 18:45:00.00000069,12.426846
2010-08-27 18:45:00.000000113,10.762385
2010-08-27 18:45:00.00000049,7.901314
2010-08-27 18:45:00.000000103,6.6457253
2010-08-27 18:45:00.0000003,5.2078757
2010-08-27 18:45:00.0000008,8.687759
2010-08-27 18:45:00.000000134,5.0740466
2010-08-27 18:45:00.000000183,20.625574
2010-08-27 18:45:00.00000013,15.1209
2010-08-27 18:45:00.000000235,6.0475307
2010-08-27 18:45:00.00000038,9.829916
2010-08-27 18:45:00.00000030,16.247349
2010-08-27 18:45:00.000000203,8.97182
2010-08-27 18:45:00.000000182,9.996084
2010-08-27 18:45:00.000000230,8.297272
2010-08-27 18:45:00.00000065,7.827079
2011-02-12 00:43:24.0000003,10.967955
2011-02-12 00:43:24.0000001,12.314191
2014-05-07 06:50:20.0000002,5.5237117
2014-05-07 06:50:20.0000001,7.1842422
2014-05-07 06:50:20.0000003,9.653055
2011-04-27 20:59:24.0000002,8.720621
2011-04-27 20:59:24.0000003,12.166457
2011-04-27 20:59:24.0000004,4.604794
2011-04-27 20:59:24.0000001,6.2959614
2011-04-27 20:59:24.0000005,6.206614
2010-08-14 02:13:00.00000069,7.216691
2010-08-14 02:13:00.00000049,7.0181994
2010-08-14 02:13:00.00000059,5.7942333
2010-08-14 02:13:00.00000075,15.574701
2010-08-14 02:13:00.00000020,7.68668
2010-08-14 02:13:00.000000102,13.261589
2010-08-14 02:13:00.00000060,4.8364215
2010-08-14 02:13:00.00000033,15.59228
2010-08-14 02:13:00.000000166,12.452579
2010-08-14 02:13:00.000000111,8.319076
2010-08-14 02:13:00.00000056,9.267147
2010-08-14 02:13:00.00000044,7.367706
2010-08-14 02:13:00.000000132,5.5510035
2010-08-14 02:13:00.00000073,4.937604
2010-08-14 02:13:00.00000043,8.354569
2010-08-14 02:13:00.00000085,9.80973
2010-08-14 02:13:00.000000108,12.901719
2010-08-14 02:13:00.00000028,12.785866
2010-08-14 02:13:00.00000076,4.9693065
2010-08-14 02:13:00.00000066,28.166828
2010-08-14 02:13:00.00000080,21.348782
2010-08-14 02:13:00.000000149,8.3353815
2010-08-14 02:13:00.00000054,3.793085
2010-08-14 02:13:00.000000130,9.65713
2010-08-14 02:13:00.00000032,9.539546
2010-08-14 02:13:00.000000158,6.6147094
2010-08-14 02:13:00.000000171,10.70291
2010-08-14 02:13:00.00000092,5.9562964
2010-08-14 02:13:00.000000155,6.4686494
2010-08-14 02:13:00.000000116,9.449336
2010-08-14 02:13:00.000000109,12.720874
2010-08-14 02:13:00.00000030,8.442447
2010-08-14 02:13:00.00000015,12.079
2010-08-14 02:13:00.000000133,6.1220584
2010-08-14 02:13:00.00000072,6.9882784
2010-08-14 02:13:00.00000052,10.794864
2010-08-14 02:13:00.000000170,15.359139
2010-08-14 02:13:00.0000007,5.454004
2010-08-14 02:13:00.000000165,8.196102
2010-08-14 02:13:00.00000026,12.040221
2010-08-14 02:13:00.000000148,5.5080805
2010-08-14 02:13:00.00000034,12.279819
2010-08-14 02:13:00.00000022,17.435083
2010-08-14 02:13:00.000000100,4.2250786
2010-08-14 02:13:00.000000160,5.6354847
2010-08-14 02:13:00.0000009,16.824272
2010-08-14 02:13:00.00000038,9.92216
2010-08-14 02:13:00.0000001,8.022894
2010-08-14 02:13:00.00000078,6.26294
2010-08-14 02:13:00.000000134,8.203317
2010-08-14 02:13:00.00000077,19.107462
2010-08-14 02:13:00.000000168,7.371126
2010-08-14 02:13:00.000000161,7.217467
2010-08-14 02:13:00.000000122,6.7768292
2010-08-14 02:13:00.00000035,6.873165
2010-08-14 02:13:00.000000110,6.8603597
2010-08-14 02:13:00.000000146,11.318499
2010-08-14 02:13:00.00000010,9.915308
2010-08-14 02:13:00.000000141,3.8997052
2010-08-14 02:13:00.00000087,16.71874
2010-08-14 02:13:00.000000137,6.9814267
2010-08-14 02:13:00.00000064,6.5727687
2010-08-14 02:13:00.00000084,7.133075
2010-08-14 02:13:00.000000139,8.916457
2010-08-14 02:13:00.00000089,29.113714
2010-08-14 02:13:00.000000140,42.171093
2010-08-14 02:13:00.00000012,8.95761
2010-08-14 02:13:00.00000025,4.895067
2010-08-14 02:13:00.00000070,4.051229
2010-08-14 02:13:00.0000004,11.956637
2010-08-14 02:13:00.00000090,14.96173
2010-08-14 02:13:00.000000101,14.741414
2010-08-14 02:13:00.00000017,5.5356874
2010-08-14 02:13:00.00000055,6.1045837
2010-08-14 02:13:00.00000014,10.469984
2010-08-14 02:13:00.000000142,11.9205265
2010-08-14 02:13:00.00000021,9.705616
2010-08-14 02:13:00.00000047,14.055749
2010-08-14 02:13:00.00000083,5.4066434
2010-08-14 02:13:00.000000162,7.022201
2015-04-16 22:32:48.0000006,11.569993
2015-04-16 22:32:48.0000001,4.7118473
2015-04-16 22:32:48.0000004,6.242861
2015-04-16 22:32:48.0000002,15.137183
2015-04-16 22:32:48.0000005,8.636222
2013-03-15 11:57:04.0000002,7.6539936
2013-03-15 11:57:04.0000001,8.245817
2014-11-16 08:47:12.0000002,14.089475
2014-11-16 08:47:12.0000001,6.736119
2013-02-20 16:10:28.0000001,7.208819
2011-07-03 00:36:04.0000001,6.0342517
2014-03-25 23:47:00.00000074,6.7885213
2014-03-25 23:47:00.00000088,8.681478
2014-03-25 23:47:00.000000100,6.254788
2014-03-25 23:47:00.00000094,3.7267866
2014-03-25 23:47:00.00000059,10.48117
2014-03-25 23:47:00.00000066,8.942982
2014-03-25 23:47:00.00000016,4.490212
2014-03-25 23:47:00.0000003,14.134691
2014-03-25 23:47:00.00000080,4.392808
2014-03-25 23:47:00.00000048,47.906723
2014-03-25 23:47:00.00000058,9.226538
2014-03-25 23:47:00.00000070,34.49777
2014-03-25 23:47:00.00000046,11.207975
2014-03-25 23:47:00.00000053,5.6726303
2014-03-25 23:47:00.00000029,5.860591
2014-03-25 23:47:00.00000087,10.412961
2014-03-25 23:47:00.000000126,9.172311
2014-03-25 23:47:00.00000024,9.483139
2014-03-25 23:47:00.0000007,14.057514
2014-03-25 23:47:00.00000071,16.793531
2014-03-25 23:47:00.0000008,7.755684
2014-03-25 23:47:00.00000049,59.63223
2014-03-25 23:47:00.00000090,23.100576
2014-03-25 23:47:00.00000089,22.538054
2014-03-25 23:47:00.000000117,4.6549954
2014-03-25 23:47:00.00000043,8.776458
2014-03-25 23:47:00.00000032,7.8595314
2014-03-25 23:47:00.00000081,6.8932014
2014-03-25 23:47:00.00000023,6.09773
2014-03-25 23:47:00.00000099,34.865284
2014-03-25 23:47:00.00000077,6.4523187
2014-03-25 23:47:00.00000065,5.298242
2014-03-25 23:47:00.000000111,19.98152
2014-03-25 23:47:00.000000118,25.40173
2014-03-25 23:47:00.00000038,10.585902
2014-03-25 23:47:00.000000110,5.472277
2014-03-25 23:47:00.00000014,12.499977
2014-03-25 23:47:00.00000086,29.04148
2014-03-25 23:47:00.00000097,7.2670436
2014-03-25 23:47:00.00000092,18.673918
2014-03-25 23:47:00.000000140,11.123787
2014-03-25 23:47:00.000000123,21.693737
2014-03-25 23:47:00.000000131,4.866892
2014-03-25 23:47:00.00000033,14.379868
2014-03-25 23:47:00.00000015,6.110813
2014-03-25 23:47:00.000000125,24.09625
2014-03-25 23:47:00.00000061,21.623203
2014-03-25 23:47:00.00000027,12.999879
2014-03-25 23:47:00.000000101,31.215841
2014-03-25 23:47:00.000000136,9.142188
2014-03-25 23:47:00.000000133,4.062071
2014-03-25 23:47:00.0000006,24.981955
2014-03-25 23:47:00.00000047,10.132112
2014-03-25 23:47:00.00000056,9.597564
2014-03-25 23:47:00.0000001,4.0454926
2014-03-25 23:47:00.00000045,4.2941084
2014-03-25 23:47:00.00000073,7.2149377
2014-03-25 23:47:00.00000030,17.374077
2014-03-25 23:47:00.00000010,27.031591
2014-03-25 23:47:00.00000072,10.642367
2014-03-25 23:47:00.0000009,20.023056
2014-03-25 23:47:00.00000082,10.043287
2014-03-25 23:47:00.00000017,6.66611
2014-03-25 23:47:00.00000050,10.523374
2014-03-25 23:47:00.000000121,8.227024
2014-03-25 23:47:00.000000109,19.75326
2014-03-25 23:47:00.00000018,4.861663
2014-03-25 23:47:00.00000078,6.125448
2014-03-25 23:47:00.00000025,4.5096245
2014-03-25 23:47:00.00000044,4.547909
2014-03-25 23:47:00.0000005,4.7026224
2014-03-25 23:47:00.00000062,6.028822
2014-03-25 23:47:00.000000130,41.882084
2014-03-25 23:47:00.00000037,11.01837
2014-03-25 23:47:00.000000114,17.632654
2014-03-25 23:47:00.0000002,27.246105
2014-03-25 23:47:00.000000103,31.846663
2014-03-25 23:47:00.000000106,13.273735
2014-03-25 23:47:00.00000095,10.285187
2014-03-25 23:47:00.000000113,23.921944
2014-03-25 23:47:00.0000004,18.840006
2014-03-25 23:47:00.00000041,16.124376
2014-03-25 23:47:00.00000079,16.218239
2011-06-21 13:19:20.0000001,8.550649
2011-06-21 13:19:20.0000003,6.9875383
2011-06-21 13:19:20.0000002,12.754907
2013-01-02 20:53:44.0000001,5.550464
2013-01-02 20:53:44.0000002,5.1159296
2009-10-07 08:16:24.0000001,11.800197
2012-08-25 22:18:36.0000003,11.868409
2012-08-25 22:18:36.0000004,9.332718
2012-08-25 22:18:36.0000001,7.182121
2012-08-25 22:18:36.0000002,8.549607
2015-06-05 08:38:56.0000005,8.213613
2015-06-05 08:38:56.0000007,10.850557
2015-06-05 08:38:56.0000006,5.8949795
2015-06-05 08:38:56.0000004,30.415073
2015-06-05 08:38:56.0000001,38.47901
2015-06-05 08:38:56.0000002,17.718622
2013-02-26 11:10:24.0000002,9.4986315
2013-02-26 11:10:24.0000001,38.851234
2014-04-29 00:02:40.0000001,9.303968
2014-04-29 00:02:40.0000002,14.614411
2014-04-29 00:02:40.0000003,14.341094
2010-08-06 20:27:12.0000002,12.097911
2010-08-06 20:27:12.0000005,8.737871
2010-08-06 20:27:12.0000004,4.6850696
2010-08-06 20:27:12.0000001,11.002127
2012-06-07 00:25:40.0000001,7.4499083
2012-06-07 00:25:40.0000002,17.522518
2011-09-24 07:42:32.0000001,5.970191
2011-09-28 10:58:48.0000002,7.6991506
2011-09-28 10:58:48.0000001,6.2982926
2011-09-28 10:58:48.0000005,6.5730166
2011-09-28 10:58:48.0000004,12.696688
2011-09-28 10:58:48.0000003,28.213469
2011-09-28 10:58:48.0000006,13.007332
2009-11-01 05:04:12.0000001,6.5722146
2009-11-01 05:04:12.0000002,13.9052305
2014-04-23 22:54:12.0000002,5.759225
2014-04-23 22:54:12.0000001,22.510248
2014-04-23 22:54:12.0000004,29.451557
2014-04-23 22:54:12.0000003,12.3110485
2014-04-23 22:54:12.0000005,5.2502203
2014-04-23 22:54:12.0000006,9.1465435
2012-02-28 19:18:44.0000001,5.367573
2012-02-28 19:18:44.0000002,9.396433
2010-09-29 16:43:00.0000003,43.02543
2010-09-29 16:43:00.000000143,6.141452
2010-09-29 16:43:00.000000150,5.1307764
2010-09-29 16:43:00.00000077,7.2590446
2010-09-29 16:43:00.000000153,16.310215
2010-09-29 16:43:00.00000048,5.5296493
2010-09-29 16:43:00.00000086,10.804723
2010-09-29 16:43:00.000000108,11.635285
2010-09-29 16:43:00.000000101,7.839647
2010-09-29 16:43:00.000000132,8.5334
2010-09-29 16:43:00.00000033,5.7649374
2010-09-29 16:43:00.00000055,6.6271267
2010-09-29 16:43:00.000000107,14.202062
2010-09-29 16:43:00.000000147,5.272947
2010-09-29 16:43:00.00000098,7.5952516
2010-09-29 16:43:00.00000053,8.893646
2010-09-29 16:43:00.00000052,10.908948
2010-09-29 16:43:00.00000085,7.571941
2010-09-29 16:43:00.000000115,6.6117005
2010-09-29 16:43:00.000000133,9.737959
2010-09-29 16:43:00.000000131,11.479915
2010-09-29 16:43:00.00000031,14.342432
2010-09-29 16:43:00.00000096,5.2516484
2010-09-29 16:43:00.000000120,8.166498
2010-09-29 16:43:00.000000175,10.77206
2010-09-29 16:43:00.00000072,10.750579
2010-09-29 16:43:00.00000038,10.257724
2010-09-29 16:43:00.00000043,9.839153
2010-09-29 16:43:00.0000007,40.392662
2010-09-29 16:43:00.000000111,9.918088
2010-09-29 16:43:00.00000067,7.781352
2010-09-29 16:43:00.00000065,9.058658
2010-09-29 16:43:00.00000046,5.2398596
2010-09-29 16:43:00.00000075,11.629746
2010-09-29 16:43:00.000000155,7.394065
2010-09-29 16:43:00.00000087,44.123695
2010-09-29 16:43:00.000000160,10.67565
2010-09-29 16:43:00.00000060,7.7915616
2010-09-29 16:43:00.00000020,8.137394
2010-09-29 16:43:00.00000091,9.786023
2010-09-29 16:43:00.00000068,14.782713
2010-09-29 16:43:00.000000165,9.010968
2010-09-29 16:43:00.000000146,8.353738
2010-09-29 16:43:00.000000169,9.28592
2010-09-29 16:43:00.000000141,8.180299
2010-09-29 16:43:00.00000018,8.042838
2010-09-29 16:43:00.000000100,9.614423
2010-09-29 16:43:00.000000163,16.546366
2010-09-29 16:43:00.00000076,11.012485
2010-09-29 16:43:00.00000027,31.494677
2010-09-29 16:43:00.000000137,9.996075
2010-09-29 16:43:00.00000021,7.7553167
2010-09-29 16:43:00.00000063,8.293377
2010-09-29 16:43:00.00000058,8.619604
2010-09-29 16:43:00.00000090,14.285571
2010-09-29 16:43:00.00000066,11.166661
2010-09-29 16:43:00.000000156,6.529744
2010-09-29 16:43:00.000000104,6.5610523
2010-09-29 16:43:00.00000089,31.801998
2010-09-29 16:43:00.00000029,9.098969
2010-09-29 16:43:00.0000004,8.148594
2010-09-29 16:43:00.00000051,10.6712475
2010-09-29 16:43:00.00000036,9.058167
2010-09-29 16:43:00.000000158,8.078396
2010-09-29 16:43:00.000000106,8.930926
2010-09-29 16:43:00.00000047,7.291712
2010-09-29 16:43:00.00000073,9.467522
2010-09-29 16:43:00.00000024,8.620976
2010-09-29 16:43:00.000000151,7.564704
2010-09-29 16:43:00.000000134,4.952523
2010-09-29 16:43:00.000000138,7.341298
2010-09-29 16:43:00.000000125,9.042101
2010-09-29 16:43:00.000000112,9.025134
2010-09-29 16:43:00.0000006,6.981105
2010-09-29 16:43:00.00000025,15.502637
2010-09-29 16:43:00.0000008,10.1286955
2010-09-29 16:43:00.00000049,29.10874
2010-09-29 16:43:00.000000173,9.315015
2010-09-29 16:43:00.00000050,8.065203
2010-09-29 16:43:00.00000035,6.699504
2010-09-29 16:43:00.00000097,26.776508
2010-09-29 16:43:00.00000054,8.657512
2010-09-29 16:43:00.000000166,6.4182315
2010-09-29 16:43:00.0000005,7.3812337
2010-09-29 16:43:00.00000030,26.653877
2010-09-29 16:43:00.000000102,7.5143623
2010-09-29 16:43:00.00000056,9.29708
2010-09-29 16:43:00.000000103,8.3663435
2010-09-29 16:43:00.00000092,31.846996
2010-09-29 16:43:00.00000079,8.006718
2010-09-29 16:43:00.000000149,6.3227754
2010-09-29 16:43:00.000000123,4.8792243
2010-09-29 16:43:00.000000128,6.069675
2010-09-29 16:43:00.000000121,7.521386
2010-09-29 16:43:00.000000105,30.030643
2010-09-29 16:43:00.00000026,9.2118845
2010-09-29 16:43:00.000000109,12.27112
2010-09-29 16:43:00.000000124,5.503224
2010-09-29 16:43:00.00000071,5.80791
2010-09-29 16:43:00.00000061,14.383527
2010-09-29 16:43:00.000000129,10.277195
2010-09-29 16:43:00.00000095,6.631061
2010-09-29 16:43:00.00000010,11.690477
2010-09-29 16:43:00.00000081,9.063203
2010-09-29 16:43:00.00000017,11.429352
2010-09-29 16:43:00.00000028,10.402411
2010-09-29 16:43:00.000000167,5.8601203
2010-09-29 16:43:00.00000082,14.181662
2010-09-29 16:43:00.000000116,9.363308
2010-09-29 16:43:00.000000127,34.859264
2014-10-27 14:58:00.00000095,8.317178
2014-10-27 14:58:00.000000118,13.419092
2014-10-27 14:58:00.00000098,10.408547
2014-10-27 14:58:00.000000108,14.47127
2014-10-27 14:58:00.00000074,5.974957
2014-10-27 14:58:00.00000079,15.743887
2014-10-27 14:58:00.000000137,8.253552
2014-10-27 14:58:00.0000001,13.705709
2014-10-27 14:58:00.00000018,7.154259
2014-10-27 14:58:00.000000142,6.8123236
2014-10-27 14:58:00.00000082,7.9455576
2014-10-27 14:58:00.0000008,21.587086
2014-10-27 14:58:00.00000016,6.7111173
2014-10-27 14:58:00.000000117,8.984661
2014-10-27 14:58:00.00000048,9.424273
2014-10-27 14:58:00.00000075,6.4062824
2014-10-27 14:58:00.000000112,22.079182
2014-10-27 14:58:00.00000029,5.3844714
2014-10-27 14:58:00.00000058,8.582733
2014-10-27 14:58:00.00000053,14.123392
2014-10-27 14:58:00.00000052,5.7980337
2014-10-27 14:58:00.00000071,12.967581
2014-10-27 14:58:00.00000044,11.078355
2014-10-27 14:58:00.000000120,7.7669153
2014-10-27 14:58:00.00000034,11.922709
2014-10-27 14:58:00.000000105,6.803893
2014-10-27 14:58:00.000000147,8.778209
2014-10-27 14:58:00.00000030,7.724396
2014-10-27 14:58:00.000000100,7.8851266
2014-10-27 14:58:00.00000086,8.265097
2014-10-27 14:58:00.00000047,41.17737
2014-10-27 14:58:00.000000107,32.007973
2014-10-27 14:58:00.000000127,29.653194
2014-10-27 14:58:00.000000119,5.0297074
2014-10-27 14:58:00.00000013,36.621197
2014-10-27 14:58:00.00000076,38.50907
2014-10-27 14:58:00.00000085,7.275047
2014-10-27 14:58:00.00000038,11.392615
2014-10-27 14:58:00.0000004,8.238754
2014-10-27 14:58:00.00000037,31.469809
2014-10-27 14:58:00.00000041,6.0644426
2014-10-27 14:58:00.000000141,8.182444
2014-10-27 14:58:00.000000140,9.77386
2014-10-27 14:58:00.00000042,8.456187
2014-10-27 14:58:00.000000109,8.033319
2014-10-27 14:58:00.00000077,12.911606
2014-10-27 14:58:00.00000026,19.66331
2014-10-27 14:58:00.000000151,4.594883
2014-10-27 14:58:00.00000061,9.637217
2014-10-27 14:58:00.000000114,16.592493
2014-10-27 14:58:00.00000021,17.905691
2014-10-27 14:58:00.00000063,6.476452
2014-10-27 14:58:00.00000072,58.132526
2014-10-27 14:58:00.000000131,8.6819935
2014-10-27 14:58:00.0000005,40.61977
2014-10-27 14:58:00.000000110,6.538875
2014-10-27 14:58:00.00000011,7.942468
2014-10-27 14:58:00.00000064,6.758381
2014-10-27 14:58:00.00000033,6.326743
2014-10-27 14:58:00.00000091,6.6747646
2014-10-27 14:58:00.0000003,16.403088
2014-10-27 14:58:00.00000096,4.324997
2014-10-27 14:58:00.00000051,9.28098
2014-10-27 14:58:00.00000020,8.055587
2014-10-27 14:58:00.000000138,56.546288
2014-10-27 14:58:00.0000002,20.85843
2014-10-27 14:58:00.00000039,11.593979
2014-10-27 14:58:00.00000073,9.70743
2014-10-27 14:58:00.000000116,8.600253
2014-10-27 14:58:00.00000049,8.388371
2014-10-27 14:58:00.00000025,16.142885
2014-10-27 14:58:00.000000133,4.7536225
2014-10-27 14:58:00.00000043,8.847221
2014-10-27 14:58:00.00000055,7.012327
2014-10-27 14:58:00.000000124,35.4932
2014-10-27 14:58:00.00000083,11.02576
2014-10-27 14:58:00.00000010,7.68925
2014-10-27 14:58:00.000000126,5.9616113
2014-10-27 14:58:00.00000017,11.490476
2014-10-27 14:58:00.000000139,12.351858
2014-10-27 14:58:00.00000014,6.24275
2014-10-27 14:58:00.00000045,7.882673
2014-10-27 14:58:00.000000132,6.5089564
2014-10-27 14:58:00.00000080,40.717983
2014-10-27 14:58:00.00000019,6.712431
2014-10-27 14:58:00.000000102,14.15638
2014-10-27 14:58:00.00000062,13.856305
2014-10-27 14:58:00.000000122,40.820263
2014-10-27 14:58:00.00000032,16.2719
2014-10-27 14:58:00.00000015,10.335666
2014-10-27 14:58:00.00000084,58.03383
2014-10-27 14:58:00.000000134,7.240167
2014-10-27 14:58:00.00000093,12.113068
2014-10-27 14:58:00.00000068,7.3479233
2014-10-27 14:58:00.00000089,50.342148
2014-10-27 14:58:00.00000027,56.92714
2009-10-08 23:44:56.0000004,16.09846
2009-10-08 23:44:56.0000001,10.973627
2012-11-03 17:11:00.00000035,5.449945
2012-11-03 17:11:00.000000107,9.813267
2012-11-03 17:11:00.00000069,11.593528
2012-11-03 17:11:00.000000116,13.729725
2012-11-03 17:11:00.000000145,6.7512693
2012-11-03 17:11:00.00000097,5.8915343
2012-11-03 17:11:00.000000119,5.319619
2012-11-03 17:11:00.000000134,4.8857384
2012-11-03 17:11:00.000000137,8.48477
2012-11-03 17:11:00.00000010,18.936018
2012-11-03 17:11:00.000000157,5.4189343
2012-11-03 17:11:00.000000121,20.28047
2012-11-03 17:11:00.00000073,56.612404
2012-11-03 17:11:00.00000062,9.298857
2012-11-03 17:11:00.000000130,7.00567
2012-11-03 17:11:00.000000141,9.379948
2012-11-03 17:11:00.00000098,11.515557
2012-11-03 17:11:00.00000066,8.131488
2012-11-03 17:11:00.00000036,10.427609
2012-11-03 17:11:00.00000026,6.9754753
2012-11-03 17:11:00.000000110,7.25418
2012-11-03 17:11:00.00000021,7.034383
2012-11-03 17:11:00.00000040,6.4383335
2012-11-03 17:11:00.00000087,12.271529
2012-11-03 17:11:00.00000039,9.65042
2012-11-03 17:11:00.00000033,11.453481
2012-11-03 17:11:00.0000006,6.7558665
2012-11-03 17:11:00.00000025,16.390635
2012-11-03 17:11:00.000000129,11.66892
2012-11-03 17:11:00.000000153,12.812865
2012-11-03 17:11:00.000000138,14.25733
2012-11-03 17:11:00.000000143,9.46349
2012-11-03 17:11:00.000000109,7.4694724
2012-11-03 17:11:00.00000042,14.3731575
2012-11-03 17:11:00.000000104,24.587313
2012-11-03 17:11:00.0000005,7.467019
2012-11-03 17:11:00.00000056,55.529045
2012-11-03 17:11:00.00000045,4.9033966
2012-11-03 17:11:00.00000034,12.613855
2012-11-03 17:11:00.000000120,10.313948
2012-11-03 17:11:00.000000127,10.6777935
2012-11-03 17:11:00.00000022,4.7904453
2012-11-03 17:11:00.0000003,17.045172
2012-11-03 17:11:00.00000084,9.138188
2012-11-03 17:11:00.00000089,11.601633
2012-11-03 17:11:00.00000041,12.015356
2012-11-03 17:11:00.000000108,13.366064
2012-11-03 17:11:00.000000158,8.237906
2012-11-03 17:11:00.000000122,4.4191256
2012-11-03 17:11:00.000000111,23.75021
2012-11-03 17:11:00.00000027,6.167963
2012-11-03 17:11:00.0000008,8.93744
2012-11-03 17:11:00.000000148,21.009108
2012-11-03 17:11:00.000000144,36.538307
2012-11-03 17:11:00.00000029,10.048933
2012-11-03 17:11:00.00000049,7.3391995
2012-11-03 17:11:00.00000011,5.7069397
2012-11-03 17:11:00.00000094,18.54104
2012-11-03 17:11:00.000000152,17.434021
2012-11-03 17:11:00.00000051,9.797653
2012-11-03 17:11:00.00000048,7.4135365
2012-11-03 17:11:00.00000043,9.9289
2012-11-03 17:11:00.00000059,8.531769
2012-11-03 17:11:00.00000019,7.3626227
2012-11-03 17:11:00.000000135,9.58075
2012-11-03 17:11:00.00000017,12.350112
2012-11-03 17:11:00.000000146,7.73885
2012-11-03 17:11:00.00000068,12.353137
2012-11-03 17:11:00.00000092,13.196846
2012-11-03 17:11:00.0000002,22.255346
2012-11-03 17:11:00.000000133,5.946957
2012-11-03 17:11:00.00000038,15.017381
2012-11-03 17:11:00.000000123,7.8815
2012-11-03 17:11:00.00000015,5.302529
2012-11-03 17:11:00.000000131,5.810722
2012-11-03 17:11:00.000000112,5.535687
2012-11-03 17:11:00.000000100,7.3411765
2012-11-03 17:11:00.00000095,17.496191
2012-11-03 17:11:00.0000004,7.5090523
2012-11-03 17:11:00.00000047,16.482973
2012-11-03 17:11:00.00000020,46.547775
2012-11-03 17:11:00.000000156,18.147572
2012-11-03 17:11:00.00000014,5.6083755
2012-11-03 17:11:00.000000139,10.531559
2012-11-03 17:11:00.000000154,7.6402903
2012-11-03 17:11:00.000000151,7.3444242
2012-11-03 17:11:00.00000070,9.570134
2012-11-03 17:11:00.00000023,12.053785
2012-11-03 17:11:00.00000065,9.738804
2012-11-03 17:11:00.00000018,8.616529
2012-11-03 17:11:00.00000088,6.0247774
2012-11-03 17:11:00.000000140,14.48498
2012-11-03 17:11:00.00000071,8.625292
2009-05-07 13:58:32.0000003,7.62029
2009-05-07 13:58:32.0000001,7.763231
2011-12-25 21:26:32.0000001,4.4310493
2015-01-12 19:01:00.0000001,13.052314
2015-01-12 19:01:00.0000003,4.336665
2015-01-12 19:01:00.0000004,8.319729
2015-01-12 19:01:00.0000002,5.772573
2009-10-06 16:09:24.0000001,7.6981206
2009-10-06 16:09:24.0000003,7.5982914
2009-10-06 16:09:24.0000002,6.42198
2009-05-06 01:49:12.0000003,27.094515
2009-05-06 01:49:12.0000005,5.7677116
2009-05-06 01:49:12.0000001,11.321591
2009-05-06 01:49:12.0000006,6.312738
2014-10-07 11:20:56.0000002,39.05176
2014-10-07 11:20:56.0000001,13.306408
2014-10-07 11:20:56.0000003,7.9801292
2009-02-10 15:30:04.0000002,9.261777
2009-02-10 15:30:04.0000001,10.337412
2013-09-28 00:06:20.0000004,16.34807
2013-09-28 00:06:20.0000001,19.6489
2013-09-28 00:06:20.0000009,16.339512
2013-09-28 00:06:20.0000008,12.197258
2013-09-28 00:06:20.0000007,6.1894317
2013-09-28 00:06:20.0000006,12.36954
2013-09-28 00:06:20.0000002,13.111592
2013-07-18 08:25:04.0000001,9.172254
2013-07-18 08:25:04.0000002,5.8898993
2013-07-18 08:25:04.0000003,9.345915
2011-03-11 01:44:00.00000010,6.8938456
2011-03-11 01:44:00.00000070,6.8683214
2011-03-11 01:44:00.00000088,25.62858
2011-03-11 01:44:00.00000063,13.524583
2011-03-11 01:44:00.00000058,15.087336
2011-03-11 01:44:00.00000086,16.491034
2011-03-11 01:44:00.00000053,5.88507
2011-03-11 01:44:00.00000094,10.931658
2011-03-11 01:44:00.00000069,4.715726
2011-03-11 01:44:00.00000061,13.985936
2011-03-11 01:44:00.0000008,4.357954
2011-03-11 01:44:00.0000002,14.347423
2011-03-11 01:44:00.00000050,4.035342
2011-03-11 01:44:00.00000068,9.196016
2011-03-11 01:44:00.00000018,8.226876
2011-03-11 01:44:00.00000079,13.007411
2011-03-11 01:44:00.00000037,5.0763164
2011-03-11 01:44:00.00000015,6.8654857
2011-03-11 01:44:00.00000071,4.547811
2011-03-11 01:44:00.00000054,13.404411
2011-03-11 01:44:00.00000080,4.152376
2011-03-11 01:44:00.00000078,7.739835
2011-03-11 01:44:00.00000055,6.1914096
2011-03-11 01:44:00.00000026,17.96446
2011-03-11 01:44:00.00000045,11.896108
2011-03-11 01:44:00.00000013,6.021243
2011-03-11 01:44:00.0000007,24.469713
2011-03-11 01:44:00.00000024,4.3432403
2011-03-11 01:44:00.00000093,4.5284843
2011-03-11 01:44:00.00000089,7.29877
2011-03-11 01:44:00.00000022,9.822106
2011-03-11 01:44:00.00000020,4.0805454
2011-03-11 01:44:00.00000025,3.7530596
2011-03-11 01:44:00.00000090,21.73375
2011-03-11 01:44:00.00000087,16.651602
2011-03-11 01:44:00.00000017,13.130505
2011-03-11 01:44:00.00000031,25.85483
2011-03-11 01:44:00.00000048,11.751437
2011-03-11 01:44:00.00000076,19.496183
2011-03-11 01:44:00.00000012,12.823095
2011-03-11 01:44:00.00000066,8.887703
2011-03-11 01:44:00.0000001,6.326946
2011-03-11 01:44:00.00000091,12.492475
2011-03-11 01:44:00.00000043,8.929245
2011-03-11 01:44:00.00000060,6.420913
2011-03-11 01:44:00.00000049,10.964225
2011-03-11 01:44:00.00000073,6.6055136
2011-03-11 01:44:00.0000004,12.683796
2013-12-16 19:06:44.0000002,6.7725296
2013-12-18 03:49:24.0000001,8.126739
2013-08-05 19:04:36.0000002,9.489789
2013-08-05 19:04:36.0000001,7.634496
2009-05-08 18:00:36.0000002,5.2757297
2013-01-27 00:09:12.0000002,13.383784
2013-01-27 00:09:12.0000006,7.2625914
2013-01-27 00:09:12.0000009,8.95706
2013-01-27 00:09:12.0000001,5.370729
2013-01-27 00:09:12.0000004,9.63281
2013-01-27 00:09:12.0000007,14.269176
2013-01-27 00:09:12.0000005,7.884532
2012-06-18 22:51:56.0000002,5.413311
2012-06-18 22:51:56.0000001,4.0375285
2011-06-20 09:55:24.0000004,8.787217
2011-06-20 09:55:24.0000003,5.6258545
2011-06-20 09:55:24.0000001,7.6053004
2011-06-20 09:55:24.0000002,4.7755404
2011-06-20 09:55:24.0000005,8.366961
2015-02-22 09:48:32.0000002,7.852366
2015-02-22 09:48:32.0000001,16.968412
2015-02-22 09:48:32.0000003,21.54783
2010-08-25 23:40:32.0000001,11.753633
2012-01-07 11:21:56.0000002,12.878396
2012-10-31 12:17:24.0000003,9.092954
2012-10-31 12:17:24.0000001,5.9389596
2012-10-20 02:05:08.0000001,13.796196
2012-10-20 02:05:08.0000002,6.154657
2012-05-06 08:52:08.0000001,11.523455
2014-10-11 15:11:24.0000002,6.401029
2014-10-11 15:11:24.0000004,41.672573
2014-10-11 15:11:24.0000005,14.708393
2014-10-11 15:11:24.0000006,37.825794
2014-10-11 15:11:24.0000001,7.190071
2009-08-17 12:27:08.0000004,6.474946
2009-08-17 12:27:08.0000001,18.813496
2009-08-17 12:27:08.0000003,6.7926283
2011-10-28 07:45:04.0000001,14.912963
2011-10-28 07:45:04.0000003,6.837086
2011-10-28 07:45:04.0000002,4.4006
2014-04-09 09:23:12.0000003,8.29992
2014-04-09 09:23:12.0000005,7.796709
2014-04-09 09:23:12.0000002,8.076769
2014-04-09 09:23:12.0000001,11.085336
2013-09-15 02:37:52.0000001,11.793604
2013-09-15 02:37:52.0000003,10.237504
2009-11-25 19:32:52.0000005,12.803052
2009-11-25 19:32:52.0000002,10.813264
2009-11-25 19:32:52.0000003,15.8474245
2014-05-30 00:09:16.0000002,12.627279
2014-05-30 00:09:16.0000005,10.600871
2014-05-30 00:09:16.0000003,5.4335446
2014-05-30 00:09:16.0000004,5.4797993
2014-05-30 00:09:16.0000001,10.816391
2013-10-24 14:18:20.0000001,5.544051
2013-10-24 14:18:20.0000002,7.9594235
2013-10-24 14:18:20.0000003,13.808156
2014-06-07 22:07:12.0000002,15.948965
2014-06-07 22:07:12.0000001,13.050496
2013-01-07 17:08:32.0000003,8.018235
2013-01-07 17:08:32.0000001,5.994505
2010-08-11 00:12:08.0000001,5.314013
2011-10-04 09:37:00.0000007,7.556445
2011-10-04 09:37:00.00000092,6.714084
2011-10-04 09:37:00.000000150,6.8806696
2011-10-04 09:37:00.00000010,5.568888
2011-10-04 09:37:00.00000065,32.584038
2011-10-04 09:37:00.000000151,6.5486274
2011-10-04 09:37:00.00000089,5.2289596
2011-10-04 09:37:00.000000120,8.057438
2011-10-04 09:37:00.0000009,5.4748597
2011-10-04 09:37:00.000000110,5.9466896
2011-10-04 09:37:00.00000098,15.293693
2011-10-04 09:37:00.00000011,4.4639487
2011-10-04 09:37:00.00000042,7.1760044
2011-10-04 09:37:00.00000024,7.518159
2011-10-04 09:37:00.000000188,16.199476
2011-10-04 09:37:00.00000071,10.958171
2011-10-04 09:37:00.000000168,11.538091
2011-10-04 09:37:00.000000159,9.881554
2011-10-04 09:37:00.000000171,10.652133
2011-10-04 09:37:00.000000129,7.454194
2011-10-04 09:37:00.000000186,5.2330723
2011-10-04 09:37:00.000000123,12.73321
2011-10-04 09:37:00.00000020,4.6586537
2011-10-04 09:37:00.00000033,3.6136928
2011-10-04 09:37:00.00000058,12.488409
2011-10-04 09:37:00.00000068,9.467591
2011-10-04 09:37:00.000000131,5.4915953
2011-10-04 09:37:00.000000178,32.791317
2011-10-04 09:37:00.000000103,32.89801
2011-10-04 09:37:00.00000026,9.273033
2011-10-04 09:37:00.000000115,4.502598
2011-10-04 09:37:00.00000059,34.669716
2011-10-04 09:37:00.00000090,14.280634
2011-10-04 09:37:00.00000063,7.111061
2011-10-04 09:37:00.000000169,4.1058636
2011-10-04 09:37:00.00000066,9.26868
2011-10-04 09:37:00.000000181,4.527381
2011-10-04 09:37:00.00000018,5.590202
2011-10-04 09:37:00.000000112,5.82423
2011-10-04 09:37:00.00000094,10.089805
2011-10-04 09:37:00.0000001,6.178596
2011-10-04 09:37:00.000000139,11.722253
2011-10-04 09:37:00.000000152,10.629653
2011-10-04 09:37:00.000000187,4.9525366
2011-10-04 09:37:00.00000070,6.781702
2011-10-04 09:37:00.00000050,5.5505533
2011-10-04 09:37:00.0000004,11.7674885
2011-10-04 09:37:00.000000153,12.533907
2011-10-04 09:37:00.00000076,27.96267
2011-10-04 09:37:00.00000079,33.0264
2011-10-04 09:37:00.000000146,6.4706235
2011-10-04 09:37:00.000000192,9.0823
2011-10-04 09:37:00.000000172,10.548873
2011-10-04 09:37:00.000000154,7.5621614
2011-10-04 09:37:00.000000124,8.421644
2011-10-04 09:37:00.000000142,5.9118457
2011-10-04 09:37:00.000000167,8.879637
2011-10-04 09:37:00.00000048,10.872786
2011-10-04 09:37:00.00000074,13.321098
2011-10-04 09:37:00.000000193,7.9636927
2011-10-04 09:37:00.000000166,6.8290553
2011-10-04 09:37:00.000000147,5.5863
2011-10-04 09:37:00.000000189,7.0817556
2011-10-04 09:37:00.0000008,6.737309
2011-10-04 09:37:00.000000125,7.4350543
2011-10-04 09:37:00.00000051,5.0031157
2011-10-04 09:37:00.000000173,8.18724
2011-10-04 09:37:00.00000096,11.994713
2011-10-04 09:37:00.000000174,5.9361157
2011-10-04 09:37:00.000000130,8.088065
2011-10-04 09:37:00.00000016,6.002415
2011-10-04 09:37:00.000000145,6.4694476
2011-10-04 09:37:00.000000140,8.196352
2011-10-04 09:37:00.00000040,31.106716
2011-10-04 09:37:00.000000118,10.768337
2011-10-04 09:37:00.00000081,7.7284083
2011-10-04 09:37:00.000000175,7.454424
2011-10-04 09:37:00.00000072,10.571569
2011-10-04 09:37:00.000000143,6.253756
2011-10-04 09:37:00.000000104,5.729981
2011-10-04 09:37:00.00000053,6.9433393
2011-10-04 09:37:00.00000084,4.4815283
2011-10-04 09:37:00.00000030,9.2636385
2011-10-04 09:37:00.000000100,6.035961
2011-10-04 09:37:00.000000105,8.434029
2011-10-04 09:37:00.00000041,4.9660573
2011-10-04 09:37:00.00000091,12.621586
2011-10-04 09:37:00.00000078,6.7441773
2011-10-04 09:37:00.000000197,6.573422
2011-10-04 09:37:00.000000119,8.625805
2011-10-04 09:37:00.000000161,8.420189
2011-10-04 09:37:00.00000039,6.440726
2011-10-04 09:37:00.00000086,7.257587
2011-10-04 09:37:00.000000195,10.061403
2011-10-04 09:37:00.000000182,6.7253113
2011-10-04 09:37:00.000000133,6.6789722
2011-10-04 09:37:00.00000029,8.303406
2011-10-04 09:37:00.000000144,6.2414465
2011-10-04 09:37:00.000000128,6.5515485
2011-10-04 09:37:00.00000027,9.132806
2011-10-04 09:37:00.00000032,6.3920946
2011-10-04 09:37:00.00000073,9.674803
2011-10-04 09:37:00.00000083,9.558037
2011-10-04 09:37:00.00000021,6.842798
2011-10-04 09:37:00.000000137,5.170228
2011-10-04 09:37:00.00000087,48.789783
2011-10-04 09:37:00.00000060,32.52137
2011-10-04 09:37:00.000000138,8.420127
2011-10-04 09:37:00.00000046,10.034072
2011-10-04 09:37:00.00000075,7.8160825
2011-10-04 09:37:00.000000198,5.6540003
2011-10-04 09:37:00.000000121,10.461839
2011-10-04 09:37:00.000000116,4.9637346
2011-10-04 09:37:00.000000117,6.981494
2011-10-04 09:37:00.00000097,13.249844
2011-10-04 09:37:00.00000012,4.805634
2011-10-04 09:37:00.00000093,32.377876
2011-10-04 09:37:00.000000101,6.217532
2011-10-04 09:37:00.00000082,20.887365
2011-10-04 09:37:00.000000126,5.3037515
2011-10-04 09:37:00.00000035,10.368457
2011-10-04 09:37:00.000000127,14.403048
2011-10-04 09:37:00.000000156,5.257932
2014-04-29 08:15:56.0000002,6.721184
2014-04-29 08:15:56.0000001,7.63671
2012-10-23 14:15:04.0000003,14.9438925
2012-10-23 14:15:04.0000004,16.28625
2012-10-23 14:15:04.0000001,7.488477
2012-08-31 08:01:16.0000001,7.227966
2012-10-18 21:06:20.0000003,11.388176
2012-10-18 21:06:20.0000006,56.180065
2012-10-18 21:06:20.0000002,8.553465
2012-10-18 21:06:20.0000005,8.800916
2012-10-18 21:06:20.0000004,9.901158
2012-10-18 21:06:20.0000008,10.204347
2012-10-18 21:06:20.00000010,7.6015472
2012-10-18 21:06:20.0000001,31.694374
2014-02-26 04:36:28.0000001,15.374856
2010-02-20 00:43:28.0000002,8.141513
2010-02-20 00:43:28.0000004,18.724388
2010-02-20 00:43:28.0000003,8.703018
2010-02-20 00:43:28.0000001,11.728406
2009-08-21 08:00:48.0000002,7.428489
2009-08-21 08:00:48.0000001,7.2024827
2009-08-21 08:00:48.0000003,8.020989
2014-12-24 03:00:00.00000034,6.680416
2014-12-24 03:00:00.00000013,29.127201
2014-12-24 03:00:00.0000001,14.957152
2014-12-24 03:00:00.00000032,7.991862
2014-12-24 03:00:00.0000006,5.1836934
2014-12-24 03:00:00.00000037,6.0872045
2014-12-24 03:00:00.00000012,10.852822
2014-12-24 03:00:00.00000023,20.909914
2014-12-24 03:00:00.00000041,4.430692
2014-12-24 03:00:00.0000008,7.34423
2014-12-24 03:00:00.00000024,14.084167
2014-12-24 03:00:00.00000038,7.4502244
2014-12-24 03:00:00.0000009,6.89064
2014-12-24 03:00:00.00000018,15.589516
2014-12-24 03:00:00.00000011,22.77294
2014-12-24 03:00:00.00000021,11.469632
2014-12-24 03:00:00.00000030,7.943231
2014-12-24 03:00:00.00000010,5.6644564
2014-12-24 03:00:00.0000004,8.776774
2014-12-24 03:00:00.00000022,13.671949
2014-12-24 03:00:00.00000028,6.134974
2012-08-19 12:46:40.0000003,13.355962
2012-08-19 12:46:40.0000002,4.744707
2012-08-19 12:46:40.0000001,7.999109
2013-12-02 17:53:24.0000003,12.631079
2013-12-02 17:53:24.0000001,11.155054
2013-12-02 17:53:24.0000002,11.455109
2011-11-07 18:53:08.0000002,9.584885
2011-11-07 18:53:08.0000001,13.756764
2009-05-16 23:36:24.0000001,8.654664
2009-05-16 23:36:24.0000002,5.340447
2011-01-10 10:56:56.0000003,6.978358
2011-01-10 10:56:56.0000002,30.87464
2011-01-10 10:56:56.0000001,5.6672277
2010-10-07 10:54:20.0000002,6.7858577
2010-10-07 10:54:20.0000005,14.904141
2010-10-07 10:54:20.0000001,5.9121127
2010-10-07 10:54:20.0000004,7.277378
2011-02-21 20:11:08.0000001,7.6128902
2011-02-21 20:11:08.0000005,6.695959
2011-02-21 20:11:08.0000002,9.634538
2011-02-21 20:11:08.0000003,6.912792
2011-02-21 20:11:08.0000004,33.69811
2009-10-04 22:54:56.0000003,8.365841
2015-04-11 20:31:32.0000007,5.657755
2015-04-11 20:31:32.00000012,5.652425
2015-04-11 20:31:32.0000003,32.16311
2015-04-11 20:31:32.0000006,12.560932
2015-04-11 20:31:32.0000002,22.228992
2015-04-11 20:31:32.0000009,11.324494
2015-04-11 20:31:32.00000010,4.869501
2015-04-11 20:31:32.0000001,7.863785
2012-04-02 02:53:24.0000001,12.070429
2014-04-21 16:00:36.0000001,5.7519283
2014-04-21 16:00:36.0000003,9.6138525
2014-04-21 16:00:36.0000002,5.185063
2012-03-22 21:11:36.0000006,9.746372
2012-03-22 21:11:36.0000008,7.398024
2012-03-22 21:11:36.0000005,11.29867
2012-03-22 21:11:36.0000001,10.161956
2012-03-22 21:11:36.0000004,4.622492
2012-03-22 21:11:36.0000007,4.9037647
2012-03-22 21:11:36.0000002,8.414798
2012-03-22 21:11:36.0000003,23.00878
2011-04-08 00:57:44.0000001,4.9499345
2011-02-20 12:31:04.0000001,9.814128
2011-02-20 12:31:04.0000003,3.9123583
2011-02-06 17:08:24.0000004,15.915696
2011-02-06 17:08:24.0000002,6.862014
2011-02-06 17:08:24.0000001,8.327593
2013-01-01 22:04:56.0000001,8.449864
2013-04-23 17:52:44.0000001,17.205708
2013-04-23 17:52:44.0000002,5.6800084
2013-07-02 21:47:24.0000003,4.867177
2013-07-02 21:47:24.0000002,16.45276
2013-07-02 21:47:24.0000001,19.163412
2010-01-01 13:19:40.0000002,17.370934
2010-01-01 13:19:40.0000005,9.5605135
2010-01-01 13:19:40.0000001,9.433441
2010-01-01 13:19:40.0000003,59.354187
2013-04-26 20:41:16.0000001,7.715417
2010-03-06 23:51:08.0000002,12.851489
2010-03-06 23:51:08.0000001,7.7578053
2014-04-17 16:58:28.0000001,9.376704
2014-04-17 16:58:28.0000002,12.481441
2014-01-06 16:39:16.0000001,29.561213
2015-02-12 05:37:56.0000002,5.1815066
2011-12-22 01:00:08.0000001,16.250864
2011-12-22 01:00:08.0000002,7.4904704
2011-08-20 17:04:24.0000001,5.0086117
2011-06-30 13:07:36.0000001,6.0162416
2011-06-30 13:07:36.0000005,9.8927145
2011-06-30 13:07:36.0000002,7.3101583
2011-06-30 13:07:36.0000004,7.5222373
2011-06-30 13:07:36.0000003,9.089444
2014-04-27 02:57:00.000000100,4.4202538
2014-04-27 02:57:00.000000130,6.0377994
2014-04-27 02:57:00.000000109,33.082333
2014-04-27 02:57:00.00000096,18.61567
2014-04-27 02:57:00.00000063,14.142452
2014-04-27 02:57:00.000000177,9.143653
2014-04-27 02:57:00.000000132,19.035158
2014-04-27 02:57:00.000000170,20.709053
2014-04-27 02:57:00.00000021,14.608054
2014-04-27 02:57:00.000000136,11.342399
2014-04-27 02:57:00.00000032,11.426378
2014-04-27 02:57:00.000000107,6.17095
2014-04-27 02:57:00.00000028,39.780724
2014-04-27 02:57:00.00000026,16.792608
2014-04-27 02:57:00.000000139,8.001379
2014-04-27 02:57:00.00000015,20.845087
2014-04-27 02:57:00.00000095,4.785221
2014-04-27 02:57:00.000000105,24.212551
2014-04-27 02:57:00.000000196,10.683355
2014-04-27 02:57:00.0000001,5.236359
2014-04-27 02:57:00.000000175,12.363096
2014-04-27 02:57:00.000000188,16.778921
2014-04-27 02:57:00.00000051,15.00377
2014-04-27 02:57:00.00000055,7.1943154
2014-04-27 02:57:00.00000016,16.444036
2014-04-27 02:57:00.000000169,7.7395988
2014-04-27 02:57:00.00000086,14.095531
2014-04-27 02:57:00.000000148,16.329115
2014-04-27 02:57:00.00000087,17.777699
2014-04-27 02:57:00.00000027,15.913457
2014-04-27 02:57:00.000000120,20.410957
2014-04-27 02:57:00.00000068,4.753427
2014-04-27 02:57:00.00000099,7.7938194
2014-04-27 02:57:00.000000193,9.525555
2014-04-27 02:57:00.00000081,21.17267
2014-04-27 02:57:00.000000135,20.910633
2014-04-27 02:57:00.000000181,6.178971
2014-04-27 02:57:00.00000020,6.0889783
2014-04-27 02:57:00.000000157,22.056906
2014-04-27 02:57:00.00000079,20.863268
2014-04-27 02:57:00.00000019,7.630556
2014-04-27 02:57:00.000000126,14.12306
2014-04-27 02:57:00.0000002,5.124978
2014-04-27 02:57:00.00000062,10.074085
2014-04-27 02:57:00.00000085,13.381393
2014-04-27 02:57:00.00000014,14.927792
2014-04-27 02:57:00.000000161,11.148137
2014-04-27 02:57:00.00000084,13.217616
2014-04-27 02:57:00.000000122,18.463037
2014-04-27 02:57:00.000000111,8.0962715
2014-04-27 02:57:00.000000113,10.45755
2014-04-27 02:57:00.00000071,9.636905
2014-04-27 02:57:00.00000077,12.019912
2014-04-27 02:57:00.000000134,46.70524
2014-04-27 02:57:00.000000103,11.4421015
2014-04-27 02:57:00.000000102,13.014695
2014-04-27 02:57:00.000000160,23.813814
2014-04-27 02:57:00.00000042,5.3175607
2014-04-27 02:57:00.00000054,7.78319
2014-04-27 02:57:00.00000049,15.338372
2014-04-27 02:57:00.000000147,11.668612
2014-04-27 02:57:00.00000045,9.876575
2014-04-27 02:57:00.0000003,20.116522
2014-04-27 02:57:00.000000182,9.919315
2014-04-27 02:57:00.000000180,9.665361
2014-04-27 02:57:00.00000038,24.079239
2014-04-27 02:57:00.0000005,9.46266
2014-04-27 02:57:00.000000108,4.697622
2014-04-27 02:57:00.00000092,6.459479
2014-04-27 02:57:00.000000192,5.774244
2014-04-27 02:57:00.000000165,7.1453304
2014-04-27 02:57:00.000000115,10.7028265
2014-04-27 02:57:00.00000029,9.785785
2014-04-27 02:57:00.00000050,5.673802
2014-04-27 02:57:00.000000119,8.126453
2014-04-27 02:57:00.00000011,15.844144
2014-04-27 02:57:00.000000114,7.440513
2014-04-27 02:57:00.000000190,14.724396
2014-04-27 02:57:00.00000061,10.666782
2014-04-27 02:57:00.00000098,10.175288
2014-04-27 02:57:00.00000040,6.9188747
2014-04-27 02:57:00.000000117,19.082087
2014-04-27 02:57:00.000000150,7.871192
2014-04-27 02:57:00.00000035,8.557501
2014-04-27 02:57:00.00000022,17.460104
2014-04-27 02:57:00.000000146,7.188915
2014-04-27 02:57:00.00000018,10.362955
2014-04-27 02:57:00.00000041,13.668809
2014-04-27 02:57:00.00000089,18.66447
2014-04-27 02:57:00.00000088,7.2718873
2014-04-27 02:57:00.000000101,10.431939
2014-04-27 02:57:00.00000058,23.713503
2014-04-27 02:57:00.00000030,8.465661
2014-04-27 02:57:00.000000156,13.13423
2014-04-27 02:57:00.00000024,9.05052
2014-04-27 02:57:00.000000163,7.566023
2014-04-27 02:57:00.000000152,13.36159
2014-04-27 02:57:00.00000037,6.0712557
2014-04-27 02:57:00.00000065,5.512465
2014-04-27 02:57:00.0000006,25.288744
2014-04-27 02:57:00.00000060,9.491273
2014-04-27 02:57:00.000000110,7.13649
2014-04-27 02:57:00.00000034,5.6035733
2014-04-27 02:57:00.000000149,27.293163
2014-04-27 02:57:00.000000176,4.9309726
2014-04-27 02:57:00.000000184,6.576525
2014-04-27 02:57:00.000000118,7.5334053
2014-04-27 02:57:00.000000186,14.122745
2014-04-27 02:57:00.000000104,10.084879
2014-04-27 02:57:00.00000080,25.08017
2014-04-27 02:57:00.000000121,9.115796
2014-04-27 02:57:00.00000093,6.663949
2014-04-27 02:57:00.00000056,12.671172
2014-04-27 02:57:00.00000044,13.963818
2014-04-27 02:57:00.00000048,8.706122
2014-04-27 02:57:00.00000059,14.433575
2014-04-27 02:57:00.000000194,20.03785
2014-04-27 02:57:00.000000185,22.25652
2014-04-27 02:57:00.000000125,18.066387
2014-04-27 02:57:00.00000046,12.351186
2014-04-27 02:57:00.00000070,17.806324
2014-04-27 02:57:00.000000133,14.650559
2011-01-18 10:26:40.0000003,4.9574966
2011-01-18 10:26:40.0000002,8.140874
2012-04-20 07:57:20.0000001,10.373833
2012-04-20 07:57:20.0000004,5.6172028
2012-04-20 07:57:20.0000003,6.4399586
2012-04-20 07:57:20.0000002,4.572205
2011-12-13 22:00:00.00000071,12.837499
2011-12-13 22:00:00.000000178,4.579113
2011-12-13 22:00:00.00000016,6.980358
2011-12-13 22:00:00.000000127,6.7080593
2011-12-13 22:00:00.00000065,4.443093
2011-12-13 22:00:00.000000227,4.4362392
2011-12-13 22:00:00.000000257,6.2034926
2011-12-13 22:00:00.000000238,7.667406
2011-12-13 22:00:00.0000008,8.166304
2011-12-13 22:00:00.000000252,4.980233
2011-12-13 22:00:00.000000204,12.763105
2011-12-13 22:00:00.000000120,9.35011
2011-12-13 22:00:00.000000175,4.269191
2011-12-13 22:00:00.00000010,12.110096
2011-12-13 22:00:00.00000048,6.2437124
2011-12-13 22:00:00.000000189,4.8432612
2011-12-13 22:00:00.00000011,5.1342807
2011-12-13 22:00:00.000000247,7.1523094
2011-12-13 22:00:00.000000261,4.34159
2011-12-13 22:00:00.0000004,12.013504
2011-12-13 22:00:00.00000014,11.469417
2011-12-13 22:00:00.000000151,36.855564
2011-12-13 22:00:00.00000025,6.486815
2011-12-13 22:00:00.00000039,9.688544
2011-12-13 22:00:00.000000179,7.036695
2011-12-13 22:00:00.000000137,11.652346
2011-12-13 22:00:00.00000091,16.376518
2011-12-13 22:00:00.000000109,5.6925173
2011-12-13 22:00:00.000000174,8.215336
2011-12-13 22:00:00.000000225,16.44403
2011-12-13 22:00:00.000000207,6.363499
2011-12-13 22:00:00.000000269,23.63904
2011-12-13 22:00:00.000000234,7.2770867
2011-12-13 22:00:00.00000017,6.7050495
2011-12-13 22:00:00.00000046,6.2554216
2011-12-13 22:00:00.00000057,12.411991
2011-12-13 22:00:00.000000105,8.311518
2011-12-13 22:00:00.000000114,14.193434
2011-12-13 22:00:00.00000030,5.2005835
2011-12-13 22:00:00.000000100,6.286476
2011-12-13 22:00:00.00000088,15.215074
2011-12-13 22:00:00.000000242,7.8849897
2011-12-13 22:00:00.000000113,7.038573
2011-12-13 22:00:00.000000157,11.482938
2011-12-13 22:00:00.000000177,12.33819
2011-12-13 22:00:00.000000169,8.302629
2011-12-13 22:00:00.000000123,4.0565753
2011-12-13 22:00:00.000000182,32.86233
2011-12-13 22:00:00.000000129,7.167328
2011-12-13 22:00:00.000000136,35.543076
2011-12-13 22:00:00.000000187,5.3405843
2011-12-13 22:00:00.000000218,8.344054
2011-12-13 22:00:00.000000167,29.225107
2011-12-13 22:00:00.000000192,9.111701
2011-12-13 22:00:00.00000024,5.810432
2011-12-13 22:00:00.00000093,10.925627
2011-12-13 22:00:00.000000260,4.5772786
2011-12-13 22:00:00.00000038,4.3390403
2011-12-13 22:00:00.000000208,6.9446697
2011-12-13 22:00:00.000000210,6.0151343
2011-12-13 22:00:00.000000181,6.696886
2011-12-13 22:00:00.000000111,9.963306
2011-12-13 22:00:00.000000161,15.669681
2011-12-13 22:00:00.000000209,4.155468
2011-12-13 22:00:00.00000029,7.4233
2011-12-13 22:00:00.00000067,5.0686374
2011-12-13 22:00:00.000000202,5.0763392
2011-12-13 22:00:00.000000245,9.081086
2011-12-13 22:00:00.000000206,8.665252
2011-12-13 22:00:00.0000003,6.6568284
2011-12-13 22:00:00.00000060,13.934334
2011-12-13 22:00:00.00000053,4.884786
2011-12-13 22:00:00.000000201,9.727595
2011-12-13 22:00:00.000000212,9.985351
2011-12-13 22:00:00.000000235,15.437576
2011-12-13 22:00:00.000000170,25.872374
2011-12-13 22:00:00.000000253,4.4349046
2011-12-13 22:00:00.000000172,17.107496
2011-12-13 22:00:00.00000086,4.3505435
2011-12-13 22:00:00.000000223,41.321148
2011-12-13 22:00:00.0000009,10.8029
2011-12-13 22:00:00.00000031,11.075978
2011-12-13 22:00:00.000000243,9.989252
2011-12-13 22:00:00.000000133,10.2273245
2011-12-13 22:00:00.000000199,8.39468
2011-12-13 22:00:00.000000104,26.528408
2011-12-13 22:00:00.00000023,49.393173
2011-12-13 22:00:00.00000075,35.675823
2011-12-13 22:00:00.000000217,4.9235544
2011-12-13 22:00:00.000000220,7.6301737
2011-12-13 22:00:00.000000211,4.4935565
2011-12-13 22:00:00.000000150,8.258458
2011-12-13 22:00:00.00000020,7.50998
2011-12-13 22:00:00.000000254,10.8329525
2011-12-13 22:00:00.000000183,7.5807886
2011-12-13 22:00:00.000000166,12.354991
2011-12-13 22:00:00.00000063,6.8494353
2011-12-13 22:00:00.000000124,4.9700994
2011-12-13 22:00:00.000000219,8.864538
2011-12-13 22:00:00.00000099,14.368244
2011-12-13 22:00:00.00000041,6.7069836
2011-12-13 22:00:00.00000080,10.335625
2011-12-13 22:00:00.000000216,23.589188
2011-12-13 22:00:00.000000240,4.600364
2011-12-13 22:00:00.000000153,6.804835
2011-12-13 22:00:00.00000068,3.9833045
2011-12-13 22:00:00.000000263,9.90466
2011-12-13 22:00:00.00000061,12.436154
2011-12-13 22:00:00.000000162,6.092836
2011-12-13 22:00:00.00000045,5.5449777
2011-12-13 22:00:00.000000193,5.0766325
2011-12-13 22:00:00.000000112,30.677275
2011-12-13 22:00:00.000000165,5.393826
2011-12-13 22:00:00.000000255,12.155602
2011-12-13 22:00:00.000000106,30.905754
2011-12-13 22:00:00.000000125,13.196485
2011-12-13 22:00:00.000000250,8.553266
2011-12-13 22:00:00.0000006,5.9690537
2011-12-13 22:00:00.00000090,4.9051595
2011-12-13 22:00:00.00000055,5.296227
2011-12-13 22:00:00.000000188,9.458821
2011-12-13 22:00:00.000000259,13.233757
2011-12-13 22:00:00.000000142,13.975336
2011-12-13 22:00:00.000000155,6.531445
2011-12-13 22:00:00.00000082,4.759241
2011-12-13 22:00:00.00000069,7.319652
2011-12-13 22:00:00.00000097,10.953386
2011-12-13 22:00:00.000000107,28.382055
2011-12-13 22:00:00.000000126,5.679063
2011-12-13 22:00:00.00000012,9.4505
2011-12-13 22:00:00.000000158,7.247305
2011-12-13 22:00:00.000000196,7.501995
2011-12-13 22:00:00.000000132,25.64787
2011-12-13 22:00:00.000000244,5.489659
2011-12-13 22:00:00.000000268,8.612678
2011-12-13 22:00:00.00000064,5.648511
2011-12-13 22:00:00.000000159,11.621746
2011-12-13 22:00:00.000000163,23.77533
2011-12-13 22:00:00.000000232,16.87888
2011-12-13 22:00:00.0000007,9.669626
2011-12-13 22:00:00.00000054,4.4001904
2011-12-13 22:00:00.000000230,14.695583
2011-12-13 22:00:00.000000256,6.5529013
2011-12-13 22:00:00.000000146,7.0160804
2011-12-13 22:00:00.000000265,8.491032
2011-12-13 22:00:00.00000076,6.258931
2011-12-13 22:00:00.00000062,19.052513
2011-12-13 22:00:00.00000032,6.0286145
2011-12-13 22:00:00.000000213,4.6431046
2011-12-13 22:00:00.00000083,15.432426
2011-12-13 22:00:00.00000026,4.8723845
2011-12-13 22:00:00.000000239,12.800032
2011-12-13 22:00:00.000000233,9.9101
2011-12-13 22:00:00.00000089,10.117449
2011-12-13 22:00:00.000000267,6.6368566
2011-12-13 22:00:00.000000176,8.286854
2011-12-13 22:00:00.000000139,4.8458
2011-12-13 22:00:00.00000027,4.7026224
2011-12-13 22:00:00.00000042,9.047218
2011-12-13 22:00:00.000000241,12.184582
2011-12-13 22:00:00.000000222,7.990783
2012-03-12 09:50:24.0000001,8.822545
2012-03-12 09:50:24.0000003,6.265181
2012-03-12 09:50:24.0000002,6.096098
2014-05-13 07:33:52.0000006,4.817185
2014-05-13 07:33:52.0000004,5.7256107
2014-05-13 07:33:52.0000001,10.145951
2014-05-13 07:33:52.0000002,5.046149
2014-05-13 07:33:52.0000003,13.08771
2011-06-30 09:37:08.0000002,10.132949
2011-06-30 09:37:08.0000003,5.1207914
2012-09-18 17:13:40.0000002,6.666885
2012-09-18 17:13:40.0000001,6.8329577
2011-06-07 12:11:56.0000004,17.745096
2011-06-07 12:11:56.0000001,12.87397
2011-06-07 12:11:56.0000003,28.311563
2011-06-07 12:11:56.0000002,5.5164227
2011-06-07 12:11:56.0000005,6.781529
2010-05-21 23:04:44.0000002,18.99763
2010-05-21 23:04:44.0000001,15.176327
2009-01-28 16:36:28.0000002,6.6613674
2009-01-28 16:36:28.0000003,46.634605
2009-01-28 16:36:28.0000005,6.025046
2009-01-28 16:36:28.0000006,10.235437
2009-01-28 16:36:28.0000001,5.673278
2012-03-12 02:58:56.0000001,14.287328
2010-07-21 22:06:12.0000005,8.0722
2010-07-21 22:06:12.0000003,6.247448
2010-07-21 22:06:12.0000001,27.353607
2010-07-21 22:06:12.0000002,10.45152
2009-04-12 16:00:56.0000001,11.762264
2013-05-24 13:37:32.0000001,7.175013
2011-07-29 20:50:36.0000001,12.371578
2011-07-29 20:50:36.0000003,26.09701
2011-07-29 20:50:36.0000002,5.1947722
2014-03-05 21:07:12.0000003,12.148353
2014-03-05 21:07:12.0000004,8.028303
2009-11-28 15:07:24.0000004,46.724327
2009-11-28 15:07:24.0000001,12.755235
2009-11-28 15:07:24.0000003,5.6989284
2015-04-11 14:16:12.0000003,7.5076256
2015-04-11 14:16:12.00000010,4.7912703
2015-04-11 14:16:12.00000011,6.585549
2015-04-11 14:16:12.0000001,7.401698
2015-04-11 14:16:12.0000002,6.788393
2015-04-11 14:16:12.0000006,55.874634
2015-04-11 14:16:12.0000007,5.848713
2015-04-11 14:16:12.0000008,10.109164
2014-11-15 10:57:20.0000002,4.5220222
2014-11-15 10:57:20.0000001,7.5427146
2010-07-31 15:47:28.0000001,4.5164943
2014-05-12 20:56:48.0000005,4.763975
2014-05-12 20:56:48.0000001,8.56049
2014-05-12 20:56:48.0000004,8.633387
2014-05-12 20:56:48.0000003,7.678988
2014-05-12 20:56:48.0000002,11.2832575
2014-01-16 06:00:48.0000001,10.981172
2014-04-23 11:18:40.0000003,11.322804
2014-04-23 11:18:40.0000002,7.709845
2014-04-23 11:18:40.0000001,10.354048
2011-09-22 04:49:56.0000001,33.133938
2011-10-28 07:35:52.0000003,5.9050503
2011-10-28 07:35:52.0000002,10.118649
2011-10-28 07:35:52.0000001,6.3082857
2015-05-10 19:54:00.0000001,8.501131
2015-05-10 19:54:00.0000003,6.888883
2015-05-10 19:54:00.0000005,10.381834
2015-05-10 19:54:00.0000004,10.980739
2011-03-28 23:18:48.0000001,9.586681
2014-08-26 01:31:04.0000001,27.335625
2015-02-26 15:55:48.0000004,13.439861
2015-02-26 15:55:48.0000003,8.317657
2015-02-26 15:55:48.0000002,6.718665
2013-11-22 15:36:36.0000002,4.73118
2010-02-13 11:03:04.0000002,5.150903
2010-02-13 11:03:04.0000001,4.5471616
2010-02-13 11:03:04.0000004,5.1500764
2010-02-13 11:03:04.0000003,5.7492285
2011-06-26 18:48:08.0000004,8.031293
2011-06-26 18:48:08.0000005,16.366556
2011-06-26 18:48:08.0000002,5.1656456
2011-06-26 18:48:08.0000001,7.4287043
2010-10-14 23:48:56.0000001,5.5715256
2010-10-14 23:48:56.0000002,44.60706
2010-10-14 23:48:56.0000003,12.062291
2010-10-14 23:48:56.0000004,6.565281
2011-01-22 07:48:28.0000001,8.453424
2011-10-17 18:49:20.0000003,14.854363
2011-10-17 18:49:20.0000002,7.1743073
2011-10-17 18:49:20.0000005,9.333089
2009-03-24 16:39:12.0000002,9.152356
2009-03-24 16:39:12.0000004,7.6616483
2009-03-24 16:39:12.0000003,10.823969
2009-03-24 16:39:12.0000001,6.0871806
2014-07-21 18:19:00.000000102,8.602361
2014-07-21 18:19:00.000000106,10.407468
2014-07-21 18:19:00.000000107,5.5587196
2014-07-21 18:19:00.00000094,37.532238
2014-07-21 18:19:00.000000161,7.9436345
2014-07-21 18:19:00.000000129,16.478779
2014-07-21 18:19:00.00000083,5.179505
2014-07-21 18:19:00.000000163,15.998903
2014-07-21 18:19:00.000000117,11.386557
2014-07-21 18:19:00.00000028,4.3230376
2014-07-21 18:19:00.00000089,13.54894
2014-07-21 18:19:00.000000130,6.1112266
2014-07-21 18:19:00.000000105,7.5932164
2014-07-21 18:19:00.000000123,16.45856
2014-07-21 18:19:00.000000103,53.720455
2014-07-21 18:19:00.000000227,7.3770533
2014-07-21 18:19:00.000000189,9.696397
2014-07-21 18:19:00.000000168,7.8494835
2014-07-21 18:19:00.000000173,11.943338
2014-07-21 18:19:00.000000128,15.379313
2014-07-21 18:19:00.000000143,29.012863
2014-07-21 18:19:00.00000018,22.5265
2014-07-21 18:19:00.00000049,11.741635
2014-07-21 18:19:00.00000022,7.074254
2014-07-21 18:19:00.000000200,5.800862
2014-07-21 18:19:00.000000193,9.255431
2014-07-21 18:19:00.000000231,10.868277
2014-07-21 18:19:00.000000202,12.876365
2014-07-21 18:19:00.00000092,34.914875
2014-07-21 18:19:00.000000148,6.5289845
2014-07-21 18:19:00.00000057,4.8313446
2014-07-21 18:19:00.00000074,7.1784186
2014-07-21 18:19:00.000000183,13.522868
2014-07-21 18:19:00.000000221,-3.4992433
2014-07-21 18:19:00.00000078,7.530364
2014-07-21 18:19:00.00000058,6.458814
2014-07-21 18:19:00.000000214,6.6370153
2014-07-21 18:19:00.000000122,10.154736
2014-07-21 18:19:00.000000137,4.3191285
2014-07-21 18:19:00.00000027,7.9835753
2014-07-21 18:19:00.00000047,21.830898
2014-07-21 18:19:00.00000061,10.687527
2014-07-21 18:19:00.000000196,9.843043
2014-07-21 18:19:00.000000125,15.887602
2014-07-21 18:19:00.000000126,19.020454
2014-07-21 18:19:00.000000145,4.3653708
2014-07-21 18:19:00.00000080,14.486992
2014-07-21 18:19:00.00000055,9.00912
2014-07-21 18:19:00.00000066,11.029343
2014-07-21 18:19:00.000000111,5.572233
2014-07-21 18:19:00.00000042,7.3207417
2014-07-21 18:19:00.000000215,6.252951
2014-07-21 18:19:00.00000043,28.261587
2014-07-21 18:19:00.000000119,20.099983
2014-07-21 18:19:00.000000115,12.704651
2014-07-21 18:19:00.0000009,9.755748
2014-07-21 18:19:00.00000075,10.165613
2014-07-21 18:19:00.000000118,4.577194
2014-07-21 18:19:00.00000038,18.420385
2014-07-21 18:19:00.000000124,10.410792
2014-07-21 18:19:00.000000242,8.676448
2014-07-21 18:19:00.00000019,7.3361397
2014-07-21 18:19:00.00000056,11.8830805
2014-07-21 18:19:00.000000239,7.1571283
2014-07-21 18:19:00.000000101,9.153053
2014-07-21 18:19:00.000000216,42.891262
2014-07-21 18:19:00.000000198,5.9001546
2014-07-21 18:19:00.000000174,39.297318
2014-07-21 18:19:00.00000070,6.607861
2014-07-21 18:19:00.0000004,11.969559
2014-07-21 18:19:00.000000135,7.904773
2014-07-21 18:19:00.000000165,8.113171
2014-07-21 18:19:00.00000010,12.732214
2014-07-21 18:19:00.000000211,7.78862
2014-07-21 18:19:00.000000190,8.533789
2014-07-21 18:19:00.00000021,6.615011
2014-07-21 18:19:00.000000204,6.2129407
2014-07-21 18:19:00.000000112,7.3326564
2014-07-21 18:19:00.000000169,21.752174
2014-07-21 18:19:00.000000226,8.036007
2014-07-21 18:19:00.000000109,6.0281134
2014-07-21 18:19:00.000000113,18.688244
2014-07-21 18:19:00.000000127,18.462994
2014-07-21 18:19:00.000000182,12.0956745
2014-07-21 18:19:00.00000036,8.571412
2014-07-21 18:19:00.000000220,4.342132
2014-07-21 18:19:00.000000121,7.263173
2014-07-21 18:19:00.00000050,10.625342
2014-07-21 18:19:00.000000178,5.980439
2014-07-21 18:19:00.000000166,7.812966
2014-07-21 18:19:00.000000224,7.0753894
2014-07-21 18:19:00.000000134,6.15289
2014-07-21 18:19:00.000000195,12.983174
2014-07-21 18:19:00.00000015,40.433876
2014-07-21 18:19:00.0000005,53.13058
2014-07-21 18:19:00.000000120,15.045805
2014-07-21 18:19:00.000000133,6.70098
2014-07-21 18:19:00.00000044,8.035675
2014-07-21 18:19:00.000000233,7.500316
2014-07-21 18:19:00.00000063,11.83744
2014-07-21 18:19:00.000000167,9.909631
2014-07-21 18:19:00.000000208,8.373241
2014-07-21 18:19:00.00000030,11.209326
2014-07-21 18:19:00.00000098,6.5631433
2014-07-21 18:19:00.000000179,8.303198
2014-07-21 18:19:00.000000219,4.6200075
2014-07-21 18:19:00.0000006,5.106325
2014-07-21 18:19:00.0000008,14.79197
2014-07-21 18:19:00.00000031,23.746103
2014-07-21 18:19:00.000000225,5.759468
2014-07-21 18:19:00.000000235,9.668484
2014-07-21 18:19:00.000000104,10.45577
2014-07-21 18:19:00.00000011,4.619222
2014-07-21 18:19:00.00000026,4.553038
2014-07-21 18:19:00.000000228,7.211748
2014-07-21 18:19:00.000000154,7.979184
2014-07-21 18:19:00.000000240,5.2374883
2014-07-21 18:19:00.00000069,10.521428
2014-07-21 18:19:00.000000210,10.257269
2014-07-21 18:19:00.00000097,28.428495
2014-07-21 18:19:00.000000136,7.196971
2014-07-21 18:19:00.000000150,9.787744
2014-07-21 18:19:00.00000060,4.5298147
2014-07-21 18:19:00.00000073,5.040535
2014-07-21 18:19:00.000000177,21.835365
2014-07-21 18:19:00.000000222,8.520403
2014-07-21 18:19:00.0000003,19.863096
2014-07-21 18:19:00.00000012,5.0707192
2014-07-21 18:19:00.000000139,6.1245894
2014-07-21 18:19:00.000000194,10.354606
2014-07-21 18:19:00.00000014,10.2885
2014-07-21 18:19:00.00000051,6.489015
2014-07-21 18:19:00.000000218,7.436678
2014-07-21 18:19:00.000000181,6.4599905
2014-07-21 18:19:00.000000114,14.980841
2014-07-21 18:19:00.00000072,7.650581
2014-07-21 18:19:00.000000213,7.0382347
2014-07-21 18:19:00.00000064,5.387879
2012-12-07 16:13:08.0000001,15.788612
2011-06-13 09:55:04.0000005,8.940024
2011-06-13 09:55:04.0000004,6.3111796
2011-06-13 09:55:04.0000001,9.739607
2014-12-27 22:31:56.0000002,12.282447
2014-11-24 09:50:20.0000001,5.4230824
2014-11-24 09:50:20.0000002,21.00884
2015-02-17 12:29:52.0000003,7.5157824
2015-02-17 12:29:52.0000002,9.950141
2015-02-17 12:29:52.0000004,15.839316
2015-02-17 12:29:52.0000001,5.137574
2010-02-21 21:57:20.0000001,10.625149
2010-02-21 21:57:20.0000002,4.398868
2010-09-20 16:48:00.000000101,11.936513
2010-09-20 16:48:00.000000140,6.2886143
2010-09-20 16:48:00.00000052,7.8349633
2010-09-20 16:48:00.00000038,11.767328
2010-09-20 16:48:00.000000135,7.6280212
2010-09-20 16:48:00.000000145,8.725554
2010-09-20 16:48:00.00000090,10.3057995
2010-09-20 16:48:00.00000088,26.432676
2010-09-20 16:48:00.000000161,14.422228
2010-09-20 16:48:00.000000160,8.9311285
2010-09-20 16:48:00.00000012,7.4718647
2010-09-20 16:48:00.00000028,42.429424
2010-09-20 16:48:00.000000117,18.902891
2010-09-20 16:48:00.00000018,6.4411592
2010-09-20 16:48:00.00000059,7.9470077
2010-09-20 16:48:00.00000061,5.7445507
2010-09-20 16:48:00.00000037,7.200542
2010-09-20 16:48:00.000000133,13.016248
2010-09-20 16:48:00.000000141,12.240765
2010-09-20 16:48:00.000000113,25.818592
2010-09-20 16:48:00.00000067,15.955015
2010-09-20 16:48:00.00000066,23.654976
2010-09-20 16:48:00.000000128,10.798884
2010-09-20 16:48:00.000000109,10.271237
2010-09-20 16:48:00.000000167,26.105549
2010-09-20 16:48:00.00000065,6.325769
2010-09-20 16:48:00.000000157,35.238125
2010-09-20 16:48:00.00000045,11.447436
2010-09-20 16:48:00.00000054,8.412891
2010-09-20 16:48:00.00000076,7.1021485
2010-09-20 16:48:00.000000125,15.146722
2010-09-20 16:48:00.00000031,15.964816
2010-09-20 16:48:00.000000105,7.0901237
2010-09-20 16:48:00.00000017,7.995206
2010-09-20 16:48:00.000000127,6.305096
2010-09-20 16:48:00.000000149,42.522793
2010-09-20 16:48:00.00000039,23.490234
2010-09-20 16:48:00.00000095,35.47265
2010-09-20 16:48:00.00000062,8.088118
2010-09-20 16:48:00.00000029,8.963581
2010-09-20 16:48:00.000000155,26.114897
2010-09-20 16:48:00.000000123,7.341667
2010-09-20 16:48:00.00000020,8.807169
2010-09-20 16:48:00.0000003,9.771543
2010-09-20 16:48:00.000000102,6.8074584
2010-09-20 16:48:00.00000096,8.953475
2010-09-20 16:48:00.00000087,8.882499
2010-09-20 16:48:00.00000063,25.885712
2010-09-20 16:48:00.00000078,10.168179
2010-09-20 16:48:00.00000049,6.0691442
2010-09-20 16:48:00.000000115,13.108589
2010-09-20 16:48:00.00000080,10.254913
2010-09-20 16:48:00.00000046,16.071287
2010-09-20 16:48:00.00000048,7.7491407
2010-09-20 16:48:00.00000033,23.047272
2010-09-20 16:48:00.000000136,7.443192
2010-09-20 16:48:00.00000032,15.617028
2010-09-20 16:48:00.00000082,15.474772
2010-09-20 16:48:00.00000091,12.535934
2010-09-20 16:48:00.00000051,32.139946
2010-09-20 16:48:00.000000107,9.0073395
2010-09-20 16:48:00.000000150,7.416578
2010-09-20 16:48:00.00000070,7.5930076
2010-09-20 16:48:00.000000165,27.057411
2010-09-20 16:48:00.00000097,26.11827
2010-09-20 16:48:00.00000075,8.172126
2010-09-20 16:48:00.000000164,12.199809
2010-09-20 16:48:00.000000162,5.725148
2010-09-20 16:48:00.00000026,6.973679
2010-09-20 16:48:00.000000126,9.689882
2010-09-20 16:48:00.00000077,12.942736
2010-09-20 16:48:00.000000138,6.797065
2010-09-20 16:48:00.000000118,14.990883
2010-09-20 16:48:00.00000011,11.751238
2010-09-20 16:48:00.00000073,17.194616
2010-09-20 16:48:00.000000120,8.896754
2010-09-20 16:48:00.00000034,24.806398
2010-09-20 16:48:00.00000057,9.903556
2010-09-20 16:48:00.00000044,12.666782
2010-09-20 16:48:00.00000079,13.223445
2010-09-20 16:48:00.00000013,12.89035
2010-09-20 16:48:00.00000060,7.28057
2010-09-20 16:48:00.00000098,14.170655
2010-09-20 16:48:00.00000022,6.604075
2010-09-20 16:48:00.00000043,12.352626
2010-09-20 16:48:00.000000130,6.616533
2010-09-20 16:48:00.00000094,12.711492
2010-09-20 16:48:00.000000153,11.347869
2010-09-20 16:48:00.0000009,14.516655
2010-09-20 16:48:00.000000119,7.2773685
2010-09-20 16:48:00.00000089,11.04891
2010-09-20 16:48:00.00000053,12.55107
2010-09-20 16:48:00.00000014,11.175617
2010-09-20 16:48:00.00000093,12.669638
2010-09-20 16:48:00.000000144,7.3293614
2010-09-20 16:48:00.00000030,13.400707
2010-09-20 16:48:00.000000147,23.669077
2010-09-20 16:48:00.000000108,17.012226
2010-09-20 16:48:00.00000064,9.125034
2010-09-20 16:48:00.00000010,10.602862
2010-09-20 16:48:00.00000042,10.918803
2012-04-01 22:22:28.0000001,7.3902416
2012-03-05 09:19:32.0000001,6.9105926
2012-03-05 09:19:32.0000002,6.2232976
2012-03-05 09:19:32.0000005,16.511843
2012-03-05 09:19:32.0000003,11.213421
2012-03-05 09:19:32.0000004,5.498169
2012-08-20 14:47:36.0000003,6.712865
2012-08-20 14:47:36.0000004,37.850834
2011-12-01 01:36:08.0000002,4.605829
2013-06-21 11:33:28.0000002,8.252041
2013-06-21 11:33:28.0000004,8.727351
2013-06-21 11:33:28.0000001,5.901463
2013-06-21 11:33:28.0000003,16.388252
2013-04-10 11:33:28.0000001,16.54636
2013-04-10 11:33:28.0000002,11.0276985
2014-03-29 14:59:28.0000003,4.8526654
2014-03-29 14:59:28.0000002,7.662277
2010-04-05 06:01:24.0000001,5.2566137
2014-12-01 00:12:44.0000001,26.166523
2012-08-01 18:54:24.0000001,9.002276
2012-08-01 18:54:24.0000002,6.606904
2012-08-01 18:54:24.0000003,5.876832
2013-07-13 18:28:20.0000005,8.032992
2013-07-13 18:28:20.0000001,5.702015
2013-07-13 18:28:20.0000002,8.95286
2013-07-13 18:28:20.0000004,7.8463736
2014-03-06 04:23:32.0000001,9.811052
2014-10-07 19:04:08.0000002,10.586214
2014-10-07 19:04:08.0000005,10.042339
2014-10-07 19:04:08.0000006,12.236816
2014-10-07 19:04:08.0000004,5.8441286
2013-08-21 09:32:24.0000002,12.984788
2013-08-21 09:32:24.0000004,12.322954
2013-08-21 09:32:24.0000003,8.234801
2015-01-26 07:13:44.0000006,8.998651
2015-01-26 07:13:44.0000002,9.723097
2015-01-26 07:13:44.0000004,8.22998
2015-01-26 07:13:44.0000003,11.502303
2009-03-16 09:55:24.0000003,6.99096
2009-03-16 09:55:24.0000005,5.223534
2009-03-16 09:55:24.0000004,9.668402
2009-03-16 09:55:24.0000006,6.6833606
2009-03-16 09:55:24.0000002,4.609874
2011-03-06 21:01:00.000000150,5.20789
2011-03-06 21:01:00.00000026,3.9158373
2011-03-06 21:01:00.000000148,5.821752
2011-03-06 21:01:00.00000088,4.955589
2011-03-06 21:01:00.00000098,4.832507
2011-03-06 21:01:00.00000054,11.712504
2011-03-06 21:01:00.000000101,10.451804
2011-03-06 21:01:00.000000175,7.332592
2011-03-06 21:01:00.00000029,8.7722435
2011-03-06 21:01:00.000000106,3.6789856
2011-03-06 21:01:00.00000099,5.182444
2011-03-06 21:01:00.000000158,9.318348
2011-03-06 21:01:00.000000130,6.1417394
2011-03-06 21:01:00.00000027,4.4087753
2011-03-06 21:01:00.00000032,18.99958
2011-03-06 21:01:00.000000111,13.300348
2011-03-06 21:01:00.00000024,12.820424
2011-03-06 21:01:00.000000118,9.077762
2011-03-06 21:01:00.00000016,7.4636765
2011-03-06 21:01:00.00000066,10.118253
2011-03-06 21:01:00.000000133,12.041527
2011-03-06 21:01:00.00000070,4.5374084
2011-03-06 21:01:00.000000104,5.160028
2011-03-06 21:01:00.00000076,7.61274
2011-03-06 21:01:00.000000141,6.4112277
2011-03-06 21:01:00.000000145,5.6025143
2011-03-06 21:01:00.000000143,6.553712
2011-03-06 21:01:00.00000092,5.7777267
2011-03-06 21:01:00.00000080,5.2916656
2011-03-06 21:01:00.00000015,25.16496
2011-03-06 21:01:00.000000153,16.903791
2011-03-06 21:01:00.00000093,10.974602
2011-03-06 21:01:00.000000162,27.842098
2011-03-06 21:01:00.00000062,7.1933756
2011-03-06 21:01:00.000000129,13.724712
2011-03-06 21:01:00.000000107,17.647934
2011-03-06 21:01:00.00000045,4.7047276
2011-03-06 21:01:00.000000115,10.889751
2011-03-06 21:01:00.0000002,3.8854363
2011-03-06 21:01:00.00000044,8.10602
2011-03-06 21:01:00.000000167,6.5630054
2011-03-06 21:01:00.000000169,4.1546636
2011-03-06 21:01:00.00000067,42.250633
2011-03-06 21:01:00.0000007,6.2998304
2011-03-06 21:01:00.000000135,47.801
2011-03-06 21:01:00.000000128,11.21088
2011-03-06 21:01:00.0000004,7.140508
2011-03-06 21:01:00.00000010,7.81039
2011-03-06 21:01:00.000000151,10.654793
2011-03-06 21:01:00.00000055,9.407727
2011-03-06 21:01:00.00000095,7.3132954
2011-03-06 21:01:00.000000102,8.434036
2011-03-06 21:01:00.00000034,7.3279314
2011-03-06 21:01:00.000000108,4.020007
2011-03-06 21:01:00.00000012,4.239971
2011-03-06 21:01:00.00000085,4.2944427
2011-03-06 21:01:00.0000001,11.364351
2011-03-06 21:01:00.00000035,4.149047
2011-03-06 21:01:00.00000097,12.605234
2011-03-06 21:01:00.000000105,6.45213
2011-03-06 21:01:00.00000020,9.969495
2011-03-06 21:01:00.000000114,4.440874
2011-03-06 21:01:00.00000038,4.3149834
2011-03-06 21:01:00.0000006,9.301587
2011-03-06 21:01:00.00000086,7.416237
2011-03-06 21:01:00.00000049,5.737612
2011-03-06 21:01:00.000000147,6.2864184
2011-03-06 21:01:00.00000040,4.1601515
2011-03-06 21:01:00.00000064,5.468018
2011-03-06 21:01:00.00000061,11.912247
2011-03-06 21:01:00.0000005,4.967734
2011-03-06 21:01:00.0000009,5.74322
2011-03-06 21:01:00.00000042,4.3413563
2011-03-06 21:01:00.00000022,26.678143
2011-03-06 21:01:00.00000021,16.215801
2011-03-06 21:01:00.00000094,5.0588694
2011-03-06 21:01:00.000000156,8.154935
2011-03-06 21:01:00.00000072,5.269172
2011-03-06 21:01:00.00000031,12.102303
2011-03-06 21:01:00.00000089,5.7469163
2011-03-06 21:01:00.00000023,9.628865
2011-03-06 21:01:00.00000046,5.075949
2011-03-06 21:01:00.00000087,5.836543
2011-03-06 21:01:00.00000053,12.306393
2011-03-06 21:01:00.0000008,4.0855536
2011-03-06 21:01:00.000000157,4.61552
2011-03-06 21:01:00.00000077,12.212174
2011-03-06 21:01:00.00000073,10.125919
2011-03-06 21:01:00.00000047,4.0938087
2011-03-06 21:01:00.000000172,6.209715
2011-03-06 21:01:00.00000084,8.492376
2011-03-06 21:01:00.000000122,12.768584
2011-03-06 21:01:00.000000154,15.830835
2011-03-06 21:01:00.000000136,10.725935
2011-03-06 21:01:00.00000075,3.554292
2011-03-06 21:01:00.00000014,5.0597596
2009-09-04 20:52:28.0000002,6.350974
2009-09-04 20:52:28.0000003,5.662403
2009-09-04 20:52:28.0000004,6.20666
2009-09-04 20:52:28.0000001,4.7586727
2013-09-25 05:52:12.0000002,11.774869
2013-09-25 05:52:12.0000001,36.68902
2010-04-16 10:32:24.0000002,7.3813434
2010-04-16 10:32:24.0000001,32.30984
2011-10-12 07:24:40.0000001,8.228147
2011-10-12 07:24:40.0000003,7.5823417
2011-10-12 07:24:40.0000002,25.514786
2010-06-13 13:34:56.0000001,7.2882347
2011-11-20 02:39:04.0000002,18.264746
2011-11-20 02:39:04.0000001,5.032702
2010-12-13 06:42:16.0000002,3.9673946
2010-12-13 06:42:16.0000001,10.148897
2009-11-24 08:58:48.0000003,8.308631
2009-11-24 08:58:48.0000001,4.1012015
2009-11-24 08:58:48.0000006,13.944984
2009-11-24 08:58:48.0000002,8.8534355
2009-11-24 08:58:48.0000005,8.507418
2009-11-24 08:58:48.0000007,9.350807
2014-09-22 07:14:16.0000002,15.379843
2011-05-30 09:32:56.0000001,7.43815
2012-09-21 05:41:36.0000001,8.890668
2010-11-22 19:30:04.0000002,8.2736225
2010-11-22 19:30:04.0000001,10.035908
2010-10-05 02:09:00.0000005,5.9743614
2010-10-05 02:09:00.0000006,19.347973
2010-10-05 02:09:00.0000007,10.478952
2010-10-05 02:09:00.00000018,20.81106
2010-10-05 02:09:00.00000011,20.52473
2010-10-05 02:09:00.00000023,9.769392
2010-10-05 02:09:00.00000012,8.928213
2010-10-05 02:09:00.00000022,4.5478096
2010-10-05 02:09:00.00000013,17.217234
2010-10-05 02:09:00.0000003,20.165895
2010-10-05 02:09:00.00000010,4.427227
2010-10-05 02:09:00.0000001,7.682423
2010-10-05 02:09:00.00000021,5.7180514
2010-10-05 02:09:00.0000008,12.114014
2010-10-05 02:09:00.00000027,6.0867844
2010-10-05 02:09:00.0000002,18.236103
2010-10-05 02:09:00.00000015,5.100161
2014-08-23 16:30:24.0000002,8.633473
2014-08-23 16:30:24.0000001,6.39465
2012-03-15 08:17:36.0000001,8.884688
2012-03-15 08:17:36.0000002,5.1248155
2012-03-15 08:17:36.0000005,18.758585
2012-03-15 08:17:36.0000004,18.158733
2012-03-15 08:17:36.0000003,5.4588513
2013-10-04 02:53:20.0000001,5.859322
2013-10-04 02:53:20.0000002,13.499044
2009-03-28 15:09:20.0000001,8.612923
2009-03-28 15:09:20.0000003,15.48372
2009-03-28 15:09:20.0000002,16.673449
2012-01-25 22:43:44.0000003,11.156525
2012-01-25 22:43:44.0000004,8.938898
2012-01-25 22:43:44.0000002,4.39499
2012-01-25 22:43:44.0000001,15.167979
2011-07-21 07:51:32.0000002,5.901879
2011-07-21 07:51:32.0000003,10.433176
2011-07-21 07:51:32.0000001,5.9131966
2010-12-01 22:04:52.0000001,7.869552
2013-06-23 02:54:32.0000003,7.709625
2013-06-23 02:54:32.0000002,6.237712
2014-03-24 22:36:24.0000004,9.469234
2014-03-24 22:36:24.0000002,8.667944
2014-03-24 22:36:24.0000001,5.0788393
2014-03-24 22:36:24.0000003,7.9245667
2013-09-13 01:54:20.0000001,6.885622
2013-10-14 18:30:36.0000003,14.794971
2013-10-14 18:30:36.0000002,8.383024
2013-10-14 18:30:36.0000004,15.512174
2013-10-14 18:30:36.0000001,4.6662493
2013-11-18 15:07:28.0000006,9.413949
2013-11-18 15:07:28.0000004,56.487785
2013-11-18 15:07:28.0000001,6.1392593
2013-11-18 15:07:28.0000005,6.4013944
2013-11-18 15:07:28.0000002,7.266037
2011-02-20 23:35:12.0000001,6.425586
2011-02-20 23:35:12.0000004,10.453099
2011-02-20 23:35:12.0000005,21.526606
2011-02-20 23:35:12.0000003,12.038096
2011-02-20 23:35:12.0000002,13.650345
2010-02-06 19:59:16.0000001,10.302105
2012-03-10 02:36:04.0000003,8.187098
2012-03-10 02:36:04.0000002,11.397133
2012-03-10 02:36:04.0000001,6.361196
2014-04-13 17:35:52.0000002,7.0760846
2010-04-04 21:59:56.0000002,6.837269
2010-04-04 21:59:56.0000001,12.98002
2010-04-04 21:59:56.0000003,9.2918215
2010-04-04 21:59:56.0000004,5.507803
2013-03-23 04:51:12.0000001,15.751126
2010-06-29 00:22:24.0000002,47.957203
2010-06-29 00:22:24.0000001,4.5176206
2011-10-17 12:37:56.0000002,5.5271735
2011-10-17 12:37:56.0000001,6.9527287
2012-01-30 19:07:52.0000003,10.071823
2012-01-30 19:07:52.0000002,6.9542346
2012-01-30 19:07:52.0000004,9.795805
2012-01-30 19:07:52.0000001,5.5628066
2012-01-30 19:07:52.0000005,9.061058
2011-05-30 01:44:40.0000001,8.493793
2011-05-30 01:44:40.0000002,6.22493
2011-02-08 01:04:08.0000001,8.004361
2012-05-23 16:25:16.0000002,6.791829
2011-09-20 18:02:28.0000001,9.5018425
2009-10-08 10:04:36.0000001,47.91838
2009-10-08 10:04:36.0000003,10.489316
2009-10-08 10:04:36.0000002,26.49924
2010-07-02 22:03:04.0000002,13.233695
2010-07-02 22:03:04.0000001,14.575647
2012-05-03 14:11:36.0000002,6.7608395
2012-05-03 14:11:36.0000005,10.342789
2012-05-03 14:11:36.0000004,31.210505
2012-05-03 14:11:36.0000003,15.187693
2012-05-03 14:11:36.0000001,6.2893953
2013-04-04 16:31:56.0000001,16.013897
2013-04-04 16:31:56.0000002,8.281204
2009-12-02 15:59:56.0000001,32.634743
2009-12-02 15:59:56.0000002,6.5757585
2010-01-03 02:03:40.0000002,7.1867976
2010-01-03 02:03:40.0000003,5.6532483
2011-08-21 10:54:24.0000003,6.9062967
2011-08-21 10:54:24.0000002,65.85383
2011-08-21 10:54:24.0000001,14.0354805
2011-01-30 14:38:24.0000003,6.335522
2011-01-30 14:38:24.0000002,14.094629
2011-04-16 21:23:16.0000004,16.379362
2011-04-16 21:23:16.0000002,10.286889
2011-04-16 21:23:16.0000006,4.862646
2013-10-05 19:51:04.0000006,8.274249
2013-10-05 19:51:04.0000005,14.467817
2013-10-05 19:51:04.0000003,17.944391
2013-10-05 19:51:04.0000002,15.015685
2014-10-31 08:17:44.0000002,8.637255
2014-10-31 08:17:44.0000004,8.781375
2014-10-31 08:17:44.0000005,8.825905
2014-10-31 08:17:44.0000001,9.394899
2014-10-31 08:17:44.0000003,21.41183
2009-05-31 21:24:56.0000001,12.892602
2014-06-04 01:50:40.0000001,15.871028
2009-07-14 17:59:12.0000001,5.8775425
2009-07-14 17:59:12.0000003,5.139267
2012-12-05 16:33:52.0000002,16.902588
2012-12-05 16:33:52.0000001,39.633785
2009-12-18 12:37:04.0000005,8.082666
2009-12-18 12:37:04.0000001,9.541604
2009-12-18 12:37:04.0000006,11.145501
2009-12-18 12:37:04.0000004,9.235542
2009-12-18 12:37:04.0000007,11.196937
2009-12-18 12:37:04.0000002,10.100444
2012-11-21 15:12:48.0000001,6.7040877
2011-05-03 07:01:40.0000001,12.318529
2011-05-03 07:01:40.0000002,5.2449822
2011-05-03 07:01:40.0000003,5.4122367
2010-09-21 06:27:32.0000002,16.261322
2010-09-21 06:27:32.0000001,8.700603
2011-10-07 22:08:20.0000003,4.6338534
2011-10-07 22:08:20.0000006,9.38944
2009-02-08 08:48:20.0000001,4.117878
2013-09-24 21:16:40.0000006,9.504596
2013-09-24 21:16:40.0000003,9.858316
2013-09-24 21:16:40.0000001,11.688507
2013-09-24 21:16:40.0000007,13.425188
2013-09-24 21:16:40.0000002,13.376201
2013-09-24 21:16:40.0000004,10.691429
2012-03-14 19:10:48.0000005,13.197371
2012-03-14 19:10:48.0000008,4.8656507
2012-03-14 19:10:48.0000002,9.973979
2012-03-14 19:10:48.0000004,6.3806696
2012-03-14 19:10:48.0000001,6.2276583
2012-03-14 19:10:48.0000009,7.590328
2012-03-14 19:10:48.0000006,12.367269
2009-11-12 11:01:20.0000001,6.8535547
2009-11-12 11:01:20.0000002,4.3708935
2009-06-21 04:28:48.0000002,14.126466
2009-06-21 04:28:48.0000003,12.927825
2014-01-25 12:36:52.0000002,9.272566
2014-01-25 12:36:52.0000001,8.367263
2012-12-27 13:23:48.0000001,11.781691
2011-06-28 16:09:44.0000001,6.187275
2010-12-01 08:35:20.0000001,10.594173
2012-11-19 12:40:40.0000005,6.321132
2012-11-19 12:40:40.0000001,6.036546
2012-11-19 12:40:40.0000002,8.560143
2012-11-19 12:40:40.0000003,12.90068
2012-11-19 12:40:40.0000004,46.78714
2009-07-13 17:58:04.0000001,9.991872
2009-07-13 17:58:04.0000003,6.1978955
2009-07-13 17:58:04.0000002,7.6032276
2011-06-25 11:42:36.0000003,4.7856708
2011-06-25 11:42:36.0000002,26.238827
2012-01-26 07:33:00.000000128,11.653277
2012-01-26 07:33:00.00000032,8.633696
2012-01-26 07:33:00.000000163,6.2406855
2012-01-26 07:33:00.000000155,7.285557
2012-01-26 07:33:00.000000153,8.64105
2012-01-26 07:33:00.00000049,5.5785666
2012-01-26 07:33:00.00000095,4.525111
2012-01-26 07:33:00.000000158,15.487871
2012-01-26 07:33:00.00000050,7.472901
2012-01-26 07:33:00.00000015,7.108922
2012-01-26 07:33:00.00000062,8.747651
2012-01-26 07:33:00.00000037,15.136856
2012-01-26 07:33:00.00000069,12.671083
2012-01-26 07:33:00.000000142,4.4812226
2012-01-26 07:33:00.000000150,4.937549
2012-01-26 07:33:00.000000147,7.822953
2012-01-26 07:33:00.000000125,7.1301656
2012-01-26 07:33:00.000000124,29.576765
2012-01-26 07:33:00.000000129,6.0362296
2012-01-26 07:33:00.00000033,10.381801
2012-01-26 07:33:00.0000004,32.765396
2012-01-26 07:33:00.00000029,8.722583
2012-01-26 07:33:00.000000113,5.576118
2012-01-26 07:33:00.00000017,10.688379
2012-01-26 07:33:00.00000067,9.278662
2012-01-26 07:33:00.000000141,30.483034
2012-01-26 07:33:00.00000036,11.663532
2012-01-26 07:33:00.000000162,18.43787
2012-01-26 07:33:00.000000118,10.238865
2012-01-26 07:33:00.000000154,25.8512
2012-01-26 07:33:00.000000143,8.981815
2012-01-26 07:33:00.00000083,8.1621065
2012-01-26 07:33:00.000000191,8.136278
2012-01-26 07:33:00.000000140,10.209473
2012-01-26 07:33:00.00000086,4.563429
2012-01-26 07:33:00.0000002,9.046948
2012-01-26 07:33:00.000000170,6.6115103
2012-01-26 07:33:00.00000010,6.3104596
2012-01-26 07:33:00.00000053,6.8698545
2012-01-26 07:33:00.000000102,11.5434265
2012-01-26 07:33:00.00000055,5.681526
2012-01-26 07:33:00.0000007,9.134785
2012-01-26 07:33:00.00000013,6.1474514
2012-01-26 07:33:00.000000165,31.570292
2012-01-26 07:33:00.00000026,4.18469
2012-01-26 07:33:00.000000137,5.740218
2012-01-26 07:33:00.00000048,9.884355
2012-01-26 07:33:00.00000059,8.638749
2012-01-26 07:33:00.000000132,8.302297
2012-01-26 07:33:00.00000096,11.3211
2012-01-26 07:33:00.000000190,4.050566
2012-01-26 07:33:00.000000156,8.038414
2012-01-26 07:33:00.00000075,8.417779
2012-01-26 07:33:00.00000084,6.321803
2012-01-26 07:33:00.0000006,4.6332884
2012-01-26 07:33:00.00000021,7.149968
2012-01-26 07:33:00.0000001,12.533442
2012-01-26 07:33:00.0000005,4.8060203
2012-01-26 07:33:00.00000034,6.013875
2012-01-26 07:33:00.000000117,4.244305
2012-01-26 07:33:00.000000106,10.41026
2012-01-26 07:33:00.00000077,8.00822
2012-01-26 07:33:00.00000045,5.160036
2012-01-26 07:33:00.000000116,10.867269
2012-01-26 07:33:00.0000009,24.113194
2012-01-26 07:33:00.000000146,4.935372
2012-01-26 07:33:00.00000027,22.934437
2012-01-26 07:33:00.000000127,7.0963883
2012-01-26 07:33:00.000000172,4.8692737
2012-01-26 07:33:00.00000074,4.2376842
2012-01-26 07:33:00.00000014,18.515125
2012-01-26 07:33:00.000000108,8.047737
2012-01-26 07:33:00.000000109,14.412134
2012-01-26 07:33:00.000000152,6.383542
2012-01-26 07:33:00.00000047,6.105257
2012-01-26 07:33:00.000000192,9.213665
2012-01-26 07:33:00.00000054,5.75361
2012-01-26 07:33:00.000000185,5.469288
2012-01-26 07:33:00.000000187,9.051647
2012-01-26 07:33:00.00000060,9.811724
2012-01-26 07:33:00.000000130,7.115494
2012-01-26 07:33:00.00000046,9.471171
2012-01-26 07:33:00.000000182,6.99763
2012-01-26 07:33:00.000000177,11.924398
2012-01-26 07:33:00.000000135,26.507906
2012-01-26 07:33:00.00000063,4.6262245
2012-01-26 07:33:00.00000079,6.53874
2012-01-26 07:33:00.000000169,8.6682
2012-01-26 07:33:00.00000094,9.428736
2012-01-26 07:33:00.000000176,10.828558
2012-01-26 07:33:00.00000061,4.314547
2012-01-26 07:33:00.000000188,4.782643
2012-01-26 07:33:00.000000174,12.974849
2012-01-26 07:33:00.000000126,7.10662
2012-01-26 07:33:00.000000139,31.08198
2012-01-26 07:33:00.000000184,5.172249
2012-01-26 07:33:00.000000107,4.234363
2012-01-26 07:33:00.00000038,5.321419
2012-01-26 07:33:00.000000134,4.271025
2012-01-26 07:33:00.00000058,21.065928
2012-01-26 07:33:00.00000078,4.5718713
2012-01-26 07:33:00.00000019,4.544001
2012-01-26 07:33:00.000000111,8.945665
2012-01-26 07:33:00.000000178,19.247509
2012-01-26 07:33:00.0000003,8.532439
2012-01-26 07:33:00.00000052,13.733143
2012-01-26 07:33:00.00000040,10.815597
2012-01-26 07:33:00.000000148,10.869124
2012-01-26 07:33:00.00000066,12.024265
2012-01-26 07:33:00.00000041,5.117468
2012-01-26 07:33:00.00000070,9.3871355
2012-01-26 07:33:00.000000157,31.747063
2012-01-26 07:33:00.000000179,7.8477473
2012-01-26 07:33:00.000000112,16.916069
2012-01-26 07:33:00.00000073,6.7694955
2012-01-26 07:33:00.000000138,17.487583
2012-01-26 07:33:00.00000092,10.618254
2012-01-26 07:33:00.000000164,17.302132
2012-01-26 07:33:00.000000123,8.692658
2012-01-26 07:33:00.00000043,5.127527
2012-01-26 07:33:00.00000093,5.3754983
2012-01-26 07:33:00.00000016,-2.6675
2012-01-26 07:33:00.000000144,7.8774014
2012-01-26 07:33:00.00000042,6.7803864
2012-01-26 07:33:00.00000011,9.489347
2012-01-26 07:33:00.00000035,10.882847
2012-01-26 07:33:00.00000098,7.1501064
2012-01-26 07:33:00.000000149,21.845192
2012-01-26 07:33:00.000000110,4.629251
2012-01-26 07:33:00.000000159,10.087565
2015-03-20 23:34:40.0000007,7.041747
2015-03-20 23:34:40.0000002,25.546074
2015-03-20 23:34:40.0000006,4.8774395
2013-12-14 03:20:48.0000001,31.464209
2013-12-14 03:20:48.0000002,4.678915
2014-04-14 07:03:52.0000001,8.5763645
2014-04-14 07:03:52.0000002,12.176566
2015-05-21 07:08:08.0000002,7.165135
2011-08-30 16:48:24.0000003,7.2382817
2011-08-30 16:48:24.0000002,10.742516
2011-08-30 16:48:24.0000001,7.622888
2010-12-09 07:29:00.000000189,4.8432193
2010-12-09 07:29:00.00000027,17.553938
2010-12-09 07:29:00.000000184,10.107436
2010-12-09 07:29:00.00000030,4.468842
2010-12-09 07:29:00.00000011,4.552663
2010-12-09 07:29:00.00000065,8.01088
2010-12-09 07:29:00.00000063,7.4518046
2010-12-09 07:29:00.000000133,14.885263
2010-12-09 07:29:00.00000054,7.1810126
2010-12-09 07:29:00.00000021,11.50393
2010-12-09 07:29:00.000000162,5.547304
2010-12-09 07:29:00.000000144,8.9938755
2010-12-09 07:29:00.000000116,9.425968
2010-12-09 07:29:00.000000142,4.87473
2010-12-09 07:29:00.000000113,10.752327
2010-12-09 07:29:00.000000105,10.024429
2010-12-09 07:29:00.00000047,5.2394676
2010-12-09 07:29:00.0000008,6.3966184
2010-12-09 07:29:00.00000099,4.168743
2010-12-09 07:29:00.00000048,5.578112
2010-12-09 07:29:00.00000076,12.222551
2010-12-09 07:29:00.000000174,15.8684635
2010-12-09 07:29:00.000000130,20.674702
2010-12-09 07:29:00.000000177,7.727641
2010-12-09 07:29:00.00000088,7.186359
2010-12-09 07:29:00.00000091,6.7847652
2010-12-09 07:29:00.00000072,4.1968546
2010-12-09 07:29:00.00000014,8.011612
2010-12-09 07:29:00.000000157,6.7975516
2010-12-09 07:29:00.000000109,7.874962
2010-12-09 07:29:00.00000016,7.129261
2010-12-09 07:29:00.00000023,6.2056117
2010-12-09 07:29:00.000000118,7.136178
2010-12-09 07:29:00.00000017,6.5656767
2010-12-09 07:29:00.00000032,9.717296
2010-12-09 07:29:00.000000188,9.598827
2010-12-09 07:29:00.00000040,5.942616
2010-12-09 07:29:00.00000037,9.015645
2010-12-09 07:29:00.000000128,8.058607
2010-12-09 07:29:00.00000057,6.80774
2010-12-09 07:29:00.000000125,9.060488
2010-12-09 07:29:00.000000159,6.989976
2010-12-09 07:29:00.00000018,5.725228
2010-12-09 07:29:00.000000107,5.6379137
2010-12-09 07:29:00.00000051,17.2793
2010-12-09 07:29:00.00000042,7.7698565
2010-12-09 07:29:00.00000059,7.4048624
2010-12-09 07:29:00.00000075,5.460531
2010-12-09 07:29:00.00000035,7.4596224
2010-12-09 07:29:00.00000029,6.6393127
2010-12-09 07:29:00.00000045,7.741065
2010-12-09 07:29:00.00000055,5.940753
2010-12-09 07:29:00.000000140,8.789159
2010-12-09 07:29:00.00000060,9.414607
2010-12-09 07:29:00.000000185,11.680647
2010-12-09 07:29:00.000000120,4.967815
2010-12-09 07:29:00.000000104,6.697302
2010-12-09 07:29:00.000000191,4.9382563
2010-12-09 07:29:00.000000106,5.121272
2010-12-09 07:29:00.00000039,5.7024984
2010-12-09 07:29:00.000000132,4.295607
2010-12-09 07:29:00.00000019,7.0564485
2010-12-09 07:29:00.000000166,4.131274
2010-12-09 07:29:00.000000111,6.5245533
2010-12-09 07:29:00.00000013,5.4846425
2010-12-09 07:29:00.000000138,5.5913
2010-12-09 07:29:00.00000085,31.55972
2010-12-09 07:29:00.000000169,5.993497
2010-12-09 07:29:00.000000153,11.241186
2010-12-09 07:29:00.00000033,46.561893
2010-12-09 07:29:00.000000173,9.354852
2010-12-09 07:29:00.00000077,5.7243176
2010-12-09 07:29:00.000000190,4.407935
2010-12-09 07:29:00.000000137,4.7878084
2010-12-09 07:29:00.0000009,7.867786
2010-12-09 07:29:00.000000155,8.079173
2010-12-09 07:29:00.0000004,16.470137
2010-12-09 07:29:00.000000119,5.5164914
2010-12-09 07:29:00.000000100,7.069413
2010-12-09 07:29:00.00000024,5.4560714
2010-12-09 07:29:00.00000096,12.816584
2010-12-09 07:29:00.000000170,7.932217
2010-12-09 07:29:00.000000131,6.3860445
2010-12-09 07:29:00.00000022,11.348231
2010-12-09 07:29:00.00000053,6.3445563
2010-12-09 07:29:00.000000165,61.668976
2010-12-09 07:29:00.000000114,8.445714
2010-12-09 07:29:00.00000074,9.327335
2010-12-09 07:29:00.00000070,6.685499
2010-12-09 07:29:00.000000167,4.178
2010-12-09 07:29:00.000000110,5.9857817
2010-12-09 07:29:00.00000020,12.418893
2010-12-09 07:29:00.000000147,7.589379
2010-12-09 07:29:00.000000178,29.084843
2010-12-09 07:29:00.000000146,6.8947387
2010-12-09 07:29:00.000000103,7.987062
2010-12-09 07:29:00.000000149,9.197724
2010-12-09 07:29:00.000000182,10.228605
2010-12-09 07:29:00.000000124,7.6617165
2010-12-09 07:29:00.000000154,10.857872
2010-12-09 07:29:00.000000117,6.904619
2010-12-09 07:29:00.00000034,9.321152
2010-12-09 07:29:00.00000084,9.389606
2010-12-09 07:29:00.00000064,6.3112335
2010-12-09 07:29:00.000000126,14.581648
2010-12-09 07:29:00.00000082,8.0735855
2010-12-09 07:29:00.00000092,10.608401
2010-12-09 07:29:00.00000087,5.662476
2010-12-09 07:29:00.00000095,20.412094
2010-12-09 07:29:00.000000101,9.446428
2010-12-09 07:29:00.000000122,7.090258
2010-12-09 07:29:00.000000160,6.8793025
2010-12-09 07:29:00.000000175,7.77328
2010-12-09 07:29:00.00000043,7.807622
2010-12-09 07:29:00.00000061,11.340463
2010-12-09 07:29:00.000000179,4.4722867
2010-12-09 07:29:00.00000049,7.553395
2010-12-09 07:29:00.000000172,41.77139
2010-12-09 07:29:00.000000192,7.65204
2010-12-09 07:29:00.000000194,5.992085
2010-12-09 07:29:00.00000052,9.314176
2010-12-09 07:29:00.00000058,5.838702
2010-12-09 07:29:00.00000010,6.957268
2010-12-09 07:29:00.000000108,5.7346797
2010-12-09 07:29:00.000000129,8.97491
2010-12-09 07:29:00.000000163,7.576385
2010-12-09 07:29:00.000000161,8.699056
2010-12-09 07:29:00.000000187,5.4095592
2010-12-09 07:29:00.000000158,7.1021976
2010-12-09 07:29:00.000000121,9.750156
2010-12-09 07:29:00.000000176,5.164463
2011-09-25 13:01:20.0000005,8.119714
2011-09-25 13:01:20.0000001,7.576387
2011-09-25 13:01:20.0000004,8.458678
2011-09-25 13:01:20.0000006,13.182112
2011-09-25 13:01:20.0000003,5.266698
2012-09-08 04:35:16.0000001,25.032734
2012-05-08 03:50:00.00000011,21.153725
2012-05-08 03:50:00.0000002,5.0581684
2012-05-08 03:50:00.0000008,17.523298
2012-05-08 03:50:00.0000007,7.852687
2012-05-08 03:50:00.00000015,15.377073
2012-05-08 03:50:00.00000016,7.217305
2012-05-08 03:50:00.0000003,6.3143415
2012-05-08 03:50:00.00000014,4.6115894
2012-05-08 03:50:00.0000004,14.438737
2010-10-06 21:23:24.0000003,5.668555
2010-10-06 21:23:24.0000001,7.015541
2010-10-06 21:23:24.0000005,11.595656
2010-10-06 21:23:24.0000002,4.7905984
2010-10-06 21:23:24.0000004,6.4923406
2014-05-17 02:47:12.0000002,12.477367
2009-07-31 07:30:56.0000002,4.3758273
2009-07-31 07:30:56.0000001,7.7055173
2012-03-06 07:33:04.0000002,8.327182
2009-01-29 22:15:48.0000001,10.150579
2013-03-17 12:44:04.0000001,6.660296
2014-06-18 09:23:32.0000001,18.595282
2011-09-21 13:15:36.0000004,7.8448796
2011-09-21 13:15:36.0000003,7.4583116
2011-09-21 13:15:36.0000001,8.309712
2011-09-21 13:15:36.0000002,48.433308
2015-03-12 19:43:24.0000001,21.20235
2015-03-12 19:43:24.0000002,41.391407
2015-03-12 19:43:24.0000007,9.076257
2015-03-12 19:43:24.0000004,16.021872
2014-01-18 17:43:28.0000005,7.5269933
2014-01-18 17:43:28.0000003,5.750817
2014-01-18 17:43:28.0000002,15.170697
2014-01-18 17:43:28.0000004,13.187656
2011-04-05 01:15:44.0000001,9.976634
2011-04-05 01:15:44.0000002,10.256052
2011-09-04 01:36:36.0000002,16.007133
2010-08-09 08:53:56.0000004,9.814188
2010-08-09 08:53:56.0000006,8.107975
2010-08-09 08:53:56.0000002,11.037942
2010-08-09 08:53:56.0000003,15.67676
2010-08-09 08:53:56.0000005,8.922355
2010-03-27 07:05:08.0000001,4.583425
2011-11-16 12:52:52.0000002,7.604884
2011-11-16 12:52:52.0000003,6.0572276
2011-11-16 12:52:52.0000001,47.37333
2009-10-29 10:48:40.0000002,8.164763
2009-10-29 10:48:40.0000001,11.337324
2015-02-01 00:48:44.0000009,20.517023
2015-02-01 00:48:44.0000004,10.850161
2015-02-01 00:48:44.0000008,8.630289
2015-02-01 00:48:44.0000006,9.435805
2015-02-01 00:48:44.0000007,14.379818
2014-04-03 02:31:08.0000001,7.4364486
2010-07-04 03:28:44.0000001,17.31955
2009-03-31 23:01:36.0000002,7.8764644
2009-03-31 23:01:36.0000001,22.12578
2009-03-31 23:01:36.0000003,12.611172
2012-02-02 00:49:56.0000002,5.6689167
2012-02-02 00:49:56.0000001,17.733091
2012-02-02 00:49:56.0000003,16.480467
2012-02-02 00:49:56.0000004,13.064942
2014-01-26 15:28:52.0000003,8.264115
2012-02-14 15:32:40.0000002,4.9551425
2012-02-14 15:32:40.0000004,6.413621
2012-02-14 15:32:40.0000001,8.508558
2012-02-14 15:32:40.0000003,8.62662
2011-12-06 11:07:40.0000001,17.578926
2011-12-06 11:07:40.0000005,6.8763156
2011-07-12 19:41:48.0000002,13.838347
2011-07-12 19:41:48.0000003,10.8303585
2011-07-12 19:41:48.0000004,7.707001
2010-09-16 14:27:16.0000001,8.524554
2010-09-16 14:27:16.0000003,10.637426
2010-09-16 14:27:16.0000004,10.756975
2010-09-16 14:27:16.0000005,10.99467
2014-06-11 01:13:40.0000001,11.13915
2013-05-18 15:28:40.0000003,9.093292
2013-05-18 15:28:40.0000002,9.34725
2015-02-14 20:20:56.0000001,8.767571
2015-02-14 20:20:56.0000002,7.7287703
2015-02-14 20:20:56.0000004,5.6716127
2009-01-22 12:27:20.0000003,6.6550155
2011-04-23 21:22:20.0000001,4.8696966
2013-09-01 17:57:04.0000002,4.829363
2013-09-01 17:57:04.0000003,7.073712
2013-04-22 13:19:16.0000001,20.941235
2013-04-22 13:19:16.0000002,11.376902
2013-04-22 13:19:16.0000003,7.0706906
2015-02-21 18:39:16.0000002,5.5329347
2009-04-23 00:05:40.0000001,27.612206
2009-04-23 00:05:40.0000003,7.142269
2012-05-28 05:48:40.0000001,29.302729
2010-01-03 20:04:52.0000001,17.278175
2013-03-09 21:40:52.0000003,12.743415
2013-03-09 21:40:52.0000002,7.4593
2011-04-21 08:22:32.0000001,4.356111
2011-02-20 09:22:16.0000002,29.78779
2011-02-20 09:22:16.0000001,6.8516192
2010-07-22 09:37:12.0000003,7.4504523
2010-07-22 09:37:12.0000004,6.701009
2010-07-22 09:37:12.0000001,10.194456
2011-01-24 20:47:04.0000002,8.881459
2013-07-22 15:05:16.0000004,11.708558
2013-07-22 15:05:16.0000001,4.710507
2013-07-22 15:05:16.0000002,22.628828
2013-07-22 15:05:16.0000003,5.8864074
2013-01-23 16:22:04.0000003,12.68972
2013-01-23 16:22:04.0000002,9.578162
2013-01-23 16:22:04.0000001,9.365076
2013-01-06 12:46:36.0000001,3.8396366
2013-01-06 12:46:36.0000002,6.1710052
2012-02-13 04:52:32.0000001,46.835045
2013-02-07 08:34:24.0000001,10.344317
2013-02-07 08:34:24.0000003,10.547314
2013-02-07 08:34:24.0000004,8.612752
2013-02-07 08:34:24.0000002,14.127715
2015-02-21 17:23:28.0000005,14.565778
2015-02-21 17:23:28.0000003,8.398128
2015-02-21 17:23:28.0000002,9.211365
2015-02-21 17:23:28.0000001,8.502544
2015-02-21 17:23:28.0000006,4.692429
2013-06-19 13:36:52.0000004,8.780501
2013-06-19 13:36:52.0000001,9.316457
2013-06-19 13:36:52.0000002,10.368597
2013-06-19 13:36:52.0000005,41.935944
2013-06-19 13:36:52.0000003,20.787601
2015-06-26 16:04:04.0000002,5.4595666
2015-06-26 16:04:04.0000001,4.696043
2010-06-05 07:08:36.0000001,6.95804
2011-10-28 13:48:16.0000002,9.926777
2011-10-28 13:48:16.0000001,7.3465962
2011-10-28 13:48:16.0000003,6.056355
2012-09-29 02:53:20.0000001,10.521313
2011-08-06 12:59:12.0000001,14.351879
2012-11-19 22:15:32.0000002,26.179125
2013-11-29 20:09:12.0000002,8.900199
2012-05-31 17:54:48.0000003,11.581862
2012-05-31 17:54:48.0000002,8.895428
2012-05-31 17:54:48.0000001,4.929874
2012-05-31 17:54:48.0000004,7.0839376
2012-04-20 08:03:52.0000001,12.137958
2012-04-20 08:03:52.0000002,8.587237
2012-04-20 08:03:52.0000003,8.320871
2009-01-26 18:26:48.0000001,7.710302
2009-01-26 18:26:48.0000003,5.843667
2009-01-26 18:26:48.0000004,10.592035
2009-01-26 18:26:48.0000002,8.564154
2011-10-20 00:50:48.0000003,14.555335
2011-10-20 00:50:48.0000002,5.0379443
2011-10-20 00:50:48.0000001,4.991528
2011-06-03 11:45:16.0000002,10.425231
2011-06-03 11:45:16.0000004,8.992188
2011-06-03 11:45:16.0000005,5.726558
2011-06-03 11:45:16.0000001,4.1968613
2011-06-03 11:45:16.0000003,5.573122
2011-10-25 20:34:20.0000001,7.3987474
2012-07-05 18:30:36.0000005,9.981308
2012-07-05 18:30:36.0000006,7.5364885
2012-07-05 18:30:36.0000003,4.9169593
2012-07-05 18:30:36.0000001,10.035389
2012-07-05 18:30:36.0000007,7.517438
2012-07-05 18:30:36.0000002,6.6662717
2015-04-07 14:31:12.0000002,8.725243
2015-04-07 14:31:12.0000003,6.176992
2013-08-28 00:27:36.0000002,10.706864
2013-08-28 00:27:36.0000001,7.3534765
2012-11-20 21:54:00.00000037,6.994909
2012-11-20 21:54:00.00000081,12.5356455
2012-11-20 21:54:00.000000210,9.78976
2012-11-20 21:54:00.00000050,5.174095
2012-11-20 21:54:00.000000175,53.662476
2012-11-20 21:54:00.000000208,6.332438
2012-11-20 21:54:00.000000198,6.3646
2012-11-20 21:54:00.000000185,7.8868966
2012-11-20 21:54:00.00000028,11.597141
2012-11-20 21:54:00.000000134,7.672205
2012-11-20 21:54:00.00000091,5.1883554
2012-11-20 21:54:00.00000033,4.61897
2012-11-20 21:54:00.00000082,7.3327723
2012-11-20 21:54:00.000000142,26.375032
2012-11-20 21:54:00.000000180,28.339815
2012-11-20 21:54:00.00000093,16.092451
2012-11-20 21:54:00.000000159,5.061559
2012-11-20 21:54:00.000000165,7.3711
2012-11-20 21:54:00.000000235,7.0398016
2012-11-20 21:54:00.00000089,5.179845
2012-11-20 21:54:00.000000168,18.059258
2012-11-20 21:54:00.000000224,6.305328
2012-11-20 21:54:00.000000158,6.7602577
2012-11-20 21:54:00.000000212,55.328785
2012-11-20 21:54:00.000000147,35.21763
2012-11-20 21:54:00.000000140,13.631035
2012-11-20 21:54:00.00000018,17.607397
2012-11-20 21:54:00.000000124,5.531734
2012-11-20 21:54:00.000000181,7.1282434
2012-11-20 21:54:00.000000187,12.369789
2012-11-20 21:54:00.00000058,20.94287
2012-11-20 21:54:00.000000151,19.817478
2012-11-20 21:54:00.000000126,7.463419
2012-11-20 21:54:00.00000099,12.805033
2012-11-20 21:54:00.000000120,9.355572
2012-11-20 21:54:00.0000009,5.302294
2012-11-20 21:54:00.000000206,7.3953733
2012-11-20 21:54:00.00000079,6.127205
2012-11-20 21:54:00.000000237,14.525132
2012-11-20 21:54:00.000000143,14.2953415
2012-11-20 21:54:00.000000111,7.09823
2012-11-20 21:54:00.000000106,10.73141
2012-11-20 21:54:00.000000245,5.6783695
2012-11-20 21:54:00.00000032,12.566209
2012-11-20 21:54:00.00000075,7.958138
2012-11-20 21:54:00.000000244,25.806578
2012-11-20 21:54:00.00000094,4.547745
2012-11-20 21:54:00.000000118,36.502922
2012-11-20 21:54:00.000000188,9.354918
2012-11-20 21:54:00.00000051,19.333958
2012-11-20 21:54:00.000000109,11.816529
2012-11-20 21:54:00.0000003,7.090985
2012-11-20 21:54:00.000000114,25.04445
2012-11-20 21:54:00.00000013,5.7334204
2012-11-20 21:54:00.000000192,6.3502192
2012-11-20 21:54:00.000000228,4.7477527
2012-11-20 21:54:00.000000236,10.2716055
2012-11-20 21:54:00.000000178,13.672858
2012-11-20 21:54:00.00000027,11.815531
2012-11-20 21:54:00.000000176,5.4721975
2012-11-20 21:54:00.0000008,7.2114997
2012-11-20 21:54:00.00000061,21.208513
2012-11-20 21:54:00.00000011,14.619159
2012-11-20 21:54:00.00000096,7.7917953
2012-11-20 21:54:00.000000231,7.8595605
2012-11-20 21:54:00.000000190,13.036801
2012-11-20 21:54:00.000000166,48.08844
2012-11-20 21:54:00.00000022,5.6579776
2012-11-20 21:54:00.000000234,15.1430025
2012-11-20 21:54:00.00000035,7.6658416
2012-11-20 21:54:00.00000041,14.61069
2012-11-20 21:54:00.000000113,8.707367
2012-11-20 21:54:00.00000045,12.2875185
2012-11-20 21:54:00.000000157,13.611713
2012-11-20 21:54:00.000000163,17.593353
2012-11-20 21:54:00.000000193,13.367319
2012-11-20 21:54:00.00000063,6.682685
2012-11-20 21:54:00.000000183,6.033287
2012-11-20 21:54:00.000000182,16.884684
2012-11-20 21:54:00.000000117,10.796659
2012-11-20 21:54:00.000000156,17.83251
2012-11-20 21:54:00.000000220,8.336599
2012-11-20 21:54:00.000000227,7.565869
2012-11-20 21:54:00.000000194,13.458025
2012-11-20 21:54:00.000000201,8.766102
2012-11-20 21:54:00.000000115,44.76712
2012-11-20 21:54:00.000000217,9.895109
2012-11-20 21:54:00.00000017,13.484466
2012-11-20 21:54:00.000000139,5.9212465
2012-11-20 21:54:00.00000038,11.227829
2012-11-20 21:54:00.000000107,5.6366453
2012-11-20 21:54:00.000000218,17.356157
2012-11-20 21:54:00.000000214,21.002434
2012-11-20 21:54:00.000000213,12.678227
2012-11-20 21:54:00.000000215,32.90197
2012-11-20 21:54:00.000000112,9.401985
2012-11-20 21:54:00.00000067,18.681871
2012-11-20 21:54:00.00000044,14.622801
2012-11-20 21:54:00.00000029,8.870632
2012-11-20 21:54:00.000000119,15.054888
2012-11-20 21:54:00.000000203,7.0954924
2012-11-20 21:54:00.000000239,5.96973
2012-11-20 21:54:00.000000125,15.225162
2012-11-20 21:54:00.00000064,8.817702
2012-11-20 21:54:00.000000153,8.105743
2012-11-20 21:54:00.00000054,8.361732
2012-11-20 21:54:00.000000177,12.163457
2012-11-20 21:54:00.000000243,12.298358
2012-11-20 21:54:00.000000128,5.480795
2012-11-20 21:54:00.00000095,8.486115
2012-11-20 21:54:00.00000088,10.113864
2012-11-20 21:54:00.000000200,6.4413137
2012-11-20 21:54:00.00000053,6.0319953
2012-11-20 21:54:00.000000199,5.5081615
2012-11-20 21:54:00.000000191,13.509298
2012-11-20 21:54:00.00000057,7.389508
2012-11-20 21:54:00.000000145,9.871315
2012-11-20 21:54:00.00000072,9.937776
2012-11-20 21:54:00.0000001,6.4845176
2012-11-20 21:54:00.000000241,6.164792
2012-11-20 21:54:00.000000230,9.937308
2012-11-20 21:54:00.000000146,27.702421
2012-11-20 21:54:00.000000155,9.884136
2012-11-20 21:54:00.00000046,9.075175
2012-11-20 21:54:00.000000242,27.776075
2012-11-20 21:54:00.00000060,9.471335
2012-11-20 21:54:00.000000116,8.503821
2012-11-20 21:54:00.00000059,11.686785
2012-11-20 21:54:00.000000232,6.2759995
2012-11-20 21:54:00.000000162,9.415614
2012-11-20 21:54:00.00000070,10.157503
2012-11-20 21:54:00.00000052,26.955065
2012-11-20 21:54:00.000000129,25.449478
2012-11-20 21:54:00.000000136,14.477742
2012-11-20 21:54:00.000000226,11.552469
2012-11-20 21:54:00.000000240,12.93324
2012-11-20 21:54:00.000000141,8.641803
2012-11-20 21:54:00.000000204,14.99243
2012-11-20 21:54:00.000000137,5.1944056
2011-02-22 14:18:40.0000001,9.424343
2014-06-23 00:16:00.00000066,32.181095
2014-06-23 00:16:00.00000039,8.241082
2014-06-23 00:16:00.00000076,8.174834
2014-06-23 00:16:00.00000030,36.99527
2014-06-23 00:16:00.00000070,14.162093
2014-06-23 00:16:00.00000065,9.055269
2014-06-23 00:16:00.00000056,23.178238
2014-06-23 00:16:00.00000038,5.884439
2014-06-23 00:16:00.00000071,24.848192
2014-06-23 00:16:00.00000013,9.787127
2014-06-23 00:16:00.00000073,8.529393
2014-06-23 00:16:00.0000001,13.932583
2014-06-23 00:16:00.00000026,12.188307
2014-06-23 00:16:00.00000090,9.916477
2014-06-23 00:16:00.00000092,22.076015
2014-06-23 00:16:00.00000044,9.200999
2014-06-23 00:16:00.00000064,10.242212
2014-06-23 00:16:00.00000068,24.664648
2014-06-23 00:16:00.00000033,8.86224
2014-06-23 00:16:00.00000089,38.37531
2014-06-23 00:16:00.0000004,6.8614016
2014-06-23 00:16:00.00000062,16.604538
2014-06-23 00:16:00.00000019,8.487287
2014-06-23 00:16:00.00000041,9.534192
2014-06-23 00:16:00.00000024,15.686084
2014-06-23 00:16:00.00000074,18.293741
2014-06-23 00:16:00.00000018,14.126202
2014-06-23 00:16:00.00000043,4.6056447
2014-06-23 00:16:00.00000022,5.956992
2014-06-23 00:16:00.00000088,10.189684
2014-06-23 00:16:00.00000057,4.468563
2014-06-23 00:16:00.00000087,7.922257
2014-06-23 00:16:00.00000016,23.672731
2014-06-23 00:16:00.00000078,9.391659
2014-06-23 00:16:00.00000040,8.826407
2014-06-23 00:16:00.00000077,7.2744412
2014-06-23 00:16:00.00000015,12.894939
2014-06-23 00:16:00.00000047,6.773466
2014-06-23 00:16:00.0000005,4.1790295
2014-06-23 00:16:00.00000034,55.945667
2014-06-23 00:16:00.00000028,8.464678
2014-06-23 00:16:00.00000081,19.1971
2014-06-23 00:16:00.00000067,11.416609
2014-06-23 00:16:00.00000085,6.488232
2014-06-23 00:16:00.00000082,7.7260895
2014-06-23 00:16:00.00000063,18.633287
2014-06-23 00:16:00.00000079,7.3317633
2014-06-23 00:16:00.00000061,6.684891
2014-06-23 00:16:00.00000037,17.51848
2014-06-23 00:16:00.00000036,4.628213
2014-06-23 00:16:00.00000049,17.002596
2014-06-23 00:16:00.00000025,47.010166
2014-06-23 00:16:00.0000009,8.368781
2014-06-23 00:16:00.00000069,13.9665365
2011-11-24 02:36:48.0000003,11.12058
2011-11-24 02:36:48.0000002,4.9460316
2011-11-24 02:36:48.0000001,12.354337
2013-06-05 01:34:56.0000001,11.999399
2013-03-18 12:51:12.0000001,11.218012
2013-03-18 12:51:12.0000003,4.3344955
2013-03-18 12:51:12.0000002,16.00989
2014-12-14 09:04:36.0000001,8.669432
2014-12-14 09:04:36.0000003,6.989138
2014-12-14 09:04:36.0000002,7.726643
2012-05-31 13:14:12.0000004,9.446367
2012-05-31 13:14:12.0000001,14.108027
2012-05-31 13:14:12.0000002,8.698872
2012-05-31 13:14:12.0000003,5.387078
2011-01-16 18:57:12.0000001,6.5229983
2011-01-16 18:57:12.0000002,4.6556883
2009-04-25 10:52:56.0000004,9.498154
2009-04-25 10:52:56.0000002,11.865112
2009-04-25 10:52:56.0000005,7.963751
2009-04-20 11:11:40.0000001,5.710418
2012-07-20 06:53:32.0000001,3.2927666
2009-10-22 21:57:36.0000005,13.507791
2009-10-22 21:57:36.0000002,17.020618
2009-10-22 21:57:36.0000004,5.9070077
2009-10-22 21:57:36.0000003,4.4323635
2009-03-16 10:30:12.0000001,12.779434
2009-07-14 12:12:36.0000004,6.7776484
2009-07-14 12:12:36.0000001,8.504256
2009-07-14 12:12:36.0000003,10.103225
2009-07-14 12:12:36.0000007,10.52936
2009-07-14 12:12:36.0000002,14.38434
2009-07-14 12:12:36.0000005,9.667065
2009-07-14 12:12:36.0000008,8.946076
2009-07-14 12:12:36.0000006,6.7394247
2014-11-12 09:06:32.0000004,7.0800505
2014-11-12 09:06:32.0000001,6.817358
2014-11-12 09:06:32.0000003,6.501759
2014-11-12 09:06:32.0000005,23.08582
2014-11-12 09:06:32.0000002,7.9377613
2011-04-10 11:57:12.0000002,9.000661
2011-04-10 11:57:12.0000003,7.770375
2011-04-10 11:57:12.0000004,5.1922855
2011-04-10 11:57:12.0000001,6.4287796
2011-09-20 11:58:52.0000003,5.5920634
2011-09-20 11:58:52.0000001,12.379545
2011-09-20 11:58:52.0000002,14.279173
2010-09-24 17:16:16.0000001,8.795565
2010-02-12 13:51:28.0000004,7.0176487
2010-02-12 13:51:28.0000005,8.950298
2010-02-12 13:51:28.0000001,6.993691
2010-02-12 13:51:28.0000003,6.623548
2010-02-12 13:51:28.0000002,11.675793
2011-01-03 21:51:28.0000002,7.3608413
2011-01-03 21:51:28.0000001,3.4134707
2011-07-26 13:10:56.0000003,4.7750764
2011-07-26 13:10:56.0000002,8.088459
2011-07-26 13:10:56.0000001,7.565659
2011-08-18 13:00:16.0000003,10.539428
2011-08-18 13:00:16.0000002,7.1399155
2013-06-20 19:49:52.0000004,7.114291
2013-06-20 19:49:52.0000001,7.092195
2013-06-20 19:49:52.0000005,5.0892644
2013-06-20 19:49:52.0000002,25.496912
2013-06-20 19:49:52.0000003,10.748645
2013-09-25 22:00:00.00000079,11.840995
2013-09-25 22:00:00.00000025,11.503159
2013-09-25 22:00:00.000000225,8.767195
2013-09-25 22:00:00.000000204,12.142389
2013-09-25 22:00:00.00000053,27.981516
2013-09-25 22:00:00.000000111,12.865773
2013-09-25 22:00:00.00000014,7.8856297
2013-09-25 22:00:00.000000172,56.18
2013-09-25 22:00:00.000000154,5.1090837
2013-09-25 22:00:00.000000133,4.2404723
2013-09-25 22:00:00.000000160,9.786681
2013-09-25 22:00:00.000000119,6.1041636
2013-09-25 22:00:00.000000223,5.008397
2013-09-25 22:00:00.0000008,7.7017374
2013-09-25 22:00:00.000000103,9.495824
2013-09-25 22:00:00.000000178,6.188996
2013-09-25 22:00:00.00000023,6.203686
2013-09-25 22:00:00.00000022,6.375702
2013-09-25 22:00:00.00000076,6.2680163
2013-09-25 22:00:00.00000020,7.1322384
2013-09-25 22:00:00.000000142,12.742591
2013-09-25 22:00:00.00000059,7.744876
2013-09-25 22:00:00.000000110,6.3192515
2013-09-25 22:00:00.000000205,10.526166
2013-09-25 22:00:00.000000182,10.2424755
2013-09-25 22:00:00.00000081,9.029832
2013-09-25 22:00:00.000000230,23.3651
2013-09-25 22:00:00.000000164,11.520205
2013-09-25 22:00:00.00000090,10.706725
2013-09-25 22:00:00.000000106,9.075736
2013-09-25 22:00:00.00000078,7.3581085
2013-09-25 22:00:00.0000001,47.930893
2013-09-25 22:00:00.000000126,11.3702965
2013-09-25 22:00:00.000000156,7.6155486
2013-09-25 22:00:00.000000137,11.10821
2013-09-25 22:00:00.00000039,7.900914
2013-09-25 22:00:00.00000017,18.66754
2013-09-25 22:00:00.00000054,10.495757
2013-09-25 22:00:00.000000135,18.629831
2013-09-25 22:00:00.000000112,20.142992
2013-09-25 22:00:00.000000148,6.852469
2013-09-25 22:00:00.000000143,34.213467
2013-09-25 22:00:00.00000043,6.1748633
2013-09-25 22:00:00.000000203,5.9070983
2013-09-25 22:00:00.00000040,7.9700875
2013-09-25 22:00:00.00000035,10.803952
2013-09-25 22:00:00.000000117,16.174208
2013-09-25 22:00:00.000000244,7.319234
2013-09-25 22:00:00.0000002,16.966368
2013-09-25 22:00:00.000000246,55.46347
2013-09-25 22:00:00.00000091,18.836956
2013-09-25 22:00:00.000000235,6.548203
2013-09-25 22:00:00.000000237,31.958088
2013-09-25 22:00:00.000000185,6.275091
2013-09-25 22:00:00.000000233,8.303478
2013-09-25 22:00:00.00000075,8.052593
2013-09-25 22:00:00.00000026,11.972634
2013-09-25 22:00:00.00000061,8.869059
2013-09-25 22:00:00.000000179,15.381721
2013-09-25 22:00:00.000000120,9.002721
2013-09-25 22:00:00.000000165,21.485058
2013-09-25 22:00:00.000000224,14.745752
2013-09-25 22:00:00.000000192,23.646517
2013-09-25 22:00:00.00000084,12.785347
2013-09-25 22:00:00.000000169,5.6354265
2013-09-25 22:00:00.000000175,27.084787
2013-09-25 22:00:00.000000132,6.6567545
2013-09-25 22:00:00.00000048,18.759008
2013-09-25 22:00:00.000000229,7.334904
2013-09-25 22:00:00.00000036,17.635405
2013-09-25 22:00:00.000000177,8.732816
2013-09-25 22:00:00.000000217,7.328738
2013-09-25 22:00:00.000000183,11.524689
2013-09-25 22:00:00.000000107,14.540261
2013-09-25 22:00:00.00000058,13.223349
2013-09-25 22:00:00.00000073,7.068962
2013-09-25 22:00:00.000000245,6.5891128
2013-09-25 22:00:00.000000157,15.277923
2013-09-25 22:00:00.000000227,25.685131
2013-09-25 22:00:00.00000064,14.225321
2013-09-25 22:00:00.00000024,50.913166
2013-09-25 22:00:00.000000221,8.233088
2013-09-25 22:00:00.000000139,32.15813
2013-09-25 22:00:00.00000028,6.631882
2013-09-25 22:00:00.00000057,7.227429
2013-09-25 22:00:00.000000222,11.034682
2013-09-25 22:00:00.000000215,21.774538
2013-09-25 22:00:00.00000094,18.638554
2013-09-25 22:00:00.000000214,10.179182
2013-09-25 22:00:00.000000101,7.0019674
2013-09-25 22:00:00.00000055,7.470298
2013-09-25 22:00:00.00000049,22.82546
2013-09-25 22:00:00.000000216,15.371632
2013-09-25 22:00:00.000000123,9.254008
2013-09-25 22:00:00.000000136,6.369536
2013-09-25 22:00:00.000000211,16.860445
2013-09-25 22:00:00.000000145,6.159595
2013-09-25 22:00:00.000000250,37.96884
2013-09-25 22:00:00.000000188,9.763892
2013-09-25 22:00:00.000000202,5.275531
2013-09-25 22:00:00.000000242,10.973503
2013-09-25 22:00:00.000000140,8.988837
2013-09-25 22:00:00.000000171,9.515368
2013-09-25 22:00:00.00000099,5.036002
2013-09-25 22:00:00.000000187,8.960267
2013-09-25 22:00:00.000000161,9.990467
2013-09-25 22:00:00.000000189,9.534992
2013-09-25 22:00:00.0000003,10.450602
2013-09-25 22:00:00.000000249,7.105026
2013-09-25 22:00:00.000000195,5.744657
2013-09-25 22:00:00.00000072,10.792559
2013-09-25 22:00:00.00000012,10.069674
2013-09-25 22:00:00.000000149,8.715797
2013-09-25 22:00:00.000000197,10.475243
2013-09-25 22:00:00.00000038,56.06285
2013-09-25 22:00:00.0000009,19.343832
2013-09-25 22:00:00.00000089,16.222689
2013-09-25 22:00:00.000000199,27.401339
2013-09-25 22:00:00.000000219,5.6080804
2013-09-25 22:00:00.000000159,11.655727
2013-09-25 22:00:00.000000173,10.899387
2013-09-25 22:00:00.000000209,18.84722
2013-09-25 22:00:00.000000196,8.7178335
2013-09-25 22:00:00.00000093,6.2453732
2013-09-25 22:00:00.000000155,18.607964
2013-09-25 22:00:00.000000121,8.729133
2013-09-25 22:00:00.000000134,12.951517
2013-09-25 22:00:00.000000228,7.72709
2013-09-25 22:00:00.00000092,13.325012
2013-09-25 22:00:00.00000030,5.4638405
2013-09-25 22:00:00.00000062,12.304458
2013-09-25 22:00:00.0000005,9.185218
2013-09-25 22:00:00.00000097,35.53855
2013-09-25 22:00:00.00000019,16.228994
2013-09-25 22:00:00.000000180,8.12584
2013-09-25 22:00:00.000000200,15.64201
2013-09-25 22:00:00.000000186,9.508128
2013-09-25 22:00:00.000000176,6.909686
2013-09-25 22:00:00.00000082,7.7953362
2013-09-25 22:00:00.00000098,8.238772
2013-09-25 22:00:00.00000085,8.945333
2013-09-25 22:00:00.0000004,5.954512
2013-09-25 22:00:00.00000032,16.636557
2013-09-25 22:00:00.00000070,8.212189
2013-09-25 22:00:00.00000074,10.765903
2013-09-25 22:00:00.000000118,10.541836
2013-09-25 22:00:00.0000007,7.673962
2013-09-25 22:00:00.00000050,12.631315
2013-09-25 22:00:00.00000044,5.4707446
2013-09-25 22:00:00.00000095,6.2330647
2009-01-15 02:42:48.0000001,4.781617
2011-07-06 18:07:44.0000001,9.128209
2011-07-06 18:07:44.0000003,5.527438
2011-07-06 18:07:44.0000005,6.482426
2011-09-08 01:28:24.0000001,30.984867
2014-07-11 12:36:08.0000002,6.60584
2010-11-04 05:01:44.0000001,3.770236
2009-10-04 10:04:12.0000001,6.673329
2009-10-04 10:04:12.0000003,4.662826
2009-10-04 10:04:12.0000002,4.4834256
2009-10-04 10:04:12.0000004,3.5978281
2013-02-28 12:52:44.0000001,8.615891
2013-02-28 12:52:44.0000003,9.051715
2013-02-28 12:52:44.0000004,9.659165
2013-02-28 12:52:44.0000002,4.6459856
2013-08-03 07:11:53.0000001,33.57119
2015-01-26 23:13:33.0000001,10.734066
2012-10-31 11:09:53.0000001,12.266547
2012-10-31 11:09:53.0000002,20.693981
2011-12-23 23:30:09.0000001,15.499612
2015-01-29 11:01:21.0000001,5.652932
2015-01-29 11:01:21.0000002,8.355259
2014-01-31 11:11:05.0000001,21.865328
2014-01-31 11:11:05.0000003,9.967999
2014-01-31 11:11:05.0000004,10.599498
2014-01-31 11:11:05.0000006,8.492187
2014-01-31 11:11:05.0000005,7.788384
2015-02-20 11:08:29.0000006,5.64028
2015-02-20 11:08:29.0000002,17.207626
2015-02-20 11:08:29.0000004,11.254119
2015-02-20 11:08:29.0000003,9.985227
2015-02-20 11:08:29.0000005,5.8007717
2014-08-31 04:03:29.0000001,7.3695455
2014-08-01 18:38:09.0000001,9.027446
2014-08-01 18:38:09.0000002,8.140535
2009-05-16 14:53:41.0000007,5.9570484
2009-05-16 14:53:41.0000006,6.3340983
2009-12-17 06:28:05.0000001,7.8257565
2009-12-17 06:28:05.0000002,3.186154
2009-12-17 06:28:05.0000003,7.57473
2010-02-23 17:25:09.0000001,6.0002604
2010-02-23 17:25:09.0000002,5.099006
2012-07-30 16:54:49.0000003,6.556784
2012-07-30 16:54:49.0000001,12.593388
2012-07-30 16:54:49.0000005,6.835438
2012-07-30 16:54:49.0000004,5.819072
2012-07-30 16:54:49.0000002,9.795782
2013-08-26 11:47:37.0000003,20.350119
2013-08-26 11:47:37.0000002,6.8386407
2013-08-26 11:47:37.0000004,37.896294
2013-03-06 23:49:53.0000006,6.128821
2013-03-06 23:49:53.0000005,7.864078
2013-03-06 23:49:53.0000003,6.937051
2013-03-06 23:49:53.0000002,5.045272
2013-03-06 23:49:53.0000001,14.482958
2013-03-06 23:49:53.0000004,10.056216
2010-10-30 13:31:13.0000005,7.1576786
2010-10-30 13:31:13.0000003,4.586408
2010-10-30 13:31:13.0000004,3.5985844
2010-10-30 13:31:13.0000002,6.003284
2012-03-25 16:56:01.0000001,4.9648013
2012-03-25 16:56:01.0000002,7.6923428
2013-10-17 22:21:57.0000002,11.987023
2013-10-17 22:21:57.0000004,12.901828
2013-10-17 22:21:57.0000005,18.085386
2013-10-17 22:21:57.0000001,7.5356197
2010-09-15 16:44:25.0000001,12.75581
2010-09-15 16:44:25.0000002,13.42319
2010-09-15 16:44:25.0000003,8.080032
2014-05-09 00:30:41.0000003,11.393145
2014-05-09 00:30:41.0000001,49.350666
2014-05-09 00:30:41.0000002,16.013948
2010-12-11 17:32:33.0000001,5.6133347
2010-06-14 05:10:09.0000001,8.799374
2012-03-05 13:24:37.0000003,8.385543
2012-03-05 13:24:37.0000001,6.4091215
2011-03-03 07:09:09.0000002,8.380626
2011-03-03 07:09:09.0000001,8.709704
2010-07-01 22:11:33.0000001,8.485495
2010-07-01 22:11:33.0000002,7.871368
2010-07-01 22:11:33.0000004,5.528288
2012-01-07 21:39:05.0000002,8.256249
2010-08-22 12:30:21.0000002,5.857414
2010-08-22 12:30:21.0000001,4.4818516
2012-05-26 00:31:25.0000002,28.026035
2011-12-16 09:20:01.0000001,14.1960535
2012-01-26 20:09:45.0000003,14.564571
2012-01-26 20:09:45.0000004,10.7213955
2012-01-26 20:09:45.0000002,7.210312
2012-01-26 20:09:45.0000001,7.976309
2010-02-03 11:33:29.0000002,5.1355195
2010-02-03 11:33:29.0000001,8.185908
2014-10-07 11:52:13.0000005,40.57615
2014-10-07 11:52:13.0000001,5.943731
2014-10-07 11:52:13.0000004,16.89455
2014-10-07 11:52:13.0000002,6.8424106
2014-10-07 11:52:13.0000007,7.756688
2014-10-07 11:52:13.0000003,8.975321
2013-05-06 23:46:25.0000001,8.886773
2015-06-13 19:17:09.0000006,9.0185585
2015-06-13 19:17:09.0000004,10.291006
2015-06-13 19:17:09.0000002,18.57717
2015-06-13 19:17:09.0000003,14.552751
2015-06-13 19:17:09.0000001,5.8605046
2011-06-29 00:15:21.0000001,4.906967
2011-06-29 00:15:21.0000002,4.6105294
2011-06-29 00:15:21.0000003,10.554524
2009-11-28 13:50:17.0000003,7.4736643
2009-11-28 13:50:17.0000001,4.194344
2010-05-02 12:05:45.0000001,7.9308853
2009-10-12 14:18:01.0000001,6.1062927
2015-01-13 12:07:53.0000002,6.474631
2015-01-13 12:07:53.0000007,12.3714905
2015-01-13 12:07:53.0000001,14.755707
2015-01-13 12:07:53.0000004,4.292122
2015-01-13 12:07:53.0000006,8.831259
2015-03-04 21:42:57.0000002,6.94804
2015-03-04 21:42:57.0000009,5.167189
2015-03-04 21:42:57.0000005,6.9278765
2015-03-04 21:42:57.0000003,12.391692
2015-03-04 21:42:57.00000010,8.558879
2015-03-04 21:42:57.0000004,20.15113
2015-03-04 21:42:57.0000008,5.8082623
2015-03-04 21:42:57.0000001,12.057762
2015-03-04 21:42:57.0000007,5.4745626
2012-01-31 09:15:49.0000005,7.486348
2012-01-31 09:15:49.0000002,8.984629
2012-01-31 09:15:49.0000006,12.571026
2012-01-31 09:15:49.0000003,5.3059773
2012-01-31 09:15:49.0000004,4.6317444
2011-03-22 12:59:49.0000003,13.650851
2011-03-22 12:59:49.0000005,5.1601553
2011-03-22 12:59:49.0000004,6.7449646
2014-10-05 17:21:45.0000001,5.92727
2013-07-05 00:58:17.0000003,8.133864
2013-07-05 00:58:17.0000002,17.725052
2010-09-28 21:50:05.0000001,5.0926566
2010-09-28 21:50:05.0000003,16.002523
2010-09-28 21:50:05.0000002,6.8845124
2010-09-28 21:50:05.0000004,11.863912
2010-09-28 21:50:05.0000005,5.287
2012-05-25 09:21:17.0000001,4.6496525
2012-05-25 09:21:17.0000002,5.700779
2012-05-25 09:21:17.0000003,5.899432
2010-01-30 00:57:21.0000003,7.567736
2010-01-30 00:57:21.0000004,5.623405
2009-10-16 16:14:41.0000004,5.3743625
2009-10-16 16:14:41.0000001,5.346425
2009-10-16 16:14:41.0000003,5.103688
2012-04-02 08:39:21.0000003,5.559813
2012-04-02 08:39:21.0000001,5.6786456
2009-09-04 06:54:49.0000001,5.0151196
2012-08-29 09:53:33.0000002,9.683385
2012-08-29 09:53:33.0000001,9.275341
2011-03-13 05:34:57.0000001,10.376226
2010-10-22 00:49:05.0000001,5.63456
2010-09-12 22:12:53.0000001,9.781752
2014-09-13 04:51:21.0000001,25.297302
2014-09-13 04:51:21.0000002,16.539557
2010-08-17 07:59:05.0000003,8.15947
2010-08-17 07:59:05.0000001,4.3516297
2010-08-17 07:59:05.0000002,10.297657
2011-03-06 23:14:17.0000001,11.645883
2014-06-19 08:41:17.0000001,6.2933826
2014-06-19 08:41:17.0000002,6.065112
2014-06-19 08:41:17.0000006,16.017792
2014-06-19 08:41:17.0000004,10.888864
2014-06-19 08:41:17.0000003,7.3638797
2014-06-19 08:41:17.0000005,5.6779785
2015-02-26 23:20:13.0000004,5.8450074
2015-02-26 23:20:13.0000002,8.652183
2015-02-26 23:20:13.0000009,20.371744
2015-02-26 23:20:13.0000007,5.781302
2015-02-26 23:20:13.0000005,10.86695
2015-02-26 23:20:13.0000001,19.383114
2015-02-26 23:20:13.0000006,21.537987
2015-02-26 23:20:13.0000003,4.8233805
2013-10-09 15:11:41.0000001,7.7709265
2013-10-09 15:11:41.0000003,4.767668
2013-10-09 15:11:41.0000002,24.828032
2011-09-01 09:53:49.0000002,6.928339
2011-09-01 09:53:49.0000003,11.3933935
2011-09-01 09:53:49.0000005,5.460076
2011-09-01 09:53:49.0000001,12.060598
2011-11-28 14:13:37.0000001,9.624054
2011-11-28 14:13:37.0000003,6.387944
2010-09-28 00:16:53.0000002,16.141018
2010-09-28 00:16:53.0000004,9.647996
2010-09-28 00:16:53.0000001,5.9989443
2013-08-30 11:20:21.0000002,15.530434
2013-08-30 11:20:21.0000001,15.562378
2013-09-19 21:24:21.0000002,5.58923
2013-09-19 21:24:21.0000003,5.60057
2012-07-01 22:30:29.0000001,4.893998
2013-01-19 08:04:21.0000001,8.463785
2011-07-02 00:38:01.0000003,6.480737
2011-07-02 00:38:01.0000002,8.923766
2014-02-08 17:24:57.0000001,14.937781
2010-01-13 01:56:57.0000001,5.591203
2014-01-05 12:00:13.0000005,8.14823
2014-01-05 12:00:13.0000003,12.004187
2014-01-05 12:00:13.0000002,7.653996
2014-01-05 12:00:13.0000004,7.9186816
2014-01-05 12:00:13.0000006,5.394648
2014-01-05 12:00:13.0000001,29.530113
2011-02-04 09:12:53.0000003,10.143509
2011-02-04 09:12:53.0000001,9.691861
2011-02-04 09:12:53.0000005,6.6508794
2011-02-04 09:12:53.0000002,6.222715
2012-03-08 12:33:25.0000005,6.1280003
2012-03-08 12:33:25.0000002,16.002457
2012-03-08 12:33:25.0000001,6.7643466
2012-03-08 12:33:25.0000004,14.463614
2009-07-31 18:15:57.0000002,4.9017954
2009-07-10 20:17:05.0000001,4.78667
2009-07-10 20:17:05.0000002,5.1033144
2010-11-05 14:33:37.0000002,16.064161
2010-11-05 14:33:37.0000003,4.8958635
2010-11-05 14:33:37.0000001,12.121073
2010-11-05 14:33:37.0000004,26.52131
2010-03-09 08:49:13.0000002,8.254287
2010-03-09 08:49:13.0000001,6.5671573
2010-03-09 08:49:13.0000003,4.929181
2010-08-21 21:56:25.0000001,6.2089405
2011-07-27 09:24:33.0000004,6.098593
2011-07-27 09:24:33.0000002,4.426162
2011-07-27 09:24:33.0000005,11.931431
2011-07-27 09:24:33.0000001,8.67397
2011-07-27 09:24:33.0000003,10.31358
2010-10-09 17:11:17.0000002,7.4847836
2014-01-16 23:24:37.0000001,14.132041
2009-09-25 15:13:57.0000005,33.03001
2009-09-25 15:13:57.0000007,5.46881
2009-09-25 15:13:57.0000006,5.7024393
2009-09-25 15:13:57.0000004,8.771576
2009-12-13 20:44:37.0000001,8.32996
2009-12-13 20:44:37.0000004,9.407071
2009-12-13 20:44:37.0000002,7.201091
2009-12-13 20:44:37.0000003,7.2638965
2010-05-26 21:31:05.0000004,7.7876124
2010-05-26 21:31:05.0000003,11.677721
2010-05-26 21:31:05.0000005,4.073066
2010-05-26 21:31:05.0000001,8.53918
2010-05-26 21:31:05.0000002,6.030718
2010-05-03 08:36:41.0000003,6.2886305
2010-05-03 08:36:41.0000005,5.7557983
2010-05-03 08:36:41.0000001,8.183918
2010-05-03 08:36:41.0000002,8.195821
2009-06-22 08:08:29.0000001,17.122004
2009-06-22 08:08:29.0000002,8.166278
2009-01-20 17:38:05.0000003,6.389774
2009-01-20 17:38:05.0000005,3.4731283
2009-01-20 17:38:05.0000004,7.191031
2009-01-20 17:38:05.0000001,4.6079326
2009-01-20 17:38:05.0000002,35.190575
2013-02-04 16:08:01.0000002,12.9593315
2013-02-04 16:08:01.0000001,8.732717
2009-07-22 09:50:25.0000001,5.247542
2009-07-22 09:50:25.0000002,6.4689856
2009-07-22 09:50:25.0000003,6.205919
2013-07-17 06:50:17.0000001,16.453747
2011-01-24 20:18:49.0000002,6.68786
2011-01-24 20:18:49.0000004,7.829402
2011-01-24 20:18:49.0000001,3.8373346
2012-04-25 17:29:21.0000002,17.158348
2012-04-25 17:29:21.0000004,4.435922
2012-04-25 17:29:21.0000001,10.460266
2012-04-25 17:29:21.0000003,13.184536
2010-01-23 14:32:17.0000001,8.500706
2010-01-23 14:32:17.0000002,5.2279773
2012-03-07 01:22:57.0000001,7.1080885
2012-03-07 01:22:57.0000002,10.95869
2012-06-02 01:16:05.0000002,4.1450334
2012-06-02 01:16:05.0000005,37.770752
2011-02-18 20:57:57.0000003,5.3854113
2011-02-18 20:57:57.0000001,12.034201
2011-02-18 20:57:57.0000002,4.515449
2010-11-03 17:52:21.0000001,4.751003
2011-10-20 13:46:33.0000004,10.68437
2011-10-20 13:46:33.0000001,46.951324
2013-11-29 15:09:45.0000002,8.151767
2013-11-29 15:09:45.0000001,11.5042515
2015-06-24 07:28:01.0000001,7.1028943
2015-06-24 07:28:01.0000003,78.14253
2015-06-24 07:28:01.0000004,5.3555818
2015-06-24 07:28:01.0000002,14.779131
2015-06-24 07:28:01.0000005,5.047647
2010-03-27 11:29:05.0000001,5.1435466
2010-03-27 11:29:05.0000003,5.8705907
2010-03-27 11:29:05.0000002,3.797452
2014-06-09 11:18:25.0000005,5.878518
2014-06-09 11:18:25.0000003,13.025363
2014-06-09 11:18:25.0000001,9.044215
2014-06-09 11:18:25.0000004,6.3472495
2014-06-09 11:18:25.0000002,8.364261
2012-08-08 09:47:53.0000002,4.7620754
2012-08-08 09:47:53.0000003,4.4408913
2012-08-08 09:47:53.0000001,7.829269
2014-10-28 12:23:09.0000003,19.07122
2014-10-28 12:23:09.0000006,8.360024
2014-10-28 12:23:09.0000004,12.869542
2014-10-28 12:23:09.0000005,8.359403
2014-10-28 12:23:09.0000002,7.3024745
2013-04-04 02:55:13.0000001,16.637747
2011-07-11 20:43:33.0000003,12.833664
2011-07-11 20:43:33.0000002,6.1967225
2013-02-23 14:25:29.0000001,14.235999
2010-01-30 18:58:33.0000007,7.49088
2010-01-30 18:58:33.0000002,12.443062
2010-01-30 18:58:33.0000003,4.5196185
2010-01-30 18:58:33.0000004,13.87607
2010-01-30 18:58:33.0000005,6.0599475
2013-10-07 11:12:33.0000003,9.791445
2013-10-07 11:12:33.0000002,7.2967753
2013-10-07 11:12:33.0000001,7.7461257
2012-10-08 12:29:21.0000001,8.412717
2014-08-22 06:49:41.0000002,7.399857
2014-08-22 06:49:41.0000001,4.414012
2014-04-26 22:02:17.0000001,14.441668
2010-05-13 08:48:41.0000004,29.87758
2010-05-13 08:48:41.0000002,5.8040466
2010-05-13 08:48:41.0000001,16.26189
2010-05-13 08:48:41.0000003,8.991319
2014-06-22 14:49:13.0000004,5.6069665
2014-06-22 14:49:13.0000003,5.0509777
2013-01-22 14:06:33.0000002,5.2951565
2013-01-22 14:06:33.0000004,10.71327
2013-01-22 14:06:33.0000001,10.635104
2013-01-22 14:06:33.0000003,54.07072
2010-10-08 11:25:09.0000001,8.351282
2010-10-08 11:25:09.0000002,5.7496414
2015-03-14 02:23:17.0000001,5.9285336
2015-03-14 02:23:17.0000005,26.39646
2015-03-14 02:23:17.0000007,18.005764
2015-03-14 02:23:17.0000003,19.046516
2014-09-20 00:55:21.0000001,11.786341
2014-09-25 20:52:09.0000003,17.815046
2014-09-25 20:52:09.0000007,17.520336
2014-09-25 20:52:09.0000008,7.1131845
2014-09-25 20:52:09.0000006,8.051526
2014-09-25 20:52:09.0000001,6.17369
2014-09-25 20:52:09.0000004,13.14107
2013-08-20 09:05:33.0000001,9.2452965
2012-01-19 00:39:29.0000001,14.289439
2009-12-23 09:09:21.0000002,16.00287
2009-12-23 09:09:21.0000003,11.13375
2009-12-23 09:09:21.0000001,13.421282
2012-12-15 06:35:45.0000002,17.231285
2012-12-15 06:35:45.0000003,54.919422
2012-12-15 06:35:45.0000004,5.9187083
2013-09-30 07:03:29.0000001,9.911926
2014-06-10 11:21:37.0000001,7.537206
2014-06-10 11:21:37.0000002,12.301276
2015-05-30 05:00:57.0000001,40.78449
2015-05-30 05:00:57.0000002,16.423481
2014-04-15 08:04:25.0000001,8.181359
2014-04-15 08:04:25.0000002,13.022874
2012-09-04 21:59:45.0000001,6.5023656
2012-06-23 19:15:29.0000001,6.5083823
2014-09-23 18:20:01.0000002,9.141005
2014-09-23 18:20:01.0000001,8.803738
2011-06-30 21:50:17.0000002,9.956487
2011-06-30 21:50:17.0000006,6.436501
2011-06-30 21:50:17.0000005,8.296734
2011-06-30 21:50:17.0000004,10.174696
2011-06-30 21:50:17.0000001,4.555271
2011-06-30 21:50:17.0000003,7.049461
2013-04-09 08:59:41.0000001,5.974037
2013-02-14 03:56:45.0000001,6.6745305
2009-02-23 21:09:17.0000002,7.314525
2009-02-23 21:09:17.0000003,3.9739056
2009-02-23 21:09:17.0000001,5.7507105
2013-04-05 20:47:57.0000001,14.824518
2013-04-05 20:47:57.0000003,9.877917
2013-04-05 20:47:57.0000002,17.710777
2013-03-11 06:58:05.0000001,8.991882
2012-01-05 05:51:01.0000002,6.0284534
2009-05-11 10:47:33.0000001,14.2511835
2014-02-22 02:07:01.0000001,16.955889
2014-02-22 02:07:01.0000004,8.027968
2014-02-22 02:07:01.0000005,6.9828253
2014-02-22 02:07:01.0000002,15.567138
2014-02-22 02:07:01.0000003,12.011283
2013-07-25 01:56:37.0000002,14.933509
2013-07-25 01:56:37.0000001,14.228988
2013-10-15 08:16:21.0000001,6.6420712
2014-08-26 23:35:49.0000003,10.067657
2014-08-26 23:35:49.0000004,19.529789
2014-08-26 23:35:49.0000001,8.615144
2009-08-28 23:01:41.0000007,9.786768
2009-08-28 23:01:41.0000004,6.0831943
2009-08-28 23:01:41.0000003,4.025148
2009-08-28 23:01:41.0000005,49.461792
2009-08-07 07:07:37.0000003,10.473158
2009-08-07 07:07:37.0000002,12.267305
2009-08-07 07:07:37.0000001,9.560563
2013-11-11 13:49:53.0000004,56.985382
2013-11-11 13:49:53.0000003,11.921129
2013-11-11 13:49:53.0000006,17.97048
2013-11-11 13:49:53.0000005,6.4636555
2013-11-11 13:49:53.0000001,7.040333
2013-11-11 13:49:53.0000002,10.014502
2012-08-11 19:58:29.0000002,8.159043
2012-08-11 19:58:29.0000003,5.2170086
2012-08-11 19:58:29.0000004,7.4853816
2012-08-11 19:58:29.0000001,10.231121
2011-06-29 06:25:41.0000001,28.716082
2014-10-19 15:14:45.0000001,23.33947
2014-12-16 13:40:25.0000001,9.906066
2014-12-16 13:40:25.0000002,9.138416
2010-06-11 13:37:21.0000004,6.7230706
2010-06-11 13:37:21.0000001,6.3482914
2010-06-11 13:37:21.0000002,7.7415237
2012-12-09 22:30:13.0000003,14.740526
2012-12-09 22:30:13.0000001,11.613097
2010-06-21 20:21:45.0000001,17.21201
2011-05-11 19:56:09.0000002,12.22586
2013-06-17 06:37:49.0000001,4.1440897
2009-07-29 07:52:01.0000004,5.839143
2009-07-29 07:52:01.0000002,15.076362
2009-07-29 07:52:01.0000003,5.056673
2009-07-29 07:52:01.0000001,4.497679
2014-08-08 00:02:41.0000001,9.780296
2014-08-08 00:02:41.0000003,12.493578
2014-08-08 00:02:41.0000005,13.737285
2009-02-19 09:17:21.0000001,10.499461
2013-09-12 12:50:13.0000004,5.3414226
2013-09-12 12:50:13.0000002,15.061944
2013-09-12 12:50:13.0000006,34.247894
2013-09-12 12:50:13.0000005,8.864282
2011-06-26 03:33:25.0000001,15.837143
2013-09-28 09:59:33.0000002,8.934104
2013-09-28 09:59:33.0000001,6.2921824
2010-04-20 07:32:21.0000001,10.212964
2010-04-20 07:32:21.0000002,5.2575593
2011-04-16 06:38:33.0000001,5.0737286
2011-09-18 18:33:13.0000001,6.81736
2011-09-18 18:33:13.0000002,19.270432
2014-03-04 16:24:45.0000003,18.311666
2014-03-04 16:24:45.0000002,8.470777
2013-08-03 15:48:29.0000001,6.693032
2012-06-21 19:47:25.0000003,6.242766
2012-06-21 19:47:25.0000001,7.425859
2012-06-21 19:47:25.0000002,7.4568505
2014-03-10 12:25:21.0000003,5.378397
2014-03-10 12:25:21.0000002,8.706799
2014-03-10 12:25:21.0000001,15.098485
2014-11-10 10:52:41.0000002,23.561888
2014-11-10 10:52:41.0000003,15.512892
2010-10-17 23:04:25.0000001,9.411958
2009-12-22 15:59:53.0000001,4.487731
2009-12-22 15:59:53.0000002,4.107202
2009-12-22 15:59:53.0000004,11.734846
2014-05-08 21:23:41.0000002,4.749392
2014-05-08 21:23:41.0000003,11.401077
2014-05-08 21:23:41.0000004,8.749021
2014-05-08 21:23:41.0000005,9.5959425
2009-10-28 17:56:45.0000002,5.644962
2009-10-28 17:56:45.0000001,4.5556684
2014-07-10 07:03:29.0000002,10.913055
2014-07-10 07:03:29.0000001,6.361693
2012-07-15 03:53:37.0000004,12.609212
2010-03-31 05:33:53.0000001,5.3945665
2010-03-31 05:33:53.0000002,6.553224
2010-07-06 20:52:53.0000003,7.5949717
2010-07-06 20:52:53.0000001,6.5024753
2010-07-06 20:52:53.0000002,5.438272
2013-06-10 11:29:13.0000002,5.021759
2013-06-10 11:29:13.0000006,7.113823
2013-06-10 11:29:13.0000004,6.926666
2013-06-10 11:29:13.0000005,5.722246
2013-06-10 11:29:13.0000003,11.420147
2015-04-25 01:06:17.0000008,7.922109
2015-04-25 01:06:17.0000004,6.138008
2015-04-25 01:06:17.0000001,5.162588
2015-04-25 01:06:17.0000006,9.005618
2015-04-25 01:06:17.0000002,10.956063
2011-05-27 14:47:09.0000001,7.514536
2011-05-27 14:47:09.0000004,10.723311
2011-05-27 14:47:09.0000002,10.3065405
2011-05-27 14:47:09.0000003,8.227766
2012-10-28 13:55:57.0000002,8.6690235
2011-06-12 01:07:57.0000002,19.118277
2011-06-12 01:07:57.0000001,12.146367
2014-12-11 15:20:49.0000002,55.071205
2014-12-11 15:20:49.0000003,8.231945
2011-06-19 04:08:49.0000001,5.5039334
2015-06-02 09:11:17.0000003,7.0474076
2015-06-02 09:11:17.0000006,5.2114453
2015-06-02 09:11:17.0000001,10.515469
2015-06-02 09:11:17.0000004,6.382974
2015-06-02 09:11:17.0000005,12.541514
2014-05-09 02:23:21.0000001,11.799981
2011-10-08 12:54:49.0000003,8.606837
2011-10-08 12:54:49.0000001,12.35731
2009-06-02 08:34:33.0000003,8.079072
2009-06-02 08:34:33.0000002,6.213819
2010-12-09 17:21:29.0000001,5.679276
2013-06-22 01:59:25.0000001,8.5640745
2014-12-07 19:56:45.0000002,6.137908
2014-12-07 19:56:45.0000003,9.651386
2013-12-04 17:40:13.0000006,9.331189
2013-12-04 17:40:13.0000004,11.884138
2013-12-04 17:40:13.0000002,11.667916
2013-12-04 17:40:13.0000005,4.396173
2013-12-04 17:40:13.0000001,5.2883024
2013-12-04 17:40:13.0000007,11.158988
2013-12-04 17:40:13.0000003,38.740997
2014-07-20 17:05:09.0000001,19.963923
2010-12-15 08:39:33.0000003,5.5939436
2010-12-15 08:39:33.0000002,5.86626
2010-12-15 08:39:33.0000004,47.838135
2010-12-15 08:39:33.0000001,4.9749346
2011-02-07 08:56:09.0000001,8.167383
2012-05-26 11:54:53.0000003,6.8003197
2012-04-24 17:57:05.0000002,5.1734977
2012-04-24 17:57:05.0000003,31.789791
2012-04-24 17:57:05.0000001,12.529106
2014-01-11 19:20:17.0000002,7.7465987
2015-01-05 21:43:13.0000003,8.055737
2015-01-05 21:43:13.0000002,8.979946
2013-04-23 13:19:17.0000002,11.646929
2013-04-23 13:19:17.0000003,7.729725
2011-07-19 22:20:41.0000003,18.741684
2012-03-18 02:27:41.0000002,35.793392
2012-03-18 02:27:41.0000003,11.540373
2009-01-19 19:48:17.0000003,9.606142
2011-06-21 22:19:45.0000002,5.0475616
2011-06-21 22:19:45.0000003,11.350165
2011-06-21 22:19:45.0000001,14.767331
2012-02-10 06:28:17.0000001,8.133319
2013-01-13 00:20:53.0000002,10.7153225
2013-01-13 00:20:53.0000003,10.460078
2015-03-28 09:52:37.0000002,4.0310426
2015-03-28 09:52:37.0000001,7.637425
2015-05-02 15:18:33.0000001,9.966889
2015-05-02 15:18:33.0000005,5.944641
2015-05-02 15:18:33.0000002,7.2413807
2015-05-02 15:18:33.0000006,7.04345
2015-05-02 15:18:33.0000004,13.875103
2015-05-02 15:18:33.0000007,9.414242
2015-05-02 15:18:33.0000003,12.282578
2012-01-01 00:37:29.0000005,14.195699
2012-01-01 00:37:29.0000001,6.8698997
2012-01-01 00:37:29.0000003,8.253105
2012-01-01 00:37:29.0000002,9.989823
2010-06-24 19:32:25.0000001,8.267386
2010-06-24 19:32:25.0000002,4.342504
2010-04-25 09:00:01.0000001,11.267952
2010-04-25 09:00:01.0000002,9.801338
2009-08-11 21:41:09.0000001,13.562699
2012-06-12 07:19:17.0000002,8.019226
2012-06-12 07:19:17.0000001,5.6297936
2011-12-30 11:16:05.0000002,11.080432
2011-12-30 11:16:05.0000001,7.3803425
2011-12-30 11:16:05.0000003,7.8964343
2011-12-30 11:16:05.0000004,7.83138
2013-11-28 13:17:13.0000001,9.891582
2010-06-14 20:51:37.0000001,18.450289
2010-06-14 20:51:37.0000002,9.262505
2012-06-10 00:46:17.0000004,14.4381485
2012-06-10 00:46:17.0000002,12.316188
2013-02-10 19:51:53.0000001,9.515148
2013-02-10 19:51:53.0000002,14.682043
2010-02-20 04:04:13.0000001,8.220039
2010-02-20 04:04:13.0000002,6.948622
2010-02-20 04:04:13.0000003,5.5568585
2014-01-01 16:33:01.0000004,5.826437
2014-01-01 16:33:01.0000001,9.067796
2014-01-01 16:33:01.0000002,11.585903
2014-01-01 16:33:01.0000003,12.814471
2013-06-04 08:06:57.0000002,7.809679
2013-06-04 08:06:57.0000005,6.8344207
2013-06-04 08:06:57.0000003,13.133574
2013-06-04 08:06:57.0000004,6.0297484
2013-06-04 08:06:57.0000001,4.530053
2012-07-13 08:45:21.0000001,29.697065
2012-07-13 08:45:21.0000003,6.826303
2012-07-13 08:45:21.0000004,5.8228264
2012-07-13 08:45:21.0000002,10.793122
2014-06-09 13:01:21.0000002,8.505973
2014-06-09 13:01:21.0000001,7.5412693
2010-10-01 13:11:05.0000002,7.279726
2010-10-01 13:11:05.0000004,6.641481
2010-10-01 13:11:05.0000003,28.290451
2010-02-27 22:55:09.0000002,6.2613287
2010-02-27 22:55:09.0000003,6.0074677
2012-11-23 05:37:53.0000001,13.52689
2009-10-05 15:41:37.0000001,5.671836
2009-12-01 02:33:57.0000001,8.353087
2013-04-30 14:43:33.0000003,19.45673
2013-04-30 14:43:33.0000002,17.618738
2013-04-30 14:43:33.0000001,13.726286
2015-05-17 04:17:33.0000001,10.210023
2015-05-17 04:17:33.0000002,9.896181
2015-05-17 04:17:33.0000003,9.812294
2015-05-17 04:17:33.0000004,9.110834
2014-07-26 23:31:41.0000001,7.6894298
2009-11-07 16:37:49.0000001,4.2499
2009-11-07 16:37:49.0000003,7.1289725
2009-11-07 16:37:49.0000002,42.939735
2009-11-07 16:37:49.0000005,4.607431
2012-11-07 12:46:29.0000003,7.8554826
2012-11-07 12:46:29.0000001,12.3571
2012-11-07 12:46:29.0000002,5.2734594
2011-01-07 09:25:57.0000002,4.461885
2011-01-07 09:25:57.0000001,4.895991
2012-07-18 16:28:21.0000002,5.3114142
2009-12-17 10:33:45.0000001,11.056343
2009-12-17 10:33:45.0000002,10.377592
2009-12-17 10:33:45.0000003,5.539438
2009-12-17 10:33:45.0000004,5.2633543
2013-03-08 19:03:09.0000001,14.567271
2013-03-08 19:03:09.0000004,7.9139137
2011-03-11 23:36:13.0000001,7.2163877
2011-03-11 23:36:13.0000002,7.0592437
2011-03-11 23:36:13.0000004,5.4892693
2011-03-11 23:36:13.0000003,5.270452
2009-12-10 22:45:01.0000002,5.1379776
2009-12-10 22:45:01.0000001,13.436797
2009-12-10 22:45:01.0000003,4.2258997
2009-12-10 22:45:01.0000005,17.643381
2012-07-13 11:00:05.0000003,31.821497
2012-07-13 11:00:05.0000002,15.420984
2012-07-13 11:00:05.0000006,47.894764
2012-07-13 11:00:05.0000001,9.465915
2012-07-21 17:57:17.0000001,7.871398
2009-04-23 02:42:05.0000002,6.8592234
2009-04-23 02:42:05.0000001,9.122412
2012-11-03 23:49:17.0000003,12.042049
2012-11-03 23:49:17.0000002,5.0708146
2012-11-03 23:49:17.0000004,5.080325
2012-11-03 23:49:17.0000001,12.826874
2012-02-21 20:07:25.0000002,4.102626
2012-02-21 20:07:25.0000001,3.986905
2012-03-26 05:24:13.0000001,17.546326
2010-02-01 20:28:45.0000001,4.869035
2010-02-01 20:28:45.0000002,7.263279
2010-02-01 20:28:45.0000003,3.4697583
2009-09-26 04:36:49.0000001,4.3214645
2009-01-29 15:29:09.0000002,28.253435
2009-01-29 15:29:09.0000001,3.8976882
2009-12-29 02:06:33.0000002,13.613386
2009-12-29 02:06:33.0000001,7.959785
2010-09-06 00:39:05.0000001,7.199943
2012-09-08 21:13:49.0000004,7.138171
2012-09-08 21:13:49.0000001,8.795194
2012-09-08 21:13:49.0000002,7.3046656
2012-09-08 21:13:49.0000003,7.2974677
2010-11-04 16:19:25.0000001,9.846609
2009-12-08 07:36:17.0000001,11.99549
2009-12-08 07:36:17.0000002,11.569536
2012-08-30 20:32:49.0000001,9.244764
2013-06-08 16:55:13.0000002,6.5655637
2013-06-08 16:55:13.0000001,9.890217
2014-07-01 11:05:21.0000002,6.1722255
2014-07-01 11:05:21.0000001,9.579708
2013-08-19 16:21:05.0000002,17.12439
2014-12-26 21:10:45.0000001,7.8108873
2012-10-25 16:20:37.0000001,12.445718
2012-10-25 16:20:37.0000002,37.889732
2013-08-14 11:02:17.0000001,5.6815453
2013-08-14 11:02:17.0000002,22.056776
2010-10-01 01:22:01.0000001,9.751022
2012-12-07 19:33:49.0000002,61.21005
2012-12-07 19:33:49.0000001,6.5383177
2011-07-11 01:40:45.0000001,8.562502
2013-07-18 01:45:01.0000001,6.4599195
2013-07-18 01:45:01.0000002,5.7096415
2009-06-25 10:29:21.0000002,4.217699
2009-06-25 10:29:21.0000001,4.1431975
2012-07-31 20:04:53.0000005,5.616906
2012-07-31 20:04:53.0000003,5.4248476
2012-07-31 20:04:53.0000004,3.7267973
2012-07-31 20:04:53.0000001,7.97624
2010-11-15 22:25:13.0000001,5.860809
2015-06-08 05:02:45.0000002,12.102842
2015-06-08 05:02:45.0000001,25.275564
2013-12-08 20:26:29.0000001,5.989251
2013-12-08 20:26:29.0000002,11.034807
2013-12-08 20:26:29.0000003,10.754642
2009-05-10 00:24:57.0000002,11.55634
2009-05-10 00:24:57.0000004,4.9453287
2009-05-10 00:24:57.0000003,8.547963
2009-05-10 00:24:57.0000005,5.7173753
2009-05-10 00:24:57.0000001,4.5157423
2009-02-28 10:19:41.0000002,3.8841937
2009-02-28 10:19:41.0000001,7.272575
2011-08-19 17:42:57.0000001,4.531197
2011-08-19 17:42:57.0000002,7.73252
2014-06-05 22:56:05.0000007,10.627593
2014-06-05 22:56:05.0000002,22.894396
2014-06-05 22:56:05.0000001,51.46343
2014-06-05 22:56:05.0000006,4.7543473
2014-06-05 22:56:05.0000005,5.5027175
2014-06-05 22:56:05.0000003,23.594456
2014-07-16 18:33:41.0000001,8.0533905
2014-07-16 18:33:41.0000002,8.585016
2014-07-16 18:33:41.0000003,15.214964
2009-07-14 22:41:09.0000002,4.9955235
2009-07-14 22:41:09.0000004,4.605768
2009-07-14 22:41:09.0000001,34.21573
2013-11-21 14:19:21.0000002,7.572514
2015-01-02 11:55:57.0000005,7.0856814
2015-01-02 11:55:57.0000002,10.238399
2015-01-02 11:55:57.0000004,26.05795
2015-01-02 11:55:57.0000001,8.010334
2011-09-26 22:26:57.0000001,5.681467
2015-04-14 01:41:05.0000001,11.991619
2013-05-14 16:23:49.0000002,13.647384
2013-05-14 16:23:49.0000001,12.202394
2013-11-23 22:19:37.0000002,14.107615
2013-11-23 22:19:37.0000001,9.89752
2014-07-14 16:18:37.0000001,4.9078126
2010-07-30 12:04:17.0000001,4.1438656
2010-07-30 12:04:17.0000002,8.16512
2011-07-27 21:48:49.0000002,7.8825493
2011-07-27 21:48:49.0000001,6.405578
2014-03-18 19:55:17.0000003,6.42268
2014-03-18 19:55:17.0000002,14.8875265
2014-03-18 19:55:17.0000004,8.210461
2014-07-28 21:44:21.0000001,11.683075
2009-05-23 07:56:37.0000001,6.6117654
2010-06-05 23:05:25.0000004,11.22511
2010-06-05 23:05:25.0000005,4.6911674
2010-06-05 23:05:25.0000003,10.627838
2010-06-05 23:05:25.0000001,7.990793
2010-06-05 23:05:25.0000002,10.076199
2012-07-01 19:59:49.0000001,5.843038
2015-06-07 17:23:09.0000004,8.50535
2015-06-07 17:23:09.0000003,7.2178597
2015-06-07 17:23:09.0000002,6.3148212
2015-06-07 17:23:09.0000001,10.593893
2013-03-10 07:31:45.0000001,5.276876
2011-03-24 17:44:01.0000001,9.755407
2011-03-24 17:44:01.0000003,8.216408
2014-03-28 21:55:17.0000002,19.885248
2014-03-28 21:55:17.0000004,6.3729625
2014-03-28 21:55:17.0000005,7.3620815
2014-03-28 21:55:17.0000006,6.388366
2013-04-28 20:00:05.0000002,56.236805
2013-04-28 20:00:05.0000001,7.086833
2013-04-28 20:00:05.0000004,12.731198
2013-04-28 20:00:05.0000003,4.9510036
2012-04-27 18:37:09.0000003,10.026782
2012-04-27 18:37:09.0000001,9.802616
2012-04-27 18:37:09.0000004,10.635375
2014-04-05 18:11:33.0000001,11.174235
2013-11-07 22:25:25.0000002,15.021454
2010-06-19 03:06:33.0000002,5.599274
2012-06-30 03:53:29.0000003,8.764356
2012-06-30 03:53:29.0000001,14.549275
2011-09-15 02:11:49.0000002,16.600471
2011-09-15 02:11:49.0000001,23.706442
2012-08-08 04:45:25.0000001,48.35909
2011-05-19 16:01:41.0000004,5.8619957
2011-05-19 16:01:41.0000002,5.9996333
2011-05-19 16:01:41.0000005,5.219926
2011-05-19 16:01:41.0000003,26.516361
2009-12-27 04:00:09.0000001,14.544918
2010-01-11 12:38:33.0000006,29.70538
2010-01-11 12:38:33.0000003,7.598467
2010-01-11 12:38:33.0000005,5.366077
2010-01-11 12:38:33.0000001,6.1393833
2010-01-11 12:38:33.0000004,6.5164943
2010-10-16 09:26:33.0000004,20.32002
2010-10-16 09:26:33.0000002,6.5476747
2014-07-25 18:06:37.0000002,8.915917
2014-07-25 18:06:37.0000004,8.991502
2014-07-25 18:06:37.0000005,13.861583
2014-07-25 18:06:37.0000003,7.2183914
2014-07-25 18:06:37.0000001,10.2898035
2013-03-18 15:54:21.0000001,11.740052
2013-03-18 15:54:21.0000002,5.2862463
2010-05-13 06:34:57.0000002,7.1537213
2010-05-13 06:34:57.0000001,6.985832
2009-05-16 08:13:05.0000001,23.885374
2014-05-13 21:07:29.0000003,7.974327
2014-05-13 21:07:29.0000002,9.318405
2010-04-23 16:10:29.0000001,5.761453
2010-04-23 16:10:29.0000003,8.384891
2010-04-23 16:10:29.0000002,5.899361
2015-05-25 22:13:09.0000002,102.42561
2015-05-25 22:13:09.0000001,17.128075
2013-11-16 18:33:25.0000003,6.6265674
2013-11-16 18:33:25.0000004,16.787945
2013-11-16 18:33:25.0000002,14.057803
2013-11-16 18:33:25.0000001,10.99947
2012-04-16 17:48:09.0000001,6.3091903
2012-04-16 17:48:09.0000002,6.121397
2012-04-16 17:48:09.0000003,9.327028
2014-12-29 12:55:53.0000002,10.222601
2014-12-29 12:55:53.0000001,26.896605
2014-12-29 12:55:53.0000003,13.853194
2009-08-02 14:01:33.0000002,5.354789
2009-08-02 14:01:33.0000003,31.333235
2009-08-02 14:01:33.0000001,4.8988514
2015-01-12 15:36:37.0000003,22.317854
2015-01-12 15:36:37.0000004,44.18801
2015-01-12 15:36:37.0000005,12.434447
2015-01-12 15:36:37.0000009,18.527845
2015-01-12 15:36:37.0000006,7.7466393
2015-01-12 15:36:37.0000001,16.56683
2015-01-12 15:36:37.0000007,13.00568
2014-09-04 19:52:09.0000002,6.677446
2014-09-04 19:52:09.0000001,6.018964
2014-09-04 19:52:09.0000003,5.2735777
2014-09-04 19:52:09.0000004,20.338549
2009-06-01 17:42:01.0000001,11.667758
2009-06-01 17:42:01.0000002,9.257514
2009-06-01 17:42:01.0000003,4.8885484
2010-09-21 01:35:09.0000001,10.839431
2010-09-21 01:35:09.0000002,6.7980733
2013-05-26 15:18:37.0000004,21.706495
2013-05-26 15:18:37.0000002,9.37066
2009-09-20 23:07:01.0000002,32.00561
2009-08-12 23:00:37.0000001,17.84109
2012-07-18 09:44:53.0000005,8.099079
2012-07-18 09:44:53.0000001,6.045525
2012-07-18 09:44:53.0000004,4.662025
2012-07-18 09:44:53.0000002,6.0279193
2009-09-25 21:43:49.0000005,8.95552
2009-09-25 21:43:49.0000007,13.280801
2009-09-25 21:43:49.0000003,6.9678473
2009-09-25 21:43:49.0000006,4.4322953
2009-09-25 21:43:49.0000008,11.402262
2009-09-25 21:43:49.0000001,7.056182
2009-03-22 20:58:33.0000002,10.792403
2009-03-22 20:58:33.0000001,9.253842
2011-12-09 21:19:25.0000002,9.409376
2011-12-09 21:19:25.0000005,10.984471
2011-12-09 21:19:25.0000006,4.829296
2013-07-05 20:44:49.0000002,4.509284
2013-12-20 15:58:29.0000005,15.476223
2013-12-20 15:58:29.0000002,11.43896
2013-12-20 15:58:29.0000003,40.667072
2013-12-20 15:58:29.0000004,14.070606
2014-10-06 14:37:25.0000004,12.751836
2014-10-06 14:37:25.0000003,20.303942
2014-10-06 14:37:25.0000002,10.691077
2014-10-06 14:37:25.0000001,8.052732
2015-01-18 23:09:25.0000003,24.331657
2015-01-18 23:09:25.0000002,8.425861
2014-05-01 14:11:21.0000002,14.234191
2014-05-01 14:11:21.0000004,8.995269
2014-05-01 14:11:21.0000005,8.689928
2014-05-01 14:11:21.0000006,7.0421047
2014-05-01 14:11:21.0000001,10.100279
2014-05-01 14:11:21.0000003,20.893064
2012-05-22 14:54:45.0000002,7.0334682
2012-05-22 14:54:45.0000001,6.7034583
2009-06-17 14:41:57.0000001,11.296255
2009-09-16 10:27:37.0000001,8.34282
2009-09-16 10:27:37.0000002,7.3251204
2014-02-06 13:26:49.0000001,11.675744
2015-04-16 02:42:33.0000001,10.773904
2011-06-06 07:28:25.0000002,26.80579
2011-06-06 07:28:25.0000003,5.6030474
2011-06-06 07:28:25.0000001,4.6380014
2011-06-06 07:28:25.0000005,13.855633
2011-06-06 07:28:25.0000004,5.2043366
2013-02-27 19:25:13.0000003,18.988237
2013-02-27 19:25:13.0000007,12.081279
2013-02-27 19:25:13.0000006,13.216961
2013-02-27 19:25:13.0000004,5.63631
2013-02-27 19:25:13.0000002,5.768561
2013-02-27 19:25:13.0000005,9.100008
2014-10-03 01:06:05.0000001,7.3850126
2014-10-03 01:06:05.0000002,5.257701
2010-06-26 00:14:53.0000001,7.6480455
2009-09-15 08:28:53.0000001,7.9253078
2009-09-15 08:28:53.0000002,13.536346
2009-09-15 08:28:53.0000004,6.8137937
2009-09-15 08:28:53.0000005,6.2254114
2011-08-09 05:27:05.0000001,9.01063
2010-10-20 08:49:45.0000001,7.6667066
2010-10-20 08:49:45.0000002,5.939006
2012-02-08 11:14:49.0000002,6.031158
2012-02-08 11:14:49.0000001,7.1985326
2012-02-08 11:14:49.0000004,8.09615
2013-08-07 02:16:45.0000001,30.502718
2012-10-26 00:32:13.0000001,17.046165
2012-07-18 22:34:53.0000001,5.1929083
2011-05-17 22:09:17.0000001,12.447369
2009-04-04 00:20:37.0000001,17.863266
2009-04-04 00:20:37.0000003,7.470435
2009-04-04 00:20:37.0000002,12.412519
2009-09-04 18:43:33.0000003,8.736132
2009-09-04 18:43:33.0000004,11.713747
2010-09-19 17:13:29.0000001,12.714812
2010-09-19 17:13:29.0000007,11.039877
2010-09-19 17:13:29.0000005,9.132924
2010-09-19 17:13:29.0000004,6.360815
2010-09-19 17:13:29.0000003,12.8563
2010-09-19 17:13:29.0000002,8.877149
2013-03-19 18:08:29.0000003,11.173728
2013-03-19 18:08:29.0000004,12.132642
2011-11-22 00:15:25.0000002,5.8806615
2011-11-22 00:15:25.0000001,9.588947
2011-04-23 11:01:49.0000005,4.2215424
2011-04-23 11:01:49.0000004,5.7511234
2011-04-23 11:01:49.0000003,3.6790311
2012-10-19 06:56:29.0000001,6.8141265
2012-10-19 06:56:29.0000002,4.670978
2009-12-16 14:45:21.0000002,5.8420973
2009-12-16 14:45:21.0000003,7.5545654
2009-12-16 14:45:21.0000001,11.376687
2012-08-13 21:49:53.0000002,5.9690285
2012-08-13 21:49:53.0000003,3.530813
2012-08-13 21:49:53.0000001,4.1669936
2010-11-08 10:01:37.0000001,5.8288274
2010-11-08 10:01:37.0000002,8.041274
2010-11-08 10:01:37.0000006,5.4516935
2010-11-08 10:01:37.0000007,10.030056
2010-11-08 10:01:37.0000005,29.843044
2010-11-08 10:01:37.0000004,4.529888
2010-12-05 16:35:49.0000001,5.405653
2010-12-05 16:35:49.0000002,8.9830885
2014-10-15 12:10:49.0000001,11.621595
2009-04-01 19:28:09.0000004,14.682779
2009-04-01 19:28:09.0000002,8.136583
2009-04-01 19:28:09.0000003,5.6022453
2009-04-01 19:28:09.0000007,18.163532
2009-04-01 19:28:09.0000005,6.161062
2009-04-01 19:28:09.0000006,9.733407
2011-11-26 02:04:29.0000002,9.388082
2011-11-26 02:04:29.0000001,11.36598
2009-01-11 07:56:01.0000003,5.8943315
2009-01-11 07:56:01.0000002,3.8552055
2012-05-30 09:19:13.0000001,6.6505938
2014-06-10 01:06:25.0000001,17.042147
2014-06-10 01:06:25.0000003,17.741768
2014-06-10 01:06:25.0000002,47.534687
2014-10-28 22:42:33.0000002,18.46401
2014-10-28 22:42:33.0000001,22.080568
2009-03-20 12:14:53.0000004,8.529252
2009-03-20 12:14:53.0000007,5.6067624
2009-03-20 12:14:53.0000002,9.442327
2009-03-20 12:14:53.0000005,9.298736
2009-03-20 12:14:53.0000001,5.3994675
2009-03-20 12:14:53.0000006,6.3646235
2009-03-20 12:14:53.0000003,19.05108
2010-06-20 12:42:37.0000003,7.178794
2010-06-20 12:42:37.0000001,14.155355
2014-08-05 16:09:05.0000001,6.636399
2014-11-06 01:40:49.0000003,4.4883466
2014-11-06 01:40:49.0000002,13.670154
2014-11-06 01:40:49.0000001,8.222326
2014-07-19 21:05:37.0000005,4.785968
2014-07-19 21:05:37.0000001,11.490723
2014-07-19 21:05:37.0000004,12.758041
2014-07-19 21:05:37.0000003,8.218997
2015-02-19 11:39:21.0000005,7.702702
2015-02-19 11:39:21.0000002,11.186525
2015-02-19 11:39:21.0000003,7.626713
2012-10-02 14:17:13.0000003,7.7592025
2012-10-02 14:17:13.0000002,10.981285
2012-04-17 09:47:57.0000001,6.2198906
2012-04-17 09:47:57.0000003,13.8825245
2012-04-17 09:47:57.0000002,27.458162
2011-04-16 00:01:17.0000002,14.740416
2011-04-16 00:01:17.0000001,4.4790206
2010-06-18 08:54:37.0000003,11.03676
2010-06-18 08:54:37.0000002,17.099115
2010-06-18 08:54:37.0000001,11.126828
2012-10-20 00:36:37.0000005,8.337681
2012-10-20 00:36:37.0000003,39.361313
2012-10-20 00:36:37.0000004,5.39846
2014-06-19 22:37:09.0000001,7.5924773
2014-06-19 22:37:09.0000003,10.447857
2014-06-19 22:37:09.0000005,15.449542
2011-05-11 13:24:37.0000004,8.582
2011-05-11 13:24:37.0000001,8.467682
2011-05-11 13:24:37.0000003,5.361368
2014-04-09 08:42:05.0000002,11.220467
2014-04-09 08:42:05.0000001,7.4433823
2014-10-13 00:42:05.0000001,14.112088
2013-12-08 10:41:05.0000003,6.619451
2013-12-08 10:41:05.0000008,15.285939
2013-12-08 10:41:05.0000006,11.851664
2013-12-08 10:41:05.0000004,7.001375
2013-12-08 10:41:05.0000001,11.742983
2013-12-08 10:41:05.0000005,9.304814
2013-02-14 02:02:13.0000001,5.165828
2009-07-04 13:00:57.0000001,10.068773
2009-07-04 13:00:57.0000003,8.115301
2013-03-20 03:01:29.0000001,4.437823
2010-08-25 12:03:21.0000002,10.96242
2010-08-25 12:03:21.0000001,6.0006275
2013-09-08 03:47:57.0000001,18.3286
2013-09-08 03:47:57.0000003,8.803187
2012-12-19 16:29:33.0000002,10.461278
2012-12-19 16:29:33.0000001,6.108911
2009-05-15 21:19:13.0000001,11.311126
2009-05-15 21:19:13.0000002,6.992229
2012-06-06 17:33:05.0000001,9.834769
2012-06-06 17:33:05.0000002,5.9165144
2012-06-06 17:33:05.0000003,11.679627
2012-06-06 17:33:05.0000004,8.237932
2011-09-20 00:07:17.0000001,8.832025
2010-01-29 08:32:53.0000007,5.0347843
2010-01-29 08:32:53.0000004,10.425341
2010-01-29 08:32:53.0000001,4.185104
2010-01-29 08:32:53.0000003,9.554469
2010-01-29 08:32:53.0000005,6.4108377
2010-01-29 08:32:53.0000006,6.5787334
2015-05-15 01:51:49.0000002,9.550416
2015-05-15 01:51:49.0000001,12.35238
2015-05-15 01:51:49.0000005,8.766412
2015-05-15 01:51:49.0000004,4.1721478
2011-07-26 05:14:29.0000001,50.427635
2011-09-09 03:00:05.0000002,17.3349
2011-09-09 03:00:05.0000001,4.677472
2012-11-12 10:06:17.0000004,7.0502467
2012-11-12 10:06:17.0000005,10.414395
2012-11-12 10:06:17.0000002,7.175902
2012-11-12 10:06:17.0000001,11.457086
2012-01-05 22:37:13.0000001,10.346161
2012-01-05 22:37:13.0000002,17.36198
2012-12-07 02:02:01.0000002,21.410736
2012-12-07 02:02:01.0000001,14.038718
2011-08-18 08:36:13.0000001,4.7232842
2011-08-18 08:36:13.0000004,6.5774994
2011-08-18 08:36:13.0000003,11.235725
2011-08-18 08:36:13.0000006,7.77851
2011-08-18 08:36:13.0000002,15.98587
2014-05-16 15:30:05.0000002,8.035412
2014-05-16 15:30:05.0000001,9.513145
2014-03-15 07:19:25.0000001,12.298671
2009-12-21 17:23:09.0000001,5.809849
2013-12-01 22:23:57.0000002,6.35612
2013-12-01 22:23:57.0000001,16.646208
2014-01-03 15:48:49.0000003,9.922591
2014-01-03 15:48:49.0000002,7.354929
2013-01-19 20:19:45.0000003,16.886837
2013-01-19 20:19:45.0000001,8.98636
2013-01-19 20:19:45.0000004,6.113711
2012-08-31 03:00:21.0000001,5.459216
2012-07-21 16:32:41.0000001,5.4424586
2012-07-21 16:32:41.0000002,4.3733387
2012-12-20 23:43:09.0000002,18.59354
2012-12-20 23:43:09.0000006,6.9580946
2012-12-20 23:43:09.0000005,14.41347
2012-12-20 23:43:09.0000003,6.056616
2009-06-13 18:40:13.0000002,12.539416
2009-06-13 18:40:13.0000003,11.525831
2014-11-16 09:12:45.0000001,16.027086
2013-03-25 15:17:33.0000001,4.5428305
2009-09-28 05:36:49.0000001,7.477959
2013-07-08 17:31:29.0000001,5.97119
2013-07-08 17:31:29.0000002,19.034927
2010-11-27 12:54:09.0000005,5.305572
2010-11-27 12:54:09.0000004,6.1500754
2010-11-27 12:54:09.0000001,4.368925
2010-11-27 12:54:09.0000003,3.9243965
2010-11-27 12:54:09.0000002,17.076277
2011-02-15 02:43:33.0000002,10.448237
2011-02-15 02:43:33.0000001,15.651826
2012-10-25 06:12:37.0000001,6.654037
2014-05-01 06:39:54.0000001,5.235002
2015-03-17 21:44:26.0000001,13.399314
2015-03-17 21:44:26.0000006,9.628891
2015-03-17 21:44:26.0000005,18.448503
2015-03-17 21:44:26.0000003,12.154335
2015-03-17 21:44:26.0000004,12.936654
2011-05-02 13:26:54.0000003,5.5098624
2011-05-02 13:26:54.0000001,4.318791
2011-05-02 13:26:54.0000002,10.912421
2009-01-06 07:36:34.0000003,9.554261
2009-01-06 07:36:34.0000002,6.1842737
2009-01-06 07:36:34.0000004,10.570015
2010-06-23 10:29:22.0000005,4.2669945
2010-06-23 10:29:22.0000001,14.650997
2010-06-23 10:29:22.0000004,5.0703154
2010-06-23 10:29:22.0000003,11.919959
2010-06-23 10:29:22.0000002,10.994041
2013-01-22 08:20:26.0000001,5.1028004
2013-01-22 08:20:26.0000002,6.981535
2009-11-25 11:14:26.0000001,5.078555
2009-11-25 11:14:26.0000002,9.507485
2012-12-04 06:52:02.0000001,12.309604
2012-12-04 06:52:02.0000002,13.569589
2012-12-04 06:52:02.0000003,10.131611
2014-05-27 10:31:46.0000001,8.847466
2014-05-27 10:31:46.0000003,19.993797
2014-05-27 10:31:46.0000002,18.84543
2009-09-20 22:15:46.0000001,9.016832
2011-06-30 08:40:22.0000001,4.848453
2011-06-30 08:40:22.0000002,8.392524
2010-05-10 09:14:30.0000003,8.14108
2010-05-10 09:14:30.0000001,5.3465834
2010-05-10 09:14:30.0000002,6.2301893
2010-05-10 09:14:30.0000004,5.1184926
2010-11-25 16:10:30.0000001,16.111206
2014-11-18 16:06:14.0000001,8.805978
2013-01-20 20:41:26.0000003,13.344601
2013-01-20 20:41:26.0000001,16.843407
2015-06-07 00:38:14.0000003,8.314597
2009-01-03 00:51:02.0000004,9.795438
2009-01-03 00:51:02.0000003,9.374342
2010-09-28 11:54:02.0000004,6.1811666
2010-09-28 11:54:02.0000005,8.536176
2010-09-28 11:54:02.0000003,6.163625
2010-09-28 11:54:02.0000001,7.075419
2010-09-28 11:54:02.0000002,16.918835
2013-11-07 17:01:14.0000001,40.78168
2013-11-07 17:01:14.0000006,6.4830217
2013-11-07 17:01:14.0000002,8.027646
2013-11-07 17:01:14.0000003,5.0117188
2013-11-07 17:01:14.0000005,6.5504713
2013-11-07 17:01:14.0000004,10.381618
2009-11-29 08:05:46.0000001,6.0723414
2012-10-21 17:43:26.0000003,7.259806
2012-10-21 17:43:26.0000002,10.122008
2012-10-21 17:43:26.0000006,5.7554774
2012-10-21 17:43:26.0000001,7.451764
2012-10-21 17:43:26.0000004,11.094245
2012-10-21 17:43:26.0000005,8.83615
2013-07-31 06:52:46.0000001,5.4527183
2013-02-04 12:10:10.0000002,6.441665
2013-02-04 12:10:10.0000001,7.195548
2013-10-18 09:06:14.0000001,7.011033
2009-04-26 17:29:42.0000004,5.1950216
2009-04-26 17:29:42.0000002,6.845297
2009-04-26 17:29:42.0000005,10.0730505
2009-04-26 17:29:42.0000003,7.454126
2009-04-26 17:29:42.0000006,6.562389
2015-04-12 21:56:22.0000004,20.158579
2015-04-12 21:56:22.0000002,9.535955
2015-04-12 21:56:22.0000001,54.53787
2015-02-25 22:00:38.0000003,26.522388
2015-02-25 22:00:38.0000006,12.056899
2015-02-25 22:00:38.0000001,17.08567
2015-02-25 22:00:38.0000004,11.419038
2015-02-25 22:00:38.0000005,22.2124
2013-12-30 00:48:42.0000003,4.8149962
2013-12-30 00:48:42.0000002,17.158155
2013-12-30 00:48:42.0000001,9.284751
2012-11-20 21:15:22.0000004,9.164559
2012-11-20 21:15:22.0000001,6.2738094
2012-11-20 21:15:22.0000003,19.55595
2012-11-20 21:15:22.0000006,9.711514
2012-11-20 21:15:22.0000005,13.796898
2012-11-20 21:15:22.0000002,22.314474
2012-11-20 21:15:22.0000007,10.113316
2010-03-21 16:52:58.0000002,30.121857
2010-03-21 16:52:58.0000001,10.830281
2010-03-21 16:52:58.0000004,13.641407
2010-10-06 23:31:54.0000002,5.9398317
2013-07-09 21:59:42.0000002,39.089237
2012-06-23 09:43:42.0000006,16.093157
2012-06-23 09:43:42.0000001,4.186197
2012-06-23 09:43:42.0000003,9.457848
2012-06-23 09:43:42.0000005,6.1083007
2009-01-21 20:04:30.0000004,8.630218
2009-01-21 20:04:30.0000008,7.3085313
2009-01-21 20:04:30.0000009,5.7485957
2009-01-21 20:04:30.0000003,7.9680996
2009-01-21 20:04:30.0000001,6.352437
2009-01-21 20:04:30.0000005,7.034833
2009-01-21 20:04:30.0000002,6.477942
2009-01-21 20:04:30.0000007,4.6129746
2013-12-18 14:26:58.0000003,25.117207
2013-12-18 14:26:58.0000001,10.953362
2014-04-26 18:02:26.0000002,12.348253
2014-04-26 18:02:26.0000001,10.46862
2010-11-21 00:32:50.0000003,5.5989785
2010-11-21 00:32:50.0000002,12.4665165
2010-11-21 00:32:50.0000001,5.568299
2013-02-07 21:29:22.0000003,9.327433
2013-02-07 21:29:22.0000002,9.511062
2013-02-07 21:29:22.0000004,12.793625
2013-02-07 21:29:22.0000001,12.145305
2010-11-15 18:15:14.0000002,8.288249
2010-11-15 18:15:14.0000001,7.1240954
2010-11-15 18:15:14.0000003,6.139803
2010-11-15 18:15:14.0000004,6.6064262
2013-10-26 10:46:46.0000005,8.919692
2013-10-26 10:46:46.0000002,11.497241
2013-10-26 10:46:46.0000004,10.548624
2013-10-26 10:46:46.0000001,5.5633802
2013-07-18 10:24:58.0000001,6.6690564
2010-05-14 04:15:54.0000001,5.757058
2013-09-14 18:51:46.0000002,13.020326
2009-05-27 23:09:54.0000001,9.357973
2013-05-23 23:54:42.0000002,9.455782
2013-05-23 23:54:42.0000006,6.9991803
2013-05-23 23:54:42.0000001,13.707611
2013-05-23 23:54:42.0000005,16.137367
2013-05-23 23:54:42.0000003,11.130652
2015-05-23 01:00:22.0000001,4.849839
2009-11-23 19:06:14.0000004,6.2420316
2009-11-23 19:06:14.0000003,6.5706415
2009-11-23 19:06:14.0000002,4.2894053
2009-11-23 19:06:14.0000006,52.85174
2011-06-22 00:06:34.0000001,6.6701293
2014-07-02 02:27:22.0000001,4.326805
2012-11-18 14:55:42.0000002,6.687943
2012-11-18 14:55:42.0000003,8.029403
2012-11-18 14:55:42.0000004,6.901452
2009-01-12 17:54:26.0000001,4.7341113
2012-10-10 06:59:02.0000002,7.9932556
2012-10-10 06:59:02.0000003,7.614747
2012-10-10 06:59:02.0000001,5.9422226
2010-01-24 14:09:58.0000001,5.997251
2010-09-01 08:23:54.0000001,13.45262
2011-12-10 23:39:06.0000002,20.58564
2011-05-22 03:09:50.0000002,19.054981
2011-05-22 03:09:50.0000005,4.896181
2011-05-22 03:09:50.0000001,6.0904903
2011-05-22 03:09:50.0000004,21.488409
2011-05-22 03:09:50.0000003,19.06502
2013-06-29 14:26:06.0000004,18.847301
2013-06-29 14:26:06.0000003,6.898918
2013-06-29 14:26:06.0000002,6.8618097
2013-06-29 14:26:06.0000001,14.94058
2011-01-25 10:31:26.0000001,11.84376
2011-01-25 10:31:26.0000002,7.8587465
2013-02-11 01:03:30.0000001,23.790255
2009-12-17 15:54:46.0000005,10.418926
2009-12-17 15:54:46.0000003,5.183743
2009-12-17 15:54:46.0000001,9.885618
2009-12-17 15:54:46.0000004,6.1931047
2012-03-17 05:33:02.0000001,10.054023
2009-10-24 19:48:30.0000001,5.3259974
2009-10-24 19:48:30.0000002,7.17672
2009-10-24 19:48:30.0000003,11.788545
2013-03-23 00:10:26.0000004,34.882057
2013-03-23 00:10:26.0000002,5.3133445
2013-03-23 00:10:26.0000001,41.540398
2013-03-23 00:10:26.0000003,19.099047
2010-06-16 18:41:54.0000001,7.5958633
2010-06-16 18:41:54.0000002,8.06986
2011-01-15 04:13:38.0000002,3.9287155
2014-07-27 11:25:18.0000001,5.0403147
2014-07-27 11:25:18.0000002,5.4025807
2011-11-02 08:21:50.0000002,6.7344766
2015-05-16 04:37:50.0000001,10.704886
2015-05-16 04:37:50.0000002,10.774038
2009-03-15 03:31:14.0000002,8.672198
2009-03-15 03:31:14.0000001,6.461509
2014-09-08 19:07:46.0000002,14.1278
2009-08-28 11:58:58.0000001,4.5157027
2010-04-24 23:31:50.0000001,5.285411
2010-04-24 23:31:50.0000003,10.555387
2013-06-13 14:50:50.0000002,12.905973
2013-06-13 14:50:50.0000001,9.663474
2010-07-07 06:22:38.0000002,14.987223
2010-07-07 06:22:38.0000001,7.800015
2009-03-24 00:11:26.0000001,8.569873
2009-03-24 00:11:26.0000002,9.3797455
2013-10-23 14:27:10.0000001,5.678231
2011-03-03 21:31:42.0000007,12.950981
2011-03-03 21:31:42.0000001,6.0163846
2011-03-03 21:31:42.0000008,8.944591
2011-03-03 21:31:42.0000006,6.267125
2011-03-03 21:31:42.0000005,6.3903203
2011-09-05 10:47:26.0000002,15.54733
2011-09-05 10:47:26.0000003,14.44822
2011-09-05 10:47:26.0000004,10.173852
2012-08-04 23:34:58.0000001,10.021028
2012-08-04 23:34:58.0000004,4.929039
2012-08-04 23:34:58.0000002,6.2075243
2015-01-29 13:15:50.0000003,10.883343
2015-01-29 13:15:50.0000004,7.040431
2015-01-29 13:15:50.0000007,9.891263
2015-01-29 13:15:50.0000006,12.779096
2015-01-29 13:15:50.0000008,4.7762527
2015-01-29 13:15:50.0000005,7.14918
2015-01-29 13:15:50.0000002,7.35635
2015-01-29 13:15:50.0000009,7.4484835
2012-09-16 12:48:06.0000004,7.2901306
2012-09-16 12:48:06.0000001,11.817154
2012-09-16 12:48:06.0000003,16.01438
2015-04-10 11:56:54.0000008,6.833274
2015-04-10 11:56:54.0000001,14.359808
2015-04-10 11:56:54.0000002,27.918518
2015-04-10 11:56:54.0000007,56.77225
2015-04-10 11:56:54.0000003,8.171962
2015-05-05 12:32:14.0000007,11.25468
2015-05-05 12:32:14.0000006,11.249345
2015-05-05 12:32:14.0000003,9.999493
2015-05-05 12:32:14.0000004,5.290294
2015-05-05 12:32:14.0000002,9.724867
2015-05-05 12:32:14.0000005,11.821514
2015-05-05 12:32:14.0000001,17.118505
2013-10-15 23:31:26.0000001,6.8605576
2014-08-24 01:17:38.0000001,4.8586245
2013-04-04 07:01:06.0000003,12.727906
2013-04-04 07:01:06.0000001,4.4638314
2013-04-04 07:01:06.0000002,8.489546
2013-06-21 18:06:14.0000001,8.663192
2013-06-21 18:06:14.0000005,11.622609
2013-06-21 18:06:14.0000004,6.8170886
2013-06-21 18:06:14.0000003,11.917387
2013-06-21 18:06:14.0000006,8.800939
2009-08-03 21:09:42.0000001,5.942331
2009-08-03 21:09:42.0000003,6.135873
2009-08-03 21:09:42.0000002,7.995335
2009-08-03 21:09:42.0000004,5.379486
2013-10-13 19:52:54.0000003,5.76095
2013-10-13 19:52:54.0000001,5.481967
2014-11-14 11:09:46.0000001,7.5211954
2014-11-14 11:09:46.0000002,31.024899
2015-06-25 01:01:46.0000003,5.027352
2015-06-25 01:01:46.0000001,9.165381
2009-05-19 15:44:30.0000003,8.746663
2014-01-26 08:48:30.0000001,16.605465
2014-01-26 08:48:30.0000002,4.488428
2012-01-19 02:06:02.0000001,3.9059691
2014-12-25 21:32:58.0000001,11.025045
2012-08-09 07:49:02.0000001,10.522066
2012-08-09 07:49:02.0000003,15.322122
2012-08-09 07:49:02.0000002,7.139981
2014-08-10 05:03:50.0000001,31.49139
2010-01-11 15:18:14.0000002,5.477895
2010-01-11 15:18:14.0000003,4.7833667
2010-01-11 15:18:14.0000004,8.969431
2010-01-11 15:18:14.0000001,6.604038
2009-11-10 15:56:38.0000006,5.878504
2009-11-10 15:56:38.0000002,8.19329
2009-11-10 15:56:38.0000004,9.702671
2009-11-10 15:56:38.0000003,48.29018
2009-11-10 15:56:38.0000005,4.5269346
2009-11-10 15:56:38.0000001,10.482958
2012-10-18 09:17:42.0000002,8.694517
2012-10-18 09:17:42.0000001,9.423632
2010-12-06 13:19:58.0000003,6.0863833
2010-12-06 13:19:58.0000002,9.132509
2010-12-06 13:19:58.0000001,10.239644
2011-07-30 15:27:58.0000003,7.1228933
2011-07-30 15:27:58.0000002,6.5112343
2011-07-20 04:21:54.0000001,5.3104296
2011-07-20 04:21:54.0000002,7.112828
2009-03-10 19:51:34.0000003,5.2670293
2009-03-10 19:51:34.0000004,11.000165
2009-03-10 19:51:34.0000005,5.0278416
2009-03-10 19:51:34.0000002,11.5828085
2009-03-10 19:51:34.0000001,6.119233
2011-11-15 22:33:42.0000001,8.016717
2011-11-15 22:33:42.0000002,13.258847
2010-09-24 22:40:06.0000005,6.8517356
2010-09-24 22:40:06.0000003,23.798347
2010-09-24 22:40:06.0000006,6.209088
2010-09-24 22:40:06.0000002,7.845137
2010-09-24 22:40:06.0000001,7.1281466
2010-02-06 17:37:10.0000007,4.5977726
2010-02-06 17:37:10.0000004,5.5055737
2010-02-06 17:37:10.0000006,6.463617
2010-02-06 17:37:10.0000003,4.7001224
2012-05-11 02:43:18.0000002,7.331425
2012-05-11 02:43:18.0000001,4.1486287
2011-09-25 21:18:06.0000001,8.881227
2011-09-25 21:18:06.0000002,11.18219
2013-12-18 03:16:02.0000001,14.364381
2012-01-26 01:32:42.0000001,8.69562
2012-01-26 01:32:42.0000002,4.1657705
2011-10-02 03:06:34.0000001,6.6851077
2012-03-31 12:52:46.0000002,6.5077724
2012-03-31 12:52:46.0000001,17.45787
2014-06-15 00:51:42.0000001,15.293737
2009-04-21 17:27:58.0000001,8.754408
2009-04-21 17:27:58.0000002,6.625128
2012-08-13 15:02:26.0000002,5.6726284
2012-08-13 15:02:26.0000003,7.247763
2014-10-27 11:56:50.0000001,6.874582
2014-10-27 11:56:50.0000002,17.714067
2014-10-27 11:56:50.0000003,11.80281
2009-09-29 18:03:18.0000001,12.547252
2011-10-30 16:52:26.0000001,5.119353
2011-10-30 16:52:26.0000002,5.4693913
2014-11-24 23:39:26.0000002,20.09523
2014-11-24 23:39:26.0000001,29.108986
2011-08-16 14:41:50.0000001,9.186088
2011-08-16 14:41:50.0000003,6.1469045
2011-08-16 14:41:50.0000002,8.878158
2013-01-14 18:42:54.0000002,20.668997
2013-01-14 18:42:54.0000006,6.590222
2013-01-14 18:42:54.0000001,5.171454
2013-01-14 18:42:54.0000007,4.5657563
2013-01-14 18:42:54.0000008,10.191035
2009-04-18 23:09:34.0000002,11.372565
2009-11-11 21:20:18.0000001,5.201244
2009-11-11 21:20:18.0000003,16.955156
2012-07-24 01:12:50.0000004,15.321543
2012-07-24 01:12:50.0000003,5.254424
2012-07-24 01:12:50.0000001,12.690773
2012-07-24 01:12:50.0000002,6.2650833
2012-07-24 01:12:50.0000005,10.531898
2009-04-18 02:44:34.0000003,7.5147653
2009-04-18 02:44:34.0000002,12.047976
2014-07-18 06:32:22.0000001,6.73763
2014-01-10 12:28:38.0000001,10.681379
2011-08-08 15:27:22.0000001,4.02973
2014-07-30 14:42:34.0000001,8.804519
2014-07-30 14:42:34.0000003,28.59992
2014-07-30 14:42:34.0000002,17.036932
2014-08-26 16:39:54.0000002,14.6319275
2014-10-11 00:26:38.0000002,14.916672
2014-10-11 00:26:38.0000003,12.89788
2014-10-11 00:26:38.0000001,11.968471
2014-10-11 00:26:38.0000005,11.719711
2014-10-11 00:26:38.0000007,5.6440973
2014-10-11 00:26:38.0000006,20.895521
2009-08-15 14:25:02.0000001,10.577448
2009-09-22 06:43:46.0000001,5.8443255
2014-05-14 00:00:34.0000001,9.351758
2014-05-14 00:00:34.0000002,10.156422
2014-10-14 01:57:26.0000001,4.364871
2009-05-31 20:56:38.0000002,39.085705
2009-05-31 20:56:38.0000003,7.4625726
2009-05-31 20:56:38.0000001,4.317336
2009-07-11 12:59:58.0000001,8.6215105
2010-06-02 15:33:06.0000001,5.067118
2010-06-02 15:33:06.0000002,5.5061274
2010-06-02 15:33:06.0000003,4.8918543
2010-01-30 02:13:06.0000002,4.1600933
2010-01-30 02:13:06.0000001,4.3557925
2010-01-30 02:13:06.0000003,9.831459
2014-01-05 17:47:02.0000003,8.04932
2014-01-05 17:47:02.0000002,10.389727
2009-03-21 09:59:50.0000003,45.58714
2009-03-21 09:59:50.0000002,10.010615
2009-03-21 09:59:50.0000001,5.0439796
2009-08-26 23:55:38.0000002,8.909585
2009-06-09 15:10:50.0000002,49.21539
2009-06-09 15:10:50.0000001,4.3412347
2011-09-18 06:14:54.0000001,7.1452656
2009-03-27 16:05:22.0000004,32.716217
2009-03-27 16:05:22.0000005,5.2585597
2009-03-27 16:05:22.0000001,9.5098505
2009-03-27 16:05:22.0000006,7.0852
2009-03-27 16:05:22.0000003,10.427053
2009-03-27 16:05:22.0000002,6.667474
2015-05-29 10:02:42.0000005,8.999984
2015-05-29 10:02:42.0000003,7.845882
2015-05-29 10:02:42.0000004,8.13129
2012-09-07 23:20:34.0000004,18.908825
2012-09-07 23:20:34.0000003,12.845033
2012-09-07 23:20:34.0000001,6.1783733
2014-03-07 10:36:50.0000002,9.079994
2014-03-07 10:36:50.0000001,9.616436
2013-03-17 23:47:50.0000002,16.559793
2013-03-17 23:47:50.0000001,6.726323
2015-06-30 20:03:50.0000005,10.101298
2015-06-30 20:03:50.0000001,118.7685
2015-06-30 20:03:50.0000003,10.174151
2015-06-30 20:03:50.0000004,6.353634
2015-05-11 02:21:26.0000002,4.6781683
2015-05-11 02:21:26.0000001,13.245903
2015-01-10 14:32:14.0000001,9.298373
2014-12-05 14:14:14.0000001,10.739758
2014-12-05 14:14:14.0000002,12.491544
2012-04-23 12:23:18.0000001,7.634505
2012-04-23 12:23:18.0000003,4.506452
2012-04-23 12:23:18.0000002,34.217766
2012-09-01 13:33:14.0000003,6.9936156
2012-09-01 13:33:14.0000002,11.487831
2012-09-01 13:33:14.0000001,13.942687
2011-04-17 14:55:58.0000001,3.7219248
2010-05-31 20:43:42.0000002,7.4693284
2013-11-22 23:44:34.0000002,13.295354
2013-11-22 23:44:34.0000001,7.747715
2013-05-17 05:30:10.0000002,12.13855
2013-05-17 05:30:10.0000001,7.360517
2009-07-28 11:13:10.0000001,11.475532
2014-05-18 14:43:26.0000001,11.191628
2014-05-18 14:43:26.0000002,6.6518645
2014-05-18 14:43:26.0000003,7.186382
2011-10-08 18:18:26.0000005,9.5068655
2011-10-08 18:18:26.0000001,4.579132
2011-10-08 18:18:26.0000004,13.831021
2013-09-27 04:39:14.0000001,13.779628
2011-02-08 01:44:18.0000001,12.340213
2015-01-12 06:21:38.0000001,7.766874
2015-01-12 06:21:38.0000002,19.638672
2010-03-23 13:23:34.0000004,5.2334843
2010-03-23 13:23:34.0000002,14.222635
2010-03-23 13:23:34.0000001,4.899044
2009-04-02 06:19:02.0000001,9.510201
2012-01-12 18:05:10.0000003,9.3980875
2012-01-12 18:05:10.0000001,25.731813
2014-11-21 02:04:42.0000002,11.4894905
2014-11-21 02:04:42.0000003,14.6169615
2014-11-21 02:04:42.0000001,26.139715
2010-10-09 03:54:42.0000001,6.777644
2012-04-03 12:26:14.0000002,5.3422713
2012-04-03 12:26:14.0000001,33.427063
2012-04-03 12:26:14.0000003,11.290209
2010-12-21 08:46:02.0000005,10.887792
2010-12-21 08:46:02.0000004,8.019354
2010-12-21 08:46:02.0000003,10.5167885
2010-06-19 22:52:30.0000002,6.122332
2010-06-19 22:52:30.0000001,11.364892
2013-01-03 01:43:10.0000001,24.712593
2013-11-24 03:44:46.0000004,11.416774
2013-11-24 03:44:46.0000002,16.43133
2013-11-24 03:44:46.0000005,15.44759
2011-04-16 12:57:18.0000001,6.6108804
2012-10-11 22:24:18.0000001,10.924518
2010-12-13 23:24:02.0000002,8.705238
2010-12-13 23:24:02.0000001,9.095364
2011-09-14 23:42:46.0000001,10.521098
2011-05-17 23:42:46.0000001,4.95213
2011-05-17 23:42:46.0000004,43.133312
2011-05-17 23:42:46.0000002,10.536907
2011-05-17 23:42:46.0000005,4.1982474
2011-05-17 23:42:46.0000007,8.611758
2013-06-30 03:37:26.0000002,5.1988544
2013-06-30 03:37:26.0000005,18.806122
2013-06-30 03:37:26.0000001,4.846819
2013-06-30 03:37:26.0000004,17.424654
2011-05-26 21:36:54.0000001,5.058575
2009-11-09 06:00:22.0000001,4.1623607
2014-01-09 17:27:18.0000002,35.10573
2014-01-09 17:27:18.0000001,5.482504
2014-01-09 17:27:18.0000005,10.102201
2014-01-09 17:27:18.0000006,5.4248843
2014-01-09 17:27:18.0000007,7.657492
2012-07-01 00:24:58.0000003,6.894796
2012-07-01 00:24:58.0000001,8.515619
2012-07-01 00:24:58.0000002,12.4450445
2010-06-02 14:55:22.0000003,6.978872
2010-06-02 14:55:22.0000002,4.9157248
2010-06-02 14:55:22.0000004,6.492223
2010-06-02 14:55:22.0000006,7.3666162
2010-06-02 14:55:22.0000001,15.516152
2010-06-02 14:55:22.0000005,8.232236
2013-03-07 08:50:34.0000001,20.269434
2013-03-07 08:50:34.0000005,7.632087
2013-03-07 08:50:34.0000002,13.467534
2013-03-07 08:50:34.0000006,13.492951
2013-03-07 08:50:34.0000003,13.778612
2013-03-07 08:50:34.0000004,14.18283
2013-10-28 00:33:30.0000001,8.081433
2013-11-23 16:33:30.0000003,13.195944
2013-11-23 16:33:30.0000001,7.2826834
2014-11-06 07:56:46.0000002,7.127435
2014-11-06 07:56:46.0000001,7.4158525
2013-04-05 12:38:22.0000001,18.352417
2014-11-06 02:02:10.0000001,5.8023496
2012-10-09 07:47:46.0000002,9.205594
2012-10-09 07:47:46.0000001,11.476868
2012-10-09 07:47:46.0000003,10.331476
2012-10-09 07:47:46.0000004,10.323601
2012-10-09 07:47:46.0000005,5.318922
2013-11-21 22:21:58.0000001,18.338242
2014-12-20 01:57:26.0000001,9.135655
2014-12-20 01:57:26.0000004,5.9623866
2014-12-20 01:57:26.0000003,11.534933
2014-12-20 01:57:26.0000002,5.36758
2010-01-09 13:24:22.0000003,6.2035823
2011-11-02 02:18:18.0000001,19.96299
2009-03-11 21:46:54.0000003,8.688946
2009-03-11 21:46:54.0000005,15.563523
2009-03-11 21:46:54.0000001,8.705831
2009-03-11 21:46:54.0000004,26.600824
2014-12-07 03:45:18.0000001,7.8278623
2014-12-07 03:45:18.0000002,15.167678
2014-12-07 03:45:18.0000004,21.12534
2014-12-07 03:45:18.0000003,8.425988
2014-11-29 19:23:58.0000001,10.628901
2010-03-04 09:49:38.0000002,18.432713
2010-03-04 09:49:38.0000001,8.385643
2010-03-04 09:49:38.0000003,4.374206
2009-10-10 06:52:06.0000001,5.171217
2009-10-10 06:52:06.0000002,10.188299
2012-08-22 20:54:46.0000003,7.037516
2012-08-22 20:54:46.0000001,8.932341
2012-08-22 20:54:46.0000002,6.281452
2015-05-01 07:49:14.0000001,4.7629533
2009-02-21 20:49:34.0000001,9.009636
2012-08-10 14:04:14.0000005,7.8197308
2012-08-10 14:04:14.0000006,21.186207
2012-08-10 14:04:14.0000004,6.240018
2012-08-10 14:04:14.0000003,4.9842615
2012-08-10 14:04:14.0000007,5.0601807
2012-08-10 14:04:14.0000002,9.511164
2013-05-10 21:08:18.0000002,20.650948
2013-05-10 21:08:18.0000003,8.164612
2013-05-10 21:08:18.0000005,5.6954727
2013-05-10 21:08:18.0000004,11.993006
2013-05-10 21:08:18.0000001,4.717852
2009-09-25 12:59:18.0000001,8.235154
2014-08-02 21:05:42.0000002,13.885353
2014-08-02 21:05:42.0000001,5.6900253
2013-10-29 20:16:10.0000002,5.788916
2013-10-29 20:16:10.0000001,16.096178
2009-11-11 22:49:46.0000003,8.604441
2009-11-11 22:49:46.0000002,7.521526
2009-11-11 22:49:46.0000001,5.2857575
2009-10-17 03:52:42.0000002,7.162957
2009-10-17 03:52:42.0000007,5.6811676
2009-10-17 03:52:42.0000006,6.385721
2009-10-17 03:52:42.0000003,12.785654
2009-10-17 03:52:42.0000001,5.194216
2009-10-17 03:52:42.0000004,6.071238
2014-02-27 09:36:26.0000007,11.291461
2014-02-27 09:36:26.0000008,8.741188
2014-02-27 09:36:26.0000002,5.916648
2014-02-27 09:36:26.0000005,5.776069
2014-02-27 09:36:26.0000003,6.0842853
2014-02-27 09:36:26.0000006,11.1761675
2014-02-27 09:36:26.0000004,14.17039
2014-02-27 09:36:26.0000009,5.1113577
2012-12-26 17:12:30.0000003,9.183191
2012-12-26 17:12:30.0000005,21.089096
2012-12-26 17:12:30.0000001,7.9605227
2012-12-26 17:12:30.0000004,10.072594
2014-03-11 20:24:02.0000003,8.139902
2014-03-11 20:24:02.0000002,7.0201545
2014-03-11 20:24:02.0000004,7.3942733
2011-01-29 09:28:38.0000002,7.313364
2011-01-29 09:28:38.0000001,7.45896
2011-01-29 09:28:38.0000003,8.169118
2011-01-29 09:28:38.0000005,5.7267475
2011-01-29 09:28:38.0000004,7.4236536
2015-05-07 15:33:26.0000003,6.161117
2015-05-07 15:33:26.0000007,6.277066
2015-05-07 15:33:26.0000001,10.5303955
2015-05-07 15:33:26.0000002,13.47932
2015-05-07 15:33:26.0000006,7.254228
2010-10-25 13:31:22.0000003,4.7874603
2010-10-25 13:31:22.0000002,16.159653
2010-10-25 13:31:22.0000001,5.0020685
2010-10-25 13:31:22.0000004,10.032104
2012-09-10 21:07:54.0000005,21.421223
2012-09-10 21:07:54.0000004,11.838625
2012-09-10 21:07:54.0000003,4.9938745
2012-09-10 21:07:54.0000007,10.301024
2012-09-10 21:07:54.0000002,10.985611
2012-09-10 21:07:54.0000006,9.071229
2012-09-10 21:07:54.0000001,7.721261
2012-04-15 21:54:22.0000001,7.2669353
2012-04-20 00:06:10.0000007,6.2593327
2012-04-20 00:06:10.0000001,6.71097
2012-04-20 00:06:10.0000002,7.712591
2012-04-20 00:06:10.0000006,6.773174
2012-04-20 00:06:10.0000005,4.451338
2012-04-20 00:06:10.0000008,13.741205
2012-06-12 23:10:42.0000001,11.072244
2012-06-12 23:10:42.0000003,11.277166
2012-06-12 23:10:42.0000002,42.37831
2009-04-30 22:25:26.0000004,11.7471285
2009-04-30 22:25:26.0000003,10.298051
2009-04-30 22:25:26.0000002,6.52657
2009-04-30 22:25:26.0000001,5.9586997
2011-02-20 06:18:34.0000001,29.937374
2011-02-20 06:18:34.0000002,5.632538
2013-04-21 19:50:54.0000003,41.38506
2011-06-11 21:33:18.0000001,12.13
2013-02-06 18:21:18.0000006,8.849507
2013-02-06 18:21:18.0000002,9.2627535
2013-02-06 18:21:18.0000003,13.255879
2013-02-06 18:21:18.0000004,7.0167146
2014-05-01 21:05:34.0000002,5.5928855
2014-05-01 21:05:34.0000003,16.4062
2013-07-21 11:41:26.0000001,15.393337
2013-07-21 11:41:26.0000002,5.080826
2011-04-22 19:23:54.0000001,11.353665
2011-04-22 19:23:54.0000003,7.015564
2011-04-22 19:23:54.0000002,48.09166
2012-09-04 05:46:50.0000001,5.2124386
2012-09-04 05:46:50.0000002,28.087357
2009-03-24 11:57:34.0000005,13.149309
2009-03-24 11:57:34.0000004,5.782798
2009-03-24 11:57:34.0000003,4.3785152
2009-03-24 11:57:34.0000002,3.8691595
2009-03-24 11:57:34.0000001,5.136284
2011-07-05 22:05:34.0000001,7.726079
2011-09-17 15:41:06.0000001,7.4293137
2011-09-17 15:41:06.0000003,5.324989
2011-12-25 04:37:10.0000001,6.1550965
2015-03-05 13:21:58.0000002,11.36533
2015-03-05 13:21:58.0000003,7.721326
2014-09-01 09:16:10.0000001,8.484205
2015-06-21 17:16:10.0000007,7.36115
2015-06-21 17:16:10.0000002,13.439304
2015-06-21 17:16:10.0000006,14.08323
2015-06-21 17:16:10.0000003,12.224692
2015-06-21 17:16:10.0000004,9.87886
2010-06-02 22:04:10.0000003,7.172531
2010-06-02 22:04:10.0000004,14.626334
2010-06-02 22:04:10.0000005,6.7612777
2010-06-02 22:04:10.0000006,5.3894734
2014-03-01 09:37:02.0000001,5.871793
2014-03-01 09:37:02.0000002,6.0668774
2014-03-01 09:37:02.0000003,53.80664
2011-07-18 12:12:18.0000001,6.2683454
2011-07-18 12:12:18.0000003,5.4849453
2011-07-18 12:12:18.0000002,7.4803357
2015-02-27 19:36:02.0000009,13.656154
2015-02-27 19:36:02.00000010,5.169555
2015-02-27 19:36:02.00000012,14.794281
2015-02-27 19:36:02.0000004,6.166791
2015-02-27 19:36:02.00000011,9.108493
2015-02-27 19:36:02.0000003,9.534999
2015-02-27 19:36:02.0000001,29.483746
2015-02-27 19:36:02.0000002,7.263922
2015-02-27 19:36:02.0000007,25.19557
2012-04-16 21:10:10.0000001,9.081756
2015-06-14 08:26:26.0000001,4.920231
2014-01-15 22:45:42.0000003,6.7289195
2014-01-15 22:45:42.0000001,49.13789
2014-01-15 22:45:42.0000002,12.549614
2013-04-06 19:16:10.0000001,4.2481546
2013-04-06 19:16:10.0000003,9.162323
2013-04-06 19:16:10.0000004,8.6534195
2013-04-06 19:16:10.0000005,12.755435
2014-03-08 16:08:26.0000002,12.975314
2014-03-08 16:08:26.0000004,5.148277
2013-12-06 23:40:42.0000001,10.114329
2013-12-06 23:40:42.0000006,40.669334
2013-12-06 23:40:42.0000002,38.179432
2013-12-06 23:40:42.0000003,14.412852
2013-08-19 17:09:50.0000001,4.7262397
2013-08-19 17:09:50.0000002,11.342491
2013-08-19 17:09:50.0000004,6.2729087
2013-08-19 17:09:50.0000003,11.534066
2009-11-02 21:38:38.0000001,9.937977
2009-06-03 09:11:30.0000004,8.46056
2009-06-03 09:11:30.0000003,13.952275
2009-06-03 09:11:30.0000002,7.7881784
2009-06-03 09:11:30.0000005,5.542991
2015-03-12 13:01:54.0000002,9.826505
2015-03-12 13:01:54.0000005,13.932159
2015-03-12 13:01:54.0000004,9.524966
2015-03-12 13:01:54.0000001,6.242774
2013-02-05 06:13:58.0000003,13.22466
2013-02-05 06:13:58.0000002,55.573463
2013-02-05 06:13:58.0000001,19.962633
2014-05-19 06:39:34.0000001,5.892825
2014-10-04 21:48:22.0000003,7.325663
2014-10-04 21:48:22.0000002,7.945006
2014-10-04 21:48:22.0000004,31.64068
2012-01-22 04:13:34.0000005,10.15272
2012-01-22 04:13:34.0000006,5.228721
2012-01-22 04:13:34.0000004,8.692962
2012-01-22 04:13:34.0000002,11.85436
2010-07-27 06:13:02.0000001,19.553917
2013-06-21 11:19:18.0000002,5.4205313
2013-06-21 11:19:18.0000001,10.558657
2010-12-23 05:52:26.0000001,28.288668
2010-12-23 05:52:26.0000002,46.887344
2010-12-17 10:33:34.0000004,8.161221
2010-12-17 10:33:34.0000002,4.513926
2012-06-04 11:34:58.0000003,9.852221
2012-06-04 11:34:58.0000004,6.6491227
2012-06-04 11:34:58.0000001,16.555235
2009-07-05 16:31:30.0000001,3.4383516
2009-07-05 16:31:30.0000002,6.4124017
2009-07-05 16:31:30.0000003,25.662373
2012-12-08 20:08:38.0000004,5.588849
2012-12-08 20:08:38.0000003,11.475206
2012-12-08 20:08:38.0000005,12.344424
2010-06-23 08:34:50.0000003,9.699505
2010-06-23 08:34:50.0000002,5.392192
2010-06-23 08:34:50.0000001,6.89344
2012-03-07 10:57:46.0000001,8.851153
2012-03-07 10:57:46.0000004,15.371909
2012-03-07 10:57:46.0000005,6.482949
2012-03-07 10:57:46.0000002,7.5284457
2012-03-07 10:57:46.0000003,8.002216
2010-02-24 07:06:54.0000001,7.2928333
2013-12-29 01:20:50.0000003,17.600897
2013-12-29 01:20:50.0000001,7.443498
2014-03-28 22:34:26.0000001,26.02606
2014-03-28 22:34:26.0000004,5.1999574
2014-03-28 22:34:26.0000003,10.515179
2010-12-04 21:08:38.0000002,10.535988
2010-12-04 21:08:38.0000001,16.005093
2010-12-04 21:08:38.0000006,7.7294726
2010-12-04 21:08:38.0000003,7.036027
2010-03-07 17:09:42.0000002,19.458761
2010-03-07 17:09:42.0000003,6.186156
2010-03-07 17:09:42.0000001,11.385509
2010-03-07 17:09:42.0000004,12.489289
2013-09-07 19:43:18.0000004,13.356426
2013-09-07 19:43:18.0000005,18.105604
2013-09-07 19:43:18.0000006,10.969418
2013-09-07 19:43:18.0000008,9.158598
2013-09-07 19:43:18.0000001,7.1302786
2013-12-20 15:31:06.0000001,8.572055
2013-12-20 15:31:06.0000002,9.85953
2010-09-06 04:31:54.0000001,19.644648
2013-11-01 05:26:54.0000001,56.293793
2010-03-07 00:47:26.0000004,16.51504
2012-03-20 01:55:42.0000001,17.848509
2011-10-02 05:06:46.0000001,13.402043
2010-10-31 18:45:58.0000003,5.0258746
2010-10-31 18:45:58.0000002,18.821121
2010-10-31 18:45:58.0000001,7.665445
2010-10-31 18:45:58.0000005,4.7587314
2015-02-03 09:00:58.0000002,9.970017
2012-08-08 08:58:50.0000001,6.986612
2012-08-08 08:58:50.0000004,4.915066
2012-08-08 08:58:50.0000005,7.0211444
2012-08-08 08:58:50.0000003,8.341045
2011-04-08 15:01:02.0000001,9.398656
2011-04-08 15:01:02.0000003,6.3488703
2009-01-14 03:42:38.0000001,8.655513
2015-01-10 09:38:54.0000007,12.662329
2015-01-10 09:38:54.0000003,7.255162
2015-01-10 09:38:54.0000004,14.953139
2010-12-04 09:25:10.0000001,11.01642
2010-12-04 09:25:10.0000002,7.5491924
2009-05-12 17:08:06.0000001,15.216104
2013-11-07 02:07:22.0000001,18.09719
2014-10-03 00:50:06.0000004,17.156057
2014-10-03 00:50:06.0000001,6.706909
2014-10-03 00:50:06.0000002,13.429874
2010-06-18 19:19:26.0000001,28.090801
2010-06-18 19:19:26.0000002,4.7022815
2010-06-18 19:19:26.0000003,5.989786
2010-05-10 03:55:14.0000001,8.568755
2013-06-21 00:00:34.0000001,21.74934
2013-06-21 00:00:34.0000002,23.139917
2013-06-21 00:00:34.0000003,13.129254
2009-03-11 16:02:14.0000006,7.237452
2009-03-11 16:02:14.0000004,6.9261293
2009-03-11 16:02:14.0000002,10.611381
2009-03-11 16:02:14.0000001,4.4601407
2009-03-11 16:02:14.0000005,7.467728
2009-03-11 16:02:14.0000003,5.88633
2013-07-05 17:38:14.0000001,9.422979
2013-08-26 01:11:14.0000002,11.704491
2013-08-26 01:11:14.0000001,10.381844
2012-07-30 01:49:10.0000001,4.06571
2012-07-30 01:49:10.0000002,15.814373
2011-05-13 03:57:10.0000001,6.4104776
2012-02-29 12:03:34.0000004,12.324117
2012-02-29 12:03:34.0000002,5.047712
2012-02-29 12:03:34.0000001,8.976502
2013-12-17 17:59:22.0000001,6.1755795
2012-09-18 09:58:54.0000003,10.512588
2012-09-18 09:58:54.0000002,39.116547
2012-09-18 09:58:54.0000001,12.0558605
2013-07-23 18:56:30.0000002,7.373358
2013-07-23 18:56:30.0000001,7.2443414
2014-05-15 01:39:14.0000001,29.342775
2013-09-16 14:16:34.0000003,7.430838
2013-09-16 14:16:34.0000001,39.11361
2014-01-04 17:27:38.0000001,27.182173
2014-01-04 17:27:38.0000002,9.409827
2014-01-04 17:27:38.0000003,9.38513
2011-03-10 18:16:14.0000003,7.838563
2011-03-10 18:16:14.0000004,5.4009395
2011-03-10 18:16:14.0000001,4.619991
2013-04-05 06:42:26.0000002,7.4503627
2013-04-05 06:42:26.0000001,13.1056185
2009-03-11 12:01:30.0000001,14.956591
2009-03-11 12:01:30.0000002,5.7964654
2009-03-11 12:01:30.0000004,7.2066393
2015-01-20 05:31:06.0000001,59.33687
2009-08-03 17:06:06.0000001,5.7172217
2014-01-05 08:51:10.0000001,6.0876794
2010-03-13 01:23:10.0000002,21.151678
2010-03-13 01:23:10.0000003,5.3600006
2012-05-30 02:28:50.0000001,9.840562
2012-07-26 12:40:38.0000002,6.8742166
2012-07-26 12:40:38.0000001,31.492918
2012-07-26 12:40:38.0000003,8.895873
2010-09-22 16:28:54.0000003,7.019754
2010-09-22 16:28:54.0000001,7.9862356
2010-09-22 16:28:54.0000002,25.185009
2014-05-26 22:57:10.0000002,6.2489133
2014-05-26 22:57:10.0000003,14.973392
2014-05-26 22:57:10.0000005,6.0730586
2014-05-26 22:57:10.0000004,11.254518
2012-02-11 07:03:34.0000001,3.9112039
2010-06-27 05:03:38.0000001,5.810008
2014-09-29 11:51:06.0000001,21.265701
2014-09-29 11:51:06.0000002,6.3954825
2010-09-04 18:31:42.0000002,10.379656
2010-09-04 18:31:42.0000001,18.681435
2015-04-14 19:20:46.0000001,11.001765
2015-04-14 19:20:46.0000005,5.925007
2015-04-14 19:20:46.00000010,4.8333664
2015-04-14 19:20:46.0000007,4.465181
2015-04-14 19:20:46.0000004,6.3857927
2015-04-14 19:20:46.0000003,12.192125
2015-04-14 19:20:46.0000006,7.7586
2015-04-14 19:20:46.0000002,8.355753
2015-04-14 19:20:46.0000009,11.145562
2009-07-20 08:53:34.0000002,4.7980933
2009-07-20 08:53:34.0000001,7.006546
2013-04-03 16:09:02.0000002,4.705027
2013-04-03 16:09:02.0000001,70.14233
2009-11-20 23:19:58.0000001,6.9706016
2009-11-20 23:19:58.0000002,9.735636
2012-08-04 09:01:54.0000002,9.750927
2012-08-04 09:01:54.0000001,4.6736345
2011-09-22 20:05:22.0000007,9.325685
2011-09-22 20:05:22.0000001,9.676776
2011-09-22 20:05:22.0000005,11.10183
2011-09-22 20:05:22.0000006,5.3733544
2014-08-09 01:27:30.0000002,6.7092566
2011-02-15 05:44:42.0000002,12.359109
2011-02-15 05:44:42.0000001,48.76271
2014-10-31 12:04:26.0000002,33.29602
2014-10-31 12:04:26.0000001,6.9619446
2015-02-09 07:16:26.0000006,4.8763685
2015-02-09 07:16:26.0000004,6.0972843
2015-02-09 07:16:26.0000007,5.69638
2015-02-09 07:16:26.0000001,4.989103
2015-02-09 07:16:26.0000002,10.286457
2015-02-09 07:16:26.0000008,5.8425303
2015-02-09 07:16:26.0000003,9.212731
2011-09-08 17:26:34.0000001,8.368077
2011-09-08 17:26:34.0000003,11.966164
2011-09-08 17:26:34.0000002,11.868556
2011-09-08 17:26:34.0000004,7.1911488
2013-04-10 21:03:42.0000004,6.2681646
2013-04-10 21:03:42.0000005,10.22214
2013-04-10 21:03:42.0000003,5.802979
2013-04-10 21:03:42.0000002,12.257914
2013-04-10 21:03:42.0000001,5.632992
2011-12-29 19:29:50.0000003,6.8423824
2011-12-29 19:29:50.0000004,14.014672
2011-12-29 19:29:50.0000001,9.506512
2013-09-26 15:50:06.0000003,5.2391477
2013-09-26 15:50:06.0000005,16.711737
2013-09-26 15:50:06.0000002,6.9174037
2013-09-26 15:50:06.0000001,12.285324
2013-09-26 15:50:06.0000004,7.440704
2012-10-01 07:18:06.0000001,5.5921965
2012-10-01 07:18:06.0000002,6.679719
2013-03-14 21:43:46.0000001,15.392988
2012-10-05 23:47:02.0000001,10.302
2009-02-08 00:04:06.0000004,12.156321
2009-02-08 00:04:06.0000002,29.333122
2012-02-04 22:47:18.0000001,5.1917953
2012-02-04 22:47:18.0000003,6.3339534
2012-05-06 03:01:10.0000003,5.432834
2012-05-06 03:01:10.0000002,11.349591
2014-07-08 08:56:58.0000001,8.037519
2010-01-09 08:29:14.0000003,3.9382482
2010-01-09 08:29:14.0000002,7.5515575
2010-01-09 08:29:14.0000001,13.67698
2010-01-09 08:29:14.0000004,4.9986844
2010-12-06 03:36:58.0000001,4.5624876
2011-10-19 05:25:18.0000002,28.780275
2011-10-19 05:25:18.0000001,7.0719776
2014-06-14 08:13:22.0000002,18.219465
2014-06-14 08:13:22.0000003,18.356855
2014-06-14 08:13:22.0000001,13.092434
2011-02-19 10:14:58.0000002,6.0664215
2014-12-25 03:10:26.0000001,10.876849
2009-06-16 14:32:38.0000003,5.8670926
2009-06-16 14:32:38.0000001,8.238671
2009-06-16 14:32:38.0000005,8.612357
2009-06-16 14:32:38.0000006,7.0626407
2009-06-16 14:32:38.0000002,7.9489193
2009-06-16 14:32:38.0000004,16.472942
2010-08-16 17:14:18.0000001,44.104507
2013-04-29 09:18:06.0000004,6.903424
2013-04-29 09:18:06.0000002,22.642294
2013-04-29 09:18:06.0000005,9.891306
2013-04-29 09:18:06.0000001,21.972086
2013-04-29 09:18:06.0000003,11.751114
2013-06-23 14:52:34.0000002,30.117958
2013-06-23 14:52:34.0000001,5.4029455
2013-03-28 05:22:58.0000001,6.8315134
2015-06-08 20:18:30.0000006,9.793536
2015-06-08 20:18:30.0000003,6.560597
2015-06-08 20:18:30.0000002,16.456934
2015-06-08 20:18:30.0000001,9.744941
2015-06-08 20:18:30.0000004,10.91268
2015-06-08 20:18:30.0000005,12.01447
2011-09-08 13:39:06.0000001,7.591018
2012-03-03 02:30:54.0000001,6.5294485
2012-03-03 02:30:54.0000002,7.6102724
2012-03-03 02:30:54.0000004,9.143919
2010-03-27 20:11:10.0000003,5.519339
2010-03-27 20:11:10.0000001,8.176855
2010-03-27 20:11:10.0000002,11.386612
2009-08-11 22:40:02.0000002,7.733161
2009-08-11 22:40:02.0000003,32.537144
2009-08-11 22:40:02.0000004,3.7984939
2009-08-11 22:40:02.0000005,13.119055
2009-08-11 22:40:02.0000001,4.94276
2012-12-27 21:01:54.0000001,7.1942205
2012-12-27 21:01:54.0000003,6.435588
2012-12-27 21:01:54.0000006,10.203343
2012-12-27 21:01:54.0000007,18.070713
2012-12-27 21:01:54.0000008,10.896103
2015-04-16 18:45:22.0000003,7.198921
2015-04-16 18:45:22.0000002,6.5151896
2015-04-16 18:45:22.0000001,10.705861
2015-04-16 18:45:22.0000005,19.063177
2014-05-17 10:51:46.0000001,7.247769
2014-05-17 10:51:46.0000004,6.8427353
2014-05-17 10:51:46.0000002,29.69443
2009-05-04 11:23:18.0000001,7.6376657
2009-05-04 11:23:18.0000003,6.985329
2009-05-04 11:23:18.0000002,8.2177305
2013-07-22 14:30:06.0000002,6.0992303
2013-07-22 14:30:06.0000001,16.493448
2015-05-31 20:48:54.0000005,4.526498
2015-05-31 20:48:54.0000004,10.0856
2015-05-31 20:48:54.0000001,4.691579
2010-07-16 06:44:06.0000001,5.5045624
2010-07-16 06:44:06.0000003,12.416021
2010-07-16 06:44:06.0000004,16.35938
2010-07-16 06:44:06.0000002,14.661983
2013-01-06 12:39:54.0000003,7.870459
2013-01-06 12:39:54.0000001,7.1166596
2013-01-06 12:39:54.0000004,7.869023
2013-01-06 12:39:54.0000002,6.778795
2013-01-06 12:39:54.0000005,3.8749416
2012-12-15 15:55:42.0000001,8.18398
2012-12-15 15:55:42.0000002,10.001928
2010-05-06 11:35:26.0000001,6.3466415
2010-05-06 11:35:26.0000003,23.257015
2014-01-06 10:16:02.0000001,18.357891
2014-01-06 10:16:02.0000002,5.9637504
2012-07-24 04:44:26.0000001,9.541899
2010-08-06 15:37:14.0000007,7.4596562
2010-08-06 15:37:14.0000003,7.7371125
2010-08-06 15:37:14.0000006,8.649818
2010-08-06 15:37:14.0000005,28.793724
2010-08-06 15:37:14.0000004,10.3032465
2010-08-06 15:37:14.0000002,10.522202
2010-08-06 15:37:14.0000001,6.835762
2010-11-10 23:21:50.0000002,6.911974
2010-11-10 23:21:50.0000003,7.2681246
2013-03-31 00:09:58.0000002,9.184411
2013-03-31 00:09:58.0000003,10.497149
2010-02-01 00:05:42.0000001,10.100468
2010-02-01 00:05:42.0000002,14.6788845
2009-06-18 18:47:22.0000003,11.825597
2009-06-18 18:47:22.0000001,8.395817
2009-06-18 18:47:22.0000002,10.368651
2015-01-03 08:47:26.0000001,10.909988
2015-01-03 08:47:26.0000002,11.460939
2014-06-20 02:16:34.0000001,7.463241
2011-02-03 07:13:06.0000001,5.1454616
2014-01-14 18:48:06.0000007,12.259705
2014-01-14 18:48:06.0000002,6.1675315
2014-01-14 18:48:06.0000003,5.5690417
2014-01-14 18:48:06.0000004,7.33881
2014-01-14 18:48:06.0000001,8.317438
2014-01-14 18:48:06.0000005,7.3106275
2014-01-14 18:48:06.0000006,7.4098964
2013-10-18 05:08:54.0000001,34.92056
2011-07-20 08:05:02.0000003,7.854594
2011-07-20 08:05:02.0000002,5.202423
2011-07-20 08:05:02.0000004,8.676855
2009-05-03 16:02:54.0000005,7.8832016
2009-05-03 16:02:54.0000003,5.705725
2009-05-03 16:02:54.0000002,5.623419
2009-05-03 16:02:54.0000001,14.354878
2012-09-06 17:58:06.0000001,4.6528916
2012-09-06 17:58:06.0000003,10.403505
2014-04-06 16:47:14.0000003,6.8053684
2014-09-06 03:52:50.0000002,11.7838745
2013-07-27 09:59:18.0000001,7.3747225
2014-12-26 20:19:38.0000002,6.7057586
2014-01-01 13:06:34.0000001,6.058627
2011-12-25 15:35:54.0000003,6.326206
2011-12-25 15:35:54.0000004,8.067453
2015-05-14 23:11:58.0000001,17.200891
2015-05-14 23:11:58.0000007,10.33415
2015-05-14 23:11:58.0000003,7.8970294
2015-05-14 23:11:58.0000005,8.5904045
2015-05-14 23:11:58.0000008,9.5479965
2015-05-14 23:11:58.0000002,13.502545
2015-05-14 23:11:58.0000006,6.1033187
2015-04-22 09:54:06.0000002,7.4941645
2015-04-22 09:54:06.0000003,6.4992547
2009-03-22 07:02:02.0000001,7.486049
2012-04-30 04:34:50.0000001,18.156956
2009-01-21 09:13:50.0000003,4.607955
2009-01-21 09:13:50.0000004,6.0854306
2009-01-21 09:13:50.0000001,9.275063
2009-01-21 09:13:50.0000002,7.5726366
2010-06-11 18:07:10.0000002,5.1067533
2010-06-11 18:07:10.0000001,4.488183
2010-06-11 18:07:10.0000004,12.151232
2010-06-11 18:07:10.0000003,13.320778
2012-09-01 19:04:18.0000002,8.375027
2014-06-18 06:22:42.0000001,6.813366
2014-06-18 06:22:42.0000002,10.229461
2009-12-09 08:34:30.0000001,6.8794556
2009-12-09 08:34:30.0000002,5.8617377
2009-12-09 08:34:30.0000003,45.176895
2009-12-09 08:34:30.0000004,48.746834
2013-06-06 02:54:50.0000002,11.788378
2013-06-06 02:54:50.0000003,7.318314
2010-07-19 12:15:54.0000003,7.157666
2010-07-19 12:15:54.0000002,11.509444
2010-07-19 12:15:54.0000001,5.8317513
2010-07-19 12:15:54.0000004,5.7449
2013-12-18 12:36:46.0000001,9.75822
2013-12-18 12:36:46.0000003,41.422504
2013-12-18 12:36:46.0000004,7.8686266
2013-12-18 12:36:46.0000002,9.911598
2009-01-25 21:17:18.0000002,7.5163627
2009-01-25 21:17:18.0000003,6.26022
2012-10-03 09:18:22.0000002,8.06182
2012-10-03 09:18:22.0000003,10.990575
2012-10-03 09:18:22.0000004,7.2053857
2012-10-03 09:18:22.0000001,14.95586
2012-10-03 09:18:22.0000005,11.996844
2012-06-13 19:49:50.0000003,10.022084
2012-06-13 19:49:50.0000002,12.662443
2012-06-13 19:49:50.0000001,4.346846
2011-09-03 00:03:42.0000004,4.524712
2011-09-03 00:03:42.0000009,13.53895
2011-09-03 00:03:42.0000001,6.401888
2011-09-03 00:03:42.0000003,6.2860475
2011-09-03 00:03:42.0000006,8.518741
2011-09-03 00:03:42.0000002,7.354565
2011-09-03 00:03:42.0000005,7.853997
2009-01-27 13:27:30.0000002,10.65367
2009-01-27 13:27:30.0000001,7.5372076
2009-07-03 00:41:38.0000001,8.945716
2009-07-03 00:41:38.0000002,4.8242173
2010-05-29 11:51:30.0000001,5.5221133
2013-07-02 22:27:14.0000005,7.624534
2013-07-02 22:27:14.0000003,12.015229
2015-05-09 11:33:58.0000004,5.998929
2015-05-09 11:33:58.0000001,7.6633663
2015-05-09 11:33:58.0000003,35.15931
2011-07-18 00:04:54.0000002,4.5584283
2011-04-03 03:46:18.0000002,9.881437
2009-11-03 13:04:46.0000003,6.59865
2009-11-03 13:04:46.0000002,17.097456
2009-11-03 13:04:46.0000001,8.350693
2010-06-25 14:00:14.0000002,8.077966
2010-12-20 09:39:02.0000001,14.205134
2010-12-20 09:39:02.0000002,6.472778
2014-05-20 14:43:10.0000001,9.347569
2014-05-20 14:43:10.0000002,6.007567
2010-09-16 05:07:10.0000001,6.5119624
2011-08-01 17:44:30.0000006,6.4901276
2011-08-01 17:44:30.0000005,6.0192413
2011-08-01 17:44:30.0000001,9.100189
2011-08-01 17:44:30.0000002,8.306631
2011-08-01 17:44:30.0000004,4.8873863
2011-03-01 07:23:14.0000003,5.9532504
2011-03-01 07:23:14.0000001,5.891563
2011-06-24 13:23:18.0000004,13.636098
2011-06-24 13:23:18.0000001,14.875588
2011-06-24 13:23:18.0000002,17.362934
2011-06-24 13:23:18.0000003,10.453224
2013-11-19 02:41:10.0000001,9.549308
2012-01-01 18:02:46.0000003,4.6205745
2012-01-01 18:02:46.0000002,8.140927
2015-03-28 19:31:26.0000002,6.122116
2015-03-28 19:31:26.0000006,7.2329817
2015-03-28 19:31:26.0000001,8.641154
2015-03-28 19:31:26.0000005,12.352023
2010-07-13 11:53:15.0000004,7.3760424
2010-07-13 11:53:15.0000001,11.161781
2010-07-13 11:53:15.0000007,15.059141
2010-07-13 11:53:15.0000002,8.756513
2013-02-07 13:47:59.0000004,9.554125
2013-02-07 13:47:59.0000001,4.4809637
2013-02-07 13:47:59.0000003,9.323136
2013-08-08 14:38:43.0000001,4.5932627
2013-08-08 14:38:43.0000003,5.850057
2015-05-19 13:58:11.0000003,37.50496
2015-05-19 13:58:11.0000008,11.779116
2015-05-19 13:58:11.0000005,13.153328
2015-05-19 13:58:11.0000007,43.56465
2015-05-19 13:58:11.0000004,7.081573
2015-05-19 13:58:11.0000002,14.330524
2012-07-31 22:21:11.0000001,7.0089006
2012-07-31 22:21:11.0000002,4.6866155
2013-01-03 08:50:31.0000001,11.3418865
2013-01-03 08:50:31.0000002,7.2297773
2013-01-03 08:50:31.0000007,7.5168324
2013-01-03 08:50:31.0000004,8.872938
2013-01-03 08:50:31.0000006,27.851559
2013-01-03 08:50:31.0000005,20.921747
2009-04-14 17:43:23.0000003,5.532789
2009-04-14 17:43:23.0000007,12.243059
2009-04-14 17:43:23.0000006,9.169226
2009-04-14 17:43:23.0000008,6.0575824
2009-04-14 17:43:23.0000004,10.3320265
2009-04-14 17:43:23.0000005,6.70607
2009-11-19 22:48:27.0000003,8.658772
2009-11-19 22:48:27.0000002,19.315226
2009-11-19 22:48:27.0000004,6.640911
2013-02-15 00:37:15.0000003,15.100897
2013-02-15 00:37:15.0000002,13.380324
2013-02-15 00:37:15.0000001,9.444001
2012-03-25 04:50:39.0000002,11.1025305
2012-03-24 23:33:59.0000001,5.856361
2012-12-26 18:28:55.0000002,6.9556804
2012-12-26 18:28:55.0000005,18.481392
2012-12-26 18:28:55.0000001,10.318117
2012-12-26 18:28:55.0000003,5.107736
2012-12-26 18:28:55.0000007,27.30058
2012-12-26 18:28:55.0000006,55.688828
2011-07-06 19:56:23.0000004,6.9917464
2011-07-06 19:56:23.0000002,5.6995106
2011-07-06 19:56:23.0000006,14.2237425
2011-07-06 19:56:23.0000007,10.451885
2011-07-06 19:56:23.0000003,8.76027
2014-12-15 10:41:15.0000001,5.2872224
2014-12-15 10:41:15.0000002,23.603157
2014-12-15 10:41:15.0000003,12.799782
2011-08-14 21:39:31.0000001,8.843552
2011-08-14 21:39:31.0000002,7.5293303
2010-06-06 21:04:55.0000001,6.144769
2013-09-27 19:02:51.0000001,12.812438
2013-09-27 19:02:51.0000003,36.681774
2013-09-27 19:02:51.0000004,8.49855
2013-09-27 19:02:51.0000002,9.825655
2013-05-28 18:24:27.0000003,12.847769
2013-05-28 18:24:27.0000001,6.206925
2013-05-28 18:24:27.0000004,8.318507
2013-05-28 18:24:27.0000002,4.8265004
2015-06-15 14:34:03.0000002,5.866781
2010-07-04 16:44:11.0000001,6.4677997
2010-07-04 16:44:11.0000002,7.402762
2014-11-26 06:46:23.0000001,14.434238
2010-07-27 11:37:43.0000001,14.6884
2010-07-27 11:37:43.0000003,9.453675
2010-07-27 11:37:43.0000005,15.279191
2010-07-27 11:37:43.0000006,10.233751
2010-07-27 11:37:43.0000004,8.393478
2010-07-27 11:37:43.0000002,28.754864
2010-12-19 16:25:15.0000004,10.665911
2010-12-19 16:25:15.0000003,5.8928123
2010-12-19 16:25:15.0000001,7.3882146
2012-08-19 12:06:39.0000001,4.9239125
2011-02-26 12:32:15.0000001,4.333521
2011-02-26 12:32:15.0000002,4.942507
2015-06-18 20:56:55.0000003,10.620849
2015-06-18 20:56:55.0000005,28.52373
2015-06-18 20:56:55.0000007,38.708195
2015-06-18 20:56:55.0000006,5.17918
2013-11-24 21:33:11.0000001,57.17687
2013-11-24 21:33:11.0000002,10.378479
2015-04-28 20:15:27.0000002,49.5452
2015-04-28 20:15:27.0000006,6.5895557
2015-04-28 20:15:27.0000001,8.385045
2015-04-28 20:15:27.0000005,7.8869624
2015-04-28 20:15:27.0000008,15.711357
2013-01-23 13:49:19.0000002,10.110435
2013-01-23 13:49:19.0000003,40.00564
2014-03-12 19:19:31.0000003,22.961548
2014-03-12 19:19:31.0000001,26.738344
2014-03-12 19:19:31.0000002,8.167951
2010-07-26 09:54:11.0000001,5.4021645
2012-01-03 08:49:15.0000002,6.29954
2012-01-03 08:49:15.0000001,47.969715
2012-01-03 08:49:15.0000004,3.3877554
2012-01-03 08:49:15.0000003,4.247949
2012-11-05 14:49:19.0000002,18.000349
2012-11-05 14:49:19.0000001,5.425662
2012-06-09 19:03:11.0000004,7.2051787
2012-06-09 19:03:11.0000006,11.268767
2012-06-09 19:03:11.0000002,3.9342625
2012-06-09 19:03:11.0000003,10.01234
2012-06-09 19:03:11.0000001,9.951989
2010-10-17 23:12:19.0000004,8.309422
2010-10-17 23:12:19.0000005,6.378982
2010-10-17 23:12:19.0000001,4.862406
2010-10-17 23:12:19.0000002,10.322105
2010-10-17 23:12:19.0000003,4.192701
2014-06-07 12:21:11.0000001,39.20803
2014-06-07 12:21:11.0000004,7.800312
2011-09-08 22:37:43.0000004,5.9157777
2011-09-08 22:37:43.0000003,9.447942
2011-09-08 22:37:43.0000005,18.264786
2011-09-08 22:37:43.0000002,9.861013
2014-10-30 19:25:15.0000003,55.24966
2014-10-30 19:25:15.0000005,5.2265615
2014-10-30 19:25:15.0000001,5.236628
2014-10-30 19:25:15.0000002,43.713535
2014-10-30 19:25:15.0000004,9.591497
2010-06-18 22:52:11.0000002,5.1934867
2011-02-16 05:49:51.0000001,5.8761096
2011-09-13 13:31:51.0000004,6.665664
2011-09-13 13:31:51.0000003,45.53036
2011-09-13 13:31:51.0000002,5.993962
2009-09-28 04:31:39.0000001,9.667684
2009-01-11 03:31:55.0000001,17.054882
2009-01-11 03:31:55.0000003,10.477842
2009-01-11 03:31:55.0000004,10.877992
2009-01-11 03:31:55.0000002,6.074265
2014-01-24 03:38:19.0000001,17.505287
2014-08-06 18:03:31.0000002,11.129153
2014-08-06 18:03:31.0000001,9.243507
2009-08-26 00:46:43.0000001,5.8527913
2014-01-19 09:28:55.0000001,20.15735
2010-01-27 06:01:59.0000001,5.274026
2011-11-30 23:09:47.0000003,12.974435
2011-11-30 23:09:47.0000002,10.836478
2011-11-30 23:09:47.0000001,6.525288
2014-08-03 23:37:31.0000003,10.902525
2014-08-03 23:37:31.0000002,12.679019
2014-08-03 23:37:31.0000001,7.300572
2014-10-06 09:24:11.0000002,19.512882
2014-10-06 09:24:11.0000004,37.64683
2014-10-06 09:24:11.0000003,8.666998
2014-10-06 09:24:11.0000001,10.427967
2009-08-28 12:38:19.0000001,11.40386
2009-08-28 12:38:19.0000004,17.071814
2009-08-28 12:38:19.0000003,26.907267
2009-08-28 12:38:19.0000002,7.717832
2012-03-15 18:23:55.0000001,5.768704
2012-03-15 18:23:55.0000004,11.518346
2012-03-15 18:23:55.0000005,7.7281466
2012-03-15 18:23:55.0000003,8.824763
2011-11-23 21:07:43.0000003,4.581251
2011-11-23 21:07:43.0000002,15.017924
2012-11-23 07:58:23.0000001,8.431701
2010-11-17 19:10:23.0000007,22.99198
2010-11-17 19:10:23.0000006,7.4004755
2010-11-17 19:10:23.0000001,5.1365237
2010-11-17 19:10:23.0000002,25.127466
2010-11-17 19:10:23.0000008,11.041049
2010-11-17 19:10:23.0000004,4.799019
2015-02-14 13:15:19.0000003,12.534855
2015-02-14 13:15:19.0000006,9.580973
2015-02-14 13:15:19.0000004,5.633993
2015-02-14 13:15:19.0000008,7.773937
2015-02-14 13:15:19.0000001,19.52699
2013-01-12 22:40:39.0000003,4.485386
2013-01-12 22:40:39.0000004,11.1352
2013-01-12 22:40:39.0000001,13.532215
2013-01-12 22:40:39.0000005,8.049215
2013-01-12 22:40:39.0000006,5.3374815
2011-04-12 12:06:07.0000002,7.3866606
2011-04-12 12:06:07.0000001,31.774973
2010-11-04 20:14:39.0000005,5.129971
2010-11-04 20:14:39.0000002,5.6940837
2010-11-04 20:14:39.0000004,7.8195586
2010-11-04 20:14:39.0000003,6.9085183
2010-11-04 20:14:39.0000001,6.8239226
2011-04-25 19:14:55.0000003,8.364207
2011-04-25 19:14:55.0000001,4.896891
2011-04-25 19:14:55.0000004,6.8895435
2011-04-25 19:14:55.0000002,5.989548
2011-04-25 19:14:55.0000005,6.9880366
2010-02-15 14:20:31.0000001,7.2107925
2013-03-23 15:41:07.0000001,9.653951
2013-03-23 15:41:07.0000004,9.219467
2013-03-23 15:41:07.0000005,5.6670327
2012-12-09 06:04:39.0000001,54.236546
2013-11-07 16:38:15.0000003,8.686029
2013-11-07 16:38:15.0000002,8.363136
2013-11-07 16:38:15.0000001,7.744195
2011-08-08 11:18:15.0000004,9.926698
2011-08-08 11:18:15.0000003,8.546312
2011-08-08 11:18:15.0000002,6.5674133
2009-05-08 22:14:51.0000004,4.755799
2009-05-08 22:14:51.0000001,12.120739
2009-05-08 22:14:51.0000003,10.615912
2012-11-15 18:22:19.0000002,14.746275
2012-11-15 18:22:19.0000007,6.804832
2012-11-15 18:22:19.0000003,4.823871
2012-11-15 18:22:19.0000005,8.819401
2012-11-15 18:22:19.0000001,21.553596
2012-11-15 18:22:19.0000004,9.004305
2012-11-15 18:22:19.0000006,11.813043
2010-01-31 00:33:03.0000002,6.563719
2010-01-31 00:33:03.0000004,4.5744324
2010-01-31 00:33:03.0000001,21.398642
2010-01-31 00:33:03.0000007,6.0220075
2010-01-31 00:33:03.0000003,10.881638
2012-04-20 07:30:43.0000003,5.362897
2012-04-20 07:30:43.0000002,14.361334
2012-04-20 07:30:43.0000004,6.9653254
2012-04-20 07:30:43.0000001,8.612125
2009-09-29 09:38:15.0000002,6.4515676
2009-09-29 09:38:15.0000001,9.273279
2010-12-31 05:30:19.0000002,5.5712657
2010-12-31 05:30:19.0000001,11.58841
2009-01-18 18:22:07.0000001,20.103539
2009-01-28 11:27:19.0000002,4.615426
2013-05-04 05:00:43.0000001,9.645557
2014-02-23 13:22:03.0000002,7.241674
2014-02-23 13:22:03.0000001,5.6508217
2010-10-28 12:38:55.0000003,9.180941
2010-10-28 12:38:55.0000002,6.5662384
2010-10-28 12:38:55.0000001,10.813692
2015-05-20 19:39:11.0000002,15.727441
2015-05-20 19:39:11.0000009,13.392675
2015-05-20 19:39:11.0000001,12.319205
2015-05-20 19:39:11.0000008,12.63565
2015-05-20 19:39:11.0000007,31.676498
2015-05-20 19:39:11.0000005,7.993802
2015-05-20 19:39:11.0000006,8.444369
2015-03-20 16:33:07.0000002,9.401614
2015-03-20 16:33:07.0000001,8.166722
2013-04-26 17:05:07.0000001,9.301505
2014-01-11 17:47:47.0000005,24.23404
2014-01-11 17:47:47.0000006,5.421133
2014-01-11 17:47:47.0000002,16.90971
2014-01-11 17:47:47.0000003,5.9044533
2014-01-11 17:47:47.0000004,10.283626
2012-03-10 10:48:43.0000001,8.3617
2012-03-10 10:48:43.0000004,10.724204
2012-03-10 10:48:43.0000003,6.774383
2012-03-10 10:48:43.0000005,4.00308
2012-03-10 10:48:43.0000002,8.0356245
2012-07-12 02:46:07.0000002,20.057823
2009-01-06 14:48:51.0000003,5.3351374
2009-01-06 14:48:51.0000002,5.6603613
2009-01-06 14:48:51.0000001,4.7359843
2015-04-15 03:30:27.0000001,4.6593995
2015-04-26 21:44:23.0000001,36.023697
2015-04-26 21:44:23.0000003,12.5468235
2014-11-24 05:03:51.0000001,14.767573
2014-03-05 23:16:07.0000002,61.71348
2015-01-04 00:28:11.0000005,8.505022
2015-01-04 00:28:11.0000001,10.164515
2015-01-04 00:28:11.0000002,4.9965396
2015-01-04 00:28:11.0000003,9.731722
2014-12-17 20:56:31.0000004,6.105404
2014-12-17 20:56:31.0000002,16.271555
2014-12-17 20:56:31.0000001,9.326929
2010-10-04 16:17:03.0000002,4.506042
2010-10-04 16:17:03.0000003,4.486095
2010-10-04 16:17:03.0000005,8.982
2010-10-04 16:17:03.0000004,9.853098
2010-10-09 15:48:51.0000001,4.9807997
2010-10-09 15:48:51.0000005,10.433177
2010-10-09 15:48:51.0000002,5.5616274
2013-10-10 11:09:23.0000006,6.39593
2013-10-10 11:09:23.0000004,9.209211
2013-10-10 11:09:23.0000002,6.9355874
2013-10-10 11:09:23.0000003,6.822231
2013-10-10 11:09:23.0000005,10.3554325
2010-12-14 00:39:07.0000001,19.180628
2010-12-14 00:39:07.0000002,5.7534018
2010-12-14 00:39:07.0000003,9.003521
2013-01-08 07:03:07.0000004,7.7142577
2013-01-08 07:03:07.0000003,11.894869
2013-01-08 07:03:07.0000002,6.8942003
2012-10-28 17:21:19.0000004,6.4039087
2012-10-28 17:21:19.0000002,5.442187
2010-03-10 10:37:39.0000003,6.9408617
2010-03-10 10:37:39.0000004,5.96397
2010-03-10 10:37:39.0000001,6.634886
2010-03-10 10:37:39.0000002,12.732018
2012-04-27 22:32:19.0000001,4.6651564
2012-04-27 22:32:19.0000003,5.4923205
2009-04-14 06:55:19.0000001,44.156277
2009-04-14 06:55:19.0000002,3.5706947
2013-07-22 14:22:51.0000001,22.704084
2012-02-11 21:23:07.0000002,4.7563567
2012-02-11 21:23:07.0000001,7.001911
2012-02-11 21:23:07.0000004,3.4486425
2012-02-11 21:23:07.0000003,5.402027
2015-05-10 12:37:51.0000001,18.812775
2015-05-10 12:37:51.0000004,5.2555914
2015-05-10 12:37:51.0000006,7.980779
2010-12-11 13:31:11.0000001,8.932367
2010-12-11 13:31:11.0000002,10.077567
2010-03-01 22:21:55.0000001,3.334223
2010-03-01 22:21:55.0000004,9.266157
2014-11-03 22:00:07.0000001,8.277118
2009-08-26 16:50:19.0000001,4.197401
2009-08-26 16:50:19.0000002,7.3432636
2010-06-07 10:02:51.0000002,4.3843303
2010-06-07 10:02:51.0000001,6.4210663
2010-06-07 10:02:51.0000004,14.942926
2010-06-07 10:02:51.0000003,11.252248
2015-03-08 14:59:23.0000002,15.205803
2015-03-08 14:59:23.0000004,55.15809
2015-03-08 14:59:23.0000005,18.774797
2010-12-13 05:52:47.0000001,9.00889
2012-10-12 15:21:55.0000001,6.9518566
2011-05-17 07:53:55.0000002,4.7888775
2011-05-17 07:53:55.0000004,7.6263404
2011-05-17 07:53:55.0000001,8.56939
2012-12-26 20:55:27.0000002,12.525551
2012-12-26 20:55:27.0000005,11.09333
2012-12-26 20:55:27.0000004,13.002778
2009-02-22 14:59:11.0000001,11.344738
2011-12-17 16:19:47.0000003,13.51363
2011-12-17 16:19:47.0000001,11.366591
2014-12-02 23:54:11.0000002,10.054329
2014-12-02 23:54:11.0000001,9.035517
2014-11-11 11:21:07.0000001,5.882401
2014-07-11 12:35:19.0000003,11.717723
2014-07-11 12:35:19.0000001,9.081948
2014-07-11 12:35:19.0000002,16.485144
2010-01-25 15:04:11.0000001,5.140103
2010-01-25 15:04:11.0000002,8.064798
2014-01-26 13:51:39.0000002,10.864194
2014-01-26 13:51:39.0000003,7.354915
2011-11-18 04:49:19.0000002,4.8929176
2011-11-18 04:49:19.0000003,47.312275
2011-11-18 04:49:19.0000001,4.210545
2014-11-30 15:46:23.0000001,8.32001
2014-11-30 15:46:23.0000004,7.808916
2014-11-30 15:46:23.0000006,32.820873
2014-11-30 15:46:23.0000005,5.2020183
2011-08-20 15:50:39.0000002,29.559334
2010-06-22 14:25:19.0000005,12.695973
2010-06-22 14:25:19.0000003,6.9735484
2010-06-22 14:25:19.0000002,6.0671296
2010-06-22 14:25:19.0000006,4.8567886
2010-06-22 14:25:19.0000004,9.433372
2010-12-06 18:51:31.0000001,9.771695
2010-12-06 18:51:31.0000002,14.975731
2014-05-25 19:46:59.0000004,19.210087
2014-05-25 19:46:59.0000002,8.567852
2014-05-25 19:46:59.0000001,7.3814325
2009-11-20 14:03:03.0000003,8.084308
2009-11-20 14:03:03.0000004,13.822773
2009-11-20 14:03:03.0000001,14.004542
2009-11-20 14:03:03.0000005,8.513584
2009-11-20 14:03:03.0000002,8.348777
2010-09-17 18:21:11.0000001,12.96893
2011-02-23 21:35:19.0000001,4.644471
2011-02-23 21:35:19.0000002,11.233721
2013-01-03 11:41:47.0000001,4.566409
2014-04-04 05:47:11.0000001,14.128526
2014-08-18 19:09:19.0000001,10.187091
2014-08-18 19:09:19.0000002,15.461561
2010-04-12 08:22:27.0000001,5.572899
2010-04-12 08:22:27.0000002,10.11298
2010-06-05 08:18:11.0000002,14.94163
2010-06-05 08:18:11.0000001,4.952638
2010-06-05 08:18:11.0000003,29.375687
2013-05-07 23:58:31.0000001,25.695013
2013-01-11 20:08:07.0000002,7.6748524
2013-02-17 23:55:55.0000001,12.223494
2013-02-17 23:55:55.0000002,24.372286
2013-02-17 23:55:55.0000003,13.436484
2010-11-26 06:04:59.0000001,4.347756
2013-10-09 17:27:39.0000002,9.578548
2013-02-27 13:28:43.0000003,8.646563
2013-02-27 13:28:43.0000001,4.7405334
2013-02-27 13:28:43.0000004,6.887192
2013-02-27 13:28:43.0000002,5.952639
2009-08-28 07:10:39.0000001,7.4919415
2009-08-28 07:10:39.0000002,8.484042
2009-08-28 07:10:39.0000004,5.143023
2009-08-28 07:10:39.0000003,5.106563
2015-01-12 17:05:51.0000006,7.9970284
2015-01-12 17:05:51.0000007,5.9224463
2015-01-12 17:05:51.0000002,5.5809426
2015-01-12 17:05:51.0000003,4.803806
2014-05-01 07:16:07.0000001,4.910669
2009-01-12 07:47:39.0000004,5.4543257
2009-01-12 07:47:39.0000002,7.4331403
2009-01-12 07:47:39.0000003,6.628001
2014-02-09 21:05:31.0000001,20.697474
2014-02-09 21:05:31.0000002,12.110915
2012-05-14 03:52:59.0000001,6.9659066
2011-04-28 19:39:43.0000005,7.1254697
2011-04-28 19:39:43.0000001,5.9168563
2011-04-28 19:39:43.0000002,3.6009257
2011-04-28 19:39:43.0000004,3.6649885
2010-02-15 10:14:23.0000002,9.855202
2010-02-15 10:14:23.0000003,21.401005
2010-02-15 10:14:23.0000004,10.264282
2010-08-18 05:24:15.0000002,8.9040365
2010-08-18 05:24:15.0000001,8.72864
2010-05-31 06:46:59.0000001,37.204777
2014-11-17 00:03:47.0000002,10.754021
2012-11-16 00:09:43.0000001,8.162128
2012-03-09 06:03:23.0000001,9.593589
2013-10-18 13:05:19.0000002,7.974205
2013-10-18 13:05:19.0000001,22.428242
2013-10-18 13:05:19.0000003,6.2606525
2010-01-16 04:52:31.0000001,29.99139
2013-08-18 00:32:15.0000002,16.50216
2013-08-18 00:32:15.0000001,6.903527
2010-12-11 16:12:35.0000004,13.388622
2010-12-11 16:12:35.0000005,8.60141
2010-12-11 16:12:35.0000001,6.5800395
2010-12-11 16:12:35.0000002,8.617989
2013-05-23 12:09:23.0000001,12.978818
2013-05-23 12:09:23.0000003,6.4077306
2013-05-23 12:09:23.0000002,7.0248513
2014-12-11 08:20:39.0000003,7.229881
2014-12-11 08:20:39.0000002,6.1082144
2011-01-28 19:41:11.0000002,5.151158
2011-01-28 19:41:11.0000001,11.114124
2011-03-24 04:46:51.0000001,25.28141
2013-04-07 00:24:27.0000001,6.434749
2013-04-07 00:24:27.0000003,6.5495663
2013-04-07 00:24:27.0000004,7.341854
2010-08-17 21:22:39.0000002,20.578125
2010-08-17 21:22:39.0000003,7.0763106
2010-08-17 21:22:39.0000001,6.873835
2013-12-10 14:00:35.0000004,9.311729
2013-12-10 14:00:35.0000001,8.833777
2013-12-10 14:00:35.0000003,8.146622
2011-09-18 05:32:51.0000002,47.587414
2011-09-18 05:32:51.0000001,8.377506
2011-09-18 05:32:51.0000003,12.134848
2011-09-10 20:44:59.0000002,7.5421586
2011-09-10 20:44:59.0000001,7.0115337
2011-04-28 09:50:03.0000002,32.784737
2011-04-28 09:50:03.0000003,7.8438454
2011-04-28 09:50:03.0000004,8.485121
2010-02-26 18:34:51.0000002,6.687266
2013-12-05 23:29:15.0000001,14.654234
2013-12-05 23:29:15.0000004,4.8908353
2013-12-05 23:29:15.0000003,29.382586
2013-12-05 23:29:15.0000005,56.65821
2010-01-13 08:28:59.0000003,8.512637
2010-01-13 08:28:59.0000001,9.26188
2010-01-13 08:28:59.0000004,12.564811
2010-01-13 08:28:59.0000005,7.6536946
2010-07-16 07:07:27.0000001,8.962911
2012-06-16 14:33:19.0000002,10.163159
2013-05-08 17:02:39.0000001,14.62825
2013-05-08 17:02:39.0000003,11.411762
2013-05-08 17:02:39.0000005,8.534953
2013-05-08 17:02:39.0000004,6.177224
2013-05-08 17:02:39.0000002,9.978177
2013-05-08 17:02:39.0000006,6.7328687
2013-05-08 17:02:39.0000007,10.690208
2011-02-28 08:34:27.0000004,11.450878
2011-02-28 08:34:27.0000002,5.850931
2011-02-28 08:34:27.0000006,12.140347
2011-02-28 08:34:27.0000007,4.9444265
2011-02-28 08:34:27.0000005,15.694969
2011-02-28 08:34:27.0000003,9.294278
2011-02-28 08:34:27.0000001,8.736396
2012-12-13 19:05:27.0000001,5.8518057
2012-12-13 19:05:27.0000002,8.091481
2012-12-13 19:05:27.0000003,10.979966
2009-03-25 01:20:55.0000001,7.2356715
2011-01-18 12:43:35.0000001,10.595978
2010-07-13 07:38:03.0000007,10.253346
2010-07-13 07:38:03.0000004,9.247579
2010-07-13 07:38:03.0000002,8.208539
2010-07-13 07:38:03.0000006,11.550789
2010-07-13 07:38:03.0000005,7.917098
2010-07-13 07:38:03.0000001,6.111284
2009-01-26 15:16:43.0000001,26.898218
2009-01-26 15:16:43.0000002,3.9409895
2015-05-18 01:13:35.0000001,6.451399
2012-11-09 18:17:35.0000001,13.025236
2012-11-09 18:17:35.0000006,9.301033
2012-11-09 18:17:35.0000005,8.782696
2012-11-09 18:17:35.0000003,9.12273
2010-07-05 19:21:35.0000005,4.6559834
2010-07-05 19:21:35.0000003,4.104176
2010-07-05 19:21:35.0000004,12.160669
2010-07-05 19:21:35.0000002,8.323471
2014-09-11 00:28:47.0000001,9.989324
2014-09-11 00:28:47.0000002,5.7770767
2010-03-22 16:20:15.0000001,30.010664
2010-03-22 16:20:15.0000002,6.703242
2009-06-21 00:54:23.0000003,12.2671585
2009-06-21 00:54:23.0000001,13.352318
2013-05-02 14:48:31.0000001,12.39873
2011-09-12 09:15:15.0000003,6.745806
2011-09-12 09:15:15.0000004,8.738606
2011-09-12 09:15:15.0000002,7.024942
2011-09-12 09:15:15.0000001,6.148006
2009-02-27 07:09:23.0000001,8.231342
2011-08-22 10:42:15.0000003,8.9760065
2011-08-22 10:42:15.0000002,16.813818
2011-08-22 10:42:15.0000001,7.8367443
2011-11-29 22:19:51.0000001,12.515211
2011-11-29 22:19:51.0000002,10.622164
2009-01-30 22:47:07.0000004,16.490355
2009-01-30 22:47:07.0000001,5.558666
2009-01-30 22:47:07.0000003,4.171246
2012-04-18 20:03:35.0000004,8.221901
2012-04-18 20:03:35.0000003,4.851774
2012-04-18 20:03:35.0000001,9.413073
2012-04-18 20:03:35.0000002,6.134461
2013-09-26 20:54:19.0000002,11.623324
2011-06-25 23:18:27.0000001,10.174945
2009-01-17 02:21:55.0000001,5.075559
2009-01-17 02:21:55.0000002,4.1271863
2014-11-01 15:31:15.0000002,13.731148
2014-11-01 15:31:15.0000003,11.985696
2014-11-01 15:31:15.0000004,5.5486345
2011-06-08 11:31:51.0000003,5.46772
2011-06-08 11:31:51.0000002,8.011991
2011-06-08 11:31:51.0000001,8.678777
2013-07-12 23:17:31.0000004,6.9339476
2013-07-12 23:17:31.0000005,54.725407
2012-07-10 18:24:47.0000002,8.628436
2012-07-10 18:24:47.0000001,18.66573
2012-07-10 18:24:47.0000003,7.177369
2013-05-14 03:15:31.0000001,16.74446
2009-04-20 21:08:35.0000006,5.144516
2009-04-20 21:08:35.0000003,4.8419814
2009-04-20 21:08:35.0000002,14.689184
2009-04-20 21:08:35.0000001,10.576216
2011-01-19 08:30:47.0000003,8.424255
2011-01-19 08:30:47.0000002,8.917221
2011-01-19 08:30:47.0000001,5.960995
2009-09-25 10:19:35.0000003,5.263718
2009-09-25 10:19:35.0000001,10.564536
2009-09-25 10:19:35.0000002,5.701279
2012-02-17 15:11:23.0000001,5.7650595
2009-12-23 20:14:19.0000003,9.129416
2009-12-23 20:14:19.0000001,5.0875916
2009-12-23 20:14:19.0000002,10.919822
2012-09-14 05:42:59.0000001,9.509316
2012-09-14 05:42:59.0000002,6.896914
2009-04-06 13:47:15.0000002,17.96433
2013-11-29 21:36:07.0000004,10.144867
2011-11-07 00:22:31.0000001,4.704995
2011-11-07 00:22:31.0000002,7.7607207
2009-09-04 08:02:51.0000001,11.291938
2015-02-16 17:32:27.0000004,10.811081
2015-02-16 17:32:27.0000002,10.352236
2015-02-16 17:32:27.0000003,7.7360277
2015-02-16 17:32:27.0000001,6.854302
2012-04-14 11:59:11.0000004,20.063053
2012-04-14 11:59:11.0000002,4.2958646
2012-04-14 11:59:11.0000001,6.7881093
2011-12-11 11:05:51.0000001,6.4475956
2011-12-11 11:05:51.0000003,9.052775
2010-01-03 13:07:27.0000001,9.52091
2009-03-06 00:13:03.0000003,8.952741
2009-03-06 00:13:03.0000001,9.598385
2010-01-04 19:54:27.0000002,9.252651
2010-01-04 19:54:27.0000001,5.4882584
2010-01-04 19:54:27.0000003,3.5776098
2014-08-01 16:50:03.0000004,21.210268
2014-08-01 16:50:03.0000001,5.4364357
2014-08-01 16:50:03.0000003,14.052011
2014-08-01 16:50:03.0000002,13.849665
2010-11-25 16:22:19.0000001,5.1728253
2010-09-04 10:06:23.0000001,13.802508
2009-04-28 13:35:27.0000002,10.327546
2009-04-28 13:35:27.0000001,4.7207375
2009-04-28 13:35:27.0000003,30.031233
2009-04-28 13:35:27.0000004,8.505479
2012-07-26 00:23:59.0000006,8.410941
2012-07-26 00:23:59.0000007,4.1852207
2012-07-26 00:23:59.0000001,7.4493113
2012-07-26 00:23:59.0000004,7.700088
2012-07-26 00:23:59.0000005,7.489359
2012-07-26 00:23:59.0000002,11.809387
2012-07-26 00:23:59.0000003,5.207731
2014-04-29 15:15:43.0000002,9.437581
2014-04-29 15:15:43.0000001,8.130168
2014-04-29 15:15:43.0000003,6.3192263
2010-04-23 00:00:03.0000002,13.726503
2010-04-23 00:00:03.0000003,5.5688906
2010-05-22 23:46:19.0000001,6.6608386
2010-05-22 23:46:19.0000002,17.066242
2010-05-22 23:46:19.0000003,10.842599
2014-06-14 12:32:11.0000005,9.762953
2014-06-14 12:32:11.0000002,13.3779955
2014-06-14 12:32:11.0000004,11.2300415
2014-06-14 12:32:11.0000006,11.289941
2014-06-14 12:32:11.0000003,38.735992
2012-06-09 22:57:15.0000002,6.102914
2012-06-09 22:57:15.0000005,7.4915123
2014-04-22 01:28:15.0000001,26.629189
2013-01-31 01:19:15.0000001,18.892275
2013-01-31 01:19:15.0000002,10.927323
2014-12-19 21:54:27.0000003,7.156672
2014-12-19 21:54:27.0000002,17.075127
2014-12-19 21:54:27.0000004,9.352831
2014-12-19 21:54:27.0000001,12.716911
2010-10-22 20:56:51.0000004,5.616198
2010-10-22 20:56:51.0000001,15.313678
2011-10-04 11:48:35.0000004,6.158457
2011-10-04 11:48:35.0000003,12.803591
2011-10-04 11:48:35.0000002,6.7597375
2010-12-31 13:32:39.0000001,7.4598494
2010-04-10 11:05:27.0000002,6.726762
2010-04-10 11:05:27.0000001,6.5511312
2013-10-02 21:12:59.0000001,10.266509
2013-10-02 21:12:59.0000002,13.9450445
2013-10-02 21:12:59.0000004,6.653508
2013-10-02 21:12:59.0000005,14.0040655
2013-10-02 21:12:59.0000006,12.2651415
2013-10-02 21:12:59.0000007,22.117353
2013-10-02 21:12:59.0000008,17.068026
2013-10-02 21:12:59.0000003,27.085505
2009-03-14 05:27:55.0000001,6.427702
2009-04-20 14:05:51.0000003,5.942336
2009-04-20 14:05:51.0000002,14.55463
2009-04-20 14:05:51.0000001,26.310455
2009-04-20 14:05:51.0000004,8.745333
2011-02-21 23:46:07.0000001,4.15089
2010-08-21 20:25:07.0000001,5.820855
2009-11-16 21:03:31.0000003,9.336289
2009-11-16 21:03:31.0000002,13.529251
2009-11-16 21:03:31.0000004,7.401791
2009-11-16 21:03:31.0000001,15.9127865
2014-11-29 11:16:23.0000002,9.565651
2014-11-29 11:16:23.0000001,10.315682
2010-12-01 21:02:35.0000001,6.8508725
2010-12-01 21:02:35.0000002,7.661947
2009-04-13 18:30:39.0000002,7.2229505
2009-04-13 18:30:39.0000001,6.839554
2010-06-02 19:45:19.0000002,10.870917
2010-06-02 19:45:19.0000001,8.8603
2010-06-02 19:45:19.0000004,9.393361
2012-04-16 14:29:35.0000001,4.14954
2014-08-06 18:15:43.0000001,6.6365657
2014-08-06 18:15:43.0000002,14.543823
2010-04-20 11:53:23.0000005,8.17144
2010-04-20 11:53:23.0000002,5.487795
2010-04-20 11:53:23.0000006,5.290987
2010-04-20 11:53:23.0000003,13.54418
2010-04-20 11:53:23.0000004,11.332853
2009-05-21 20:50:31.0000005,8.475263
2009-05-21 20:50:31.0000006,11.529896
2009-05-21 20:50:31.0000002,16.997541
2009-05-21 20:50:31.0000001,14.221966
2014-08-16 21:59:59.0000002,10.781061
2014-08-16 21:59:59.0000001,16.232868
2010-09-13 07:05:39.0000001,5.9826922
2010-09-13 07:05:39.0000002,6.3410473
2010-01-28 12:25:11.0000001,6.2767553
2013-10-13 19:39:55.0000005,5.362419
2013-10-13 19:39:55.0000004,6.1506047
2013-10-13 19:39:55.0000007,5.5124774
2013-10-13 19:39:55.0000001,10.270215
2013-10-13 19:39:55.0000003,9.747268
2013-10-13 19:39:55.0000006,5.8681374
2013-10-13 19:39:55.0000002,9.946482
2013-09-20 13:38:55.0000003,7.7318516
2013-09-20 13:38:55.0000002,14.325987
2013-09-20 13:38:55.0000006,8.901118
2013-09-20 13:38:55.0000001,11.513338
2014-11-11 12:10:59.0000003,7.319342
2014-11-11 12:10:59.0000002,13.543631
2012-09-09 23:40:03.0000001,18.935616
2013-02-18 11:13:23.0000004,21.178244
2013-02-18 11:13:23.0000001,5.506494
2013-02-18 11:13:23.0000003,26.510357
2013-02-18 11:13:23.0000002,8.575072
2011-06-05 12:38:43.0000002,5.5798798
2011-06-05 12:38:43.0000003,6.735699
2011-06-05 12:38:43.0000001,48.23693
2014-11-27 07:37:55.0000001,9.558114
2010-05-23 15:28:55.0000001,8.640185
2012-10-15 20:10:31.0000001,5.99282
2012-10-15 20:10:31.0000004,13.647231
2012-10-15 20:10:31.0000002,18.327305
2012-10-15 20:10:31.0000003,6.0491467
2012-06-27 06:52:39.0000001,6.6792574
2013-06-07 13:52:55.0000001,6.510516
2013-06-07 13:52:55.0000002,9.516077
2013-06-07 13:52:55.0000006,28.57335
2013-06-07 13:52:55.0000003,11.713123
2013-06-07 13:52:55.0000004,8.809634
2009-06-04 19:34:15.0000003,11.671014
2009-06-04 19:34:15.0000001,17.591
2009-06-04 19:34:15.0000004,9.865585
2009-06-04 19:34:15.0000002,8.806918
2013-09-29 22:12:07.0000002,15.89465
2013-09-29 22:12:07.0000003,8.401684
2013-12-04 08:37:11.0000003,8.226769
2013-12-04 08:37:11.0000002,13.843802
2013-12-04 08:37:11.0000001,14.353652
2010-05-02 12:39:55.0000002,11.226617
2009-07-13 01:18:55.0000002,4.4878798
2009-07-13 01:18:55.0000001,5.311397
2015-05-20 00:59:15.0000004,4.751407
2015-05-20 00:59:15.0000003,21.558895
2009-12-03 18:02:47.0000001,9.110519
2014-06-24 02:41:11.0000001,29.8346
2012-01-13 02:08:43.0000001,7.4817815
2012-08-06 21:07:55.0000001,11.242989
2012-08-06 21:07:55.0000002,8.357489
2012-08-06 21:07:55.0000004,6.074604
2012-08-06 21:07:55.0000005,8.714751
2012-08-06 21:07:55.0000003,5.8976984
2009-07-13 07:32:31.0000001,6.285026
2009-07-13 07:32:31.0000003,6.7368307
2009-07-13 07:32:31.0000002,9.009567
2014-09-10 17:52:51.0000001,6.3631477
2014-09-10 17:52:51.0000003,9.721493
2014-09-10 17:52:51.0000002,16.875746
2014-09-10 17:52:51.0000005,10.714537
2014-09-10 17:52:51.0000004,11.592965
2009-09-28 19:21:59.0000004,3.355102
2009-09-28 19:21:59.0000005,6.754912
2009-09-28 19:21:59.0000002,6.2230725
2009-09-28 19:21:59.0000008,6.90103
2009-09-28 19:21:59.0000001,4.911007
2015-05-23 12:59:39.0000004,12.125382
2015-05-23 12:59:39.0000002,12.965733
2015-05-23 12:59:39.0000001,7.2782407
2010-02-10 12:16:03.0000001,5.5968513
2010-02-10 12:16:03.0000002,12.325699
2014-01-11 23:10:59.0000004,12.770745
2014-01-11 23:10:59.0000003,17.46049
2014-01-11 23:10:59.0000005,13.811533
2014-01-11 23:10:59.0000001,12.005641
2014-01-11 23:10:59.0000002,25.221502
2010-04-24 20:15:07.0000002,11.579322
2013-08-07 00:31:07.0000001,52.073864
2012-10-21 19:47:23.0000001,5.880717
2012-10-21 19:47:23.0000003,9.081089
2012-10-21 19:47:23.0000004,12.622363
2013-05-24 07:22:51.0000002,5.7286344
2009-09-13 20:12:31.0000002,5.786925
2009-09-13 20:12:31.0000001,5.9983506
2010-10-31 08:51:59.0000002,4.887933
2010-10-31 08:51:59.0000001,15.565039
2013-06-04 23:58:11.0000007,5.9193845
2013-06-04 23:58:11.0000001,19.049646
2013-06-04 23:58:11.0000003,10.21234
2013-06-04 23:58:11.0000005,6.014506
2013-06-04 23:58:11.0000002,25.73212
2013-06-04 23:58:11.0000004,9.652416
2013-06-04 23:58:11.0000008,33.327587
2010-03-22 22:11:31.0000001,13.0739565
2010-03-22 22:11:31.0000002,6.200118
2011-01-15 12:49:59.0000002,10.710904
2011-01-15 12:49:59.0000001,10.669539
2009-06-13 18:36:47.0000001,15.532203
2009-06-13 18:36:47.0000002,9.746196
2009-06-13 18:36:47.0000003,10.421016
2009-05-06 16:41:35.0000001,9.432508
2014-08-08 17:32:47.0000004,5.7592354
2014-08-08 17:32:47.0000001,40.17309
2014-08-08 17:32:47.0000002,16.481747
2014-04-02 11:55:15.0000001,9.107404
2014-04-02 11:55:15.0000002,6.3821535
2011-01-04 10:12:51.0000003,7.1107216
2011-01-04 10:12:51.0000004,5.2638683
2011-01-04 10:12:51.0000001,4.7214627
2011-01-04 10:12:51.0000005,4.4812922
2010-09-22 09:42:31.0000002,9.866451
2010-09-22 09:42:31.0000004,10.422233
2010-09-22 09:42:31.0000001,8.136599
2013-08-19 19:39:23.0000003,7.370625
2013-08-19 19:39:23.0000001,5.8618293
2014-07-08 10:21:39.0000002,10.050158
2014-07-08 10:21:39.0000006,12.380264
2014-07-08 10:21:39.0000003,4.6118665
2014-07-08 10:21:39.0000005,11.6630945
2014-07-08 10:21:39.0000004,11.033687
2014-07-08 10:21:39.0000001,4.573299
2015-03-11 16:36:39.0000003,11.765812
2015-03-11 16:36:39.0000001,7.2350783
2015-03-11 16:36:39.0000002,17.900387
2015-05-29 18:59:35.0000005,40.327663
2015-05-29 18:59:35.0000004,14.25627
2015-05-29 18:59:35.0000002,8.725341
2015-05-29 18:59:35.0000001,8.189858
2011-10-26 17:48:43.0000001,5.1956863
2011-10-26 17:48:43.0000008,6.477536
2011-10-26 17:48:43.0000002,9.500266
2011-10-26 17:48:43.0000004,6.640964
2011-10-26 17:48:43.0000003,5.201737
2011-10-26 17:48:43.0000007,4.8739047
2014-06-24 09:49:55.0000004,12.294878
2014-06-24 09:49:55.0000007,5.480514
2014-06-24 09:49:55.0000001,5.3902082
2014-06-24 09:49:55.0000006,6.874443
2014-06-24 09:49:55.0000002,11.35987
2014-06-24 09:49:55.0000003,8.122361
2014-06-24 09:49:55.0000005,4.961467
2009-03-14 20:59:19.0000001,12.490251
2009-01-29 18:38:03.0000002,7.2652016
2009-01-29 18:38:03.0000001,29.288662
2010-07-23 00:03:59.0000001,12.736335
2013-01-11 12:28:03.0000004,8.764363
2013-01-11 12:28:03.0000003,7.0301766
2013-01-11 12:28:03.0000002,5.6857743
2013-01-11 12:28:03.0000005,10.680793
2013-01-11 12:28:03.0000001,7.953957
2013-02-20 02:00:23.0000001,14.91741
2013-02-20 02:00:23.0000002,6.2119493
2013-02-20 02:00:23.0000003,9.946429
2009-11-03 19:53:27.0000004,12.027892
2009-11-03 19:53:27.0000003,6.1273766
2009-12-19 21:56:15.0000002,6.813749
2009-12-19 21:56:15.0000001,7.3759093
2014-03-22 12:24:03.0000001,37.71897
2014-03-22 12:24:03.0000002,7.992632
2009-12-21 21:20:43.0000003,7.56605
2009-12-21 21:20:43.0000001,9.66286
2009-08-21 15:35:07.0000002,4.566225
2009-08-21 15:35:07.0000004,44.83139
2009-08-21 15:35:07.0000003,5.615686
2010-04-25 13:28:47.0000002,4.9958878
2010-04-25 13:28:47.0000003,24.50388
2010-11-02 18:49:59.0000001,11.367313
2010-11-02 18:49:59.0000003,5.3996444
2010-11-02 18:49:59.0000002,7.162706
2011-04-02 00:27:03.0000006,8.622527
2011-04-02 00:27:03.0000002,6.4701567
2011-04-02 00:27:03.0000004,5.289562
2011-04-02 00:27:03.0000003,6.9905877
2011-04-02 00:27:03.0000005,8.390464
2011-04-02 00:27:03.0000001,6.1053977
2013-12-29 12:31:55.0000001,8.19419
2013-12-29 12:31:55.0000002,10.812668
2013-12-29 12:31:55.0000003,8.455802
2012-05-02 12:02:03.0000003,8.574578
2012-05-02 12:02:03.0000002,11.642253
2012-05-02 12:02:03.0000004,6.54343
2012-05-02 12:02:03.0000005,8.543444
2012-05-02 12:02:03.0000001,5.622163
2009-07-21 10:36:43.0000001,4.456526
2009-07-21 10:36:43.0000003,7.6650524
2009-07-21 10:36:43.0000002,7.7907357
2012-09-16 18:14:55.0000003,5.092094
2012-09-16 18:14:55.0000001,11.870545
2012-09-16 18:14:55.0000004,5.963232
2010-04-21 06:28:47.0000002,6.2633767
2009-03-02 09:30:07.0000001,6.8922434
2009-03-02 09:30:07.0000002,4.8999114
2010-12-18 15:32:19.0000001,6.8065305
2013-02-20 08:23:31.0000001,5.673846
2015-02-11 20:51:51.0000006,34.210472
2015-02-11 20:51:51.0000002,9.263598
2015-02-11 20:51:51.0000003,4.9721785
2015-02-11 20:51:51.0000005,5.527772
2015-02-11 20:51:51.0000007,10.476981
2015-02-11 20:51:51.0000004,7.542278
2013-12-07 01:41:59.0000001,11.086186
2013-12-07 01:41:59.0000003,13.000162
2014-03-04 12:06:35.0000002,8.195465
2014-03-04 12:06:35.0000004,8.859086
2014-03-04 12:06:35.0000003,12.744554
2014-03-04 12:06:35.0000001,6.954353
2013-05-21 06:52:59.0000001,14.709586
2013-05-21 06:52:59.0000004,5.9970427
2013-05-21 06:52:59.0000002,6.172716
2009-09-09 08:09:19.0000002,7.342195
2009-09-09 08:09:19.0000001,7.908234
2012-06-22 20:50:55.0000001,18.200794
2010-04-06 09:14:59.0000001,16.32275
2010-04-06 09:14:59.0000003,5.028602
2010-04-06 09:14:59.0000002,30.386736
2009-04-03 07:49:39.0000002,8.106522
2009-04-03 07:49:39.0000001,7.001296
2011-08-28 16:06:43.0000001,10.521534
2010-12-19 15:52:31.0000001,12.86105
2010-12-19 15:52:31.0000002,4.4905376
2010-12-19 15:52:31.0000004,4.6759906
2010-12-19 15:52:31.0000003,5.082586
2014-07-12 00:15:59.0000004,6.7874403
2014-07-12 00:15:59.0000003,6.4368196
2014-07-12 00:15:59.0000002,9.444349
2009-03-31 10:27:19.0000004,9.114004
2009-03-31 10:27:19.0000002,7.454352
2009-03-31 10:27:19.0000001,17.698772
2014-07-31 10:39:39.0000002,5.091234
2012-06-02 07:16:31.0000001,5.3159018
2012-06-02 07:16:31.0000003,48.78723
2012-06-02 07:16:31.0000002,14.378175
2012-09-27 15:03:15.0000001,36.422703
2012-07-05 02:23:47.0000001,4.863987
2013-09-14 18:28:03.0000002,21.803444
2013-09-14 18:28:03.0000003,18.408209
2009-04-22 04:26:35.0000001,13.8653755
2015-02-14 09:08:11.0000003,9.700781
2012-01-19 20:26:35.0000004,4.104971
2012-01-19 20:26:35.0000005,12.133964
2012-01-19 20:26:35.0000001,6.608423
2015-03-13 13:04:59.0000001,11.293885
2015-03-13 13:04:59.0000002,10.454818
2015-03-13 13:04:59.0000006,9.583106
2015-03-13 13:04:59.0000004,6.5452676
2015-03-13 13:04:59.0000007,14.484388
2015-03-13 13:04:59.0000003,8.66756
2015-03-13 13:04:59.0000005,6.5490704
2013-07-25 13:47:39.0000002,9.901151
2013-07-25 13:47:39.0000001,10.450384
2014-03-07 11:45:35.0000001,8.510387
2014-03-07 11:45:35.0000002,25.699257
2013-10-31 06:09:15.0000001,20.084448
2014-09-11 06:41:15.0000001,5.4312487
2014-09-11 06:41:15.0000002,4.8765445
2014-09-11 06:41:15.0000004,9.384075
2014-09-11 06:41:15.0000003,13.279836
2012-06-04 09:50:39.0000005,31.9224
2012-06-04 09:50:39.0000003,6.0177646
2012-06-04 09:50:39.0000001,11.720812
2012-06-04 09:50:39.0000004,9.6428795
2012-06-04 09:50:39.0000002,8.066264
2010-06-07 07:37:55.0000002,6.234482
2010-06-07 07:37:55.0000003,4.418007
2010-06-07 07:37:55.0000001,7.431652
2010-06-07 07:37:55.0000004,4.641172
2015-02-25 18:00:51.0000009,6.325219
2015-02-25 18:00:51.0000006,5.589885
2015-02-25 18:00:51.0000002,25.577435
2015-02-25 18:00:51.0000003,6.9099827
2015-02-25 18:00:51.00000010,8.720647
2015-02-25 18:00:51.0000004,8.701964
2015-02-25 18:00:51.0000005,6.2999883
2015-02-08 08:44:03.0000001,13.00743
2010-12-11 15:16:35.0000001,5.928018
2010-12-11 15:16:35.0000002,4.7634616
2014-05-19 18:38:19.0000002,5.3571486
2014-05-19 18:38:19.0000001,8.610387
2009-07-19 08:38:51.0000001,5.5819483
2013-08-20 12:05:47.0000001,9.804368
2013-08-20 12:05:47.0000003,8.612028
2013-08-20 12:05:47.0000004,8.848397
2013-08-20 12:05:47.0000002,10.735002
2014-03-11 19:48:15.0000007,10.453294
2014-03-11 19:48:15.0000001,10.620033
2014-03-11 19:48:15.0000005,6.8456464
2014-03-11 19:48:15.0000006,11.240861
2014-03-11 19:48:15.0000004,10.957416
2014-03-11 19:48:15.0000002,17.64494
2014-03-11 19:48:15.0000003,11.363199
2013-01-09 02:05:51.0000002,6.189824
2009-08-08 11:41:51.0000001,4.5028334
2009-08-08 11:41:51.0000004,10.239941
2009-08-08 11:41:51.0000002,5.081154
2014-06-18 16:08:03.0000001,8.585366
2014-06-18 16:08:03.0000002,17.979677
2013-06-02 16:26:47.0000003,8.482121
2013-06-02 16:26:47.0000002,5.900909
2009-07-29 10:02:47.0000002,7.206793
2009-07-29 10:02:47.0000001,6.9204555
2013-02-16 14:26:51.0000002,7.4031696
2012-05-11 03:48:31.0000001,5.598908
2010-01-22 05:47:59.0000001,7.220787
2012-11-12 11:57:03.0000002,55.468117
2012-01-04 00:06:39.0000001,6.415472
2010-12-28 20:17:27.0000002,4.715778
2010-12-28 20:17:27.0000001,5.7266436
2010-12-28 20:17:27.0000004,5.0302806
2009-03-18 08:03:07.0000002,11.024801
2009-03-18 08:03:07.0000001,4.6354113
2011-10-07 12:38:19.0000004,14.112711
2011-10-07 12:38:19.0000003,4.6239934
2011-10-07 12:38:19.0000002,19.305502
2011-10-07 12:38:19.0000005,11.115983
2009-12-12 22:01:31.0000005,11.301647
2009-12-12 22:01:31.0000002,8.139362
2009-12-12 22:01:31.0000004,5.288328
2009-12-12 22:01:31.0000006,4.984204
2009-12-12 22:01:31.0000003,11.420209
2015-04-19 20:44:15.0000003,15.318926
2015-04-19 20:44:15.0000002,6.241327
2015-04-19 20:44:15.0000004,10.095488
2012-03-23 01:36:31.0000002,5.75274
2012-03-23 01:36:31.0000001,3.7148628
2014-10-08 21:24:47.0000001,11.506773
2014-10-08 21:24:47.0000002,13.352786
2011-02-03 01:27:31.0000001,15.058748
2011-05-20 23:42:59.0000002,6.5481367
2014-01-04 10:54:59.0000001,16.765354
2014-01-04 10:54:59.0000003,9.699335
2009-11-23 05:45:11.0000001,28.818754
2013-01-22 16:25:11.0000003,10.525674
2013-01-22 16:25:11.0000002,40.022667
2013-01-22 16:25:11.0000001,10.514347
2015-05-12 08:31:07.0000007,38.066227
2015-05-12 08:31:07.0000008,5.719745
2015-05-12 08:31:07.0000001,11.650305
2015-05-12 08:31:07.0000009,10.566346
2015-05-12 08:31:07.0000005,8.071467
2015-05-12 08:31:07.0000006,7.853997
2015-05-12 08:31:07.0000002,35.985588
2015-05-12 08:31:07.0000004,16.160551
2013-09-26 06:58:55.0000001,6.09301
2013-09-26 06:58:55.0000002,10.920485
2014-09-14 23:26:11.0000003,12.296102
2014-09-14 23:26:11.0000002,12.5025425
2009-08-26 08:06:15.0000002,12.530624
2009-08-26 08:06:15.0000003,35.951847
2009-08-26 08:06:15.0000001,7.3294873
2014-10-13 06:14:51.0000001,7.25708
2013-02-02 16:07:55.0000002,11.247926
2013-02-02 16:07:55.0000001,6.3625283
2013-02-02 16:07:55.0000003,7.5552473
2014-04-05 01:52:27.0000005,5.69272
2014-04-05 01:52:27.0000001,23.039953
2010-02-23 20:29:51.0000002,6.9805126
2010-02-23 20:29:51.0000003,6.600327
2011-01-25 00:01:03.0000002,7.320916
2011-01-25 00:01:03.0000001,9.960681
2013-11-01 13:07:47.0000002,9.708515
2013-11-01 13:07:47.0000001,8.353275
2013-11-01 13:07:47.0000005,9.9244
2013-11-01 13:07:47.0000004,10.6793585
2015-03-07 15:25:59.0000004,5.7969985
2015-03-07 15:25:59.0000002,21.576164
2015-03-07 15:25:59.0000001,10.982306
2013-10-06 21:05:11.0000002,28.859684
2013-10-06 21:05:11.0000001,11.46539
2009-04-16 15:57:31.0000002,8.078012
2012-02-21 20:45:03.0000002,7.2648883
2012-02-21 20:45:03.0000001,8.590582
2010-01-10 12:55:43.0000002,7.968623
2015-01-31 01:05:19.0000004,19.14187
2015-01-31 01:05:19.0000007,25.33833
2015-01-31 01:05:19.0000006,8.151652
2015-01-31 01:05:19.0000001,10.633112
2015-01-31 01:05:19.0000003,5.537261
2015-01-31 01:05:19.0000002,15.517459
2011-10-23 17:43:43.0000001,5.955219
2015-03-16 21:12:19.0000003,23.052885
2015-03-16 21:12:19.0000004,7.8605433
2015-03-16 21:12:19.0000005,12.417131
2015-03-16 21:12:19.0000008,15.776745
2015-03-16 21:12:19.0000001,14.116648
2012-09-29 20:16:51.0000001,8.1412525
2012-09-29 20:16:51.0000002,32.28579
2012-09-29 20:16:51.0000003,6.4784713
2012-09-29 20:16:51.0000005,11.898748
2009-08-03 16:28:07.0000001,4.36156
2009-08-03 16:28:07.0000003,5.820602
2009-08-03 16:28:07.0000004,6.8156486
2009-08-03 16:28:07.0000002,14.166461
2009-07-30 15:49:15.0000003,8.594532
2009-07-30 15:49:15.0000001,7.9474497
2009-07-30 15:49:15.0000005,7.3043213
2015-01-18 14:06:23.0000005,16.20821
2015-01-18 14:06:23.0000002,21.914251
2015-03-02 14:08:03.0000002,5.0372105
2015-03-02 14:08:03.0000001,9.344592
2009-09-07 19:35:39.0000003,7.4359255
2009-09-07 19:35:39.0000002,8.330095
2014-07-01 15:15:23.0000004,9.024564
2014-07-01 15:15:23.0000002,17.409111
2014-07-01 15:15:23.0000005,16.390266
2014-07-01 15:15:23.0000006,5.615343
2014-07-01 15:15:23.0000001,31.678406
2013-04-18 02:55:07.0000001,20.167887
2010-02-10 16:57:19.0000001,8.38559
2013-02-15 18:45:39.0000001,10.93073
2011-06-22 01:50:11.0000001,17.416584
2014-05-06 23:54:59.0000002,15.1911
2014-05-06 23:54:59.0000004,4.886235
2014-05-06 23:54:59.0000003,4.4494534
2014-05-06 23:54:59.0000001,12.677302
2012-04-23 21:05:31.0000003,22.435976
2012-04-23 21:05:31.0000004,9.819382
2012-04-23 21:05:31.0000002,8.658717
2012-04-23 21:05:31.0000006,4.679535
2012-04-23 21:05:31.0000001,26.853777
2012-04-23 21:05:31.0000005,6.0489774
2009-03-20 07:29:39.0000003,5.6955037
2009-03-20 07:29:39.0000001,12.932594
2009-03-20 07:29:39.0000002,7.0076766
2014-06-25 15:08:19.0000001,7.3462377
2014-06-25 15:08:19.0000002,7.6589017
2011-06-09 14:51:15.0000003,8.416706
2011-06-09 14:51:15.0000004,7.048934
2011-06-09 14:51:15.0000001,7.8439693
2011-06-09 14:51:15.0000002,10.113084
2015-01-27 13:08:24.0000001,6.1325183
2011-07-24 14:52:56.0000001,9.99827
2011-10-08 11:53:44.0000001,14.931009
2012-12-01 21:12:12.0000004,5.263116
2013-11-22 15:43:12.0000001,4.7308755
2012-07-15 16:45:04.0000005,5.190066
2012-07-15 16:45:04.0000001,6.6497436
2014-06-14 13:39:00.00000014,11.7248535
2014-06-14 13:39:00.000000113,9.862374
2014-06-14 13:39:00.0000006,7.5825043
2014-06-14 13:39:00.000000139,9.474284
2014-06-14 13:39:00.0000004,6.4706717
2014-06-14 13:39:00.000000171,10.006506
2014-06-14 13:39:00.00000011,15.117994
2014-06-14 13:39:00.00000064,5.215805
2014-06-14 13:39:00.00000090,8.062903
2014-06-14 13:39:00.00000041,6.193503
2014-06-14 13:39:00.00000081,4.3655376
2014-06-14 13:39:00.000000164,10.462958
2014-06-14 13:39:00.00000080,15.91011
2014-06-14 13:39:00.00000026,32.62199
2014-06-14 13:39:00.00000058,9.432586
2014-06-14 13:39:00.000000150,13.947041
2014-06-14 13:39:00.00000030,6.76104
2014-06-14 13:39:00.00000091,4.9259934
2014-06-14 13:39:00.000000175,6.983792
2014-06-14 13:39:00.000000101,18.964655
2014-06-14 13:39:00.00000085,8.545859
2014-06-14 13:39:00.000000105,7.621402
2014-06-14 13:39:00.00000069,7.432884
2014-06-14 13:39:00.000000149,89.0057
2010-08-22 21:14:08.0000004,4.387442
2011-06-24 20:34:48.0000003,8.32812
2011-06-24 20:34:48.0000004,5.7126083
2011-03-28 20:38:36.0000001,9.045102
2009-10-21 02:11:24.0000001,13.901268
2011-05-21 13:16:20.0000002,9.682056
2015-01-31 20:54:04.0000003,7.927962
2010-05-10 10:37:04.0000001,7.593863
2010-03-20 21:35:20.0000001,11.214582
2010-03-20 21:35:20.0000002,8.5655985
2012-08-22 22:39:20.0000004,5.2571645
2012-08-22 22:39:20.0000002,9.01452
2012-12-23 02:29:16.0000002,20.111145
2011-10-02 23:36:00.00000031,5.8130918
2011-10-02 23:36:00.00000070,8.282658
2011-10-02 23:36:00.00000068,12.839403
2011-10-02 23:36:00.00000034,14.776863
2011-10-02 23:36:00.00000042,9.211588
2011-10-02 23:36:00.00000032,8.678858
2011-10-02 23:36:00.00000028,4.454995
2011-10-02 23:36:00.00000078,5.0493426
2011-10-02 23:36:00.00000027,7.028555
2011-10-02 23:36:00.00000018,4.501212
2011-10-02 23:36:00.00000061,9.4442005
2011-10-02 23:36:00.00000045,4.4102063
2011-10-02 23:36:00.00000016,4.9888053
2011-10-02 23:36:00.00000052,8.095306
2011-10-02 23:36:00.00000098,7.592701
2011-10-02 23:36:00.00000048,8.950159
2013-03-21 12:47:28.0000004,8.376481
2013-03-21 12:47:28.0000007,4.9988666
2010-09-05 22:31:32.0000001,8.683484
2013-07-12 23:33:24.0000003,16.486351
2015-06-08 20:02:56.0000002,15.442735
2011-10-11 22:13:48.0000001,10.133206
2011-10-11 22:13:48.0000004,4.786715
2013-09-14 16:53:20.0000004,10.034301
2013-09-14 16:53:20.0000003,20.827631
2014-02-06 09:09:56.0000002,10.377179
2009-06-10 16:55:00.00000028,7.1158547
2009-06-10 16:55:00.00000020,11.300083
2009-06-10 16:55:00.0000001,5.9141088
2009-06-10 16:55:00.000000133,8.077147
2009-06-10 16:55:00.00000026,6.94602
2009-06-10 16:55:00.000000142,17.677715
2009-06-10 16:55:00.00000038,7.5559196
2009-06-10 16:55:00.00000042,10.272824
2009-06-10 16:55:00.000000112,6.9800973
2009-06-10 16:55:00.00000096,6.46018
2009-06-10 16:55:00.00000050,8.131029
2009-06-10 16:55:00.00000092,10.553309
2009-06-10 16:55:00.000000167,7.1531553
2009-06-10 16:55:00.000000110,5.418871
2009-06-10 16:55:00.00000015,13.92967
2009-06-10 16:55:00.000000104,26.921116
2009-06-10 16:55:00.00000019,48.605083
2009-06-10 16:55:00.000000168,4.957136
2009-06-10 16:55:00.00000059,8.744504
2009-06-10 16:55:00.000000136,8.914199
2009-06-10 16:55:00.00000087,31.786932
2009-06-10 16:55:00.000000134,5.536477
2009-06-10 16:55:00.00000032,7.16427
2013-06-26 11:19:36.0000001,7.599741
2009-05-02 20:11:32.0000002,4.974492
2009-05-02 20:11:32.0000003,11.375691
2011-06-24 12:03:00.00000031,8.203951
2011-06-24 12:03:00.00000064,6.3369393
2011-06-24 12:03:00.000000153,13.990109
2011-06-24 12:03:00.00000014,6.996355
2011-06-24 12:03:00.000000192,29.706705
2011-06-24 12:03:00.000000121,6.9720573
2011-06-24 12:03:00.000000140,5.508616
2011-06-24 12:03:00.000000155,4.993389
2011-06-24 12:03:00.00000016,5.083505
2011-06-24 12:03:00.00000084,5.836917
2011-06-24 12:03:00.00000080,4.358155
2011-06-24 12:03:00.000000123,5.1054735
2011-06-24 12:03:00.000000125,7.013756
2011-06-24 12:03:00.00000032,9.698345
2011-06-24 12:03:00.000000178,14.458681
2011-06-24 12:03:00.00000090,10.99606
2011-06-24 12:03:00.000000166,43.150513
2011-06-24 12:03:00.000000108,6.003557
2011-06-24 12:03:00.00000098,10.1659775
2011-06-24 12:03:00.000000104,28.352118
2011-06-24 12:03:00.00000027,12.665173
2011-06-24 12:03:00.000000151,12.933698
2011-06-24 12:03:00.00000099,14.303161
2011-06-24 12:03:00.00000077,23.573984
2011-06-24 12:03:00.00000019,9.223764
2011-06-24 12:03:00.00000091,7.506758
2011-06-24 12:03:00.000000132,11.084809
2011-06-24 12:03:00.000000161,7.7192407
2011-06-24 12:03:00.00000024,5.8672256
2011-06-24 12:03:00.00000034,8.185985
2011-06-24 12:03:00.00000050,17.166252
2011-06-24 12:03:00.00000023,44.81706
2011-06-24 12:03:00.00000049,8.692459
2011-06-24 12:03:00.000000115,12.441455
2011-06-24 12:03:00.0000008,6.754241
2014-06-15 07:06:00.00000021,16.886091
2014-06-15 07:06:00.00000032,8.187657
2014-06-15 07:06:00.00000029,4.0331907
2014-06-15 07:06:00.00000043,35.38337
2014-06-15 07:06:00.0000007,5.046336
2014-06-15 07:06:00.00000038,13.9902315
2014-06-15 07:06:00.00000020,6.5449862
2014-06-15 07:06:00.00000027,56.707264
2012-08-09 01:30:36.0000001,11.0147295
2015-05-30 21:29:04.0000002,14.075327
2015-05-30 21:29:04.0000005,10.414508
2009-10-26 12:01:36.0000004,27.849289
2013-02-02 15:45:08.0000004,8.165077
2010-12-14 23:27:36.0000003,4.921481
2010-12-14 23:27:36.0000004,5.0480986
2010-12-14 23:27:36.0000002,8.756501
2014-04-14 13:48:32.0000001,35.765682
2014-04-14 13:48:32.0000002,9.577049
2014-08-07 16:57:56.0000001,9.153604
2009-09-14 02:19:00.00000022,7.8684106
2009-09-14 02:19:00.00000010,10.135126
2009-09-14 02:19:00.0000004,7.1917744
2009-09-14 02:19:00.00000011,4.2089844
2009-09-14 02:19:00.00000023,11.583511
2009-09-14 02:19:00.00000041,5.1053987
2009-09-14 02:19:00.00000013,10.25846
2014-03-17 16:07:56.0000001,8.995788
2011-06-12 11:31:48.0000003,5.458395
2011-06-12 11:31:48.0000001,7.5920787
2011-06-12 11:31:48.0000002,13.8678665
2015-06-24 14:19:52.0000003,12.626059
2010-08-21 22:21:32.0000003,7.2557387
2012-01-26 11:17:36.0000001,6.0810385
2015-02-27 14:15:52.0000001,12.448544
2015-02-27 14:15:52.0000002,11.143055
2014-09-14 17:22:12.0000004,11.187552
2009-01-02 17:45:40.0000004,32.31864
2009-01-02 17:45:40.0000001,6.8791285
2009-01-02 17:45:40.0000002,7.7094936
2009-01-02 17:45:40.0000003,5.9313636
2009-01-01 11:04:24.0000003,11.917895
2009-01-01 11:04:24.0000001,7.291193
2014-04-28 19:46:36.0000001,5.416454
2011-06-01 07:37:00.000000192,18.620678
2011-06-01 07:37:00.000000115,12.879212
2011-06-01 07:37:00.00000089,7.556361
2011-06-01 07:37:00.00000087,6.774238
2011-06-01 07:37:00.000000173,4.9655266
2011-06-01 07:37:00.000000166,8.3810005
2011-06-01 07:37:00.00000081,5.3370376
2011-06-01 07:37:00.00000041,5.305728
2011-06-01 07:37:00.000000102,4.8166466
2011-06-01 07:37:00.000000215,14.621959
2011-06-01 07:37:00.0000006,24.478962
2011-06-01 07:37:00.000000161,5.972233
2011-06-01 07:37:00.000000123,4.7478213
2011-06-01 07:37:00.000000117,8.607405
2011-06-01 07:37:00.0000004,18.841663
2011-06-01 07:37:00.000000133,7.9621034
2011-06-01 07:37:00.000000160,6.642868
2011-06-01 07:37:00.000000136,15.910312
2011-06-01 07:37:00.000000214,9.514582
2011-06-01 07:37:00.00000047,10.428865
2011-06-01 07:37:00.0000001,6.218051
2011-06-01 07:37:00.00000096,4.8511066
2011-06-01 07:37:00.000000150,18.803696
2011-06-01 07:37:00.00000072,14.513735
2011-06-01 07:37:00.00000064,7.003853
2010-08-27 18:45:00.00000048,15.444645
2010-08-27 18:45:00.000000210,12.846453
2010-08-27 18:45:00.000000159,5.1825776
2010-08-27 18:45:00.00000083,10.10937
2010-08-27 18:45:00.000000145,5.018171
2010-08-27 18:45:00.00000096,9.208366
2010-08-27 18:45:00.00000036,5.327278
2010-08-27 18:45:00.00000088,8.654321
2010-08-27 18:45:00.000000116,11.341718
2010-08-27 18:45:00.000000193,7.61642
2010-08-27 18:45:00.000000121,5.297147
2010-08-27 18:45:00.00000074,15.009478
2010-08-27 18:45:00.00000075,8.974042
2010-08-27 18:45:00.000000130,14.561145
2010-08-27 18:45:00.000000224,6.640459
2010-08-27 18:45:00.00000072,5.307622
2010-08-27 18:45:00.000000128,9.548141
2010-08-27 18:45:00.000000163,10.599279
2010-08-27 18:45:00.000000171,7.957604
2010-08-27 18:45:00.000000157,11.71675
2010-08-27 18:45:00.000000147,6.879365
2010-08-27 18:45:00.000000119,7.0311556
2010-08-27 18:45:00.000000111,6.8263125
2010-08-27 18:45:00.00000015,18.604387
2010-08-27 18:45:00.00000062,6.0652294
2010-08-27 18:45:00.000000127,6.1567883
2010-08-27 18:45:00.000000223,4.1434727
2010-08-27 18:45:00.000000112,7.9492674
2010-08-27 18:45:00.000000201,15.378416
2010-08-27 18:45:00.000000135,13.336552
2010-08-27 18:45:00.00000092,7.768099
2010-08-27 18:45:00.00000056,4.581161
2010-08-27 18:45:00.000000105,10.300692
2010-08-27 18:45:00.000000222,5.6938415
2010-08-27 18:45:00.00000023,7.9835815
2011-02-12 00:43:24.0000002,6.534679
2014-05-07 06:50:20.0000004,7.5848236
2010-08-14 02:13:00.000000131,10.5250435
2010-08-14 02:13:00.00000097,7.2894735
2010-08-14 02:13:00.00000086,4.497772
2010-08-14 02:13:00.00000051,7.2400246
2010-08-14 02:13:00.000000128,5.9280972
2010-08-14 02:13:00.00000074,7.286509
2010-08-14 02:13:00.000000169,4.7833576
2010-08-14 02:13:00.000000127,9.037683
2010-08-14 02:13:00.00000036,6.2117987
2010-08-14 02:13:00.00000068,24.95357
2010-08-14 02:13:00.00000042,19.470478
2010-08-14 02:13:00.000000115,18.948797
2010-08-14 02:13:00.00000029,6.1491437
2010-08-14 02:13:00.0000003,67.653915
2010-08-14 02:13:00.00000037,16.316965
2010-08-14 02:13:00.000000121,3.9744196
2010-08-14 02:13:00.00000031,4.90269
2010-08-14 02:13:00.00000094,13.531648
2010-08-14 02:13:00.000000136,15.240773
2010-08-14 02:13:00.00000018,7.857895
2010-08-14 02:13:00.000000125,8.235157
2010-08-14 02:13:00.00000041,16.357815
2010-08-14 02:13:00.000000163,16.517841
2010-08-14 02:13:00.000000126,7.9494634
2010-08-14 02:13:00.0000008,10.981892
2010-08-14 02:13:00.00000057,5.90544
2010-08-14 02:13:00.00000050,14.517718
2010-08-14 02:13:00.000000152,5.6516104
2014-03-25 23:47:00.00000083,5.706931
2014-03-25 23:47:00.000000139,5.024044
2014-03-25 23:47:00.000000122,19.307203
2014-03-25 23:47:00.00000093,6.59008
2014-03-25 23:47:00.00000039,9.972482
2014-03-25 23:47:00.000000119,6.9479713
2014-03-25 23:47:00.00000067,13.900716
2014-03-25 23:47:00.00000034,9.745762
2014-03-25 23:47:00.00000040,13.103962
2014-03-25 23:47:00.000000137,10.965138
2014-03-25 23:47:00.00000076,22.267467
2014-03-25 23:47:00.00000057,9.140209
2014-03-25 23:47:00.000000104,9.214152
2014-03-25 23:47:00.00000069,4.2686415
2015-06-05 08:38:56.0000008,23.389963
2010-08-06 20:27:12.0000003,7.622613
2012-08-03 12:33:08.0000001,5.503445
2010-09-29 16:43:00.00000088,10.299595
2010-09-29 16:43:00.00000034,12.006334
2010-09-29 16:43:00.00000069,13.140816
2010-09-29 16:43:00.000000172,10.452263
2010-09-29 16:43:00.000000152,7.6761184
2010-09-29 16:43:00.00000084,7.7845154
2010-09-29 16:43:00.000000136,7.415857
2010-09-29 16:43:00.000000126,11.033251
2010-09-29 16:43:00.000000171,6.13271
2010-09-29 16:43:00.000000139,7.312794
2010-09-29 16:43:00.0000002,7.0474625
2010-09-29 16:43:00.00000070,8.730352
2010-09-29 16:43:00.00000045,5.7918897
2010-09-29 16:43:00.0000009,10.218688
2010-09-29 16:43:00.00000057,13.183475
2010-09-29 16:43:00.000000118,8.168966
2010-09-29 16:43:00.00000042,11.867658
2010-09-29 16:43:00.000000130,8.573965
2010-09-29 16:43:00.00000039,7.8060617
2010-09-29 16:43:00.00000032,8.662215
2014-10-27 14:58:00.000000101,10.447576
2014-10-27 14:58:00.00000023,11.907316
2014-10-27 14:58:00.0000006,11.821988
2014-10-27 14:58:00.000000113,6.6263084
2014-10-27 14:58:00.000000143,5.038987
2014-10-27 14:58:00.00000090,6.315978
2014-10-27 14:58:00.000000104,19.799305
2014-10-27 14:58:00.000000148,40.882504
2014-10-27 14:58:00.00000060,7.1518383
2014-10-27 14:58:00.000000129,24.076424
2014-10-27 14:58:00.00000012,18.457563
2014-10-27 14:58:00.00000035,17.30273
2014-10-27 14:58:00.00000036,9.737318
2014-10-27 14:58:00.000000150,9.282908
2014-10-27 14:58:00.00000050,6.4659057
2014-10-27 14:58:00.000000103,8.390505
2014-10-27 14:58:00.00000067,6.9521165
2014-10-27 14:58:00.00000066,5.8327994
2009-10-08 23:44:56.0000003,7.982123
2012-11-03 17:11:00.00000064,15.8657875
2012-11-03 17:11:00.00000074,6.904616
2012-11-03 17:11:00.000000132,55.83419
2012-11-03 17:11:00.00000031,7.9382772
2012-11-03 17:11:00.00000028,9.792773
2012-11-03 17:11:00.000000102,8.377983
2012-11-03 17:11:00.00000067,8.723288
2012-11-03 17:11:00.000000162,7.8850813
2012-11-03 17:11:00.00000054,14.074447
2012-11-03 17:11:00.00000046,6.39303
2012-11-03 17:11:00.000000113,30.636427
2012-11-03 17:11:00.00000093,7.219908
2012-11-03 17:11:00.00000032,7.855751
2012-11-03 17:11:00.00000052,19.702028
2012-11-03 17:11:00.000000147,8.541431
2012-11-03 17:11:00.000000125,9.948934
2012-11-03 17:11:00.00000086,6.557911
2012-11-03 17:11:00.0000009,8.096975
2012-11-03 17:11:00.000000136,7.68164
2012-11-03 17:11:00.00000077,9.24065
2012-11-03 17:11:00.00000099,17.908754
2012-11-03 17:11:00.00000096,9.95632
2012-11-03 17:11:00.000000161,8.191136
2012-11-03 17:11:00.000000124,11.154766
2012-11-03 17:11:00.00000016,22.9283
2012-11-03 17:11:00.00000058,4.951561
2012-11-03 17:11:00.00000083,10.559251
2012-11-03 17:11:00.00000082,7.7688713
2012-11-03 17:11:00.00000075,35.878445
2012-11-03 17:11:00.00000061,13.598072
2012-11-03 17:11:00.00000012,8.3882675
2012-11-03 17:11:00.00000057,4.358428
2012-11-03 17:11:00.00000037,5.9774942
2012-11-03 17:11:00.000000106,7.574222
2009-05-07 13:58:32.0000002,29.303755
2011-05-28 17:29:44.0000001,62.727676
2011-05-28 17:29:44.0000004,32.65689
2011-12-25 21:26:32.0000002,5.494153
2009-05-06 01:49:12.0000002,14.112214
2009-05-06 01:49:12.0000004,5.2484303
2011-03-11 01:44:00.00000030,8.219932
2011-03-11 01:44:00.00000027,39.741245
2011-03-11 01:44:00.0000009,7.06177
2011-03-11 01:44:00.00000047,31.306227
2011-03-11 01:44:00.00000092,5.651086
2011-03-11 01:44:00.0000006,11.612312
2011-03-11 01:44:00.00000056,18.629618
2011-03-11 01:44:00.00000081,10.294152
2011-03-11 01:44:00.00000039,6.6288047
2011-03-11 01:44:00.00000077,19.706598
2011-03-11 01:44:00.00000059,14.188225
2011-03-11 01:44:00.00000028,6.32069
2011-03-11 01:44:00.00000036,13.706708
2011-03-11 01:44:00.00000038,24.276321
2011-03-11 01:44:00.00000065,16.558104
2011-03-11 01:44:00.0000003,8.137285
2013-01-27 00:09:12.0000003,8.361428
2012-01-07 11:21:56.0000003,3.7569273
2012-01-07 11:21:56.0000001,7.117665
2012-10-31 12:17:24.0000002,12.362908
2012-10-20 02:05:08.0000003,6.8676195
2014-10-11 15:11:24.0000003,5.1737504
2009-08-17 12:27:08.0000002,10.272903
2014-04-09 09:23:12.0000004,13.092044
2009-11-25 19:32:52.0000004,5.546828
2014-05-30 00:09:16.0000007,5.5508604
2014-05-30 00:09:16.0000006,18.266909
2013-01-07 17:08:32.0000002,10.66091
2013-02-18 17:37:28.0000001,5.818416
2011-10-04 09:37:00.00000038,13.31021
2011-10-04 09:37:00.00000095,9.97272
2011-10-04 09:37:00.00000015,8.738547
2011-10-04 09:37:00.00000022,28.715405
2011-10-04 09:37:00.00000052,11.619452
2011-10-04 09:37:00.000000141,10.970108
2011-10-04 09:37:00.000000179,13.584575
2011-10-04 09:37:00.000000148,7.186353
2011-10-04 09:37:00.00000014,7.067645
2011-10-04 09:37:00.00000085,5.6783347
2011-10-04 09:37:00.000000162,13.166224
2011-10-04 09:37:00.00000034,30.21325
2011-10-04 09:37:00.00000037,15.5680065
2011-10-04 09:37:00.000000111,13.498965
2011-10-04 09:37:00.00000061,4.208972
2011-10-04 09:37:00.000000199,7.9383855
2011-10-04 09:37:00.000000158,18.42374
2011-10-04 09:37:00.000000149,7.5382814
2011-10-04 09:37:00.00000069,19.44596
2011-10-04 09:37:00.00000077,10.312783
2011-10-04 09:37:00.000000165,16.922415
2011-10-04 09:37:00.00000044,11.195023
2011-10-04 09:37:00.000000191,12.879793
2011-10-04 09:37:00.000000164,5.4025564
2011-10-04 09:37:00.000000135,5.0013256
2011-10-04 09:37:00.000000190,13.7471
2011-10-04 09:37:00.000000163,16.12489
2011-10-04 09:37:00.00000054,27.112387
2011-10-04 09:37:00.000000177,10.028967
2011-10-04 09:37:00.00000064,6.2030735
2011-10-04 09:37:00.0000003,11.376198
2011-10-04 09:37:00.000000196,27.388319
2011-10-04 09:37:00.000000155,6.315789
2012-10-23 14:15:04.0000002,10.9993305
2012-10-18 21:06:20.0000009,8.68851
2012-10-18 21:06:20.0000007,11.368239
2014-12-24 03:00:00.00000016,16.064604
2014-12-24 03:00:00.00000025,9.311317
2014-12-24 03:00:00.00000029,5.7581577
2014-12-24 03:00:00.00000040,11.775113
2014-12-24 03:00:00.0000007,4.7592106
2014-12-24 03:00:00.00000019,6.3765736
2014-12-24 03:00:00.00000039,4.746499
2010-10-07 10:54:20.0000003,46.915764
2011-02-21 20:11:08.0000006,9.6653385
2009-10-04 22:54:56.0000002,11.945102
2015-04-11 20:31:32.00000011,7.1992373
2015-04-11 20:31:32.0000005,13.366887
2011-02-20 12:31:04.0000002,6.731627
2013-01-01 22:04:56.0000002,10.43921
2013-01-01 22:04:56.0000003,9.122262
2013-04-23 17:52:44.0000003,56.842243
2010-01-01 13:19:40.0000004,12.058127
2010-03-06 23:51:08.0000003,12.283409
2014-04-27 02:57:00.000000155,11.013125
2014-04-27 02:57:00.00000072,10.452512
2014-04-27 02:57:00.00000043,8.164141
2014-04-27 02:57:00.00000073,14.220157
2014-04-27 02:57:00.00000013,15.7770405
2014-04-27 02:57:00.000000191,6.5239196
2014-04-27 02:57:00.000000171,18.187723
2014-04-27 02:57:00.000000162,20.109661
2014-04-27 02:57:00.00000082,13.970905
2014-04-27 02:57:00.00000023,7.038525
2014-04-27 02:57:00.000000137,6.98376
2014-04-27 02:57:00.00000057,16.347265
2014-04-27 02:57:00.000000174,5.3178186
2014-04-27 02:57:00.00000012,5.5045257
2014-04-27 02:57:00.000000158,5.156403
2014-04-27 02:57:00.000000138,34.983826
2014-04-27 02:57:00.000000172,11.108364
2014-04-27 02:57:00.000000195,10.95761
2014-04-27 02:57:00.000000131,6.7123184
2014-04-27 02:57:00.000000140,14.544038
2014-04-27 02:57:00.000000154,5.3593187
2014-04-27 02:57:00.00000036,6.404264
2014-04-27 02:57:00.000000153,10.73405
2014-04-27 02:57:00.000000164,6.7134175
2014-04-27 02:57:00.00000031,7.1730094
2014-04-27 02:57:00.000000116,26.664152
2014-04-27 02:57:00.000000187,9.281372
2011-01-18 10:26:40.0000001,13.043345
2011-12-13 22:00:00.000000185,11.552413
2011-12-13 22:00:00.000000117,25.489185
2011-12-13 22:00:00.00000037,13.310823
2011-12-13 22:00:00.000000171,7.418686
2011-12-13 22:00:00.000000194,12.914773
2011-12-13 22:00:00.000000237,5.72646
2011-12-13 22:00:00.000000160,7.089998
2011-12-13 22:00:00.000000145,4.9772787
2011-12-13 22:00:00.00000035,9.532152
2011-12-13 22:00:00.00000081,5.027697
2011-12-13 22:00:00.00000015,7.4401217
2011-12-13 22:00:00.000000118,8.824967
2011-12-13 22:00:00.000000140,9.019398
2011-12-13 22:00:00.00000092,21.009493
2011-12-13 22:00:00.00000047,6.3659444
2011-12-13 22:00:00.000000119,7.0942736
2011-12-13 22:00:00.00000077,5.245998
2011-12-13 22:00:00.00000096,8.403998
2011-12-13 22:00:00.000000152,16.733902
2011-12-13 22:00:00.000000198,9.813764
2011-12-13 22:00:00.00000043,6.251242
2011-12-13 22:00:00.000000115,5.324046
2011-12-13 22:00:00.000000236,4.7862315
2011-12-13 22:00:00.000000200,5.9795666
2011-12-13 22:00:00.0000001,19.954287
2011-12-13 22:00:00.000000251,6.82949
2011-12-13 22:00:00.00000049,6.131578
2011-12-13 22:00:00.00000034,8.873314
2011-12-13 22:00:00.000000262,6.008143
2011-12-13 22:00:00.00000018,23.433554
2011-12-13 22:00:00.000000108,5.2000146
2011-12-13 22:00:00.00000084,6.483098
2014-05-13 07:33:52.0000005,6.3744693
2011-06-30 09:37:08.0000001,8.572364
2009-01-28 16:36:28.0000004,10.58197
2010-07-21 22:06:12.0000004,13.481488
2013-05-24 13:37:32.0000003,13.157326
2013-05-24 13:37:32.0000002,6.38856
2014-03-05 21:07:12.0000002,4.93662
2014-03-05 21:07:12.0000005,5.715422
2009-11-28 15:07:24.0000002,7.8118677
2010-07-31 15:47:28.0000002,12.372465
2013-11-22 15:36:36.0000001,12.39054
2011-06-26 18:48:08.0000003,8.79463
2011-10-17 18:49:20.0000001,12.93677
2011-10-17 18:49:20.0000004,7.1375356
2014-07-21 18:19:00.00000053,7.940551
2014-07-21 18:19:00.00000085,9.30335
2014-07-21 18:19:00.000000175,6.9304714
2014-07-21 18:19:00.00000076,11.506123
2014-07-21 18:19:00.000000147,12.497249
2014-07-21 18:19:00.0000001,18.617329
2014-07-21 18:19:00.0000007,7.315695
2014-07-21 18:19:00.000000234,9.986036
2014-07-21 18:19:00.000000188,7.8616624
2014-07-21 18:19:00.00000024,10.684691
2014-07-21 18:19:00.000000158,4.9332194
2014-07-21 18:19:00.00000093,13.115966
2014-07-21 18:19:00.00000081,7.669679
2014-07-21 18:19:00.000000206,7.1828413
2014-07-21 18:19:00.00000095,28.159214
2014-07-21 18:19:00.000000164,4.6560163
2014-07-21 18:19:00.00000062,6.983508
2014-07-21 18:19:00.000000140,12.18879
2014-07-21 18:19:00.000000155,14.343224
2014-07-21 18:19:00.000000170,10.317344
2014-07-21 18:19:00.000000238,22.977484
2014-07-21 18:19:00.000000207,9.578796
2014-07-21 18:19:00.00000016,15.324446
2014-07-21 18:19:00.000000237,14.094725
2014-07-21 18:19:00.00000045,6.120181
2014-07-21 18:19:00.000000110,5.351189
2014-07-21 18:19:00.000000157,6.6895103
2014-07-21 18:19:00.000000236,11.467338
2014-07-21 18:19:00.000000151,7.7058687
2014-07-21 18:19:00.000000192,5.444272
2014-07-21 18:19:00.00000086,6.3752866
2014-07-21 18:19:00.00000040,7.1825
2014-07-21 18:19:00.000000209,5.1658435
2014-07-21 18:19:00.000000138,12.706366
2014-07-21 18:19:00.000000131,11.11789
2014-07-21 18:19:00.000000243,8.947362
2014-07-21 18:19:00.000000199,15.801668
2014-07-21 18:19:00.00000041,12.934235
2014-07-21 18:19:00.000000180,13.314203
2014-07-21 18:19:00.00000052,8.0596695
2014-07-21 18:19:00.00000084,7.2170925
2011-06-13 09:55:04.0000006,9.294307
2011-06-13 09:55:04.0000002,27.201033
2014-12-27 22:31:56.0000001,10.604324
2014-12-27 22:31:56.0000003,26.095524
2010-09-20 16:48:00.00000050,9.5025
2010-09-20 16:48:00.00000055,7.8907075
2010-09-20 16:48:00.000000154,8.878803
2010-09-20 16:48:00.000000106,14.496777
2010-09-20 16:48:00.000000163,14.682299
2010-09-20 16:48:00.000000121,40.250908
2010-09-20 16:48:00.000000111,44.28482
2010-09-20 16:48:00.000000124,9.449828
2010-09-20 16:48:00.000000143,5.964093
2010-09-20 16:48:00.000000131,8.445132
2010-09-20 16:48:00.000000137,27.92895
2010-09-20 16:48:00.000000142,10.243767
2010-09-20 16:48:00.00000036,8.081915
2010-09-20 16:48:00.0000007,14.074038
2010-09-20 16:48:00.000000112,10.910112
2010-09-20 16:48:00.000000104,9.569134
2010-09-20 16:48:00.00000056,14.486
2010-09-20 16:48:00.000000114,8.842884
2010-09-20 16:48:00.000000152,5.9508166
2010-09-20 16:48:00.00000072,24.687784
2010-09-20 16:48:00.0000004,10.458681
2010-09-20 16:48:00.00000058,17.019592
2010-09-20 16:48:00.00000081,8.684131
2010-09-20 16:48:00.000000116,6.6103997
2010-09-20 16:48:00.00000040,12.632301
2010-09-20 16:48:00.00000019,12.528487
2010-09-20 16:48:00.000000134,9.7217245
2010-09-20 16:48:00.00000084,45.03563
2010-09-20 16:48:00.00000016,9.689495
2010-09-20 16:48:00.000000103,7.056074
2012-08-20 14:47:36.0000001,7.222137
2011-12-01 01:36:08.0000001,4.1393585
2014-03-29 14:59:28.0000001,10.541299
2014-08-18 01:19:48.0000001,10.118875
2012-04-30 20:04:20.0000001,3.8372414
2013-07-13 18:28:20.0000003,56.638245
2014-10-07 19:04:08.0000003,5.7199693
2014-10-07 19:04:08.0000001,7.3972816
2013-08-21 09:32:24.0000001,6.160816
2015-01-26 07:13:44.0000001,35.771313
2011-03-06 21:01:00.0000003,11.099152
2011-03-06 21:01:00.000000155,4.1295652
2011-03-06 21:01:00.000000164,4.631324
2011-03-06 21:01:00.000000131,8.539554
2011-03-06 21:01:00.00000091,8.157549
2011-03-06 21:01:00.000000144,16.012367
2011-03-06 21:01:00.000000132,5.461318
2011-03-06 21:01:00.000000134,5.0009947
2011-03-06 21:01:00.000000110,3.8379314
2011-03-06 21:01:00.00000058,4.729966
2011-03-06 21:01:00.00000081,33.201694
2011-03-06 21:01:00.00000048,16.733746
2011-03-06 21:01:00.00000079,7.146398
2011-03-06 21:01:00.000000142,12.726264
2011-03-06 21:01:00.00000090,9.5835705
2011-03-06 21:01:00.000000125,6.6772394
2011-03-06 21:01:00.000000119,3.8324945
2011-03-06 21:01:00.000000117,15.048201
2011-03-06 21:01:00.00000065,8.250782
2011-03-06 21:01:00.000000163,5.0655518
2011-03-06 21:01:00.000000159,7.9571323
2011-03-06 21:01:00.000000112,4.4239364
2011-03-06 21:01:00.00000013,27.639896
2011-03-06 21:01:00.000000121,7.500511
2011-03-06 21:01:00.000000152,4.900976
2011-03-06 21:01:00.00000059,11.469888
2011-03-06 21:01:00.00000041,5.9906697
2011-03-06 21:01:00.000000174,8.045306
2011-03-06 21:01:00.000000171,6.2482758
2011-03-06 21:01:00.00000069,14.685245
2011-03-06 21:01:00.00000050,4.248483
2011-03-06 21:01:00.00000039,7.8287096
2011-03-06 21:01:00.00000082,7.498457
2011-03-06 21:01:00.000000165,6.534225
2011-03-06 21:01:00.000000103,4.4525666
2011-03-06 21:01:00.00000063,4.843826
2011-03-06 21:01:00.000000100,14.977203
2011-03-06 21:01:00.000000124,9.965265
2011-03-06 21:01:00.000000126,5.9281287
2011-03-06 21:01:00.00000068,7.688546
2011-03-06 21:01:00.00000030,6.0654283
2009-11-24 08:58:48.0000008,6.0104127
2009-11-24 08:58:48.0000004,9.0970745
2011-05-30 09:32:56.0000002,5.7198873
2010-01-02 12:20:32.0000001,7.2312465
2010-10-05 02:09:00.00000026,6.358214
2010-10-05 02:09:00.00000016,4.726007
2010-10-05 02:09:00.00000019,18.229313
2010-10-05 02:09:00.00000014,6.0641594
2010-10-05 02:09:00.0000004,7.655549
2010-10-05 02:09:00.00000025,16.892086
2010-10-05 02:09:00.0000009,9.4615755
2012-01-25 22:43:44.0000005,5.686866
2010-12-01 22:04:52.0000002,7.879497
2013-06-23 02:54:32.0000001,17.356848
2013-11-18 15:07:28.0000003,9.757166
2013-08-06 23:56:32.0000002,6.953437
2013-08-06 23:56:32.0000001,25.234728
2012-03-10 02:36:04.0000004,4.8689556
2014-04-13 17:35:52.0000001,11.593684
2013-09-14 16:03:12.0000001,12.930867
2013-09-14 16:03:12.0000002,7.5446253
2013-09-14 16:03:12.0000003,7.2222247
2014-04-05 18:27:08.0000001,9.327884
2014-04-05 18:27:08.0000002,6.5018787
2009-12-02 15:59:56.0000003,5.572471
2010-01-03 02:03:40.0000001,4.352446
2011-01-30 14:38:24.0000001,10.079475
2011-04-16 21:23:16.0000005,7.33968
2009-05-31 21:24:56.0000002,8.795243
2009-07-14 17:59:12.0000002,13.431076
2009-12-18 12:37:04.0000003,6.846332
2012-11-21 15:12:48.0000002,6.25794
2011-10-07 22:08:20.0000002,7.6649985
2011-10-07 22:08:20.0000001,10.060074
2011-10-07 22:08:20.0000004,11.846181
2013-09-24 21:16:40.0000008,4.695519
2013-09-24 21:16:40.0000005,5.3575273
2014-01-25 12:36:52.0000003,9.963807
2012-01-26 07:33:00.000000101,5.9274483
2012-01-26 07:33:00.00000057,15.049237
2012-01-26 07:33:00.000000175,5.875866
2012-01-26 07:33:00.00000024,7.4283595
2012-01-26 07:33:00.00000097,5.8006716
2012-01-26 07:33:00.000000115,15.382751
2012-01-26 07:33:00.00000039,4.892046
2012-01-26 07:33:00.000000161,6.9076996
2012-01-26 07:33:00.000000173,8.273985
2012-01-26 07:33:00.000000183,9.444696
2012-01-26 07:33:00.00000020,12.045581
2012-01-26 07:33:00.00000022,9.138812
2012-01-26 07:33:00.000000136,13.888277
2012-01-26 07:33:00.0000008,13.034035
2012-01-26 07:33:00.000000100,9.647778
2012-01-26 07:33:00.00000023,9.215796
2012-01-26 07:33:00.00000056,7.554183
2012-01-26 07:33:00.00000018,8.372522
2012-01-26 07:33:00.00000076,21.220392
2012-01-26 07:33:00.00000080,7.4851727
2012-01-26 07:33:00.000000104,7.9074087
2012-01-26 07:33:00.00000082,5.358636
2012-01-26 07:33:00.00000025,5.3404174
2012-01-26 07:33:00.000000181,36.541843
2012-01-26 07:33:00.000000105,6.0341225
2015-03-20 23:34:40.0000001,9.895011
2015-03-20 23:34:40.0000008,8.729175
2015-03-20 23:34:40.0000003,19.170952
2013-12-14 03:20:48.0000003,10.59614
2010-12-09 07:29:00.000000164,11.158079
2010-12-09 07:29:00.000000141,12.6130085
2010-12-09 07:29:00.00000073,10.488686
2010-12-09 07:29:00.00000062,5.762222
2010-12-09 07:29:00.000000139,7.3807034
2010-12-09 07:29:00.00000079,5.747801
2010-12-09 07:29:00.000000145,7.717011
2010-12-09 07:29:00.0000006,5.389568
2010-12-09 07:29:00.00000066,5.020695
2010-12-09 07:29:00.000000171,8.8565855
2010-12-09 07:29:00.000000136,7.762107
2010-12-09 07:29:00.00000026,20.704685
2010-12-09 07:29:00.00000044,5.4413004
2010-12-09 07:29:00.00000083,10.28744
2010-12-09 07:29:00.00000028,6.94624
2010-12-09 07:29:00.000000168,9.936166
2010-12-09 07:29:00.000000180,5.949685
2010-12-09 07:29:00.00000094,6.4736786
2010-12-09 07:29:00.00000080,48.04803
2010-12-09 07:29:00.000000181,11.891091
2010-12-09 07:29:00.00000086,8.904488
2011-09-25 13:01:20.0000002,5.552968
2014-02-20 18:49:04.0000001,11.931576
2010-08-21 23:02:28.0000004,5.2077923
2010-08-21 23:02:28.0000001,11.523654
2010-08-21 23:02:28.0000002,6.062035
2012-05-08 03:50:00.00000017,20.681866
2012-05-08 03:50:00.00000010,6.675498
2012-05-08 03:50:00.0000005,6.8178554
2009-07-31 07:30:56.0000003,16.77206
2012-03-06 07:33:04.0000001,10.245862
2015-03-12 19:43:24.0000006,37.090202
2014-01-18 17:43:28.0000001,10.450909
2011-09-04 01:36:36.0000001,7.4161644
2010-08-09 08:53:56.0000001,6.2711225
2015-02-01 00:48:44.0000002,4.6650147
2014-01-26 15:28:52.0000001,10.2008095
2014-01-26 15:28:52.0000002,12.649914
2011-12-06 11:07:40.0000004,11.516768
2011-07-12 19:41:48.0000001,7.337602
2010-09-16 14:27:16.0000002,8.195515
2015-02-14 20:20:56.0000003,5.744153
2009-01-22 12:27:20.0000002,15.024728
2011-04-23 21:22:20.0000003,9.19934
2011-04-23 21:22:20.0000004,13.348475
2015-02-21 18:39:16.0000003,5.478745
2015-02-21 18:39:16.0000004,8.0371685
2009-04-23 00:05:40.0000002,8.013889
2013-03-09 21:40:52.0000001,10.174248
2010-07-22 09:37:12.0000002,33.252647
2012-07-31 02:46:40.0000001,7.592134
2015-02-21 17:23:28.0000004,13.902721
2012-11-19 22:15:32.0000001,7.901542
2009-01-26 18:26:48.0000005,7.437284
2009-09-22 11:47:24.0000001,9.336915
2012-07-05 18:30:36.0000004,5.271938
2012-11-20 21:54:00.000000225,6.317435
2012-11-20 21:54:00.00000025,14.482464
2012-11-20 21:54:00.00000036,21.076187
2012-11-20 21:54:00.000000102,15.714086
2012-11-20 21:54:00.000000105,25.857195
2012-11-20 21:54:00.000000167,19.419752
2012-11-20 21:54:00.000000186,7.8293247
2012-11-20 21:54:00.000000172,6.5432057
2012-11-20 21:54:00.000000202,15.7948675
2012-11-20 21:54:00.000000179,40.45239
2012-11-20 21:54:00.000000110,8.752155
2012-11-20 21:54:00.00000076,8.16559
2012-11-20 21:54:00.000000195,22.431345
2012-11-20 21:54:00.000000131,35.802868
2012-11-20 21:54:00.0000002,14.352834
2012-11-20 21:54:00.00000068,28.465187
2012-11-20 21:54:00.000000138,9.869418
2012-11-20 21:54:00.00000090,8.203357
2012-11-20 21:54:00.000000169,8.69461
2012-11-20 21:54:00.00000065,8.918071
2012-11-20 21:54:00.000000121,24.757154
2012-11-20 21:54:00.00000024,5.7365904
2012-11-20 21:54:00.000000123,11.850628
2012-11-20 21:54:00.000000100,10.694199
2012-11-20 21:54:00.0000004,7.151509
2012-11-20 21:54:00.00000098,5.6316223
2012-11-20 21:54:00.000000205,5.536255
2012-11-20 21:54:00.000000103,30.04974
2012-11-20 21:54:00.00000092,15.658742
2012-11-20 21:54:00.00000040,7.248454
2012-11-20 21:54:00.00000069,27.380201
2012-11-20 21:54:00.000000148,16.973328
2012-11-20 21:54:00.000000233,5.1777716
2014-06-23 00:16:00.00000054,12.272752
2014-06-23 00:16:00.00000059,34.66769
2014-06-23 00:16:00.00000051,8.407545
2014-06-23 00:16:00.00000012,10.449967
2014-06-23 00:16:00.00000046,45.955982
2014-06-23 00:16:00.00000032,7.2156367
2014-06-23 00:16:00.00000017,14.863517
2014-06-23 00:16:00.0000006,5.778981
2014-06-23 00:16:00.00000084,8.614967
2014-06-23 00:16:00.00000021,45.749474
2014-06-23 00:16:00.0000007,8.076542
2014-06-23 00:16:00.00000045,7.4483705
2014-06-23 00:16:00.00000083,23.839705
2014-06-23 00:16:00.00000048,30.509867
2014-06-23 00:16:00.00000058,8.270813
2014-06-23 00:16:00.00000075,8.0126505
2014-06-23 00:16:00.00000027,9.607865
2014-06-23 00:16:00.00000031,9.485724
2009-04-25 10:52:56.0000001,8.174667
2009-04-25 10:52:56.0000003,5.1175466
2009-04-20 11:11:40.0000002,9.150631
2009-10-22 21:57:36.0000001,16.734327
2013-11-28 11:00:04.0000001,10.575949
2014-05-25 15:07:04.0000001,6.1243815
2011-08-18 13:00:16.0000001,6.0154443
2013-09-25 22:00:00.000000167,8.86383
2013-09-25 22:00:00.00000033,6.030327
2013-09-25 22:00:00.000000122,12.650775
2013-09-25 22:00:00.000000236,10.423208
2013-09-25 22:00:00.000000193,14.703319
2013-09-25 22:00:00.000000239,6.045087
2013-09-25 22:00:00.00000086,14.057245
2013-09-25 22:00:00.000000201,11.601939
2013-09-25 22:00:00.000000170,16.028404
2013-09-25 22:00:00.00000080,5.0399175
2013-09-25 22:00:00.00000021,5.2739496
2013-09-25 22:00:00.000000240,7.478871
2013-09-25 22:00:00.00000046,16.022392
2013-09-25 22:00:00.000000231,33.426563
2013-09-25 22:00:00.00000027,8.053039
2013-09-25 22:00:00.00000045,5.734142
2013-09-25 22:00:00.000000108,7.8363037
2013-09-25 22:00:00.000000125,11.563696
2013-09-25 22:00:00.000000232,6.823424
2013-09-25 22:00:00.000000184,12.134688
2013-09-25 22:00:00.00000096,10.783501
2013-09-25 22:00:00.000000158,10.425698
2013-09-25 22:00:00.000000131,16.510546
2013-09-25 22:00:00.000000207,6.4172807
2013-09-25 22:00:00.00000068,8.363884
2013-09-25 22:00:00.000000194,13.010286
2013-09-25 22:00:00.00000011,55.88411
2013-09-25 22:00:00.000000243,19.682497
2013-09-25 22:00:00.000000138,12.738737
2013-09-25 22:00:00.00000069,8.328861
2013-09-25 22:00:00.00000067,6.721264
2013-09-25 22:00:00.000000152,12.447023
2013-07-20 12:06:44.0000002,11.245789
2013-07-20 12:06:44.0000001,10.605617
2014-07-11 12:36:08.0000003,57.166424
2014-01-31 11:11:05.0000002,13.675013
2014-08-31 04:03:29.0000002,9.420414
2014-08-31 04:03:29.0000003,29.663597
2014-08-01 18:38:09.0000004,21.728655
2014-08-01 18:38:09.0000003,24.614498
2009-05-16 14:53:41.0000005,13.9550705
2009-05-16 14:53:41.0000001,23.02083
2009-05-16 14:53:41.0000004,26.181818
2013-08-26 11:47:37.0000001,9.506327
2010-10-30 13:31:13.0000001,5.1421795
2014-05-09 00:30:41.0000004,10.566762
2012-03-05 13:24:37.0000002,6.2602634
2010-07-01 22:11:33.0000005,7.175757
2010-07-01 22:11:33.0000006,21.754356
2012-01-07 21:39:05.0000001,46.983166
2012-05-26 00:31:25.0000001,4.953578
2014-10-07 11:52:13.0000006,10.739606
2015-06-13 19:17:09.0000005,6.399115
2009-11-28 13:50:17.0000004,5.772089
2009-11-28 13:50:17.0000002,5.8364296
2015-01-13 12:07:53.0000005,7.4603057
2015-01-13 12:07:53.0000003,8.260581
2012-01-31 09:15:49.0000001,7.53277
2011-03-22 12:59:49.0000002,29.581814
2011-03-22 12:59:49.0000006,7.518068
2013-07-05 00:58:17.0000001,4.6297417
2010-01-30 00:57:21.0000002,16.268618
2009-10-16 16:14:41.0000002,7.192176
2011-03-13 05:34:57.0000002,11.461949
2015-02-26 23:20:13.00000010,10.115268
2013-10-09 15:11:41.0000004,23.611681
2011-09-01 09:53:49.0000004,5.848255
2010-09-28 00:16:53.0000003,6.7761073
2010-07-25 04:03:17.0000003,16.691782
2010-07-25 04:03:17.0000002,4.5423903
2013-09-19 21:24:21.0000001,10.736772
2011-02-04 09:12:53.0000004,4.050944
2012-03-08 12:33:25.0000003,14.885579
2009-07-31 18:15:57.0000001,9.364296
2009-07-10 20:17:05.0000003,4.01654
2010-08-21 21:56:25.0000002,11.103765
2010-10-09 17:11:17.0000001,7.316217
2009-09-25 15:13:57.0000001,8.750249
2009-09-25 15:13:57.0000003,6.170942
2009-09-25 15:13:57.0000002,11.790481
2010-05-03 08:36:41.0000004,7.6097655
2011-01-24 20:18:49.0000003,5.66233
2010-01-23 14:32:17.0000003,5.27294
2012-06-02 01:16:05.0000004,16.989614
2011-10-20 13:46:33.0000003,9.785218
2014-10-28 12:23:09.0000001,17.220669
2011-07-11 20:43:33.0000004,12.022429
2011-07-11 20:43:33.0000005,25.481054
2011-07-11 20:43:33.0000001,6.1205463
2013-02-23 14:25:29.0000002,14.397277
2010-01-30 18:58:33.0000008,9.333498
2010-01-30 18:58:33.0000006,8.675666
2010-01-30 18:58:33.0000001,7.0236497
2014-06-22 14:49:13.0000001,16.44739
2014-06-22 14:49:13.0000005,15.1185665
2015-03-14 02:23:17.0000006,17.528076
2015-03-14 02:23:17.0000002,5.895486
2015-03-14 02:23:17.0000004,15.975217
2012-03-12 01:08:09.0000001,8.464117
2014-09-25 20:52:09.0000002,6.633303
2014-09-25 20:52:09.0000005,21.853302
2012-12-15 06:35:45.0000001,11.227568
2012-01-05 05:51:01.0000001,7.503318
2013-10-15 08:16:21.0000002,25.36796
2014-08-26 23:35:49.0000002,4.95843
2009-08-28 23:01:41.0000001,8.686885
2009-08-28 23:01:41.0000006,4.609919
2014-12-16 13:40:25.0000003,12.431439
2012-12-09 22:30:13.0000006,7.176754
2012-12-09 22:30:13.0000002,8.935388
2012-12-09 22:30:13.0000004,16.20779
2011-05-11 19:56:09.0000001,4.769149
2014-08-08 00:02:41.0000004,12.667725
2014-08-08 00:02:41.0000002,58.365734
2013-09-12 12:50:13.0000007,11.882197
2013-09-12 12:50:13.0000003,9.997027
2013-09-12 12:50:13.0000001,17.12224
2011-06-26 03:33:25.0000002,16.936502
2011-09-18 18:33:13.0000003,6.8890066
2014-03-04 16:24:45.0000001,87.30531
2014-11-10 10:52:41.0000001,38.284653
2009-12-22 15:59:53.0000003,12.295709
2014-05-08 21:23:41.0000001,10.835367
2012-07-15 03:53:37.0000001,14.167543
2012-07-15 03:53:37.0000002,10.798033
2012-07-15 03:53:37.0000003,9.126727
2013-06-10 11:29:13.0000001,11.69601
2015-04-25 01:06:17.0000007,13.621502
2015-04-25 01:06:17.0000003,13.223455
2012-10-28 13:55:57.0000001,8.101993
2011-06-12 01:07:57.0000003,7.7842693
2014-12-11 15:20:49.0000001,6.7526145
2011-06-19 04:08:49.0000002,13.7673235
2012-04-14 22:29:37.0000001,5.7725663
2015-06-02 09:11:17.0000007,10.366776
2011-10-08 12:54:49.0000002,6.4797764
2009-06-02 08:34:33.0000001,9.057909
2011-10-01 15:04:57.0000001,29.8164
2013-06-22 01:59:25.0000002,12.287213
2010-12-15 08:39:33.0000005,5.0366597
2012-05-26 11:54:53.0000001,6.4476566
2012-05-26 11:54:53.0000002,8.180719
2014-01-11 19:20:17.0000001,5.6610208
2015-01-05 21:43:13.0000001,23.292171
2011-07-19 22:20:41.0000002,13.336322
2011-07-19 22:20:41.0000004,7.177834
2011-07-19 22:20:41.0000001,15.508165
2012-03-18 02:27:41.0000001,6.3082967
2009-01-19 19:48:17.0000001,4.187485
2009-01-19 19:48:17.0000002,5.169419
2013-01-13 00:20:53.0000001,10.259014
2013-11-28 13:17:13.0000002,22.666986
2012-06-10 00:46:17.0000006,4.3525863
2012-06-10 00:46:17.0000003,12.58181
2012-06-10 00:46:17.0000005,9.435311
2010-02-20 04:04:13.0000004,21.26635
2014-01-01 16:33:01.0000005,15.545811
2010-10-01 13:11:05.0000001,5.9212456
2012-04-14 14:20:33.0000001,10.586577
2015-05-17 04:17:33.0000005,4.4944983
2014-07-26 23:31:41.0000003,16.363888
2014-07-26 23:31:41.0000002,10.065368
2009-11-07 16:37:49.0000004,8.115951
2011-01-07 09:25:57.0000003,7.7379603
2012-07-18 16:28:21.0000001,7.7770376
2013-03-08 19:03:09.0000003,10.450696
2009-12-10 22:45:01.0000004,12.342159
2012-07-13 11:00:05.0000004,8.591673
2013-04-28 10:36:37.0000001,7.392517
2009-04-23 02:42:05.0000003,8.65545
2013-06-08 16:55:13.0000003,9.356388
2012-10-25 16:20:37.0000004,7.67479
2012-10-25 16:20:37.0000003,31.15391
2012-07-31 20:04:53.0000006,7.301969
2012-07-31 20:04:53.0000002,5.5966444
2009-07-14 22:41:09.0000003,6.784637
2011-09-03 19:22:17.0000001,7.9278126
2011-09-03 19:22:17.0000003,8.986444
2011-09-03 19:22:17.0000002,16.206842
2013-11-21 14:19:21.0000001,41.581642
2015-01-02 11:55:57.0000003,17.85113
2013-11-23 22:19:37.0000004,4.6425247
2013-11-23 22:19:37.0000003,8.240508
2013-11-23 22:19:37.0000005,10.81094
2011-04-04 19:54:33.0000001,5.1946936
2014-07-14 16:18:37.0000002,7.017491
2014-03-18 19:55:17.0000001,6.688607
2010-06-05 23:05:25.0000006,6.945914
2014-09-09 22:48:37.0000001,8.120637
2014-09-09 22:48:37.0000002,4.7940617
2014-03-28 21:55:17.0000003,4.966654
2014-03-28 21:55:17.0000001,6.71518
2009-09-24 22:41:17.0000001,9.108428
2012-04-27 18:37:09.0000002,8.263285
2014-04-05 18:11:33.0000002,15.579745
2013-11-07 22:25:25.0000003,7.146463
2013-11-07 22:25:25.0000001,4.8431406
2012-06-30 03:53:29.0000002,4.4632726
2011-05-19 16:01:41.0000001,7.409455
2010-01-11 12:38:33.0000002,4.421351
2010-10-16 09:26:33.0000001,8.868844
2010-10-16 09:26:33.0000003,6.292489
2014-07-25 18:06:37.0000007,7.0236897
2014-05-13 21:07:29.0000004,9.803033
2014-05-13 21:07:29.0000001,28.898314
2013-11-16 18:33:25.0000005,11.58266
2009-08-02 14:01:33.0000004,7.764007
2015-01-12 15:36:37.0000008,11.265893
2013-05-26 15:18:37.0000005,22.32929
2013-05-26 15:18:37.0000001,52.993042
2013-05-26 15:18:37.0000003,14.305931
2009-09-20 23:07:01.0000001,8.99888
2009-09-25 21:43:49.0000004,9.244931
2009-09-25 21:43:49.00000010,10.630586
2009-03-22 20:58:33.0000003,14.3911495
2011-12-09 21:19:25.0000001,7.169372
2013-07-05 20:44:49.0000001,10.963393
2013-12-20 15:58:29.0000006,13.248281
2013-12-20 15:58:29.0000001,9.701116
2014-10-06 14:37:25.0000005,57.07223
2015-01-18 23:09:25.0000001,5.150092
2014-02-06 13:26:49.0000002,5.0115104
2013-02-27 19:25:13.0000001,16.961706
2009-09-15 08:28:53.0000003,11.036501
2012-07-18 22:34:53.0000003,7.1323066
2011-05-17 22:09:17.0000002,4.403848
2010-09-19 17:13:29.0000008,27.080263
2010-09-19 17:13:29.0000006,13.552361
2013-03-19 18:08:29.0000002,10.375559
2013-03-19 18:08:29.0000001,12.955881
2011-04-23 11:01:49.0000001,10.527222
2013-07-04 05:39:13.0000001,13.743417
2010-11-08 10:01:37.0000003,5.2296205
2009-04-01 19:28:09.0000001,5.6916156
2011-11-26 02:04:29.0000004,5.091259
2011-11-26 02:04:29.0000003,4.0362496
2009-01-11 07:56:01.0000001,4.5859675
2012-05-30 09:19:13.0000002,6.2739367
2014-10-28 22:42:33.0000003,11.836478
2014-07-19 21:05:37.0000002,12.914811
2012-10-02 14:17:13.0000001,5.4872413
2012-10-20 00:36:37.0000002,7.301146
2014-06-19 22:37:09.0000006,7.6458097
2014-06-19 22:37:09.0000004,8.872887
2011-05-11 13:24:37.0000002,9.550819
2014-10-13 00:42:05.0000002,9.778281
2013-12-08 10:41:05.0000007,8.896406
2009-07-04 13:00:57.0000002,10.514086
2015-06-30 04:09:45.0000001,34.12712
2013-09-08 03:47:57.0000002,9.011195
2009-05-15 21:19:13.0000004,29.215422
2010-01-29 08:32:53.0000002,8.564649
2015-05-15 01:51:49.0000003,6.005859
2012-11-12 10:06:17.0000003,7.2503757
2013-12-01 22:23:57.0000003,43.589157
2014-01-03 15:48:49.0000001,10.013017
2013-01-19 20:19:45.0000002,10.182382
2015-03-17 21:44:26.0000002,5.4373293
2009-01-06 07:36:34.0000005,6.288381
2013-01-20 20:41:26.0000002,15.974121
2015-06-07 00:38:14.0000001,11.584201
2009-01-03 00:51:02.0000002,14.194328
2009-01-03 00:51:02.0000001,10.8252535
2009-08-02 05:08:42.0000001,24.56933
2013-10-18 09:06:14.0000002,6.8655176
2009-04-26 17:29:42.0000001,4.9560347
2015-02-25 22:00:38.0000002,14.407243
2010-10-06 23:31:54.0000001,13.572742
2009-01-21 20:04:30.0000006,10.024648
2013-12-18 14:26:58.0000002,32.80624
2014-04-26 18:02:26.0000003,5.723444
2014-10-05 13:58:18.0000002,7.6226907
2014-10-05 13:58:18.0000001,7.7018943
2013-05-23 23:54:42.0000004,8.200132
2009-11-23 19:06:14.0000005,11.819987
2010-09-01 08:23:54.0000002,6.694841
2011-12-10 23:39:06.0000001,13.787147
2009-12-17 15:54:46.0000002,10.117857
2010-06-16 18:41:54.0000003,8.8274975
2011-11-02 08:21:50.0000003,7.479102
2011-11-02 08:21:50.0000001,8.987678
2009-03-15 03:31:14.0000003,5.8595047
2014-09-08 19:07:46.0000001,7.735974
2010-04-24 23:31:50.0000004,7.016596
2010-04-24 23:31:50.0000002,11.285409
2011-03-03 21:31:42.0000004,5.2734923
2011-03-03 21:31:42.0000002,13.019379
2011-09-05 10:47:26.0000001,7.025013
2012-09-16 12:48:06.0000002,7.9825797
2015-04-10 11:56:54.0000005,11.564387
2013-10-15 23:31:26.0000002,19.15732
2013-06-21 18:06:14.0000002,8.156426
2009-05-19 15:44:30.0000001,9.001697
2014-01-26 08:48:30.0000003,8.168494
2014-12-25 21:32:58.0000002,7.3532495
2011-07-30 15:27:58.0000001,7.7830706
2010-09-24 22:40:06.0000007,5.877567
2010-02-06 17:37:10.0000005,48.024918
2010-02-06 17:37:10.0000001,12.882349
2012-08-13 15:02:26.0000001,8.4849205
2013-01-14 18:42:54.0000004,6.535326
2013-01-14 18:42:54.0000005,8.41825
2009-11-11 21:20:18.0000002,6.5777874
2009-04-18 02:44:34.0000004,31.593643
2009-04-18 02:44:34.0000001,6.9057426
2014-01-10 12:28:38.0000002,6.1144857
2014-10-11 00:26:38.0000004,21.768057
2010-01-30 02:13:06.0000004,4.6099496
2009-08-26 23:55:38.0000001,8.165863
2012-09-07 23:20:34.0000002,9.783167
2012-09-07 23:20:34.0000005,8.33339
2015-01-10 14:32:14.0000002,13.291236
2010-05-31 20:43:42.0000001,5.3248525
2010-05-31 20:43:42.0000003,5.749235
2014-05-18 14:43:26.0000004,7.6251144
2011-10-08 18:18:26.0000002,5.653573
2011-10-08 18:18:26.0000003,15.687002
2010-03-23 13:23:34.0000003,12.289319
2010-12-21 08:46:02.0000001,11.4475
2010-12-21 08:46:02.0000002,4.9445543
2010-06-19 22:52:30.0000003,7.880114
2013-01-03 01:43:10.0000002,10.401638
2013-11-24 03:44:46.0000001,14.637599
2011-04-16 12:57:18.0000002,5.0475483
2012-10-11 22:24:18.0000002,11.070834
2011-05-17 23:42:46.0000006,7.297538
2011-05-17 23:42:46.0000003,4.0480285
2014-01-09 17:27:18.0000003,5.4694824
2014-01-09 17:27:18.0000004,8.665707
2010-01-09 13:24:22.0000002,44.509773
2010-01-09 13:24:22.0000001,6.9723387
2009-03-11 21:46:54.0000006,6.945223
2012-08-22 20:54:46.0000004,9.960442
2012-08-22 20:54:46.0000005,30.18841
2009-02-21 20:49:34.0000002,10.997043
2012-08-10 14:04:14.0000001,8.30943
2009-10-17 03:52:42.0000005,8.674823
2014-02-27 09:36:26.0000001,12.057856
2014-03-11 20:24:02.0000005,11.697753
2014-03-11 20:24:02.0000001,6.5742707
2015-05-07 15:33:26.0000004,5.6953545
2012-09-10 21:07:54.0000008,7.263564
2012-04-20 00:06:10.0000003,4.789649
2012-04-20 00:06:10.0000004,13.246427
2012-06-12 23:10:42.0000004,10.090436
2013-04-21 19:50:54.0000002,6.681974
2013-02-06 18:21:18.0000005,18.449053
2014-05-01 21:05:34.0000001,29.012928
2011-04-22 19:23:54.0000004,5.5851507
2011-09-17 15:41:06.0000002,7.5454373
2015-03-05 13:21:58.0000001,57.407955
2015-06-21 17:16:10.0000001,7.401048
2010-06-02 22:04:10.0000002,27.308455
2010-06-02 22:04:10.0000001,8.750626
2015-02-27 19:36:02.0000008,13.356839
2015-02-27 19:36:02.0000005,8.843761
2013-04-06 19:16:10.0000002,7.3723364
2014-03-08 16:08:26.0000006,17.599833
2014-03-08 16:08:26.0000005,4.525935
2013-12-06 23:40:42.0000004,6.086754
2013-12-06 23:40:42.0000005,15.125221
2014-09-13 19:05:02.0000001,6.2835827
2015-03-12 13:01:54.0000003,5.0946712
2015-03-12 13:01:54.0000006,5.5175333
2014-10-04 21:48:22.0000001,11.582651
2012-01-22 04:13:34.0000001,21.767303
2012-01-22 04:13:34.0000003,8.976944
2010-12-17 10:33:34.0000003,16.790995
2010-12-17 10:33:34.0000001,27.151781
2012-06-04 11:34:58.0000002,8.545818
2012-12-08 20:08:38.0000001,16.256083
2012-12-08 20:08:38.0000002,9.770551
2013-12-29 01:20:50.0000002,19.161762
2014-03-28 22:34:26.0000002,10.091891
2013-09-07 19:43:18.0000002,15.944682
2013-09-07 19:43:18.0000007,6.8833084
2010-03-07 00:47:26.0000002,12.418182
2010-03-07 00:47:26.0000003,7.3954854
2010-10-31 18:45:58.0000004,6.1053915
2015-02-03 09:00:58.0000003,36.20284
2012-08-08 08:58:50.0000002,5.742298
2011-04-08 15:01:02.0000002,6.223653
2015-01-10 09:38:54.0000006,6.380193
2015-01-10 09:38:54.0000002,13.488281
2015-01-10 09:38:54.0000005,11.437977
2015-01-10 09:38:54.0000001,9.668827
2014-10-03 00:50:06.0000003,8.277114
2010-06-18 19:19:26.0000004,13.433945
2013-06-21 00:00:34.0000004,8.711478
2012-02-29 12:03:34.0000003,6.5651045
2013-09-16 14:16:34.0000002,28.181097
2011-03-10 18:16:14.0000002,6.7992983
2011-05-19 02:06:46.0000001,7.5770817
2014-08-08 15:26:18.0000001,9.111054
2009-03-11 12:01:30.0000003,5.9976006
2012-07-26 12:40:38.0000004,9.39804
2014-05-26 22:57:10.0000001,9.906014
2010-09-04 18:31:42.0000004,11.416089
2011-09-22 20:05:22.0000002,6.2246485
2011-09-22 20:05:22.0000004,7.003748
2014-08-09 01:27:30.0000001,14.197774
2014-10-31 12:04:26.0000003,10.82924
2013-04-10 21:03:42.0000006,12.331906
2011-12-29 19:29:50.0000002,8.206977
2013-03-14 21:43:46.0000002,4.7345996
2009-02-08 00:04:06.0000003,5.3437166
2012-02-04 22:47:18.0000002,5.124719
2012-05-06 03:01:10.0000001,25.088924
2014-07-08 08:56:58.0000002,5.1932807
2014-07-08 08:56:58.0000005,5.6484985
2014-07-08 08:56:58.0000004,15.230638
2014-07-08 08:56:58.0000003,9.763075
2011-02-19 10:14:58.0000001,6.3711777
2010-08-16 17:14:18.0000002,6.795697
2012-12-27 21:01:54.0000002,15.77864
2015-05-31 20:48:54.0000002,13.93375
2013-01-06 12:39:54.0000006,5.0397534
2010-12-24 04:23:06.0000001,30.855665
2010-11-10 23:21:50.0000001,8.876224
2011-10-01 00:42:26.0000002,20.957876
2013-03-31 00:09:58.0000001,24.000288
2011-07-20 08:05:02.0000001,20.080975
2009-05-03 16:02:54.0000004,4.028851
2012-09-06 17:58:06.0000002,9.50332
2014-04-06 16:47:14.0000001,14.790957
2014-04-06 16:47:14.0000002,32.177433
2014-09-06 03:52:50.0000001,10.906129
2014-01-01 13:06:34.0000002,13.227469
2011-12-25 15:35:54.0000002,6.152213
2011-12-25 15:35:54.0000005,4.2562757
2011-12-25 15:35:54.0000001,5.3348227
2015-05-14 23:11:58.0000004,14.264524
2015-04-22 09:54:06.0000001,6.7396426
2012-09-01 19:04:18.0000001,10.828103
2013-06-06 02:54:50.0000001,34.485992
2011-09-03 00:03:42.0000007,48.44526
2013-07-02 22:27:14.0000002,4.9336214
2011-07-18 00:04:54.0000001,14.055034
2011-04-03 03:46:18.0000001,4.9366455
2010-06-25 14:00:14.0000001,8.623989
2014-09-10 16:40:02.0000001,7.7892785
2011-03-01 07:23:14.0000002,5.4600735
2011-06-24 13:23:18.0000005,11.616545
2012-01-01 18:02:46.0000001,19.349049
2015-03-28 19:31:26.0000004,10.152608
2010-07-13 11:53:15.0000006,10.861701
2010-07-13 11:53:15.0000005,6.839393
2010-07-13 11:53:15.0000003,5.4274273
2013-02-07 13:47:59.0000002,15.025872
2015-05-19 13:58:11.0000006,36.42992
2015-05-19 13:58:11.0000009,16.358038
2012-07-31 22:21:11.0000003,5.899448
2013-01-03 08:50:31.0000003,9.575421
2010-03-18 00:05:43.0000001,19.738562
2009-04-14 17:43:23.0000001,48.79647
2009-04-14 17:43:23.0000002,8.158556
2015-06-15 14:34:03.0000001,11.980059
2014-11-26 06:46:23.0000002,29.496778
2010-12-19 16:25:15.0000002,7.697278
2015-06-18 20:56:55.0000004,5.0140967
2015-06-18 20:56:55.0000008,18.033722
2015-04-28 20:15:27.0000003,6.813342
2013-01-23 13:49:19.0000001,8.751252
2012-01-03 08:49:15.0000005,11.385917
2012-06-09 19:03:11.0000005,7.669443
2012-06-09 19:03:11.0000007,10.397756
2009-05-27 02:00:51.0000001,17.133783
2014-06-07 12:21:11.0000003,12.299361
2011-09-08 22:37:43.0000001,7.13778
2010-06-18 22:52:11.0000001,21.646744
2011-09-13 13:31:51.0000001,11.804548
2011-09-13 13:31:51.0000005,7.1027055
2014-10-06 09:24:11.0000005,26.285416
2012-03-15 18:23:55.0000002,6.7791424
2013-12-22 21:24:47.0000002,5.7297063
2011-11-23 21:07:43.0000001,6.7606835
2010-11-17 19:10:23.0000003,6.4230165
2010-11-17 19:10:23.0000005,10.720521
2015-02-14 13:15:19.0000007,8.082632
2013-01-12 22:40:39.0000008,8.025479
2013-01-12 22:40:39.0000009,19.582373
2013-01-12 22:40:39.0000007,6.8072834
2010-02-15 14:20:31.0000002,26.259333
2010-02-15 14:20:31.0000003,5.248162
2013-03-23 15:41:07.0000003,9.7089205
2009-05-08 22:14:51.0000002,5.371068
2010-01-31 00:33:03.0000005,8.316382
2009-01-18 18:22:07.0000002,8.492532
2009-01-28 11:27:19.0000001,7.0420094
2015-05-20 19:39:11.0000003,15.209614
2014-01-11 17:47:47.0000001,8.113922
2012-07-12 02:46:07.0000001,8.124207
2014-03-05 23:16:07.0000001,12.992498
2014-12-17 20:56:31.0000003,10.335488
2010-10-09 15:48:51.0000003,30.727478
2013-10-10 11:09:23.0000001,16.239914
2014-10-12 09:23:55.0000001,11.547286
2013-01-08 07:03:07.0000001,6.390229
2012-10-28 17:21:19.0000001,7.8097897
2012-10-28 17:21:19.0000003,11.402729
2014-12-26 20:46:23.0000001,11.7768345
2015-05-10 12:37:51.0000003,12.601864
2010-12-11 13:31:11.0000003,5.839915
2010-03-01 22:21:55.0000003,6.462712
2010-03-01 22:21:55.0000002,17.036802
2015-03-08 14:59:23.0000001,28.401072
2015-03-08 14:59:23.0000003,36.283783
2009-06-08 11:06:23.0000001,62.80941
2014-01-26 13:51:39.0000001,8.67045
2014-11-30 15:46:23.0000003,5.018164
2011-08-20 15:50:39.0000001,10.341843
2010-06-22 14:25:19.0000008,48.97152
2010-06-22 14:25:19.0000001,6.121086
2014-05-25 19:46:59.0000003,29.549372
2014-04-04 05:47:11.0000002,13.937821
2013-01-11 20:08:07.0000003,9.612973
2013-01-11 20:08:07.0000001,5.146083
2013-10-09 17:27:39.0000001,56.91242
2015-01-12 17:05:51.0000004,8.223165
2009-01-12 07:47:39.0000001,32.432858
2011-04-28 19:39:43.0000003,13.572594
2014-11-17 00:03:47.0000003,7.3639927
2014-11-17 00:03:47.0000001,10.534532
2013-08-18 00:32:15.0000003,7.084524
2013-05-23 12:09:23.0000005,7.0480056
2013-05-23 12:09:23.0000004,13.978742
2014-12-11 08:20:39.0000001,20.911861
2014-12-11 08:20:39.0000004,12.32419
2013-12-10 14:00:35.0000002,5.770335
2011-09-10 20:44:59.0000003,7.975432
2011-04-28 09:50:03.0000001,6.7372713
2010-02-26 18:34:51.0000001,9.455371
2013-12-05 23:29:15.0000002,6.632664
2012-12-13 19:05:27.0000004,6.366983
2012-11-09 18:17:35.0000002,13.401246
2010-07-05 19:21:35.0000001,9.832885
2011-11-29 22:19:51.0000003,7.348471
2009-01-30 22:47:07.0000002,15.326792
2009-01-30 22:47:07.0000005,5.4974546
2013-09-26 20:54:19.0000001,13.411556
2014-09-16 18:22:23.0000001,8.85336
2011-06-25 23:18:27.0000003,7.0381207
2011-06-25 23:18:27.0000002,11.550679
2009-01-17 02:21:55.0000003,5.03744
2014-11-01 15:31:15.0000001,5.907196
2013-07-12 23:17:31.0000003,7.019282
2013-07-12 23:17:31.0000002,11.37008
2013-07-12 23:17:31.0000001,9.693115
2009-09-24 04:23:47.0000001,5.043347
2009-04-20 21:08:35.0000005,7.311131
2009-04-20 21:08:35.0000004,9.503159
2009-04-06 13:47:15.0000001,4.9363084
2013-11-29 21:36:07.0000002,19.57274
2013-11-29 21:36:07.0000001,8.899906
2012-04-14 11:59:11.0000003,10.275179
2009-03-06 00:13:03.0000002,11.949663
2010-04-23 00:00:03.0000001,23.802704
2010-05-22 23:46:19.0000004,8.368418
2012-06-09 22:57:15.0000004,7.1088033
2010-10-27 02:29:39.0000001,6.0916753
2010-10-22 20:56:51.0000003,11.241049
2013-10-07 08:53:39.0000001,5.377046
2011-10-04 11:48:35.0000001,9.745302
2010-12-31 13:32:39.0000002,7.164653
2010-08-21 20:25:07.0000002,8.155694
2009-11-16 21:03:31.0000005,9.828716
2009-11-16 21:03:31.0000006,6.676532
2010-12-01 21:02:35.0000003,12.610466
2010-04-20 11:53:23.0000001,6.6018386
2013-09-20 13:38:55.0000005,6.3186812
2013-09-20 13:38:55.0000004,57.817375
2012-09-09 23:40:03.0000002,6.4033084
2012-09-09 23:40:03.0000004,11.1967745
2010-05-23 15:28:55.0000002,8.0207
2012-10-15 20:10:31.0000005,16.142757
2013-06-07 13:52:55.0000005,9.021876
2009-06-04 19:34:15.0000005,9.372414
2013-09-29 22:12:07.0000001,26.552668
2010-05-02 12:39:55.0000003,6.1325064
2010-05-02 12:39:55.0000001,15.94922
2015-05-20 00:59:15.0000001,7.7170568
2009-12-03 18:02:47.0000003,8.7361
2009-12-03 18:02:47.0000002,49.72874
2009-09-28 19:21:59.0000007,4.9616737
2009-09-28 19:21:59.0000006,8.718078
2015-05-23 12:59:39.0000003,16.638414
2014-01-11 23:10:59.0000006,8.842529
2010-04-24 20:15:07.0000001,5.375355
2013-05-24 07:22:51.0000001,9.14948
2009-08-06 02:50:03.0000001,15.084435
2014-08-08 17:32:47.0000003,8.407817
2010-09-22 09:42:31.0000003,9.850819
2013-08-19 19:39:23.0000002,15.483001
2015-03-11 16:36:39.0000004,30.53406
2015-05-29 18:59:35.0000006,15.955658
2011-10-26 17:48:43.0000005,9.376733
2009-11-03 19:53:27.0000002,6.0481806
2009-11-03 19:53:27.0000001,6.1385956
2009-12-19 21:56:15.0000004,5.1672206
2009-12-21 21:20:43.0000002,5.8735003
2009-08-21 15:35:07.0000001,13.588537
2010-04-25 13:28:47.0000001,8.533841
2010-11-02 18:49:59.0000004,8.2777605
2010-04-21 06:28:47.0000001,48.647717
2015-02-11 20:51:51.0000001,4.6563187
2013-12-07 01:41:59.0000002,7.158543
2013-05-21 06:52:59.0000003,31.368996
2014-07-12 00:15:59.0000001,11.7676525
2010-06-13 19:39:51.0000002,9.944087
2009-03-31 10:27:19.0000003,10.895422
2013-09-14 18:28:03.0000001,5.883842
2015-02-14 09:08:11.0000002,9.728595
2012-01-19 20:26:35.0000002,5.5924125
2012-01-19 20:26:35.0000003,5.401134
2012-01-19 20:26:35.0000006,15.9380455
2015-02-25 18:00:51.0000001,7.0415554
2015-02-25 18:00:51.0000007,6.911226
2009-08-08 11:41:51.0000003,6.0804524
2013-06-02 16:26:47.0000001,7.5915117
2011-09-14 00:50:15.0000001,10.650744
2013-02-16 14:26:51.0000003,5.3897758
2012-11-12 11:57:03.0000001,7.446873
2012-01-04 00:06:39.0000002,5.43738
2013-06-21 02:39:47.0000001,14.036094
2010-12-28 20:17:27.0000005,10.654313
2010-12-28 20:17:27.0000003,9.833611
2009-12-12 22:01:31.0000001,4.8457417
2011-05-20 23:42:59.0000001,6.993863
2014-01-04 10:54:59.0000005,7.80423
2014-01-04 10:54:59.0000002,10.499257
2012-02-11 04:52:35.0000001,3.8375816
2014-09-14 23:26:11.0000001,7.884731
2014-04-05 01:52:27.0000002,27.407429
2010-02-23 20:29:51.0000004,8.258499
2013-11-01 13:07:47.0000003,18.348593
2015-03-07 15:25:59.0000003,5.159866
2009-04-16 15:57:31.0000001,9.5036125
2010-01-10 12:55:43.0000003,9.662323
2010-01-10 12:55:43.0000004,22.12683
2010-01-10 12:55:43.0000001,5.3786073
2015-03-16 21:12:19.0000002,6.8317633
2015-03-16 21:12:19.0000006,17.743883
2012-09-29 20:16:51.0000004,6.33995
2009-07-30 15:49:15.0000002,9.24321
2009-07-30 15:49:15.0000004,8.50781
2013-11-18 16:18:39.0000001,57.17121
2015-01-18 14:06:23.0000001,10.302804
2015-01-18 14:06:23.0000004,5.831112
2015-01-18 14:06:23.0000003,6.916763
2009-09-07 19:35:39.0000001,7.328579
2014-06-14 13:39:00.000000155,4.8744216
2014-06-14 13:39:00.000000174,9.084385
2014-06-14 13:39:00.000000104,9.830668
2014-06-14 13:39:00.00000083,55.19802
2014-06-14 13:39:00.00000056,6.4628005
2014-06-14 13:39:00.000000102,11.79259
2014-06-14 13:39:00.00000065,22.937998
2014-06-14 13:39:00.000000137,11.806001
2014-06-14 13:39:00.0000002,56.089138
2014-06-14 13:39:00.00000028,6.012407
2014-06-14 13:39:00.000000194,5.928149
2013-06-27 00:20:40.0000002,5.0212326
2014-12-30 20:29:24.0000001,5.285338
2011-03-24 15:57:04.0000002,4.120556
2012-06-09 16:53:44.0000001,8.579224
2011-10-02 23:36:00.0000001,18.85141
2011-10-02 23:36:00.00000050,24.75849
2011-10-02 23:36:00.00000069,8.320362
2011-10-02 23:36:00.00000093,9.829124
2011-10-02 23:36:00.00000010,10.564314
2011-10-02 23:36:00.00000017,10.534974
2011-10-02 23:36:00.00000072,10.6214485
2011-10-02 23:36:00.00000025,9.272852
2011-10-02 23:36:00.00000019,5.10277
2013-03-21 12:47:28.0000001,11.059754
2013-06-07 03:02:56.0000003,12.0783205
2009-06-10 16:55:00.000000123,5.397196
2009-06-10 16:55:00.000000150,12.030023
2009-06-10 16:55:00.00000064,7.678692
2009-06-10 16:55:00.00000062,12.048983
2009-06-10 16:55:00.0000005,5.0784206
2009-06-10 16:55:00.0000006,19.764668
2009-06-10 16:55:00.000000130,9.140777
2009-06-10 16:55:00.000000175,6.0258274
2009-06-10 16:55:00.00000041,49.60283
2009-06-10 16:55:00.000000152,4.828424
2009-06-10 16:55:00.000000155,10.585447
2009-06-10 16:55:00.00000061,5.8832164
2011-06-24 12:03:00.000000131,8.826344
2011-06-24 12:03:00.000000184,10.519245
2011-06-24 12:03:00.00000081,9.155147
2011-06-24 12:03:00.0000007,7.02948
2011-06-24 12:03:00.00000028,6.1844506
2011-06-24 12:03:00.000000198,7.2758803
2014-06-15 07:06:00.0000004,14.142372
2014-06-15 07:06:00.00000011,11.355655
2014-06-06 16:22:20.0000001,8.681388
2009-09-14 02:19:00.00000043,4.9912844
2009-09-14 02:19:00.00000027,7.6267624
2009-09-14 02:19:00.00000042,7.562113
2009-09-14 02:19:00.00000034,16.095373
2009-09-14 02:19:00.00000033,8.084336
2010-08-21 22:21:32.0000001,10.198922
2010-08-21 22:21:32.0000002,7.9881067
2012-05-06 23:37:24.0000003,11.078822
2013-12-21 17:20:32.0000002,56.672375
2014-04-28 19:46:36.0000002,7.4306254
2011-06-01 07:37:00.00000080,37.998123
2011-06-01 07:37:00.000000164,10.199119
2011-06-01 07:37:00.00000074,22.861506
2011-06-01 07:37:00.00000085,16.767475
2011-06-01 07:37:00.0000003,7.7528152
2011-06-01 07:37:00.000000159,21.696592
2011-06-01 07:37:00.00000052,23.940018
2011-06-01 07:37:00.000000218,16.267895
2011-06-01 07:37:00.00000062,6.26418
2011-06-01 07:37:00.00000031,6.39712
2010-08-27 18:45:00.000000170,11.333101
2010-08-27 18:45:00.00000044,16.729736
2010-08-27 18:45:00.000000146,6.960932
2010-08-27 18:45:00.00000035,7.5110707
2010-08-27 18:45:00.000000139,7.6498528
2010-08-27 18:45:00.00000051,6.117818
2010-08-27 18:45:00.000000186,5.375798
2010-08-27 18:45:00.000000102,7.926447
2010-08-27 18:45:00.000000164,12.163524
2010-08-27 18:45:00.000000199,12.9325075
2010-08-27 18:45:00.000000174,7.414065
2010-08-27 18:45:00.000000187,5.681815
2010-08-27 18:45:00.000000172,14.426266
2010-08-14 02:13:00.000000105,9.866259
2010-08-14 02:13:00.000000159,4.2079988
2010-08-14 02:13:00.00000040,6.0655756
2010-08-14 02:13:00.000000147,9.558632
2010-08-14 02:13:00.000000145,6.4573646
2010-08-14 02:13:00.00000061,7.5405498
2010-08-14 02:13:00.000000150,15.980753
2010-08-14 02:13:00.00000024,6.682389
2010-08-14 02:13:00.000000167,7.6971173
2010-08-14 02:13:00.00000099,8.020838
2010-08-14 02:13:00.000000120,10.1982565
2010-08-14 02:13:00.00000027,5.974513
2010-08-14 02:13:00.00000063,10.680077
2010-08-14 02:13:00.000000164,5.3647428
2010-08-14 02:13:00.000000143,16.43127
2010-08-14 02:13:00.000000156,22.700525
2010-08-14 02:13:00.000000123,13.406403
2014-03-25 23:47:00.00000013,5.710694
2014-03-25 23:47:00.000000116,10.199478
2014-03-25 23:47:00.000000141,5.783876
2014-03-25 23:47:00.000000107,7.963199
2014-03-25 23:47:00.00000068,6.131276
2014-03-25 23:47:00.00000098,18.868755
2014-03-25 23:47:00.000000138,13.025382
2014-03-25 23:47:00.000000120,11.162992
2015-06-05 08:38:56.0000003,10.330369
2010-09-29 16:43:00.000000154,36.390163
2010-09-29 16:43:00.000000157,6.091128
2010-09-29 16:43:00.00000099,8.799036
2010-09-29 16:43:00.00000023,7.1769543
2010-09-29 16:43:00.000000148,15.355509
2014-10-27 14:58:00.00000028,8.443026
2014-10-27 14:58:00.00000069,9.409553
2014-10-27 14:58:00.000000106,7.852303
2014-10-27 14:58:00.00000070,5.8583665
2014-10-27 14:58:00.000000121,13.526455
2014-10-27 14:58:00.00000022,13.762806
2014-10-27 14:58:00.00000057,13.576344
2009-10-08 23:44:56.0000002,6.0185747
2012-11-03 17:11:00.00000080,11.577152
2012-11-03 17:11:00.00000030,6.1921144
2012-11-03 17:11:00.000000149,4.6931033
2012-11-03 17:11:00.00000078,10.572684
2012-11-03 17:11:00.00000063,10.776831
2012-11-03 17:11:00.000000142,6.331585
2012-11-03 17:11:00.000000101,8.62262
2011-05-28 17:29:44.0000003,7.233159
2011-03-11 01:44:00.00000023,21.593254
2011-03-11 01:44:00.00000014,5.742951
2011-03-11 01:44:00.00000067,10.231688
2011-03-11 01:44:00.00000019,7.1934266
2011-03-11 01:44:00.00000082,20.271591
2011-03-11 01:44:00.00000084,4.490189
2011-03-11 01:44:00.00000033,9.6163225
2011-03-11 01:44:00.00000051,12.652955
2011-03-11 01:44:00.00000011,19.87199
2013-12-16 19:06:44.0000001,7.118046
2009-05-08 18:00:36.0000001,4.866179
2013-01-27 00:09:12.0000008,11.64706
2013-09-15 02:37:52.0000002,11.882068
2009-04-05 09:48:20.0000001,4.4012527
2009-11-25 19:32:52.0000001,12.531129
2011-10-04 09:37:00.00000099,6.7754297
2011-10-04 09:37:00.00000019,9.649296
2011-10-04 09:37:00.000000132,17.835846
2011-10-04 09:37:00.00000043,38.9456
2011-10-04 09:37:00.000000122,32.37513
2011-10-04 09:37:00.0000002,11.379662
2011-10-04 09:37:00.000000109,5.9453373
2014-04-29 08:15:56.0000003,7.3776975
2014-12-24 03:00:00.00000035,4.5779095
2009-10-04 22:54:56.0000001,21.668554
2015-04-11 20:31:32.0000008,10.110755
2015-04-11 20:31:32.00000013,13.61103
2011-02-06 17:08:24.0000003,7.009575
2014-04-27 02:57:00.00000010,15.042935
2014-04-27 02:57:00.00000053,8.593199
2014-04-27 02:57:00.000000128,5.7205224
2014-04-27 02:57:00.0000008,10.04069
2014-04-27 02:57:00.00000067,10.857065
2014-04-27 02:57:00.0000009,4.5507307
2014-04-27 02:57:00.000000159,14.449426
2014-04-27 02:57:00.000000127,10.523846
2014-04-27 02:57:00.000000112,9.070813
2011-12-13 22:00:00.000000147,14.977887
2011-12-13 22:00:00.000000164,5.239099
2011-12-13 22:00:00.00000078,5.7675266
2011-12-13 22:00:00.000000103,9.236843
2011-12-13 22:00:00.000000226,6.0897927
2011-12-13 22:00:00.000000215,9.21958
2011-12-13 22:00:00.00000013,9.603882
2011-12-13 22:00:00.000000258,6.705957
2011-12-13 22:00:00.00000087,41.648563
2011-12-13 22:00:00.000000270,5.209761
2011-12-13 22:00:00.00000073,9.165017
2011-12-13 22:00:00.000000203,4.9339323
2011-12-13 22:00:00.000000184,4.4664583
2011-12-13 22:00:00.00000019,6.2721267
2011-12-13 22:00:00.000000101,24.74129
2011-12-13 22:00:00.000000122,19.163391
2011-12-13 22:00:00.000000190,7.560659
2011-12-13 22:00:00.00000021,5.1162763
2011-12-13 22:00:00.00000051,4.5132456
2011-12-13 22:00:00.00000036,8.273884
2011-12-13 22:00:00.00000022,6.911585
2009-04-12 16:00:56.0000002,11.205287
2014-03-05 21:07:12.0000001,5.504779
2015-04-11 14:16:12.0000009,6.1244745
2014-07-21 18:19:00.000000203,8.637205
2014-07-21 18:19:00.000000229,12.43755
2014-07-21 18:19:00.000000146,5.8161416
2014-07-21 18:19:00.000000108,9.337731
2014-07-21 18:19:00.000000171,6.2798104
2014-07-21 18:19:00.00000090,15.778146
2014-07-21 18:19:00.00000020,7.005897
2014-07-21 18:19:00.00000059,24.214064
2014-07-21 18:19:00.000000185,8.106514
2014-07-21 18:19:00.000000186,12.199656
2014-07-21 18:19:00.000000201,12.059774
2014-07-21 18:19:00.000000217,4.2695107
2014-07-21 18:19:00.00000017,7.4454026
2014-07-21 18:19:00.00000079,9.792832
2014-07-21 18:19:00.00000087,7.8901606
2011-06-13 09:55:04.0000003,13.931313
2010-09-20 16:48:00.00000025,11.080427
2010-09-20 16:48:00.00000085,41.910778
2010-09-20 16:48:00.00000069,29.310984
2010-09-20 16:48:00.00000086,7.5402846
2010-09-20 16:48:00.00000021,11.043619
2010-09-20 16:48:00.00000024,7.269503
2010-09-20 16:48:00.000000100,9.812413
2010-09-20 16:48:00.0000008,16.36791
2010-09-20 16:48:00.00000074,12.315866
2012-08-20 14:47:36.0000002,9.600462
2014-12-01 00:12:44.0000002,30.487034
2009-03-16 09:55:24.0000001,6.160199
2011-03-06 21:01:00.00000017,6.957177
2011-03-06 21:01:00.000000161,6.2275705
2011-03-06 21:01:00.000000170,7.7898426
2011-03-06 21:01:00.00000078,9.521578
2011-03-06 21:01:00.000000160,8.418651
2013-02-26 01:38:20.0000001,6.361142
2014-09-22 07:14:16.0000001,6.200529
2010-10-05 02:09:00.00000017,6.3390923
2010-10-05 02:09:00.00000024,14.781035
2010-10-05 02:09:00.00000020,5.14008
2011-04-16 21:23:16.0000001,6.2769985
2013-10-05 19:51:04.0000001,7.8128777
2011-10-07 22:08:20.0000005,8.599152
2012-03-14 19:10:48.0000003,4.035015
2009-06-21 04:28:48.0000001,15.149774
2011-06-25 11:42:36.0000001,9.886915
2012-01-26 07:33:00.000000145,6.9678793
2012-01-26 07:33:00.00000030,3.9531624
2012-01-26 07:33:00.000000121,5.2626886
2012-01-26 07:33:00.000000151,10.118522
2012-01-26 07:33:00.00000044,7.2392173
2015-03-20 23:34:40.0000009,17.933123
2015-03-20 23:34:40.0000005,7.0949135
2015-05-21 07:08:08.0000001,9.673902
2010-12-09 07:29:00.000000156,4.919947
2010-12-09 07:29:00.0000002,7.7295585
2010-12-09 07:29:00.00000081,13.218502
2010-08-21 23:02:28.0000003,12.114741
2009-10-29 10:48:40.0000003,9.059211
2015-02-01 00:48:44.0000003,8.294608
2015-02-01 00:48:44.0000005,4.8575354
2011-12-06 11:07:40.0000002,7.131483
2011-12-06 11:07:40.0000003,15.279353
2013-05-18 15:28:40.0000001,9.758835
2013-09-01 17:57:04.0000001,7.3755116
2015-02-21 18:39:16.0000001,9.502963
2013-07-22 15:05:16.0000005,10.529924
2010-12-25 13:54:12.0000002,7.2691646
2013-11-29 20:09:12.0000001,17.35245
2011-10-25 20:34:20.0000002,10.040705
2012-11-20 21:54:00.000000152,5.862034
2012-11-20 21:54:00.00000071,27.985128
2012-11-20 21:54:00.00000078,10.845129
2012-11-20 21:54:00.00000073,8.516837
2012-11-20 21:54:00.00000066,11.288854
2012-11-20 21:54:00.000000189,7.1767945
2012-11-20 21:54:00.00000016,13.618655
2012-11-20 21:54:00.0000007,10.606016
2012-11-20 21:54:00.000000161,15.440877
2012-11-20 21:54:00.000000174,9.723572
2012-11-20 21:54:00.00000084,9.529858
2012-11-20 21:54:00.000000173,7.47337
2014-06-23 00:16:00.00000086,8.093188
2014-06-23 00:16:00.00000042,46.371082
2014-06-23 00:16:00.00000010,6.3428793
2011-09-30 03:23:32.0000001,14.38079
2011-01-03 21:51:28.0000003,6.833598
2013-09-25 22:00:00.00000018,8.430142
2013-09-25 22:00:00.00000071,11.054946
2013-09-25 22:00:00.000000114,10.603621
2013-09-25 22:00:00.000000191,8.380843
2013-09-25 22:00:00.0000006,7.7846007
2013-09-25 22:00:00.000000113,4.600934
2013-09-25 22:00:00.000000212,5.080637
2013-09-25 22:00:00.00000066,5.817028
2011-07-06 18:07:44.0000004,5.595152
2014-07-11 12:36:08.0000001,15.396589
2015-02-20 11:08:29.0000007,10.551964
2009-05-16 14:53:41.0000003,6.0644927
2010-07-01 22:11:33.0000003,4.8266134
2014-10-07 11:52:13.0000008,6.9202657
2015-02-26 23:20:13.0000008,14.95876
2011-11-28 14:13:37.0000002,8.071677
2013-08-30 11:20:21.0000003,35.677925
2014-10-25 23:23:05.0000001,10.363262
2014-10-25 23:23:05.0000002,12.8653555
2011-07-02 00:38:01.0000001,8.21426
2014-02-08 17:24:57.0000002,8.695786
2013-02-16 16:03:17.0000001,14.789309
2011-01-24 20:18:49.0000005,8.769467
2012-04-07 12:14:05.0000001,13.642677
2011-10-20 13:46:33.0000002,9.676445
2013-11-29 15:09:45.0000003,8.59435
2014-06-22 14:49:13.0000002,37.847595
2009-08-28 23:01:41.0000002,7.4633408
2010-06-11 13:37:21.0000003,9.506327
2013-06-17 06:37:49.0000002,3.9075804
2015-06-02 09:11:17.0000002,42.546486
2014-12-07 19:56:45.0000001,14.126842
2013-04-23 13:19:17.0000001,8.559922
2013-11-28 13:17:13.0000003,6.9945745
2012-06-10 00:46:17.0000001,9.270433
2010-02-27 22:55:09.0000001,5.789728
2012-04-14 14:20:33.0000002,8.15175
2013-03-08 19:03:09.0000002,5.8018546
2012-07-13 11:00:05.0000005,4.0114026
2014-07-01 11:05:21.0000003,8.580517
2012-10-25 16:20:37.0000005,11.465365
2011-03-24 17:44:01.0000002,10.5920105
2014-07-25 18:06:37.0000006,14.091082
2009-08-02 14:01:33.0000005,9.449457
2009-09-25 21:43:49.0000009,11.511252
2011-12-09 21:19:25.0000003,6.7069354
2011-12-09 21:19:25.0000004,10.041341
2012-02-08 11:14:49.0000003,17.28223
2012-07-18 22:34:53.0000002,4.952947
2012-07-18 22:34:53.0000004,6.6289425
2009-09-04 18:43:33.0000002,5.6179657
2011-04-23 11:01:49.0000002,31.053965
2014-10-28 22:42:33.0000004,3.9978247
2010-06-20 12:42:37.0000002,5.9515166
2015-02-19 11:39:21.0000004,41.335236
2013-12-08 10:41:05.0000002,5.852633
2009-05-15 21:19:13.0000003,5.3074512
2011-08-18 08:36:13.0000005,5.6211953
2012-12-20 23:43:09.0000004,19.372002
2009-06-13 18:40:13.0000001,14.572173
2009-01-06 07:36:34.0000001,8.415565
2015-04-12 21:56:22.0000003,8.574069
2010-03-21 16:52:58.0000003,8.115111
2013-07-09 21:59:42.0000001,26.607418
2012-06-23 09:43:42.0000002,4.268822
2012-06-23 09:43:42.0000004,5.1030316
2013-10-26 10:46:46.0000003,38.517212
2013-09-14 18:51:46.0000001,7.0352397
2009-11-23 19:06:14.0000001,6.9931755
2010-01-24 14:09:58.0000002,5.5245895
2011-12-10 23:39:06.0000003,5.468727
2011-01-15 04:13:38.0000001,6.5272484
2011-03-03 21:31:42.0000003,5.635517
2012-08-04 23:34:58.0000003,11.560978
2015-04-10 11:56:54.0000006,7.6306763
2015-05-05 12:32:14.0000008,16.635494
2013-10-13 19:52:54.0000002,44.756187
2015-06-25 01:01:46.0000004,12.542924
2009-05-19 15:44:30.0000002,30.456179
2010-02-06 17:37:10.0000002,6.367595
2013-01-14 18:42:54.0000003,7.3957987
2014-01-05 17:47:02.0000001,12.504236
2009-07-28 11:13:10.0000002,7.7470117
2012-01-12 18:05:10.0000002,24.17895
2010-12-21 08:46:02.0000006,5.603294
2013-11-24 03:44:46.0000003,20.125359
2013-06-30 03:37:26.0000003,14.206657
2011-05-26 21:36:54.0000004,6.551696
2009-03-11 21:46:54.0000002,10.305925
2012-12-26 17:12:30.0000002,12.848729
2013-04-21 19:50:54.0000001,10.402161
2013-02-06 18:21:18.0000001,10.648158
2013-07-21 11:41:26.0000003,11.44539
2011-09-17 15:41:06.0000004,13.45587
2015-06-21 17:16:10.0000005,12.363365
2015-02-27 19:36:02.00000013,8.0618725
2015-06-15 01:00:06.0000001,4.477691
2014-03-08 16:08:26.0000001,4.115869
2014-03-08 16:08:26.0000003,8.834532
2014-09-13 19:05:02.0000002,7.9546704
2010-12-04 21:08:38.0000004,29.151812
2010-03-07 00:47:26.0000001,5.731431
2009-12-30 16:54:50.0000001,24.341417
2009-03-11 16:02:14.0000007,12.674605
2010-03-13 01:23:10.0000001,5.5012255
2012-05-30 02:28:50.0000002,7.509089
2010-09-04 18:31:42.0000003,6.3276587
2009-11-20 23:19:58.0000003,8.829961
2011-09-22 20:05:22.0000003,11.06797
2009-02-08 00:04:06.0000001,25.161552
2014-05-17 10:51:46.0000003,13.263103
2010-05-06 11:35:26.0000002,10.838824
2011-10-01 00:42:26.0000001,7.0196424
2014-12-26 20:19:38.0000001,6.6910925
2015-04-22 09:54:06.0000004,12.230326
2009-01-25 21:17:18.0000001,10.938538
2011-08-01 17:44:30.0000003,21.730204
2012-03-25 04:50:39.0000001,28.64324
2012-12-26 18:28:55.0000004,8.515105
2011-07-06 19:56:23.0000005,13.259684
2012-08-19 12:06:39.0000002,12.275526
2015-04-28 20:15:27.0000004,6.606921
2015-04-28 20:15:27.0000007,7.5198245
2014-06-07 12:21:11.0000002,38.344032
2013-12-22 21:24:47.0000001,10.137231
2011-11-23 21:07:43.0000004,7.677645
2011-08-08 11:18:15.0000001,7.1095867
2015-05-20 19:39:11.0000004,9.534006
2015-03-20 16:33:07.0000003,42.385757
2015-04-26 21:44:23.0000002,5.0914035
2010-10-09 15:48:51.0000004,5.5072217
2012-04-27 22:32:19.0000002,7.1349826
2012-10-12 15:21:55.0000002,12.522668
2009-12-26 09:23:19.0000001,6.00508
2014-11-30 15:46:23.0000002,5.3329396
2010-06-22 14:25:19.0000007,9.327146
2013-01-03 11:41:47.0000002,27.314415
2015-01-12 17:05:51.0000005,36.91411
2013-04-07 00:24:27.0000002,6.89019
2010-01-13 08:28:59.0000002,4.6353345
2012-06-16 14:33:19.0000001,7.3324647
2009-03-25 01:20:55.0000002,9.446613
2010-07-13 07:38:03.0000003,14.603431
2012-11-09 18:17:35.0000004,5.9173646
2009-06-21 00:54:23.0000002,8.2749405
2009-12-23 20:14:19.0000004,7.7066984
2013-11-29 21:36:07.0000003,5.5926986
2012-06-09 22:57:15.0000003,5.6577663
2010-10-22 20:56:51.0000002,7.3586836
2011-02-21 23:46:07.0000002,16.219238
2012-07-30 18:18:19.0000001,30.00222
2010-06-02 19:45:19.0000003,7.3126755
2009-05-21 20:50:31.0000003,6.175754
2014-11-11 12:10:59.0000001,14.897934
2012-09-09 23:40:03.0000003,10.435467
2011-04-28 01:29:51.0000001,5.614226
2009-09-28 19:21:59.0000003,16.779549
2012-10-21 19:47:23.0000002,16.872221
2013-06-04 23:58:11.0000006,9.835838
2014-08-08 17:32:47.0000005,57.687733
2011-01-04 10:12:51.0000002,9.760842
2011-10-26 17:48:43.0000006,13.281208
2009-12-19 21:56:15.0000003,4.8926406
2010-06-13 19:39:51.0000001,5.944973
2015-02-14 09:08:11.0000001,56.047867
2015-02-14 09:08:11.0000004,10.409799
2013-01-09 02:05:51.0000001,14.096708
2013-06-21 02:39:47.0000002,5.6067743
2011-10-07 12:38:19.0000001,7.270508
2013-02-02 16:07:55.0000004,14.273765
2014-04-05 01:52:27.0000004,10.252147
2014-04-05 01:52:27.0000003,15.484124
2010-02-23 20:29:51.0000001,4.967225
2014-07-01 15:15:23.0000003,6.8157716
2012-12-01 21:12:12.0000001,14.439189
2014-06-14 13:39:00.00000071,6.519123
2013-11-09 18:52:40.0000001,11.043412
2013-11-09 18:52:40.0000003,12.828498
2014-12-30 20:29:24.0000002,8.379855
2010-05-10 10:37:04.0000004,12.660159
2013-07-12 23:33:24.0000002,18.858767
2009-06-10 16:55:00.000000132,7.6521964
2009-06-10 16:55:00.000000163,11.470571
2009-06-10 16:55:00.00000084,15.576589
2009-03-22 04:31:40.0000001,14.932747
2011-06-24 12:03:00.0000009,9.897627
2011-06-24 12:03:00.000000174,34.150993
2011-06-24 12:03:00.000000158,10.715935
2014-06-15 07:06:00.00000044,54.756207
2015-05-30 21:29:04.0000006,8.682236
2009-09-14 02:19:00.00000037,14.414862
2011-10-02 22:31:44.0000001,20.529741
2011-07-20 16:34:48.0000002,9.485292
2011-06-01 07:37:00.00000012,14.405163
2011-06-01 07:37:00.000000111,10.529965
2011-06-01 07:37:00.00000014,8.833897
2010-08-27 18:45:00.0000002,13.678052
2010-08-27 18:45:00.000000118,7.5866284
2010-08-27 18:45:00.000000143,6.725378
2010-08-27 18:45:00.000000233,19.727015
2010-08-27 18:45:00.000000156,8.878157
2010-08-27 18:45:00.000000167,5.8479457
2010-08-27 18:45:00.000000168,6.974937
2010-08-27 18:45:00.000000149,7.0918317
2010-08-27 18:45:00.00000091,6.889341
2010-08-27 18:45:00.000000126,7.21838
2010-08-27 18:45:00.00000020,9.6890135
2010-08-14 02:13:00.000000154,6.552868
2010-08-14 02:13:00.00000098,6.1603384
2015-04-16 22:32:48.0000003,20.101122
2014-03-25 23:47:00.00000021,34.32088
2014-03-25 23:47:00.00000084,14.29007
2010-09-29 16:43:00.000000161,9.881867
2010-09-29 16:43:00.00000093,29.659409
2014-10-27 14:58:00.00000088,9.838717
2014-10-27 14:58:00.00000092,59.314503
2014-10-27 14:58:00.00000094,7.6499305
2012-11-03 17:11:00.00000013,7.8284755
2012-11-03 17:11:00.0000001,5.323374
2012-11-03 17:11:00.000000150,9.039102
2011-05-28 17:29:44.0000002,5.8260136
2013-09-28 00:06:20.0000005,8.694175
2013-09-28 00:06:20.0000003,19.72822
2011-03-11 01:44:00.00000095,4.4212265
2011-03-11 01:44:00.00000029,6.179159
2011-10-04 09:37:00.00000080,32.558037
2011-10-04 09:37:00.000000113,14.314048
2011-10-04 09:37:00.000000160,8.4691305
2011-10-04 09:37:00.0000006,6.9086704
2014-12-24 03:00:00.00000020,85.17841
2009-05-16 23:36:24.0000003,3.8081822
2014-04-27 02:57:00.00000064,27.81627
2014-04-27 02:57:00.00000083,14.173193
2014-04-27 02:57:00.00000069,17.61156
2014-04-27 02:57:00.0000007,10.438236
2011-12-13 22:00:00.000000102,14.710392
2011-12-13 22:00:00.000000214,24.062391
2011-12-13 22:00:00.000000128,8.90815
2011-12-13 22:00:00.000000249,8.175315
2011-12-13 22:00:00.00000052,15.0119295
2011-12-13 22:00:00.000000168,5.5954013
2011-12-13 22:00:00.00000079,8.870783
2011-12-13 22:00:00.00000050,7.234933
2015-04-11 14:16:12.0000005,6.099309
2014-07-21 18:19:00.000000205,8.084106
2014-07-21 18:19:00.00000023,22.18467
2014-07-21 18:19:00.00000046,14.194385
2014-07-21 18:19:00.00000096,16.813023
2014-07-21 18:19:00.000000156,35.372337
2010-09-20 16:48:00.0000002,8.665641
2010-09-20 16:48:00.000000156,7.5505867
2010-09-20 16:48:00.00000041,9.295783
2010-09-20 16:48:00.00000083,7.436832
2010-09-20 16:48:00.000000122,13.493194
2011-03-06 21:01:00.00000036,7.335315
2011-03-06 21:01:00.00000019,5.682913
2011-03-06 21:01:00.000000123,10.150097
2011-03-06 21:01:00.000000166,8.110988
2011-03-06 21:01:00.000000140,14.53402
2011-03-06 21:01:00.00000060,7.0106606
2012-05-23 16:25:16.0000001,51.20818
2011-04-16 21:23:16.0000003,3.5332878
2013-10-05 19:51:04.0000004,6.8862557
2012-03-14 19:10:48.0000007,7.5808454
2012-01-26 07:33:00.00000064,14.93276
2012-01-26 07:33:00.000000131,4.978398
2012-01-26 07:33:00.00000071,5.728838
2012-01-26 07:33:00.00000028,14.833429
2012-01-26 07:33:00.00000072,7.2984486
2010-12-09 07:29:00.00000093,11.006067
2010-12-09 07:29:00.000000123,8.545239
2010-12-09 07:29:00.00000056,7.4509807
2014-05-17 02:47:12.0000001,6.7948103
2009-01-22 12:27:20.0000001,14.034552
2011-04-23 21:22:20.0000002,5.0101123
2012-11-20 21:54:00.00000062,7.631273
2012-11-20 21:54:00.000000207,10.461867
2012-11-20 21:54:00.00000014,6.2498693
2012-11-20 21:54:00.000000246,19.775963
2012-11-20 21:54:00.000000164,55.299656
2014-06-23 00:16:00.00000011,21.106018
2014-06-23 00:16:00.00000091,9.483584
2013-09-25 22:00:00.000000144,10.810236
2013-09-25 22:00:00.000000100,57.017483
2013-09-25 22:00:00.000000166,11.116337
2013-09-25 22:00:00.000000105,15.249178
2013-09-25 22:00:00.00000015,10.3086815
2011-07-06 18:07:44.0000002,47.588184
2009-05-16 14:53:41.0000002,10.744913
2013-10-17 22:21:57.0000003,12.003554
2015-03-04 21:42:57.00000011,8.6646185
2011-03-22 12:59:49.0000001,12.164765
2013-07-05 00:58:17.0000004,16.834051
2010-01-30 00:57:21.0000001,5.6470747
2012-04-02 08:39:21.0000002,12.998918
2010-07-25 04:03:17.0000001,46.54802
2012-07-01 22:30:29.0000002,19.90466
2014-02-08 17:24:57.0000003,17.89181
2012-06-02 01:16:05.0000003,4.7372975
2012-06-02 01:16:05.0000001,5.4395337
2014-01-11 06:18:37.0000001,5.394232
2012-12-09 22:30:13.0000005,6.720254
2011-10-01 15:04:57.0000002,6.90771
2012-01-01 00:37:29.0000004,8.291471
2012-04-14 14:20:33.0000003,11.383831
2010-02-01 20:28:45.0000004,8.629267
2013-08-19 16:21:05.0000001,18.22808
2014-06-05 22:56:05.0000004,7.7173867
2013-11-07 22:25:25.0000004,19.378448
2010-06-19 03:06:33.0000001,16.025457
2012-07-18 09:44:53.0000003,6.8390155
2009-09-25 21:43:49.0000002,7.107293
2009-09-04 18:43:33.0000001,8.114588
2012-10-20 00:36:37.0000001,9.213925
2014-06-19 22:37:09.0000002,28.270374
2012-12-20 23:43:09.0000001,20.077639
2015-05-23 01:00:22.0000002,10.282478
2012-11-18 14:55:42.0000001,7.972183
2010-01-24 14:09:58.0000003,5.5602217
2014-07-27 11:25:18.0000003,20.173687
2009-03-15 03:31:14.0000004,4.419119
2010-09-24 22:40:06.0000004,5.9467597
2009-04-18 23:09:34.0000001,33.017014
2014-08-26 16:39:54.0000001,17.13718
2009-05-31 20:56:38.0000004,5.656167
2015-05-29 10:02:42.0000002,7.2826705
2011-04-17 14:55:58.0000002,5.941817
2011-05-26 21:36:54.0000003,7.5899243
2011-05-26 21:36:54.0000002,9.308754
2013-11-23 16:33:30.0000002,10.1805
2009-06-03 09:11:30.0000001,8.933329
2010-12-04 21:08:38.0000005,8.024323
2013-09-07 19:43:18.0000003,10.798766
2011-03-10 18:16:14.0000005,6.6115804
2011-05-19 02:06:46.0000002,5.7561707
2009-08-03 17:06:06.0000002,15.9275465
2015-04-14 19:20:46.0000008,7.738228
2011-09-08 13:39:06.0000002,8.280788
2012-03-03 02:30:54.0000003,13.801803
2012-12-27 21:01:54.0000004,6.294323
2012-12-27 21:01:54.0000005,11.006893
2014-06-20 02:16:34.0000002,6.7195435
2014-01-14 18:48:06.0000008,9.965678
2011-09-03 00:03:42.0000008,7.6525598
2013-07-02 22:27:14.0000004,17.42401
2013-07-02 22:27:14.0000001,5.5151596
2015-05-09 11:33:58.0000002,9.942961
2015-03-28 19:31:26.0000003,14.69083
2013-08-08 14:38:43.0000002,9.65797
2009-11-19 22:48:27.0000001,40.68802
2011-07-06 19:56:23.0000001,14.186424
2015-06-18 20:56:55.0000002,5.738542
2015-02-14 13:15:19.0000002,8.327777
2013-01-12 22:40:39.0000002,9.017567
2013-03-23 15:41:07.0000002,38.215366
2010-01-31 00:33:03.0000006,7.139142
2014-06-09 14:51:39.0000001,9.5821085
2015-03-20 16:33:07.0000004,18.100395
2015-01-04 00:28:11.0000004,7.1951265
2010-10-04 16:17:03.0000001,10.781245
2011-05-17 07:53:55.0000003,5.789722
2012-12-26 20:55:27.0000001,5.49152
2012-12-26 20:55:27.0000003,4.9434676
2011-12-17 16:19:47.0000002,11.417831
2010-02-15 10:14:23.0000001,30.695051
2010-12-11 16:12:35.0000003,6.1491575
2011-12-11 11:05:51.0000002,10.529441
2014-06-14 12:32:11.0000001,10.599731
2012-06-09 22:57:15.0000001,7.7253428
2009-05-21 20:50:31.0000004,4.94792
2010-09-22 09:42:31.0000005,8.3461
2014-07-08 10:21:39.0000007,21.925182
2012-09-16 18:14:55.0000002,17.1214
2013-10-05 13:45:39.0000001,7.5449905
2014-07-31 10:39:39.0000001,13.697724
2013-02-16 14:26:51.0000001,12.174509
2014-01-04 10:54:59.0000004,52.276775
2015-03-07 15:25:59.0000005,8.906718
2009-04-16 15:57:31.0000003,6.7686753
2011-10-23 17:43:43.0000002,7.850002
2014-06-14 13:39:00.000000189,10.505401
2014-06-14 13:39:00.000000153,10.2803955
2014-06-14 13:39:00.00000088,5.2973347
2014-06-14 13:39:00.000000157,14.5759115
2014-06-14 13:39:00.00000046,7.569234
2014-06-14 13:39:00.000000110,7.25532
2014-06-14 13:39:00.000000106,41.73544
2014-06-14 13:39:00.00000019,14.286181
2014-06-14 13:39:00.000000186,6.763663
2014-06-14 13:39:00.00000037,9.067874
2014-06-14 13:39:00.00000057,11.62101
2014-06-14 13:39:00.000000127,12.156809
2014-06-14 13:39:00.0000009,40.915882
2014-06-14 13:39:00.000000173,8.894976
2014-06-14 13:39:00.00000027,6.103797
2014-06-14 13:39:00.000000100,7.8420196
2011-10-02 23:36:00.00000060,20.734974
2011-10-02 23:36:00.00000057,17.145065
2011-10-02 23:36:00.00000044,5.3612695
2011-10-02 23:36:00.00000087,22.679352
2011-10-02 23:36:00.00000084,9.825063
2011-10-02 23:36:00.00000046,11.476684
2011-10-02 23:36:00.0000006,6.058417
2011-10-02 23:36:00.00000033,34.567955
2011-10-02 23:36:00.00000064,18.822315
2011-10-02 23:36:00.00000094,9.569534
2011-10-02 23:36:00.00000049,4.813897
2011-10-02 23:36:00.00000066,8.831185
2011-10-02 23:36:00.00000080,9.551028
2011-10-02 23:36:00.00000029,24.525478
2011-10-02 23:36:00.00000055,4.257416
2011-10-02 23:36:00.00000079,14.437634
2011-10-02 23:36:00.00000053,10.0428
2009-06-10 16:55:00.00000014,7.4006104
2009-06-10 16:55:00.00000052,8.27714
2009-06-10 16:55:00.00000065,8.060169
2009-06-10 16:55:00.000000169,13.502287
2009-06-10 16:55:00.000000172,7.5704036
2009-06-10 16:55:00.000000105,6.000353
2009-06-10 16:55:00.00000073,4.3326397
2009-06-10 16:55:00.000000157,10.814256
2009-06-10 16:55:00.000000156,5.188804
2009-06-10 16:55:00.000000116,7.124504
2009-06-10 16:55:00.00000022,5.589711
2009-06-10 16:55:00.00000013,7.1698737
2009-06-10 16:55:00.000000126,4.97543
2009-06-10 16:55:00.00000023,7.2294817
2009-06-10 16:55:00.00000086,6.2164326
2009-06-10 16:55:00.00000040,12.869664
2009-06-10 16:55:00.00000058,7.9943423
2009-06-10 16:55:00.000000170,4.846001
2009-06-10 16:55:00.00000027,10.987561
2009-06-10 16:55:00.00000011,12.474334
2009-06-10 16:55:00.000000129,6.7469053
2009-06-10 16:55:00.000000121,5.279755
2009-06-10 16:55:00.00000080,7.8894205
2009-06-10 16:55:00.00000089,6.9008174
2009-06-10 16:55:00.000000103,7.49813
2009-06-10 16:55:00.00000051,8.218962
2009-06-10 16:55:00.00000063,29.37795
2009-06-10 16:55:00.000000106,5.0021873
2009-06-10 16:55:00.00000091,7.174334
2009-06-10 16:55:00.00000095,15.1714115
2009-06-10 16:55:00.000000137,4.606354
2009-06-10 16:55:00.000000113,4.690146
2009-06-10 16:55:00.000000173,6.757006
2009-06-10 16:55:00.00000077,5.657292
2009-06-10 16:55:00.00000036,6.9376
2011-06-24 12:03:00.000000148,5.3354106
2011-06-24 12:03:00.00000070,5.8216457
2011-06-24 12:03:00.000000129,9.811381
2011-06-24 12:03:00.000000130,5.08724
2011-06-24 12:03:00.000000160,9.569642
2011-06-24 12:03:00.000000167,29.567242
2011-06-24 12:03:00.00000059,8.088559
2011-06-24 12:03:00.000000128,8.8295965
2011-06-24 12:03:00.000000112,4.5792146
2011-06-24 12:03:00.000000134,7.0843744
2011-06-24 12:03:00.00000021,13.870406
2011-06-24 12:03:00.00000039,11.9213085
2011-06-24 12:03:00.00000083,15.2860775
2011-06-24 12:03:00.00000029,5.8875
2011-06-24 12:03:00.00000037,8.076666
2011-06-24 12:03:00.0000004,12.44303
2011-06-24 12:03:00.000000117,32.516872
2011-06-24 12:03:00.000000147,4.854814
2011-06-24 12:03:00.00000043,7.063061
2011-06-24 12:03:00.000000172,10.779851
2011-06-24 12:03:00.00000011,7.809662
2011-06-24 12:03:00.00000036,4.3593173
2011-06-24 12:03:00.00000015,5.5768437
2011-06-24 12:03:00.00000065,7.834865
2011-06-24 12:03:00.000000169,32.561817
2011-06-24 12:03:00.000000164,13.184101
2011-06-24 12:03:00.000000163,5.632164
2011-06-24 12:03:00.00000096,8.276603
2011-06-24 12:03:00.00000030,12.643346
2014-06-15 07:06:00.00000018,8.307671
2014-06-15 07:06:00.00000034,20.661179
2014-06-15 07:06:00.00000022,56.24509
2014-06-15 07:06:00.00000012,5.3558846
2014-06-15 07:06:00.0000005,10.011998
2014-06-15 07:06:00.00000023,4.636866
2014-06-15 07:06:00.0000001,10.104664
2009-09-14 02:19:00.0000005,4.8976264
2009-09-14 02:19:00.00000032,4.8200183
2009-09-14 02:19:00.00000015,5.3895907
2009-09-14 02:19:00.00000029,6.0891037
2009-09-14 02:19:00.00000012,6.0746455
2009-09-14 02:19:00.00000019,12.467046
2011-06-01 07:37:00.000000193,4.5951247
2011-06-01 07:37:00.000000135,4.414026
2011-06-01 07:37:00.000000124,8.856906
2011-06-01 07:37:00.00000071,7.2728086
2011-06-01 07:37:00.000000191,15.983618
2011-06-01 07:37:00.00000073,5.522841
2011-06-01 07:37:00.000000134,10.62473
2011-06-01 07:37:00.000000195,10.537223
2011-06-01 07:37:00.000000130,8.687266
2011-06-01 07:37:00.00000039,8.897326
2011-06-01 07:37:00.000000188,13.574254
2011-06-01 07:37:00.00000030,8.207974
2011-06-01 07:37:00.00000040,12.254911
2011-06-01 07:37:00.00000011,9.233524
2011-06-01 07:37:00.00000093,6.5577745
2011-06-01 07:37:00.000000121,49.580166
2011-06-01 07:37:00.000000224,6.3801093
2011-06-01 07:37:00.000000153,7.066567
2011-06-01 07:37:00.00000033,4.428402
2011-06-01 07:37:00.000000213,7.9354606
2011-06-01 07:37:00.00000076,5.468729
2011-06-01 07:37:00.00000018,6.374853
2011-06-01 07:37:00.00000021,10.563382
2011-06-01 07:37:00.000000126,11.648936
2011-06-01 07:37:00.000000202,5.482434
2011-06-01 07:37:00.00000035,7.873882
2011-06-01 07:37:00.000000216,10.184954
2011-06-01 07:37:00.00000067,7.9174113
2011-06-01 07:37:00.00000013,8.191795
2011-06-01 07:37:00.00000024,8.767821
2011-06-01 07:37:00.000000148,4.212661
2011-06-01 07:37:00.000000200,4.6002655
2011-06-01 07:37:00.00000042,9.095623
2011-06-01 07:37:00.00000066,11.575412
2011-06-01 07:37:00.00000056,11.044598
2011-06-01 07:37:00.00000063,14.110152
2011-06-01 07:37:00.0000009,7.283621
2011-06-01 07:37:00.000000187,6.593969
2011-06-01 07:37:00.000000225,5.7925663
2010-08-27 18:45:00.0000009,38.932228
2010-08-27 18:45:00.000000120,6.725785
2010-08-27 18:45:00.00000019,8.472381
2010-08-27 18:45:00.0000001,8.176251
2010-08-27 18:45:00.00000080,5.1659408
2010-08-27 18:45:00.00000082,5.881251
2010-08-27 18:45:00.000000180,9.816838
2010-08-27 18:45:00.00000058,15.316382
2010-08-27 18:45:00.000000178,26.57712
2010-08-27 18:45:00.000000117,7.56152
2010-08-27 18:45:00.00000079,11.488996
2010-08-27 18:45:00.000000200,5.4301715
2010-08-27 18:45:00.000000108,6.3138833
2010-08-27 18:45:00.00000098,7.2619348
2010-08-27 18:45:00.00000059,47.575665
2010-08-27 18:45:00.000000138,15.901333
2010-08-27 18:45:00.000000232,7.625004
2010-08-27 18:45:00.00000032,23.768362
2010-08-27 18:45:00.00000047,7.3774114
2010-08-27 18:45:00.000000100,9.979376
2010-08-27 18:45:00.000000154,7.342201
2010-08-27 18:45:00.000000211,7.3635697
2010-08-27 18:45:00.000000114,7.017889
2010-08-27 18:45:00.00000042,5.9527707
2010-08-27 18:45:00.000000104,18.497026
2010-08-27 18:45:00.000000162,8.858746
2010-08-27 18:45:00.00000095,4.9884124
2010-08-27 18:45:00.000000150,8.803021
2010-08-27 18:45:00.00000052,16.28007
2010-08-27 18:45:00.000000225,6.208957
2010-08-27 18:45:00.00000064,8.144366
2010-08-27 18:45:00.000000215,8.226165
2010-08-27 18:45:00.000000206,5.5892353
2010-08-27 18:45:00.000000122,6.7052855
2010-08-27 18:45:00.000000221,10.102683
2010-08-27 18:45:00.00000027,6.397139
2010-08-27 18:45:00.000000115,6.343946
2010-08-27 18:45:00.000000218,8.524501
2010-08-27 18:45:00.000000212,12.661986
2010-08-27 18:45:00.000000229,7.4587693
2010-08-27 18:45:00.000000213,11.354744
2010-08-27 18:45:00.00000099,39.002518
2010-08-27 18:45:00.000000176,15.195767
2010-08-27 18:45:00.000000132,17.769407
2010-08-27 18:45:00.0000007,8.089927
2010-08-27 18:45:00.000000151,29.998966
2010-08-27 18:45:00.000000137,11.429171
2010-08-27 18:45:00.00000021,35.95918
2010-08-27 18:45:00.000000185,5.3477664
2010-08-27 18:45:00.00000041,7.7455606
2010-08-14 02:13:00.000000129,8.456577
2010-08-14 02:13:00.0000006,11.354368
2010-08-14 02:13:00.00000045,8.587659
2010-08-14 02:13:00.000000117,12.580504
2010-08-14 02:13:00.00000079,13.682761
2010-08-14 02:13:00.000000112,6.469137
2010-08-14 02:13:00.00000088,20.032192
2010-08-14 02:13:00.0000005,7.4319787
2010-08-14 02:13:00.00000016,9.4205885
2010-08-14 02:13:00.0000002,7.0772085
2010-08-14 02:13:00.00000071,23.150747
2010-08-14 02:13:00.00000019,7.348935
2010-08-14 02:13:00.000000113,4.8765655
2010-08-14 02:13:00.000000151,6.140556
2010-08-14 02:13:00.000000104,11.313593
2010-08-14 02:13:00.00000095,18.327475
2010-08-14 02:13:00.00000053,6.4376774
2010-08-14 02:13:00.00000046,7.693118
2010-08-14 02:13:00.00000011,14.694993
2010-08-14 02:13:00.000000124,18.828356
2010-08-14 02:13:00.000000153,19.01734
2010-08-14 02:13:00.00000081,34.064713
2010-08-14 02:13:00.00000062,10.07909
2010-08-14 02:13:00.000000103,13.232323
2010-08-14 02:13:00.000000144,7.085037
2010-08-14 02:13:00.00000082,6.944507
2010-08-14 02:13:00.00000093,5.441626
2010-08-14 02:13:00.00000058,6.7466016
2010-08-14 02:13:00.000000107,6.3964553
2010-08-14 02:13:00.000000157,6.984055
2010-08-14 02:13:00.00000013,5.292267
2010-08-14 02:13:00.000000138,4.9842978
2010-08-14 02:13:00.000000119,13.430495
2010-08-14 02:13:00.00000065,4.196197
2010-08-14 02:13:00.00000039,5.4863677
2010-08-14 02:13:00.000000118,6.3715487
2010-08-14 02:13:00.00000048,12.198502
2010-08-14 02:13:00.00000067,14.176603
2010-08-14 02:13:00.00000096,18.126009
2010-08-14 02:13:00.00000091,13.349055
2010-08-14 02:13:00.000000114,5.4275975
2010-08-14 02:13:00.00000023,31.975636
2010-08-14 02:13:00.000000106,6.214282
2014-03-25 23:47:00.000000102,6.2162623
2014-03-25 23:47:00.00000026,20.4509
2014-03-25 23:47:00.00000042,14.743502
2014-03-25 23:47:00.00000051,4.4524803
2014-03-25 23:47:00.00000052,6.6680226
2014-03-25 23:47:00.00000031,11.715974
2014-03-25 23:47:00.00000096,9.885629
2014-03-25 23:47:00.000000134,4.76293
2014-03-25 23:47:00.00000019,17.809402
2014-03-25 23:47:00.00000020,8.467117
2014-03-25 23:47:00.000000115,26.306404
2014-03-25 23:47:00.00000035,4.2566314
2014-03-25 23:47:00.000000132,20.454708
2014-03-25 23:47:00.00000085,35.7522
2014-03-25 23:47:00.00000064,56.80553
2014-03-25 23:47:00.00000011,6.9098034
2014-03-25 23:47:00.000000124,9.227899
2014-03-25 23:47:00.000000112,7.369479
2014-03-25 23:47:00.000000127,20.837805
2014-03-25 23:47:00.00000028,15.176685
2014-03-25 23:47:00.00000055,8.142161
2014-03-25 23:47:00.00000036,7.1263504
2014-03-25 23:47:00.000000135,34.208977
2014-03-25 23:47:00.000000108,9.674916
2014-03-25 23:47:00.00000012,20.757355
2010-09-29 16:43:00.000000162,8.70038
2010-09-29 16:43:00.00000078,10.458793
2010-09-29 16:43:00.00000015,8.9381695
2010-09-29 16:43:00.0000001,14.867242
2010-09-29 16:43:00.000000119,9.021075
2010-09-29 16:43:00.000000140,10.165631
2010-09-29 16:43:00.00000041,8.402882
2010-09-29 16:43:00.000000135,12.873212
2010-09-29 16:43:00.000000117,8.152242
2010-09-29 16:43:00.00000059,13.698565
2010-09-29 16:43:00.00000014,7.314612
2010-09-29 16:43:00.00000012,12.196997
2010-09-29 16:43:00.000000170,6.739873
2010-09-29 16:43:00.00000013,9.930551
2010-09-29 16:43:00.000000145,8.985395
2010-09-29 16:43:00.000000174,14.54126
2010-09-29 16:43:00.000000164,7.9856825
2010-09-29 16:43:00.00000037,14.195681
2010-09-29 16:43:00.000000159,5.9036765
2010-09-29 16:43:00.000000113,12.258963
2010-09-29 16:43:00.00000094,5.0604095
2010-09-29 16:43:00.00000011,6.6518226
2010-09-29 16:43:00.000000168,5.8398547
2010-09-29 16:43:00.000000114,45.25063
2010-09-29 16:43:00.00000019,6.717512
2010-09-29 16:43:00.00000022,8.834596
2010-09-29 16:43:00.00000040,7.336664
2010-09-29 16:43:00.00000016,8.482076
2010-09-29 16:43:00.000000144,7.8839808
2010-09-29 16:43:00.00000044,8.915094
2010-09-29 16:43:00.00000062,10.321067
2010-09-29 16:43:00.00000074,29.332167
2010-09-29 16:43:00.00000064,15.18766
2010-09-29 16:43:00.000000110,12.715076
2010-09-29 16:43:00.000000122,7.4893646
2010-09-29 16:43:00.000000142,5.2166953
2010-09-29 16:43:00.00000080,6.151829
2014-10-27 14:58:00.000000149,56.404907
2014-10-27 14:58:00.000000125,13.489814
2014-10-27 14:58:00.000000130,9.305202
2014-10-27 14:58:00.000000146,7.034255
2014-10-27 14:58:00.00000040,7.815709
2014-10-27 14:58:00.000000136,6.786165
2014-10-27 14:58:00.000000123,12.249593
2014-10-27 14:58:00.000000115,7.9391613
2014-10-27 14:58:00.00000046,6.1393447
2014-10-27 14:58:00.0000009,53.70608
2014-10-27 14:58:00.00000059,54.321922
2014-10-27 14:58:00.000000111,7.2664213
2014-10-27 14:58:00.00000054,57.75925
2014-10-27 14:58:00.00000024,8.302471
2014-10-27 14:58:00.00000065,12.611453
2014-10-27 14:58:00.00000087,13.413839
2014-10-27 14:58:00.00000099,6.9769382
2014-10-27 14:58:00.000000144,5.362231
2014-10-27 14:58:00.00000081,5.418032
2014-10-27 14:58:00.00000056,10.070702
2012-11-03 17:11:00.000000115,7.212241
2012-11-03 17:11:00.00000079,11.712518
2012-11-03 17:11:00.00000081,8.35358
2012-11-03 17:11:00.00000085,16.553417
2012-11-03 17:11:00.000000128,4.4846973
2012-11-03 17:11:00.000000160,8.658873
2012-11-03 17:11:00.000000118,6.77381
2012-11-03 17:11:00.00000076,8.984934
2012-11-03 17:11:00.000000114,7.8660893
2012-11-03 17:11:00.00000091,6.7226152
2012-11-03 17:11:00.00000060,10.210045
2012-11-03 17:11:00.000000155,10.378872
2012-11-03 17:11:00.000000117,11.948624
2012-11-03 17:11:00.000000105,5.072471
2012-11-03 17:11:00.0000007,25.103086
2012-11-03 17:11:00.00000055,7.124301
2012-11-03 17:11:00.000000103,6.549347
2012-11-03 17:11:00.00000053,8.725572
2011-03-11 01:44:00.00000064,13.315069
2011-03-11 01:44:00.00000016,4.8414392
2011-03-11 01:44:00.00000072,12.430035
2011-03-11 01:44:00.00000057,4.7497673
2011-03-11 01:44:00.00000040,6.310904
2011-03-11 01:44:00.00000021,19.235245
2011-03-11 01:44:00.00000046,9.542403
2011-03-11 01:44:00.00000034,7.0213885
2011-03-11 01:44:00.00000083,50.221386
2011-03-11 01:44:00.00000032,8.027131
2011-03-11 01:44:00.00000075,8.256666
2011-03-11 01:44:00.00000085,6.7709017
2011-03-11 01:44:00.00000044,5.8967953
2011-03-11 01:44:00.0000005,8.236174
2011-03-11 01:44:00.00000074,12.999582
2011-03-11 01:44:00.00000041,9.277375
2011-03-11 01:44:00.00000042,8.65788
2011-03-11 01:44:00.00000035,11.218623
2011-03-11 01:44:00.00000052,4.065527
2011-10-04 09:37:00.000000194,6.7386866
2011-10-04 09:37:00.000000183,7.6141944
2011-10-04 09:37:00.000000157,32.478733
2011-10-04 09:37:00.000000176,7.063918
2011-10-04 09:37:00.000000170,9.966103
2011-10-04 09:37:00.00000036,8.327441
2011-10-04 09:37:00.00000017,4.726315
2011-10-04 09:37:00.000000114,16.480133
2011-10-04 09:37:00.000000184,12.987264
2011-10-04 09:37:00.00000047,6.571744
2011-10-04 09:37:00.00000055,7.8128138
2011-10-04 09:37:00.00000031,7.0987105
2011-10-04 09:37:00.00000049,48.385685
2011-10-04 09:37:00.0000005,4.998374
2011-10-04 09:37:00.00000067,4.501032
2011-10-04 09:37:00.000000134,11.72791
2011-10-04 09:37:00.00000025,5.7573442
2011-10-04 09:37:00.000000185,7.161843
2011-10-04 09:37:00.000000180,7.807973
2011-10-04 09:37:00.00000088,10.019233
2011-10-04 09:37:00.000000108,9.63169
2011-10-04 09:37:00.000000107,11.019704
2011-10-04 09:37:00.00000062,19.553356
2011-10-04 09:37:00.00000045,4.897624
2011-10-04 09:37:00.00000028,10.953666
2011-10-04 09:37:00.00000057,6.1666813
2011-10-04 09:37:00.00000013,8.497627
2011-10-04 09:37:00.00000056,12.362711
2011-10-04 09:37:00.000000106,7.037653
2011-10-04 09:37:00.000000136,7.4550076
2014-12-24 03:00:00.0000005,21.844244
2014-12-24 03:00:00.00000017,20.076437
2014-12-24 03:00:00.00000036,18.002539
2014-12-24 03:00:00.00000033,4.7713013
2014-12-24 03:00:00.00000026,17.496384
2014-12-24 03:00:00.00000031,18.734379
2014-12-24 03:00:00.00000015,11.016773
2015-02-12 05:37:56.0000001,4.6259823
2014-04-27 02:57:00.000000124,15.544395
2014-04-27 02:57:00.00000017,17.748726
2014-04-27 02:57:00.000000151,5.7507286
2014-04-27 02:57:00.000000168,4.1413484
2014-04-27 02:57:00.00000039,5.4252
2014-04-27 02:57:00.00000097,15.248223
2014-04-27 02:57:00.00000033,5.18431
2014-04-27 02:57:00.000000129,10.176728
2014-04-27 02:57:00.000000141,7.80386
2014-04-27 02:57:00.00000074,13.322194
2014-04-27 02:57:00.00000047,18.52354
2014-04-27 02:57:00.00000076,10.4254875
2014-04-27 02:57:00.000000142,6.386606
2014-04-27 02:57:00.000000143,16.827374
2014-04-27 02:57:00.00000090,22.839634
2014-04-27 02:57:00.000000106,18.447966
2014-04-27 02:57:00.000000167,15.675745
2014-04-27 02:57:00.000000145,12.771343
2011-12-13 22:00:00.00000085,11.441781
2011-12-13 22:00:00.000000264,7.5191307
2011-12-13 22:00:00.000000138,10.381382
2011-12-13 22:00:00.000000135,6.3605447
2011-12-13 22:00:00.000000197,4.9524736
2011-12-13 22:00:00.000000143,11.26424
2011-12-13 22:00:00.000000134,4.7506757
2011-12-13 22:00:00.00000033,11.2855625
2011-12-13 22:00:00.00000058,7.5361314
2011-12-13 22:00:00.000000205,8.706138
2011-12-13 22:00:00.000000173,8.565504
2011-12-13 22:00:00.000000248,5.6701393
2011-12-13 22:00:00.00000074,6.378113
2011-12-13 22:00:00.00000098,4.3237066
2011-12-13 22:00:00.00000095,10.618693
2011-12-13 22:00:00.000000229,19.82621
2011-12-13 22:00:00.000000186,11.286768
2011-12-13 22:00:00.0000005,27.949936
2011-12-13 22:00:00.000000246,16.446783
2011-12-13 22:00:00.000000180,7.495491
2011-12-13 22:00:00.00000044,7.515213
2011-12-13 22:00:00.000000110,7.2547364
2011-12-13 22:00:00.000000231,6.529462
2011-12-13 22:00:00.000000144,9.880089
2011-12-13 22:00:00.00000070,28.95861
2011-12-13 22:00:00.000000116,6.7956495
2011-12-13 22:00:00.000000156,5.7002196
2011-12-13 22:00:00.000000148,8.448158
2011-12-13 22:00:00.00000072,8.686766
2011-12-13 22:00:00.00000028,10.437163
2011-12-13 22:00:00.00000066,9.952551
2011-12-13 22:00:00.000000121,12.07149
2011-12-13 22:00:00.00000094,39.84448
2011-12-13 22:00:00.000000266,9.2078
2015-04-11 14:16:12.0000004,11.51194
2015-05-10 19:54:00.0000002,12.667312
2014-07-21 18:19:00.00000054,9.915385
2014-07-21 18:19:00.000000230,7.1461954
2014-07-21 18:19:00.000000187,16.691738
2014-07-21 18:19:00.000000100,10.6659565
2014-07-21 18:19:00.00000071,12.554473
2014-07-21 18:19:00.000000172,10.207504
2014-07-21 18:19:00.00000025,11.811656
2014-07-21 18:19:00.000000191,11.802093
2014-07-21 18:19:00.00000034,10.351611
2014-07-21 18:19:00.000000176,5.012855
2014-07-21 18:19:00.00000037,6.7999983
2014-07-21 18:19:00.000000160,6.3824315
2014-07-21 18:19:00.00000077,9.3291235
2014-07-21 18:19:00.00000013,11.833667
2014-07-21 18:19:00.000000184,6.8290143
2014-07-21 18:19:00.000000232,7.1947236
2014-07-21 18:19:00.000000116,8.222872
2014-07-21 18:19:00.00000048,7.870409
2014-07-21 18:19:00.00000067,10.296365
2014-07-21 18:19:00.00000099,5.4083676
2014-07-21 18:19:00.000000223,7.17953
2014-07-21 18:19:00.000000162,15.632115
2014-07-21 18:19:00.00000068,10.792443
2014-07-21 18:19:00.000000144,9.8551035
2014-07-21 18:19:00.00000035,29.25562
2014-07-21 18:19:00.00000029,7.2818303
2014-07-21 18:19:00.00000032,5.4959407
2014-07-21 18:19:00.00000082,6.8369
2014-07-21 18:19:00.000000132,5.2962728
2014-07-21 18:19:00.000000152,6.57187
2014-07-21 18:19:00.00000039,5.58158
2014-07-21 18:19:00.000000241,4.7587323
2014-07-21 18:19:00.00000088,7.4760957
2010-09-20 16:48:00.000000159,27.171944
2010-09-20 16:48:00.0000006,10.317964
2010-09-20 16:48:00.000000166,7.747706
2010-09-20 16:48:00.000000110,7.796512
2010-09-20 16:48:00.000000139,25.75964
2010-09-20 16:48:00.00000015,5.7619047
2010-09-20 16:48:00.00000068,13.244282
2010-09-20 16:48:00.000000158,43.66812
2010-09-20 16:48:00.00000035,17.608242
2010-09-20 16:48:00.000000148,6.754363
2010-09-20 16:48:00.00000023,13.85894
2010-09-20 16:48:00.00000027,9.024353
2010-09-20 16:48:00.00000092,19.363325
2010-09-20 16:48:00.000000151,26.888597
2010-09-20 16:48:00.00000071,9.681781
2010-09-20 16:48:00.000000132,8.049313
2010-09-20 16:48:00.00000099,15.371722
2010-09-20 16:48:00.0000001,6.2667584
2010-09-20 16:48:00.0000005,18.241333
2011-03-06 21:01:00.00000037,4.499002
2011-03-06 21:01:00.00000028,14.052226
2011-03-06 21:01:00.00000025,7.2456684
2011-03-06 21:01:00.000000139,5.1552005
2011-03-06 21:01:00.00000083,8.101454
2011-03-06 21:01:00.000000173,22.83166
2011-03-06 21:01:00.00000051,18.603968
2011-03-06 21:01:00.000000116,12.77448
2011-03-06 21:01:00.00000057,5.5071096
2011-03-06 21:01:00.000000168,7.731474
2011-03-06 21:01:00.000000138,14.869902
2011-03-06 21:01:00.00000043,8.51101
2011-03-06 21:01:00.000000127,3.9978273
2011-03-06 21:01:00.00000096,14.22307
2011-03-06 21:01:00.00000074,5.326802
2011-03-06 21:01:00.000000113,6.6305194
2011-03-06 21:01:00.000000120,23.951252
2011-03-06 21:01:00.00000018,7.4676385
2011-03-06 21:01:00.00000071,6.7502184
2011-03-06 21:01:00.000000137,5.1297884
2011-03-06 21:01:00.00000011,16.034683
2011-03-06 21:01:00.000000146,6.5286965
2011-03-06 21:01:00.000000149,4.2059927
2011-03-06 21:01:00.00000056,4.2245245
2011-03-06 21:01:00.00000052,11.948077
2011-03-06 21:01:00.000000109,4.3125167
2012-01-26 07:33:00.000000167,6.980071
2012-01-26 07:33:00.000000114,15.822057
2012-01-26 07:33:00.00000031,8.721552
2012-01-26 07:33:00.000000133,19.861757
2012-01-26 07:33:00.000000180,5.827452
2012-01-26 07:33:00.000000120,9.677681
2012-01-26 07:33:00.000000168,7.9876895
2012-01-26 07:33:00.000000122,6.0769978
2012-01-26 07:33:00.000000166,11.148617
2012-01-26 07:33:00.000000186,6.3352733
2012-01-26 07:33:00.00000068,7.825298
2012-01-26 07:33:00.00000085,22.929045
2012-01-26 07:33:00.000000103,3.8176737
2012-01-26 07:33:00.00000081,16.297102
2012-01-26 07:33:00.00000099,10.533566
2012-01-26 07:33:00.00000051,8.997543
2012-01-26 07:33:00.000000160,4.466166
2012-01-26 07:33:00.00000091,6.240957
2012-01-26 07:33:00.00000089,9.466129
2012-01-26 07:33:00.000000189,7.2478337
2010-12-09 07:29:00.0000003,8.259208
2010-12-09 07:29:00.00000078,8.905597
2010-12-09 07:29:00.000000127,7.0542383
2010-12-09 07:29:00.00000050,7.106431
2010-12-09 07:29:00.000000135,5.2680254
2010-12-09 07:29:00.000000196,10.92006
2010-12-09 07:29:00.000000183,7.876717
2010-12-09 07:29:00.000000152,8.754261
2010-12-09 07:29:00.00000098,31.66619
2010-12-09 07:29:00.00000090,8.439472
2010-12-09 07:29:00.00000025,10.883159
2010-12-09 07:29:00.000000150,7.9317827
2010-12-09 07:29:00.00000041,5.680066
2010-12-09 07:29:00.000000143,7.7919307
2010-12-09 07:29:00.000000148,5.7802286
2010-12-09 07:29:00.000000151,6.5354013
2010-12-09 07:29:00.0000007,5.0038342
2010-12-09 07:29:00.00000069,9.837904
2010-12-09 07:29:00.00000036,5.987295
2010-12-09 07:29:00.00000046,16.120481
2010-12-09 07:29:00.000000195,6.393452
2010-12-09 07:29:00.000000115,17.263773
2010-12-09 07:29:00.000000134,6.1387444
2010-12-09 07:29:00.00000067,9.420105
2010-12-09 07:29:00.000000112,6.52297
2010-12-09 07:29:00.00000015,7.8827124
2010-12-09 07:29:00.00000031,8.904244
2010-12-09 07:29:00.000000193,7.8096395
2010-12-09 07:29:00.00000012,9.222683
2010-12-09 07:29:00.0000005,47.529892
2010-12-09 07:29:00.00000038,8.578598
2010-12-09 07:29:00.00000097,4.9837117
2010-12-09 07:29:00.000000102,4.685322
2010-12-09 07:29:00.00000089,7.896012
2010-12-09 07:29:00.00000068,8.105183
2010-12-09 07:29:00.00000071,8.987042
2010-12-09 07:29:00.000000186,8.094752
2012-05-08 03:50:00.0000009,18.888515
2012-05-08 03:50:00.0000001,5.042757
2012-05-08 03:50:00.00000012,13.846022
2012-05-08 03:50:00.0000006,17.517578
2015-03-12 19:43:24.0000005,5.7185793
2015-02-01 00:48:44.0000001,31.973074
2015-02-21 18:39:16.0000005,7.189053
2011-01-24 20:47:04.0000001,9.23686
2010-12-25 13:54:12.0000001,13.773262
2015-04-07 14:31:12.0000001,7.8949594
2012-11-20 21:54:00.00000086,16.189669
2012-11-20 21:54:00.000000150,6.733818
2012-11-20 21:54:00.000000184,6.303496
2012-11-20 21:54:00.00000080,31.656448
2012-11-20 21:54:00.00000021,6.1770015
2012-11-20 21:54:00.00000019,8.172518
2012-11-20 21:54:00.00000087,4.896029
2012-11-20 21:54:00.00000077,12.628075
2012-11-20 21:54:00.000000216,9.26266
2012-11-20 21:54:00.00000010,6.69067
2012-11-20 21:54:00.000000104,7.9401526
2012-11-20 21:54:00.00000048,6.529114
2012-11-20 21:54:00.000000221,19.563417
2012-11-20 21:54:00.00000030,10.697123
2012-11-20 21:54:00.00000085,5.3400292
2012-11-20 21:54:00.000000133,6.1907434
2012-11-20 21:54:00.000000144,9.070032
2012-11-20 21:54:00.00000047,5.894355
2012-11-20 21:54:00.000000229,6.067181
2012-11-20 21:54:00.00000015,6.9603176
2012-11-20 21:54:00.000000101,7.6976237
2012-11-20 21:54:00.000000238,7.275529
2012-11-20 21:54:00.00000097,21.134676
2012-11-20 21:54:00.00000049,5.8911753
2012-11-20 21:54:00.000000209,16.421808
2012-11-20 21:54:00.00000012,9.031616
2012-11-20 21:54:00.000000132,9.321303
2012-11-20 21:54:00.000000197,6.42925
2012-11-20 21:54:00.000000211,12.702631
2012-11-20 21:54:00.00000083,7.5938215
2012-11-20 21:54:00.000000127,8.08732
2012-11-20 21:54:00.000000223,39.056713
2012-11-20 21:54:00.000000130,13.89894
2012-11-20 21:54:00.000000149,11.102733
2012-11-20 21:54:00.000000196,11.643386
2012-11-20 21:54:00.00000056,6.078669
2012-11-20 21:54:00.00000026,12.474842
2012-11-20 21:54:00.00000055,8.326928
2012-11-20 21:54:00.000000135,32.33689
2014-06-23 00:16:00.00000023,12.273881
2014-06-23 00:16:00.00000014,8.646606
2014-06-23 00:16:00.00000080,7.3058414
2014-06-23 00:16:00.0000003,11.253836
2014-06-23 00:16:00.00000029,14.361883
2014-06-23 00:16:00.00000055,26.563759
2014-06-23 00:16:00.00000050,12.342549
2014-06-23 00:16:00.0000002,15.65086
2014-06-23 00:16:00.00000072,6.655399
2014-06-23 00:16:00.00000020,10.248273
2013-09-25 22:00:00.00000052,10.014099
2013-09-25 22:00:00.000000129,6.333262
2013-09-25 22:00:00.000000226,52.94084
2013-09-25 22:00:00.00000029,14.022365
2013-09-25 22:00:00.000000141,7.1252418
2013-09-25 22:00:00.000000206,13.937255
2013-09-25 22:00:00.00000051,7.741275
2013-09-25 22:00:00.000000238,9.576598
2013-09-25 22:00:00.000000251,12.3840685
2013-09-25 22:00:00.00000031,5.98939
2013-09-25 22:00:00.000000124,9.243415
2013-09-25 22:00:00.000000102,7.6719613
2013-09-25 22:00:00.000000198,22.564133
2013-09-25 22:00:00.000000208,4.9979753
2013-09-25 22:00:00.00000087,14.393494
2013-09-25 22:00:00.000000116,5.547698
2013-09-25 22:00:00.00000034,13.656113
2013-09-25 22:00:00.000000104,10.937049
2013-09-25 22:00:00.00000088,7.461868
2013-09-25 22:00:00.000000218,30.896873
2013-09-25 22:00:00.00000065,16.875586
2013-09-25 22:00:00.000000115,11.589639
2013-09-25 22:00:00.00000042,10.764107
2013-09-25 22:00:00.000000234,6.614705
2013-09-25 22:00:00.000000247,5.09412
2013-09-25 22:00:00.000000147,12.23114
2013-09-25 22:00:00.000000248,7.6901116
2013-09-25 22:00:00.000000162,14.574607
2013-09-25 22:00:00.000000130,11.622263
2013-09-25 22:00:00.000000174,4.9936743
2015-03-04 21:42:57.0000006,6.306437
2015-04-25 01:06:17.0000005,16.529266
2015-02-19 11:39:21.0000001,23.839602
2015-01-29 13:15:50.0000001,5.415705
2015-05-07 15:33:26.0000005,5.6707616
2015-02-09 07:16:26.0000005,18.350018
2015-04-16 18:45:22.0000004,17.39212
2015-05-31 20:48:54.0000006,43.700596
2015-05-31 20:48:54.0000003,5.6500797
2015-06-18 20:56:55.0000001,21.289705
2015-02-14 13:15:19.0000005,5.4931035
2015-05-10 12:37:51.0000007,7.246344
2015-05-10 12:37:51.0000005,11.9204645
2015-05-20 00:59:15.0000002,12.703861
2015-05-29 18:59:35.0000003,11.407271
2015-02-25 18:00:51.0000008,8.714662
2015-02-08 08:44:03.0000002,6.3115773
2015-05-12 08:31:07.0000003,9.218909
2015-03-16 21:12:19.0000007,9.039851
2014-06-14 13:39:00.000000117,6.305632
2014-06-14 13:39:00.000000187,7.853691
2014-06-14 13:39:00.00000099,7.4047847
2014-06-14 13:39:00.000000112,22.827059
2014-06-14 13:39:00.00000039,12.375048
2014-06-14 13:39:00.00000078,56.25098
2014-06-14 13:39:00.00000084,7.340527
2014-06-14 13:39:00.000000166,7.460481
2014-06-14 13:39:00.00000089,4.770275
2014-06-14 13:39:00.00000047,9.555456
2014-06-14 13:39:00.0000001,19.563774
2015-01-31 20:54:04.0000002,10.95699
2011-10-02 23:36:00.0000002,6.213582
2011-10-02 23:36:00.00000051,10.850526
2011-06-24 12:03:00.000000182,7.0457587
2011-06-24 12:03:00.000000103,8.384713
2011-06-24 12:03:00.0000003,6.5193887
2011-06-01 07:37:00.00000050,6.871645
2010-08-27 18:45:00.000000216,5.356261
2010-08-14 02:13:00.000000135,7.8525867
2014-03-25 23:47:00.00000022,5.9740005
2014-03-25 23:47:00.000000128,17.219934
2014-03-25 23:47:00.000000105,7.1293364
2014-03-25 23:47:00.00000091,4.8393607
2014-03-25 23:47:00.00000054,8.251201
2014-03-25 23:47:00.000000129,6.841858
2014-03-25 23:47:00.00000063,34.78518
2014-03-25 23:47:00.00000060,4.9974227
2014-03-25 23:47:00.00000075,18.70849
2010-09-29 16:43:00.00000083,7.0821137
2014-10-27 14:58:00.000000145,41.983902
2014-10-27 14:58:00.0000007,13.806777
2014-10-27 14:58:00.00000031,12.678591
2014-10-27 14:58:00.000000128,23.652836
2014-10-27 14:58:00.00000097,4.465303
2014-10-27 14:58:00.00000078,35.21049
2014-10-27 14:58:00.000000135,8.638655
2012-11-03 17:11:00.00000044,6.5845118
2012-11-03 17:11:00.00000050,12.267114
2012-11-03 17:11:00.00000024,7.9776206
2012-11-03 17:11:00.00000072,11.760433
2012-11-03 17:11:00.000000159,9.392755
2012-11-03 17:11:00.000000126,5.244987
2012-11-03 17:11:00.00000090,9.45068
2011-03-11 01:44:00.00000062,30.81769
2015-02-22 09:48:32.0000004,21.533894
2011-10-04 09:37:00.000000102,8.627203
2011-10-04 09:37:00.00000023,8.730045
2014-12-24 03:00:00.0000003,5.1531286
2014-12-24 03:00:00.00000014,4.8696613
2014-12-24 03:00:00.0000002,12.278627
2014-12-24 03:00:00.00000027,16.017239
2015-04-11 20:31:32.0000004,7.804538
2014-04-27 02:57:00.000000123,7.2546725
2014-04-27 02:57:00.00000078,4.1040077
2014-04-27 02:57:00.00000075,10.873825
2014-04-27 02:57:00.000000178,5.3775105
2014-04-27 02:57:00.0000004,10.59306
2014-04-27 02:57:00.000000166,12.179802
2014-04-27 02:57:00.00000091,13.367024
2014-04-27 02:57:00.000000173,8.538162
2014-04-27 02:57:00.00000066,23.057528
2014-04-27 02:57:00.000000183,5.3789573
2014-04-27 02:57:00.000000179,13.740684
2014-04-27 02:57:00.000000144,7.591788
2014-04-27 02:57:00.00000025,18.884003
2014-04-27 02:57:00.00000052,7.2075734
2014-04-27 02:57:00.00000094,5.6995816
2014-04-27 02:57:00.000000189,21.603764
2011-12-13 22:00:00.00000040,11.539644
2011-12-13 22:00:00.000000228,6.2514586
2011-12-13 22:00:00.000000130,29.441683
2011-12-13 22:00:00.000000141,6.2249846
2011-12-13 22:00:00.000000149,6.4827023
2011-12-13 22:00:00.000000224,5.758067
2011-12-13 22:00:00.000000154,6.20816
2011-12-13 22:00:00.000000131,8.634368
2011-12-13 22:00:00.0000002,5.9121594
2011-12-13 22:00:00.000000221,8.161823
2011-12-13 22:00:00.00000056,6.050182
2011-12-13 22:00:00.000000195,7.59502
2011-12-13 22:00:00.000000191,6.1185365
2011-12-13 22:00:00.00000059,5.6586447
2015-02-26 15:55:48.0000001,23.412159
2014-07-21 18:19:00.000000197,6.44853
2014-07-21 18:19:00.000000153,4.7967305
2014-07-21 18:19:00.000000159,6.846755
2014-07-21 18:19:00.000000212,38.54015
2014-07-21 18:19:00.00000091,5.88568
2014-07-21 18:19:00.0000002,5.7294397
2014-07-21 18:19:00.000000142,7.4873996
2014-07-21 18:19:00.000000141,13.054906
2014-07-21 18:19:00.000000149,7.8265724
2014-07-21 18:19:00.00000065,8.373552
2014-07-21 18:19:00.00000033,5.9847445
2010-09-20 16:48:00.000000146,9.014504
2010-09-20 16:48:00.00000047,13.287451
2010-09-20 16:48:00.000000129,10.759981
2015-01-26 07:13:44.0000005,53.793884
2011-03-06 21:01:00.00000033,5.7559175
2012-01-26 07:33:00.00000090,5.2321734
2012-01-26 07:33:00.00000087,9.278611
2012-01-26 07:33:00.00000012,10.224809
2012-01-26 07:33:00.000000171,6.631973
2012-01-26 07:33:00.00000065,29.069695
2012-01-26 07:33:00.00000088,8.111454
2012-01-26 07:33:00.000000119,20.572393
2015-03-20 23:34:40.0000004,31.03507
2010-12-09 07:29:00.0000001,9.014941
2012-05-08 03:50:00.00000013,5.8932285
2015-03-12 19:43:24.0000003,20.035637
2012-11-20 21:54:00.00000034,10.583966
2012-11-20 21:54:00.000000170,8.606471
2012-11-20 21:54:00.000000108,12.701644
2012-11-20 21:54:00.00000031,10.458711
2012-11-20 21:54:00.000000171,12.808765
2012-11-20 21:54:00.00000023,8.444144
2012-11-20 21:54:00.00000074,6.0558877
2012-11-20 21:54:00.000000122,11.215768
2012-11-20 21:54:00.0000006,7.6542335
2012-11-20 21:54:00.000000160,10.572975
2012-11-20 21:54:00.00000042,28.046589
2012-11-20 21:54:00.00000039,11.094232
2012-11-20 21:54:00.00000043,10.611094
2012-11-20 21:54:00.000000219,5.4071975
2012-11-20 21:54:00.00000020,6.353219
2012-11-20 21:54:00.000000222,6.8307323
2012-11-20 21:54:00.0000005,7.2629933
2012-11-20 21:54:00.000000154,10.0770035
2014-06-23 00:16:00.00000060,16.615904
2014-06-23 00:16:00.0000008,9.176107
2014-06-23 00:16:00.00000035,23.109411
2014-06-23 00:16:00.00000052,11.580299
2014-06-23 00:16:00.00000053,7.38231
2013-09-25 22:00:00.00000056,22.581152
2013-09-25 22:00:00.00000083,5.850664
2013-09-25 22:00:00.000000128,5.925812
2013-09-25 22:00:00.00000037,15.097544
2013-09-25 22:00:00.00000013,5.4685225
2013-09-25 22:00:00.000000168,6.9411054
2013-09-25 22:00:00.000000181,6.0498796
2013-09-25 22:00:00.00000016,13.404726
2013-09-25 22:00:00.00000063,16.836983
2013-09-25 22:00:00.00000047,7.67844
2013-09-25 22:00:00.000000220,16.611835
2013-09-25 22:00:00.000000163,8.922021
2013-09-25 22:00:00.00000077,13.472768
2013-09-25 22:00:00.00000060,39.967926
2013-09-25 22:00:00.000000213,15.997018
2013-09-25 22:00:00.000000150,18.199327
2013-09-25 22:00:00.00000010,6.9251556
2013-09-25 22:00:00.000000146,6.9696784
2013-09-25 22:00:00.00000041,10.095416
2013-09-25 22:00:00.000000109,10.205722
2013-09-25 22:00:00.000000210,15.147931
2013-09-25 22:00:00.000000151,8.563625
2013-09-25 22:00:00.000000190,15.102035
2013-09-25 22:00:00.000000153,10.684861
2013-09-25 22:00:00.000000241,26.500916
2013-09-25 22:00:00.000000127,10.194898
2015-02-20 11:08:29.0000001,17.16791
2015-01-12 15:36:37.0000002,4.323441
2015-06-07 00:38:14.0000002,17.948704
2015-04-12 21:56:22.0000005,8.3353815
2015-04-10 11:56:54.0000004,7.960017
2015-06-25 01:01:46.0000002,11.956131
2015-05-29 10:02:42.0000001,12.890747
2015-06-30 20:03:50.0000002,40.353497
2015-02-27 19:36:02.0000006,26.118776
2015-06-15 01:00:06.0000002,5.4536834
2015-02-03 09:00:58.0000001,41.972046
2015-05-19 13:58:11.0000001,8.602847
2015-05-10 12:37:51.0000002,9.1799555
2015-01-12 17:05:51.0000001,11.363245
2015-04-19 20:44:15.0000001,52.557045
2015-01-31 01:05:19.0000005,19.74768
2015-01-18 14:06:23.0000006,6.497657
