Id,Sales
1,4269.31
2,7687.29
3,8770.33
4,6821.25
5,6480.15
6,5755.800555555555
7,8091.8
8,8154.71
9,5880.61
10,5610.92
11,6724.49
12,8195.94
13,7085.43
14,9855.35
15,5591.37
16,5471.74
17,5895.423333333332
18,9083.93
19,10500.19
20,10055.21
21,7518.58
22,5452.33
23,5976.02
24,5095.5725
25,7222.53
26,10212.51
27,10506.12
28,5908.09
29,5042.5025
30,4864.79
31,7113.13
32,10354.39
33,7445.37
34,5225.44
35,6744.38
36,7697.7
37,3741.55
38,7126.0
39,4258.81
40,8092.02
41,7619.34
42,5288.11
43,7796.26
44,7813.82
45,4627.76
46,6166.11
47,7407.83
48,11854.33
49,5919.11
50,7992.04
51,7151.65
52,9557.55
53,6100.427728510844
54,9480.86
55,5836.12
56,4759.0
57,6100.1
58,5844.683582724625
59,8311.357046402145
60,7911.999315115186
61,5575.83
62,7675.87
63,7968.46
64,10483.44
65,3826.7535
66,12915.59
67,4927.842000000001
68,6456.610825834542
69,8540.797739069558
70,5941.79
71,6200.72
72,6373.106173335498
73,7447.2565581159815
74,5575.791963655614
75,5865.947235843609
76,8299.615397084115
77,7378.6865046166085
78,7458.230573706305
79,5022.19
80,7110.128092650676
81,7907.009445209816
82,6259.13
83,4491.38
84,7087.289116322232
85,5974.106149921417
86,7128.581008144096
87,7573.625542691485
88,3958.9573220779216
89,7628.60343603508
90,6130.69
91,7277.702667898701
92,6971.08
93,3946.0853773448775
94,5855.724300428218
95,5770.2805714472315
96,7674.475024270375
97,11083.80287816092
98,5285.015
99,4707.53
100,7708.358088305747
101,6138.388044072057
102,7245.01
103,9668.66316261228
104,7736.570684263521
105,7698.4575
106,5864.077522301985
107,4412.104344650819
108,7634.587148418483
109,9752.27
110,9008.164168579628
111,8189.993016952029
112,8037.629263455702
113,6188.052429355612
114,8392.535848364343
115,5647.949689095873
116,8140.844472137375
117,8904.967023638053
118,8038.014568443938
119,10032.81
120,7709.632476930158
121,8729.792059550702
122,6387.644745417335
123,7044.115
124,8279.561661182539
125,6498.773112064141
126,4327.61
127,5544.895
128,7603.213999999999
129,5563.1
130,4883.635
131,8322.83609090909
132,7226.08
133,6029.5920607448115
134,5983.280942446441
135,5314.341854423355
136,7421.466734432233
137,6997.182083333332
138,8023.865500000001
139,5916.42411431603
140,5495.653333333333
141,6608.548495213496
142,4282.38746031746
143,6089.220785714286
144,4957.474255319149
145,8869.141666666666
146,6967.484642857144
147,6391.704642857143
148,5923.320085598333
149,5243.36969518055
150,5588.758325939204
151,10236.975
152,6733.836832263815
153,8288.182876309931
154,7654.270119047618
155,6100.834356272812
156,6511.827582221256
157,5929.603016806722
158,7909.24
159,12022.01
160,6204.725
161,3131.8828070175437
162,4999.66
163,8404.666659326691
164,8879.075833333332
165,7662.3936507936505
166,7649.71
167,5619.87
168,5934.51
169,3295.9722222222226
170,5074.970970760233
171,6261.838368083546
172,7059.873577288863
173,7345.6771568627455
174,8701.797777777778
175,8023.1608827431055
176,9085.63641555383
177,7337.269364265423
178,6092.787107300167
179,9248.805
180,10756.931666666665
181,6595.77185541921
182,8068.791600561116
183,5104.419160504422
184,6371.897644121092
185,4210.726621031747
186,8627.823586167546
187,5448.237220315209
188,9378.45
189,7256.701999999999
190,8769.48711969853
191,8023.995
192,5245.406971439949
193,8867.076152236652
194,18076.75
195,10523.107330246912
196,5535.25
197,2824.471704209189
198,6013.217330246914
199,9861.63
200,5501.479930043665
201,12234.82
202,17972.79
203,3792.9
204,5055.591579316127
205,10849.247619047619
206,5131.414127270242
207,9585.61
208,6958.711941244239
209,6959.579777777778
210,3936.74
211,8331.846732142858
212,6280.5177862037835
213,7070.599777777778
214,6909.627786203783
215,6047.106675092673
216,6014.353035755756
217,7502.856283579937
218,5915.476297019823
219,5057.280768362406
220,8770.61
221,6568.587633355873
222,6026.750210343195
223,7489.115552535755
224,6214.078923528545
225,5670.556239137268
226,7070.071813962648
227,6885.486599676934
228,10791.556345628416
229,7117.231805555557
230,7635.925333333334
231,5869.431779761904
232,4003.008010869565
233,7765.407386931345
234,7353.685076325285
235,5552.383540784096
236,4602.014401709402
237,8727.130627371274
238,7881.175785714287
239,8583.4475
240,6834.735
241,5864.048833333333
242,5566.643124578682
243,4393.51
244,9338.87
245,6170.67
246,7794.65
247,15172.78
248,7019.365842043475
249,8462.73
250,5492.92
251,4909.980811808118
252,6866.4972727272725
253,4343.916333333333
254,5707.215158730159
255,10959.76723859649
256,5416.38128005215
257,16249.75
258,13624.51
259,4713.111272834367
260,6961.03010320742
261,6330.812913537186
262,6787.522970192089
263,5774.759166666668
264,5498.990103642449
265,7616.46947368421
266,9549.606784613903
267,5135.0
268,7150.192656734862
269,4992.7608381011305
270,10046.66
271,7088.7294736842105
272,5969.591011904762
273,6308.751870806293
274,5599.02
275,7696.93935702771
276,10240.20718170426
277,5888.1795128866615
278,10120.2035
279,6509.981202301025
280,10812.05736990387
281,5537.614772727273
282,6349.07
283,5776.334129612382
284,9502.64115711836
285,6644.576461942863
286,7636.877559523809
287,6732.168690192875
288,8414.56256744972
289,4724.86283843164
290,8084.345845238096
291,6856.241547619047
292,4029.67
293,14394.39
294,18109.15
295,8813.58
296,6906.87782817076
297,9162.55
298,10237.99
299,11030.519285714287
300,5749.418000000001
301,7591.273452380952
302,5808.547989608659
303,8026.581444444444
304,3931.725
305,5724.046382693442
306,5738.346175167511
307,6458.966666666667
308,7096.3675
309,5096.838333155079
310,5078.3609090909085
311,6639.872522573472
312,4870.62
313,4488.77
314,6017.773807911843
315,6482.5225
316,8402.944090798357
317,8444.289090798358
318,8756.537972222222
319,6376.188570365937
320,6464.07882637128
321,11600.736021895542
322,8298.061274242425
323,5058.906244755245
324,6509.645481898248
325,7673.524746593395
326,4507.103596078432
327,6618.779170934707
328,3988.172316449761
329,4780.474517657781
330,8934.073634698636
331,7848.31
332,8719.804329628965
333,9200.712602349053
334,9098.105039156148
335,11616.77
336,5962.492177815297
337,11705.98
338,2803.05
339,5207.6957967479675
340,6597.6617658730165
341,4263.88
342,8313.67908119658
343,5358.125578142811
344,4947.709457346588
345,8109.474575980393
346,11661.046650134951
347,9620.601999999999
348,5702.4193679978835
349,5158.676773504273
350,8020.089503249931
351,7161.40948239198
352,6317.431424847343
353,6960.622443076427
354,7004.2896
355,10106.995964912281
356,4924.217006840807
357,6434.20022471555
358,7245.481866395391
359,7966.756033022533
360,13300.893666666667
361,5705.588815905077
362,14805.935555555558
363,8471.818604651164
364,5103.357692677224
365,3986.9666493187246
366,6088.551356516291
367,7776.653306233062
368,5435.7256647418835
369,7365.644973504353
370,7107.867513012622
371,4616.677777777778
372,7228.469599318854
373,3445.755833333333
374,8846.949702914595
375,7169.6344091151805
376,8979.881824332393
377,8090.935938490775
378,5221.684356728885
379,9241.961382965173
380,6856.812605154436
381,5182.148870495257
382,7240.357404135395
383,6072.818233526675
384,10865.324974618305
385,6243.552608134444
386,4735.822083006536
387,7687.720778787879
388,8413.039022981553
389,7169.453418114335
390,6520.263758752359
391,8468.25991189483
392,5422.027368784139
393,5588.45
394,6901.927651227237
395,8306.278057915319
396,6129.244206838967
397,6035.160858070482
398,6439.498174680718
399,5018.918443590417
400,3761.389883886697
401,5686.1411290322585
402,10249.995055555555
403,8778.45181063127
404,10587.105193236715
405,11484.627142857144
406,8052.464082125603
407,6118.580086580087
408,4772.293794124105
409,9717.197397869673
410,9893.231191974692
411,8723.274866071428
412,8792.273199404763
413,8028.207946969698
414,5989.894764705882
415,3704.867111111111
416,11056.741587301585
417,5254.299652986829
418,6050.861666666668
419,7802.860980392156
420,3231.04
421,11621.610206349205
422,5205.649652986829
423,5028.019652986829
424,4813.739190476191
425,6108.25041317109
426,6559.6615
427,9128.04
428,6391.303846153846
429,4799.092679487179
430,6242.674045801526
431,4245.68
432,3658.9875
433,7020.9404545454545
434,16635.21
435,5561.411395348837
436,5384.2221102589865
437,6802.251419413919
438,5224.811614173228
439,5633.4342857142865
440,5020.555030893907
441,3994.666614173228
442,8724.65
443,6899.925919782796
444,4469.651614173228
445,7998.92074074074
446,5759.328968253968
447,4632.678636363636
448,8058.47074074074
449,8396.148536585366
450,9678.894666666667
451,5585.858968253968
452,7188.551267605633
453,4886.402083333333
454,5129.031030893908
455,14731.096000000001
456,6753.245048959176
457,6372.975048959175
458,5815.9976188566325
459,4793.131112266113
460,5988.860833333334
461,5474.048342541437
462,11764.463799289597
463,4982.705573770491
464,6543.6211111111115
465,6802.576711917679
466,4681.825
467,6355.815425531915
468,7536.603529411765
469,9829.66
470,7165.779090909091
471,4057.982040816327
472,6195.526666666668
473,6537.7770388117015
474,9188.195696347033
475,8606.048111111111
476,6537.7770388117015
477,5454.5030453578065
478,6561.187705478366
479,6122.799027497954
480,4471.118333333333
481,7387.537941466276
482,7326.768155289154
483,6447.274397473213
484,6093.416320175212
485,6489.848456349207
486,10566.483796296297
487,5544.105298997765
488,6336.527100178591
489,8012.539323529412
490,6716.6469074861625
491,12137.325095238095
492,7653.558653846154
493,4817.63625
494,12154.953968426502
495,6681.940515873017
496,3433.1965016869094
497,7886.474642857142
498,14781.726666666667
499,10102.548965517242
500,5861.653918918918
501,5993.580817460318
502,6751.015555555555
503,7280.0392517694645
504,5531.00320414637
505,8654.89863810804
506,3677.7875
507,6399.954462018499
508,6583.822025775312
509,5596.757931034484
510,5375.850625
511,7151.306981263228
512,8655.396893939394
513,4794.93125
514,8774.727727272728
515,6807.434643489603
516,8645.928542232734
517,5979.428474576271
518,7477.0353301197765
519,6467.842222222222
520,7826.278892091472
521,8138.597453497715
522,5654.247970812418
523,7956.4
524,10088.38772263808
525,7388.289266464416
526,4095.3606459523808
527,3781.19
528,8223.552490200043
529,6357.061099269744
530,8252.081035291018
531,7103.085147506363
532,5794.171516488091
533,8465.132732989374
534,6855.564082547477
535,6932.887210663732
536,8906.33125
537,5860.388554649298
538,8388.07325
539,10562.109333333334
540,7757.144101503759
541,4803.42
542,7415.253101503759
543,5535.56731372549
544,0.0
545,8412.097071299964
546,7203.897823899372
547,8644.516065162907
548,6096.075990566039
549,9077.846859613657
550,7224.786581797609
551,10617.113920281472
552,4822.037707123344
553,6685.918415973963
554,6155.151248809194
555,8239.675447498717
556,7222.290512600958
557,7043.966208020051
558,7409.248238323081
559,10463.136378132274
560,7284.63779957275
561,6989.590280980507
562,5659.013846073973
563,4863.900301426865
564,5076.526546121593
565,9998.517614845938
566,9540.058851963746
567,6657.93
568,15394.97
569,6346.809193097735
570,6919.308843975468
571,6280.994417070352
572,7864.829430571337
573,8472.821264282727
574,6758.241426081066
575,7997.758894405537
576,7768.252915897115
577,8560.990410052911
578,7054.421357362613
579,6047.093292205874
580,5827.922429918198
581,6427.361871684245
582,4240.677735742036
583,5330.147327212807
584,8387.052103529833
585,15885.55
586,6655.7135
587,5087.675
588,6894.72838725572
589,4206.54
590,6192.91
591,4256.562
592,8692.40685880786
593,6252.1
594,6143.779074357016
595,13237.584348484848
596,11015.22
597,6772.787888888889
598,8162.958117562072
599,3930.546666666666
600,5990.78833845626
601,5290.375186651584
602,4965.194285714286
603,4868.096481713104
604,3978.724285714286
605,6417.737410926206
606,5698.48
607,8645.621850041356
608,6689.671681818182
609,3450.98
610,7051.494880952381
611,7729.17849763245
612,7953.435357142859
613,4919.0363484848485
614,4411.540681818182
615,8031.426551160743
616,5709.810439024391
617,9225.027002221024
618,4746.756515151515
619,4918.065765151515
620,6938.290673081745
621,5656.703553113553
622,3906.430126984127
623,6531.47
624,8394.29
625,9442.329239130435
626,9036.069375
627,5864.620952380951
628,4143.373863636363
629,5630.888000000001
630,8999.54
631,4857.941903432825
632,6710.94
633,6287.676605576434
634,13844.936603126407
635,7688.447000260168
636,6352.9690668409285
637,8157.36
638,4789.92
639,8642.87286189868
640,6455.8
641,12987.44
642,6200.0419404761915
643,5229.995410742766
644,4983.689500180375
645,4394.269517884076
646,7568.7711666666655
647,10697.037417582418
648,4303.600583333333
649,5081.907321428572
650,10367.407759163058
651,6517.43842167565
652,7118.980158029041
653,7972.882533147512
654,6073.6881111111115
655,8469.132846153845
656,4956.715
657,9175.1125
658,5769.408333333334
659,7198.921379976232
660,7042.759652777778
661,4176.313999999999
662,7443.971875
663,5466.160773026316
664,3849.9729172008547
665,8679.265705531623
666,8653.332222422272
667,4424.45931022409
668,7276.2142763347765
669,7184.590527236653
670,4616.918055555555
671,8890.460183080808
672,6303.747349358975
673,8975.211014381503
674,4993.530797619048
675,5169.118322981367
676,6289.477188852828
677,0.0
678,7742.352566843253
679,4564.130942460317
680,6113.583824443484
681,4509.8521940955725
682,8891.313333333332
683,6256.160717388982
684,7355.098398516326
685,7030.387486631113
686,7792.139512105445
687,7223.649158008659
688,7596.095047061725
689,6818.949378306879
690,8559.824068144499
691,9104.785388146965
692,6860.084220394849
693,3511.027071428571
694,5697.405
695,7376.38553757584
696,5181.354
697,6362.014722222222
698,5863.084722222223
699,6607.444497354498
700,11001.80596153846
701,6641.556273422419
702,4465.81350971116
703,12895.348912061369
704,10198.651120144477
705,5514.702083333333
706,9191.695178066264
707,10227.49
708,9273.525833333333
709,5539.992400298622
710,6925.396282804963
711,6486.914649522511
712,6436.17514523315
713,7054.980965775563
714,5653.200473583285
715,6236.259658339779
716,7464.261688378158
717,7168.605561638197
718,7685.7757456798445
719,6031.99661528589
720,7142.107360721124
721,4802.760467568559
722,7842.353612853504
723,7278.120431455492
724,6555.9681380281145
725,7053.33426490222
726,7055.69184186843
727,9558.825415321284
728,5706.358844756415
729,5637.115554411234
730,6697.819709864811
731,7328.502146099901
732,6986.542353543529
733,4664.896620147725
734,4380.555943342937
735,7977.563553052821
736,6573.92
737,6068.064041667683
738,7821.262211925351
739,7744.455119247053
740,6885.697577925179
741,5501.291056382033
742,3969.508114814854
743,7140.734580720268
744,6470.648116186252
745,6641.417386141759
746,10170.948846787716
747,9108.434913617217
748,4609.02375905685
749,9270.956825787129
750,4122.320717680338
751,3529.8148181511974
752,7334.203315965373
753,12295.211785714286
754,8303.004070691757
755,6838.4084323672705
756,6071.841470760412
757,6733.2168831561985
758,9304.752046873187
759,6020.757878681225
760,7649.408341283526
761,5902.900338947445
762,4590.555210236251
763,5476.370142145515
764,5462.1616552878
765,5778.324405497835
766,4753.200354442157
767,4986.269248442609
768,4115.4706322868315
769,7330.523753181359
770,7010.048911671662
771,6206.294334390324
772,6216.131473272228
773,6994.711510272005
774,5896.335344785516
775,5746.0175
776,8603.846499263893
777,8487.505690364014
778,8306.85013562753
779,4115.899987012987
780,13823.807297901893
781,6703.864949063278
782,5705.320791666666
783,10618.055402777776
784,8595.752404040404
785,7615.882479097712
786,5834.2248988095225
787,7299.849436507938
788,9355.103333333333
789,15112.110837205746
790,4927.31
791,4884.6
792,5562.0294772727275
793,7253.104240736994
794,7636.85
795,8064.68322477555
796,8802.387756493506
797,7133.52
798,4376.82
799,6478.99
800,8114.249202317558
801,4801.83
802,6796.46181471169
803,4460.48
804,7454.258801379612
805,7963.1275
806,7817.63892896386
807,10262.594285714287
808,6527.52785670872
809,5933.405930866791
810,6642.9259308667915
811,7421.603942780543
812,8324.531666666666
813,7431.511119865423
814,7357.040180000991
815,6467.9580000000005
816,4441.113366600729
817,9612.354596555992
818,4999.46
819,10697.014444444445
820,5584.61
821,4238.0
822,6859.34375
823,6391.752272727273
824,7377.078422618872
825,7346.190955980236
826,3804.49
827,4554.984166666667
828,7371.42
829,8899.96
830,8880.69
831,5022.743333333333
832,6229.036003134796
833,6769.9359508547
834,6193.22
835,5853.338630952381
836,9192.724692982454
837,8652.27
838,12533.96
839,4919.11
840,5725.73
841,0.0
842,8513.98
843,5547.33
844,10657.64
845,7075.4
846,5187.32
847,6342.98
848,4666.56
849,5314.27
850,6863.15
851,5750.33
852,5034.59
853,8597.54
854,7118.92
855,19394.58
856,6550.22
857,4778.06
858,8069.21
859,9010.12
860,6237.32625
861,6754.47
862,5842.676388888889
863,9226.8
864,8768.83
865,6154.58
866,5509.745
867,7101.13
868,8735.59
869,7025.49
870,9269.23
871,5788.41
872,5267.89
873,5774.722
874,9525.23
875,10547.56
876,10673.3
877,7713.05
878,5047.31
879,6390.35
880,5254.03
881,7348.64
882,10205.45
883,10407.12
884,5988.48
885,5267.12
886,4828.42
887,7034.12
888,11501.35
889,7008.84
890,5251.51
891,6986.8
892,8449.46
893,3822.34
894,7610.48
895,4355.43
896,7877.68
897,7931.08
898,5500.37
899,7432.56
900,7685.84
901,5340.85
902,6407.33
903,7178.35
904,10753.29
905,5628.61
906,8311.85
907,7931.68
908,9613.5
909,6622.433738473695
910,9723.39
911,5985.85
912,4708.61
913,6695.6
914,6028.092577076113
915,8117.482379928345
916,7749.413831647922
917,5830.16
918,7371.485
919,7810.7
920,9405.83
921,3903.4010238095234
922,14453.01
923,5493.991999999999
924,6824.585723270441
925,8900.604269369667
926,6348.14
927,5890.28
928,6425.037026639325
929,7403.37805073309
930,5513.3789216961895
931,6212.719579139794
932,8192.242007187133
933,7620.560219983191
934,7772.072036623174
935,4991.08
936,7024.099721728469
937,7335.386273408013
938,6398.21
939,4734.84
940,6573.317904034598
941,6065.050029523992
942,6640.669915964423
943,8045.199590139428
944,4066.177847121204
945,8072.057261700118
946,6853.82
947,7402.075620279653
948,7750.23
949,4405.066555916305
950,6021.5510974367635
951,6437.867711103598
952,7969.43440945922
953,11279.056711494251
954,5075.0
955,4698.71
956,7928.133472798222
957,6159.5586609431075
958,7646.4
959,9504.057591183708
960,8034.9240696616225
961,7938.15
962,5871.13081797912
963,4441.557582272394
964,7387.66006508515
965,9651.44
966,9283.181655210645
967,8278.424312484147
968,8186.8418152454515
969,6580.133437292121
970,8584.498982869316
971,6533.639421419106
972,8532.466501045816
973,9074.74052444142
974,8170.766164403533
975,10642.928333333335
976,7933.404884219198
977,8756.229503246543
978,6362.961240682883
979,6960.715
980,8181.688535071784
981,6680.653112064141
982,5007.41
983,5753.676833333334
984,8108.02
985,6101.3875
986,5442.061666666667
987,8487.469666666666
988,7386.288571428571
989,6662.925823176822
990,6135.401239885845
991,5739.90582101232
992,7605.774619047618
993,7334.92625
994,8063.8755
995,5868.546049408418
996,5920.494285714286
997,6600.549654947707
998,4461.7555555555555
999,6231.740035714286
1000,4680.332921985816
1001,9059.232916666666
1002,7996.857495497558
1003,7209.676138583638
1004,5912.231200308128
1005,6790.5540848416285
1006,5578.344678744237
1007,10663.08
1008,7741.888487217105
1009,8278.723574292986
1010,8038.0623261904775
1011,4895.433577380953
1012,6470.794882760465
1013,5881.245655677657
1014,7307.34
1015,12583.551333333335
1016,5574.327142857143
1017,3267.0944736842102
1018,5797.86
1019,8644.082194763081
1020,8873.51425
1021,8129.603650793651
1022,7588.75
1023,4944.280873854828
1024,5934.53
1025,3698.3888
1026,5198.750970760233
1027,6409.318542081547
1028,7377.732502084561
1029,7577.647156862746
1030,8063.874348837209
1031,8177.9011213422045
1032,8954.320362422603
1033,7670.114800055329
1034,6499.325354030024
1035,9411.46
1036,11572.27
1037,6286.93330707866
1038,8250.897763159357
1039,5136.759358740474
1040,6422.520958877664
1041,4365.1262004107
1042,8969.642003704896
1043,5580.659083398089
1044,10011.85
1045,7444.035
1046,8551.968344097748
1047,8472.576666666668
1048,5320.64283274393
1049,9149.558036463537
1050,18391.62
1051,11230.736768781193
1052,5707.3
1053,2815.3518340793194
1054,6066.2663126880025
1055,9674.26
1056,5692.093005155134
1057,12536.88
1058,17576.7
1059,3831.26
1060,5320.021985604856
1061,8360.742703703703
1062,6192.236191147959
1063,10248.25
1064,7178.45844544592
1065,7439.426361111112
1066,3509.87
1067,8973.022861018826
1068,6271.726909828766
1069,7377.282361111112
1070,7008.8669098287655
1071,6044.194409828766
1072,5986.618993162099
1073,7773.325308832462
1074,6412.327179207079
1075,5618.132875196437
1076,8577.761333333334
1077,7118.876678810418
1078,5942.131340213325
1079,7448.55328227953
1080,6364.6667004406045
1081,5946.668785774107
1082,7898.979000928459
1083,7840.367500928459
1084,11207.16051229508
1085,7330.956218837311
1086,7531.1359999999995
1087,5898.0684464285705
1088,4193.176205442492
1089,12679.454386931346
1090,9288.803469182429
1091,5633.965711308607
1092,4764.382033288349
1093,9159.569627371275
1094,7191.8885341614905
1095,9168.389166666668
1096,7214.16
1097,5703.8775
1098,5486.89612457868
1099,4484.59
1100,9455.333333333334
1101,5659.46
1102,8349.255
1103,15512.58
1104,7380.91256396664
1105,6359.2225
1106,4963.73
1107,4961.140811808118
1108,6821.607272727273
1109,4221.956818181819
1110,5678.516658730157
1111,10791.1787066365
1112,5422.729111428284
1113,16146.05
1114,14968.13
1115,4689.744412527358
1116,7256.2885870306145
1117,6339.304883234156
1118,6943.9418286780465
1119,5844.299166666668
1120,5318.2025080413205
1121,7360.337142857144
1122,9414.797372506133
1123,5401.738
1124,7415.1392396708325
1125,4807.9016503947405
1126,10238.77
1127,6899.825333333334
1128,5801.07625
1129,6495.243847368417
1130,5505.65
1131,8059.615175134856
1132,9597.798666038208
1133,6028.547610202473
1134,10358.825833333334
1135,6483.6246533339845
1136,10916.327591504603
1137,5738.239166666667
1138,6525.64
1139,5943.94015682647
1140,10073.738234798757
1141,6961.081284644661
1142,7001.772083333333
1143,7167.951313760474
1144,8640.590285825767
1145,4784.578198552285
1146,8055.428098214286
1147,6851.763285714285
1148,4402.3
1149,15886.11
1150,17740.28
1151,9370.39
1152,7110.749554322125
1153,9077.844166666666
1154,10407.73
1155,11384.701666666666
1156,5846.056666666667
1157,7683.833833333333
1158,6022.183410921301
1159,8417.285904761906
1160,4005.432727272727
1161,6061.210761522342
1162,6252.461816350059
1163,6438.656666666668
1164,7572.624166666667
1165,5450.760727272727
1166,5185.349999999999
1167,6583.635822165896
1168,4712.19
1169,4438.425291666666
1170,6142.317350202746
1171,7290.27
1172,8937.09421717808
1173,8968.694217178081
1174,8572.133472222222
1175,6316.933115268991
1176,6503.407624992838
1177,11322.115195972328
1178,8649.397152447553
1179,5395.095624434389
1180,6638.6715917254305
1181,8002.835973851747
1182,4686.911259981353
1183,6857.549573159551
1184,4323.873173523161
1185,5630.976248447205
1186,8691.724696969697
1187,7690.16
1188,8242.604337740051
1189,8716.323777126805
1190,8576.742297267234
1191,12632.512857142858
1192,6238.426339580001
1193,11109.88
1194,3065.69
1195,5552.729569475241
1196,6753.943432539683
1197,4256.9
1198,8701.704581196582
1199,5575.129744973207
1200,5139.171401420217
1201,8738.974046148296
1202,12071.490318181817
1203,7904.765370370371
1204,5768.477926014579
1205,5363.503903133903
1206,9383.779009828877
1207,7538.207521932694
1208,6345.44077628538
1209,7218.58470280792
1210,7153.868171428571
1211,10735.53846491228
1212,5525.804391896934
1213,6601.2748675726925
1214,7673.941723263083
1215,9040.955723084106
1216,13716.628666666667
1217,6206.121454503278
1218,15495.571014492754
1219,8447.318604651164
1220,5716.6955117710195
1221,3291.720003575579
1222,6359.786583333334
1223,7455.442195121951
1224,5946.1405818478415
1225,6936.719012496761
1226,7178.650788378067
1227,4301.102020202021
1228,7292.858112779537
1229,3832.9291356307094
1230,8624.830799526317
1231,7262.044275389715
1232,8930.411821377016
1233,8383.881849121617
1234,4931.726203139785
1235,9601.109298299836
1236,7208.418390868722
1237,5722.607567433362
1238,6876.6762638608925
1239,7073.4710723622775
1240,11120.332363507194
1241,6483.437508810259
1242,5271.984987768441
1243,8539.787066666666
1244,8553.284347804025
1245,6927.668476139645
1246,6820.980617509098
1247,9036.580148771704
1248,5420.072023546046
1249,5507.91
1250,6907.468286367054
1251,7907.955305483978
1252,6058.677754745198
1253,6171.1717234370335
1254,6148.500946442926
1255,5051.127505584847
1256,3947.2898449256586
1257,5316.096956521738
1258,10255.135317460317
1259,8471.953844994527
1260,11096.500738691258
1261,11852.660226190477
1262,8034.296304347826
1263,6486.338102453103
1264,5018.47523856855
1265,10098.515108187134
1266,9875.587358641358
1267,8776.785745192308
1268,8787.479078525641
1269,7985.612102431883
1270,6111.719764705882
1271,4015.2981111111108
1272,12485.128253968252
1273,5533.829375209051
1274,6246.352619047619
1275,7486.690980392156
1276,3474.37
1277,11788.429095238096
1278,5491.659375209052
1279,5275.229375209052
1280,4759.811976190477
1281,6275.292246504424
1282,6657.605666666667
1283,9980.3
1284,6364.843846153846
1285,4805.858512820512
1286,6365.484045801526
1287,4993.134285714285
1288,3434.2575
1289,7096.010454545454
1290,17809.04
1291,5397.681395348836
1292,5221.008300735177
1293,7272.23782051282
1294,5291.491614173228
1295,5822.004285714286
1296,4584.948748065625
1297,4310.315614173229
1298,8308.356666666667
1299,6850.459169782796
1300,4982.381614173228
1301,8705.260740740741
1302,6639.148968253968
1303,4817.197858585859
1304,8330.250740740741
1305,8736.42125
1306,10200.048
1307,6356.628968253968
1308,7197.221267605633
1309,4853.728749999999
1310,5005.008030893908
1311,16389.325238095236
1312,6492.130094746722
1313,6100.286761413389
1314,5928.278273809523
1315,4833.844445599446
1316,6125.456666666668
1317,4322.877231430325
1318,9628.63744013394
1319,5381.695573770492
1320,6729.831111111112
1321,7157.324149038621
1322,5003.735
1323,6604.703282674772
1324,7517.828529411765
1325,9717.434000000001
1326,7175.239090909091
1327,4005.8720408163267
1328,6399.116666666668
1329,6978.055841012005
1330,9772.734863013698
1331,8569.308336219337
1332,6978.055841012005
1333,5608.739208435957
1334,7001.466507678671
1335,6515.900406649345
1336,4475.663333333333
1337,7461.572524739566
1338,7200.774481296481
1339,6703.587334780791
1340,6384.052094279956
1341,6802.9215952380955
1342,10635.312129629629
1343,5745.668251378718
1344,6277.320363306546
1345,7887.28210130719
1346,6485.022573431329
1347,11674.862690476191
1348,7638.808653846154
1349,5052.5107499999995
1350,11742.315896997932
1351,6062.340857142856
1352,3807.8251469860547
1353,8801.844149350649
1354,15681.616666666667
1355,10573.488965517241
1356,5882.943918918918
1357,5708.769916666667
1358,7128.855555555555
1359,7623.389251769465
1360,5701.742489860658
1361,8695.81532858423
1362,3571.4575
1363,6650.1083270137615
1364,6658.374224103908
1365,6206.057931034484
1366,5340.950625
1367,7417.746325340647
1368,9534.114722222223
1369,5064.67125
1370,9328.704722222223
1371,6958.727477961768
1372,9046.65601842321
1373,6005.348474576271
1374,8153.42177716991
1375,6613.40678362573
1376,7824.079353463645
1377,8909.961581818643
1378,3921.7974254612236
1379,7925.77
1380,10028.707389304745
1381,7318.230186211335
1382,4560.409232345633
1383,3682.93
1384,8350.143880378919
1385,6910.760417888219
1386,8376.031807822834
1387,6810.490313090779
1388,5723.098712401187
1389,8206.437469806904
1390,6998.128828579222
1391,6704.942504154849
1392,9034.15
1393,5799.716433265126
1394,8577.9625
1395,10546.10469047619
1396,8140.284351503759
1397,4876.56
1398,7618.828101503759
1399,5519.857147058824
1400,0.0
1401,8427.180632988277
1402,7028.467823899372
1403,8958.148759740261
1404,6354.419490566037
1405,9035.617859613658
1406,7974.173563239942
1407,12379.32647619048
1408,4816.19224972986
1409,6572.841957827943
1410,6189.815423150851
1411,8695.284700650118
1412,7298.617472300618
1413,7585.088033613446
1414,7711.561627525253
1415,10725.266292120512
1416,7233.282274869558
1417,6849.538121356682
1418,5509.9645831465905
1419,4855.750160553849
1420,4636.924955212502
1421,10360.936305322128
1422,10049.66813767803
1423,6826.66
1424,15192.2
1425,6317.833035482646
1426,7194.8752646103885
1427,6398.622129191564
1428,8101.491422681637
1429,8678.317386429659
1430,6904.604275152037
1431,7992.415606851057
1432,8121.693973941483
1433,8742.880756206758
1434,6716.98337697806
1435,5634.383713451297
1436,5753.115112990973
1437,6444.839538350912
1438,4350.947440981241
1439,5492.312802548581
1440,8586.647592280196
1441,16330.36
1442,6888.1835
1443,5173.01
1444,7638.897938889222
1445,4285.05
1446,6104.813333333333
1447,4025.265833333333
1448,9398.970917249417
1449,6197.193333333333
1450,6434.696997002998
1451,13518.906666666666
1452,11031.67
1453,6770.745222222222
1454,7909.64628422874
1455,3684.305
1456,6191.279281487839
1457,5796.920388888891
1458,4920.714285714286
1459,4691.823934094056
1460,3952.884285714286
1461,6593.042320904602
1462,5799.33
1463,8883.736617922597
1464,6370.012054112554
1465,3354.608333333333
1466,6961.486380952381
1467,7838.847567229519
1468,8097.96326923077
1469,5290.271422082459
1470,4661.708088749127
1471,7932.449323449566
1472,5857.097105691056
1473,9315.066370574892
1474,4366.845125786163
1475,4903.0002091194965
1476,7031.233336419065
1477,5860.62391025641
1478,3813.8610714285714
1479,6726.223333333333
1480,8864.09
1481,9502.571739130435
1482,10192.31909090909
1483,5536.008547619048
1484,4204.336363636364
1485,5879.048000000001
1486,9223.6
1487,4706.853736766157
1488,6685.96
1489,6479.699085786198
1490,14151.728288079388
1491,8744.48811779844
1492,6486.598800461716
1493,8118.6
1494,5137.73
1495,8402.7318317966
1496,6934.09
1497,13790.46
1498,6074.228190476191
1499,5623.171125028481
1500,5122.891231739665
1501,4241.814378995187
1502,8141.152396825396
1503,11073.330750915753
1504,5017.840437904029
1505,4779.163734713343
1506,9922.306406349206
1507,6675.316814532794
1508,7368.616471633011
1509,7914.347033147512
1510,5982.334444444445
1511,8655.154512820513
1512,4997.69
1513,9402.71
1514,5903.706952380952
1515,7448.657651982005
1516,8025.348541666667
1517,5101.164587301588
1518,8305.171875
1519,5783.351439692982
1520,3755.2538878968257
1521,8999.82213930229
1522,8830.426250920786
1523,4922.064118298369
1524,6976.604276334776
1525,6949.230971681096
1526,4702.487222222221
1527,9141.151266414141
1528,6000.973759615384
1529,8882.245520292588
1530,4792.130416666667
1531,5227.479740008784
1532,7395.167638947683
1533,0.0
1534,7738.503351592289
1535,4993.815634920635
1536,6078.28738097584
1537,4628.9944779783555
1538,9220.095833333333
1539,6260.519298197065
1540,7369.685576223378
1541,7030.172072447257
1542,7547.525216802706
1543,6933.009158008657
1544,7609.213753703245
1545,7983.089007936509
1546,9515.02734848485
1547,9242.840635083128
1548,6891.378704517802
1549,3424.6269047619053
1550,6658.191833333333
1551,7479.700268565632
1552,6239.8688
1553,6221.456607142857
1554,5887.916607142857
1555,6517.434497354498
1556,11109.95596153846
1557,6583.3380006531215
1558,4530.425090434358
1559,13122.38820535141
1560,10355.86005887463
1561,5715.713333333332
1562,9609.847840686587
1563,9707.6
1564,8945.532083333332
1565,5715.138701706081
1566,6951.578921460426
1567,6515.5843328672745
1568,6452.594867902138
1569,7108.6847532936
1570,5673.9809615825625
1571,6551.9903269156475
1572,7474.799590975562
1573,7214.887262645523
1574,8198.020818875973
1575,6222.064882500535
1576,7188.389061728448
1577,4266.756337275036
1578,7838.622232134549
1579,7524.6573463070135
1580,6068.823808230119
1581,7093.4326911231465
1582,7100.790896341733
1583,9484.241367796209
1584,5799.341946457955
1585,5838.957701995798
1586,6562.039816111992
1587,7345.948436565639
1588,7414.2835155097955
1589,4884.609626554632
1590,4509.42951049007
1591,8989.400954356443
1592,6629.99
1593,6128.023587448265
1594,7950.151298858513
1595,7895.519831180214
1596,7797.144517055047
1597,5245.116599484027
1598,3935.166585776573
1599,7152.068308560481
1600,6572.650057747628
1601,6789.19605475466
1602,10852.468025109398
1603,9547.119014341555
1604,4775.510816578424
1605,8905.781752183762
1606,4243.538230350559
1607,3404.735835067169
1608,7452.429049193414
1609,14780.985064102564
1610,7867.913935739544
1611,6933.461525932432
1612,5699.200283373938
1613,7370.91226760039
1614,9501.748544517699
1615,6396.413459618597
1616,7678.146613124697
1617,6420.235460423645
1618,4748.499239003964
1619,5612.57102177117
1620,5499.446086999424
1621,5952.96656268498
1622,4906.830862799436
1623,5031.135692887054
1624,4300.085716249217
1625,7517.989591429605
1626,7250.06748793115
1627,6380.8813759048735
1628,6157.066500685314
1629,7217.424066078942
1630,6081.548216275181
1631,6138.274857142857
1632,8724.902548980515
1633,8682.002823115618
1634,8351.11449673864
1635,4382.971050505051
1636,13968.916061930124
1637,6261.097468586239
1638,5900.535124999999
1639,11519.216791666668
1640,9100.026792207793
1641,7819.795074172707
1642,5770.1635059523815
1643,7297.2375
1644,9795.3885
1645,15451.24252664278
1646,5332.6994642857135
1647,5168.086666666666
1648,4972.801916666666
1649,7099.077642160203
1650,7560.905666666667
1651,8097.943783151134
1652,8704.127089826841
1653,7191.478928571429
1654,4185.8575
1655,6606.277619047619
1656,8133.907760693141
1657,4916.205
1658,6875.540211621405
1659,4610.81
1660,7538.7571457428385
1661,8227.198571428571
1662,7819.484768723767
1663,10881.829166666665
1664,6635.525293544576
1665,5677.729889032881
1666,6313.13988903288
1667,7472.08864470161
1668,8506.044
1669,7456.077065129602
1670,7009.1608048337475
1671,6528.9
1672,4477.930986291413
1673,9674.38354832452
1674,5047.2
1675,10200.649166666668
1676,5723.563333333333
1677,4942.263333333333
1678,7227.458333333332
1679,6197.930606060606
1680,7762.983247323522
1681,7819.079926004102
1682,3901.55
1683,4818.1775
1684,8119.38
1685,9449.278588235295
1686,10227.172642857144
1687,5766.04
1688,6089.0348415186345
1689,6944.090714285715
1690,6294.94
1691,5565.581587301587
1692,9310.763264411027
1693,8921.39
1694,12525.11
1695,5160.6
1696,5807.45
1697,0.0
1698,7955.35
1699,5639.45
1700,10512.55
1701,7585.64
1702,5258.92
1703,6257.86
1704,4953.71
1705,5407.1
1706,7121.69
1707,5865.79
1708,5083.5
1709,9018.35
1710,6970.62
1711,19558.99
1712,6586.76
1713,5038.977297297297
1714,8771.72
1715,11399.25
1716,6973.065
1717,7696.43
1718,6334.24
1719,8674.89
1720,8821.03
1721,6355.517297297297
1722,6225.1
1723,6968.13325
1724,9390.16
1725,8001.14
1726,7121.397297297297
1727,6767.536999999999
1728,5835.19
1729,6595.227297297297
1730,10329.91
1731,11050.932987012986
1732,12083.98
1733,8533.582
1734,6350.92
1735,6459.463333333332
1736,5442.85
1737,8727.86
1738,10854.795
1739,8985.53
1740,7075.35262987013
1741,5670.65
1742,5942.48
1743,9289.465
1744,10959.2
1745,7681.133734265733
1746,5318.440903900021
1747,6229.812857142857
1748,8220.99
1749,4233.85
1750,8273.774444444445
1751,4757.025903900022
1752,6570.19
1753,7023.614444444445
1754,6025.95
1755,7843.594444444445
1756,7149.85
1757,5555.23
1758,7797.14
1759,7430.84
1760,11379.07
1761,6276.674383838384
1762,9036.52
1763,7823.33
1764,9814.703333333333
1765,6838.081547619047
1766,11204.65
1767,6246.62
1768,5588.95
1769,7169.34
1770,6547.569523809524
1771,8216.292944444445
1772,7790.29853968254
1773,6464.01
1774,7403.028576479077
1775,6652.39
1776,11458.41
1777,4495.91
1778,14002.09
1779,6047.05
1780,6869.24
1781,9570.78
1782,6773.432121933622
1783,6502.683371933622
1784,7284.475416666667
1785,7729.483777777778
1786,5922.055268907563
1787,6111.378968253969
1788,7361.398576479077
1789,7771.462491129786
1790,8806.41
1791,5430.61
1792,7688.63
1793,7513.614633986929
1794,7165.6
1795,5230.13
1796,6844.4833006535955
1797,6040.83
1798,6717.1280374957005
1799,8185.13756293105
1800,4562.01
1801,8340.308965682472
1802,6959.17
1803,7463.881838383839
1804,8228.198333333334
1805,5418.66
1806,6403.566035353536
1807,6336.9543992177405
1808,8466.820299015806
1809,11816.0
1810,5560.531432073775
1811,4865.524215956558
1812,8182.292299015806
1813,6185.267065884408
1814,8322.158333333333
1815,10175.59
1816,7814.19
1817,8550.240285714284
1818,6697.585384615385
1819,4709.81
1820,8046.134193362192
1821,9188.916
1822,10478.69
1823,8432.130632349139
1824,8254.660330990904
1825,7895.68736002886
1826,8560.117884615385
1827,6691.38
1828,9396.998
1829,9744.477137737742
1830,8338.890938976228
1831,11860.49
1832,8370.563769605873
1833,7295.178280246069
1834,7064.126325086026
1835,7340.23
1836,8254.19531941686
1837,7670.131666666667
1838,4731.2
1839,6109.628571428571
1840,8825.925
1841,7279.758280246069
1842,5760.062
1843,10697.636666666665
1844,7240.56
1845,6318.54
1846,6872.009444444445
1847,5892.99
1848,8895.910833333333
1849,8047.500638888888
1850,8865.77
1851,6489.5152862914865
1852,6179.86
1853,6894.657387301589
1854,4528.31
1855,7669.227500000001
1856,6008.279603174604
1857,8629.156555555555
1858,8550.98
1859,6590.5666666666675
1860,6539.728205483407
1861,6519.375
1862,5957.492110245311
1863,11764.02
1864,7070.600571428572
1865,8465.748945959596
1866,8634.18
1867,5361.186428571428
1868,6798.701320959596
1869,6120.67
1870,8446.046666666667
1871,13449.85
1872,7438.49
1873,4283.193333333334
1874,5239.98
1875,9752.219084848486
1876,9363.436666666666
1877,9074.285464480874
1878,8644.42813114754
1879,5933.795881147541
1880,6184.23
1881,3575.37
1882,5833.53
1883,6594.026601112631
1884,7607.570656793877
1885,8192.586
1886,7145.88290909091
1887,7795.262454190924
1888,9163.10076228961
1889,8265.045220622944
1890,6332.657943584194
1891,10555.576000000001
1892,11394.398633116884
1893,7718.467083333334
1894,9206.040416666667
1895,5522.933964646464
1896,6793.372973631191
1897,5090.629193981306
1898,9952.61875
1899,6106.199552955663
1900,10538.18
1901,7494.948036729945
1902,8465.025640297858
1903,9630.42
1904,6258.552963530182
1905,9075.244048634708
1906,20166.21
1907,10551.454630196846
1908,6979.87
1909,3937.8591200632795
1910,6500.344511149229
1911,11083.23
1912,6138.919859615569
1913,12562.96
1914,18605.24
1915,4113.38
1916,6163.466495871969
1917,7895.242262920422
1918,6043.494624800636
1919,11371.09
1920,8290.816665527454
1921,8299.774
1922,3555.36
1923,7317.272401809311
1924,6614.259955593672
1925,8188.704000000001
1926,7182.949955593673
1927,6284.875788927007
1928,6066.802872260339
1929,7485.012075702075
1930,6762.924461333121
1931,5571.549417068312
1932,7634.484346253755
1933,6886.914461333121
1934,6890.602377999787
1935,8727.940083589976
1936,7254.698966590647
1937,6402.285456232759
1938,8661.51672019422
1939,8641.796720194221
1940,8831.322389052715
1941,6955.533400038117
1942,8744.02
1943,6243.81
1944,4695.759400038118
1945,13825.501564350063
1946,10267.716352579351
1947,6256.052011149228
1948,5474.057334518422
1949,11119.013466659071
1950,7811.26712948222
1951,10166.26
1952,8215.15
1953,7042.748394195176
1954,6044.977785966198
1955,4768.53
1956,9981.397995650184
1957,9076.509131594883
1958,8742.21
1959,16733.03
1960,7513.078810461027
1961,7196.74
1962,5331.993353206606
1963,5410.426012406113
1964,7488.963471712743
1965,4565.35
1966,6297.743833333334
1967,11331.335
1968,5729.038333914697
1969,17952.29
1970,17146.15
1971,5124.76165642552
1972,7846.041166666666
1973,7004.788411764706
1974,7224.599047619047
1975,6360.37
1976,5859.697844247133
1977,7565.267483955977
1978,10736.755833333335
1979,5569.04
1980,7810.399190476189
1981,5461.9018757676495
1982,9883.38
1983,7126.1878986638885
1984,7092.96
1985,6614.306320212092
1986,5622.88
1987,7943.093489802737
1988,9914.992499999998
1989,6447.680127609376
1990,11272.0
1991,6145.912069167816
1992,9822.082977238695
1993,6293.41
1994,7617.204707578806
1995,6453.811574962675
1996,11560.821462082355
1997,6987.638852070126
1998,6986.485027393051
1999,7466.512493484266
2000,8918.444169674915
2001,5638.021405531649
2002,10327.36
2003,8101.44
2004,4637.931412698413
2005,15079.53
2006,17921.65
2007,7975.600008658008
2008,7386.413063714461
2009,9717.507333333335
2010,11972.36
2011,12263.636666666665
2012,6973.27
2013,8554.566666666666
2014,6320.411596267163
2015,8640.302008658009
2016,4717.143333333333
2017,7227.378650406504
2018,6370.755410551084
2019,6091.64125
2020,8314.9125
2021,6128.242317073171
2022,6029.9766666666665
2023,6656.652840746114
2024,4525.35
2025,5192.55141025641
2026,6887.215721698495
2027,6622.413095238095
2028,8660.550974813323
2029,8637.812641479988
2030,8791.823428184282
2031,6083.363017551672
2032,6089.622303265957
2033,12029.232650406506
2034,9409.772650406503
2035,5983.97
2036,6706.644200638701
2037,7435.866816187482
2038,5021.250650406504
2039,7186.3326596755
2040,4501.026637152025
2041,5990.64
2042,9327.218832224688
2043,5920.390465093978
2044,7807.01780381869
2045,8564.857348365542
2046,8572.065792809986
2047,12787.35
2048,7262.700650406503
2049,10516.94
2050,3386.68
2051,5614.007433484782
2052,6160.462572373672
2053,5317.043333333334
2054,8739.8325
2055,6004.360793650794
2056,5688.952650406503
2057,9669.878983739836
2058,12703.959624765477
2059,7961.213523809524
2060,5899.716190476191
2061,6504.575650406503
2062,10013.977317073171
2063,7784.64264587145
2064,7305.123983739838
2065,7029.035990455474
2066,7494.8754285714285
2067,11549.26
2068,5004.906979873464
2069,6779.45
2070,7620.721864253857
2071,9614.78620596206
2072,15420.194722222222
2073,5767.397696566955
2074,16302.944722222222
2075,7580.04132900835
2076,5843.962249827071
2077,4020.46
2078,7308.12
2079,6895.210329008351
2080,6071.804626450446
2081,6740.889722222222
2082,7386.635691426595
2083,4908.15
2084,7648.057215717121
2085,4094.7172222222225
2086,9089.447142857143
2087,7877.656572859978
2088,10058.265
2089,8797.235989999113
2090,5706.862197247707
2091,10230.199293255131
2092,6943.4
2093,5616.454609855931
2094,7332.967746007677
2095,7418.334959921798
2096,12016.67
2097,6675.037460505282
2098,5542.67
2099,9055.11
2100,8714.428533991906
2101,8160.0993792300005
2102,7141.79
2103,9403.054186974938
2104,6090.76
2105,5662.02
2106,6568.335793838615
2107,8518.15552917884
2108,7201.055018365769
2109,7161.2127357570735
2110,7660.52336317972
2111,6014.331757575757
2112,4819.044975073313
2113,5380.5605000000005
2114,9766.820907003445
2115,9748.601293255133
2116,10938.096666666668
2117,12402.209122807015
2118,8874.8875
2119,6530.099333333334
2120,5636.719333333333
2121,10480.5625
2122,10714.211242138366
2123,6396.766
2124,9739.63
2125,10255.197075471699
2126,6472.02
2127,4767.14
2128,12232.61
2129,6333.174444444445
2130,7390.543333333334
2131,7898.93
2132,3908.44
2133,12516.072857142857
2134,6041.889920634921
2135,5932.33992063492
2136,4957.568499999999
2137,6131.418611111111
2138,7345.372214285715
2139,10549.53
2140,6185.64
2141,6030.254444444445
2142,6722.596
2143,4570.43
2144,3539.95
2145,7483.288666666667
2146,18070.89
2147,6289.02
2148,5525.545999999999
2149,7481.492214285715
2150,5844.55
2151,6386.585
2152,4933.056
2153,5240.1
2154,8108.045999999999
2155,6941.920444444444
2156,5327.84
2157,8904.601
2158,7601.09
2159,5329.8075
2160,9361.336
2161,9094.16
2162,10429.19
2163,7163.18
2164,8997.61
2165,5630.966111111111
2166,5544.520555555555
2167,15659.56
2168,6989.890555555555
2169,6441.160555555555
2170,6416.52
2171,4740.304444444444
2172,6539.79
2173,4825.21
2174,11002.52
2175,5753.21
2176,5791.81742635659
2177,7282.570585086747
2178,5512.829537467699
2179,7867.24
2180,8493.29
2181,7594.690581118495
2182,7275.383914451827
2183,5119.76
2184,6528.74
2185,7215.825973975636
2186,9862.456997785162
2187,9389.16
2188,7234.041616832779
2189,6198.26280620155
2190,7294.22161683278
2191,7143.487709973189
2192,4752.61
2193,8290.595356918348
2194,7649.753333333334
2195,7498.325615530143
2196,6597.508336612999
2197,7042.408333333334
2198,8284.515765642303
2199,6760.669442673605
2200,7251.8978164717
2201,8018.924895512434
2202,7734.181153629316
2203,10272.133153629316
2204,8661.254904761905
2205,5822.076680708182
2206,11806.715
2207,7287.747222222221
2208,4477.5
2209,9629.811128205129
2210,7386.047976190475
2211,12300.162666666665
2212,5887.440333333335
2213,6256.15
2214,7366.224970085472
2215,8209.019583983367
2216,7222.399283154123
2217,9407.540672043011
2218,4770.183300248139
2219,7184.969481566821
2220,7102.046578969417
2221,6751.78845176329
2222,5878.426185897435
2223,7943.714252129591
2224,9267.315118429957
2225,5638.475
2226,9746.121944444445
2227,7474.564156891496
2228,9302.624838709678
2229,8395.73330024814
2230,8406.0025
2231,6452.28
2232,8387.817528464368
2233,8989.886857142856
2234,4726.126666666667
2235,8175.13
2236,8212.67330024814
2237,7846.139481566821
2238,5165.090533333333
2239,4523.85
2240,8652.189485714285
2241,8163.836666666666
2242,8686.197485714285
2243,7741.910533333332
2244,6881.42625
2245,8143.7388666666675
2246,8591.8
2247,8603.877199999999
2248,8816.73
2249,6465.2314705882345
2250,9201.42
2251,11560.8025
2252,8963.59
2253,5619.43
2254,10413.0825
2255,5740.43
2256,0.0
2257,10055.544285714286
2258,10020.6225
2259,9808.435
2260,8585.061944444446
2261,9250.491944444446
2262,8064.639681818181
2263,12090.0025
2264,5087.403684210526
2265,5902.1904444444435
2266,6670.273684210526
2267,9839.629023809524
2268,7980.66
2269,7873.654666666666
2270,7677.046666666667
2271,10757.730833333335
2272,7882.645
2273,7122.609142857143
2274,5968.866666666668
2275,5344.84
2276,5284.996
2277,11653.443333333333
2278,11556.346666666665
2279,8045.18
2280,15178.3
2281,7211.324555555557
2282,8060.05
2283,6763.185666666666
2284,8622.630303030302
2285,8836.830303030303
2286,6807.7814285714285
2287,9042.153636363637
2288,8418.983636363637
2289,8675.158666666666
2290,7107.437777777777
2291,6281.046666666667
2292,7011.91375
2293,6356.116666666668
2294,4746.143478260869
2295,6666.761428571428
2296,9068.61
2297,17448.91
2298,7506.65
2299,5734.43
2300,8510.525845067215
2301,4414.03
2302,6250.59
2303,4042.74
2304,9660.454
2305,6351.65
2306,7472.206
2307,14754.874
2308,11722.45
2309,7549.81
2310,7286.458916870569
2311,4079.63
2312,6016.892104460759
2313,5877.580666666667
2314,6213.02
2315,6006.65
2316,4161.79
2317,7195.071630434784
2318,6052.37
2319,9982.022857142856
2320,7549.996744186047
2321,3472.574
2322,7456.566744186047
2323,8887.365
2324,8670.52
2325,6368.89
2326,5505.47
2327,9089.99654613309
2328,5266.1
2329,9514.2193965958
2330,5167.86
2331,5399.99
2332,7026.864617286142
2333,6010.641111111111
2334,4819.556111111111
2335,6142.1611111111115
2336,6636.611111111111
2337,11022.18
2338,11105.29
2339,6119.647855297157
2340,4924.9
2341,6151.93
2342,10083.81
2343,5592.266190476191
2344,7213.283021390374
2345,6925.324165817433
2346,11166.151053319305
2347,8698.525849217853
2348,6755.723469294442
2349,8504.9
2350,4847.98
2351,9771.659096585041
2352,6933.750584415584
2353,15766.91
2354,6803.573021390374
2355,5915.879986425341
2356,5938.36
2357,5168.582482824832
2358,8763.98
2359,11992.23923642534
2360,5084.11
2361,5336.96684714795
2362,12336.991761904761
2363,7272.53594047619
2364,8520.212535782355
2365,7903.059940476191
2366,7147.020180481283
2367,7086.336736425339
2368,5575.971076839827
2369,10680.47
2370,6589.23
2371,7698.83
2372,7635.920773809525
2373,4852.46
2374,7193.262202380953
2375,6178.354285714287
2376,4296.345285714287
2377,10126.940853746997
2378,10070.33748719421
2379,4721.89
2380,6666.605847069597
2381,6851.4958333333325
2382,5216.787692307693
2383,9091.775
2384,6152.745
2385,9561.417524676339
2386,5269.48
2387,5950.63125
2388,7602.29168836034
2389,0.0
2390,8477.956204127633
2391,5102.39
2392,7055.17
2393,5333.87
2394,8666.54125
2395,6682.723666666667
2396,7973.762674188617
2397,7669.58
2398,8135.48
2399,6820.473666666667
2400,8784.928873935318
2401,7443.262323129252
2402,9938.514418604651
2403,10107.889886204677
2404,7516.332647861325
2405,3283.93
2406,6452.662974101922
2407,8333.185346635402
2408,6857.852894736843
2409,8056.36
2410,6347.4157894736845
2411,7923.540158730158
2412,14272.695
2413,6916.454866763684
2414,5362.5
2415,12615.43
2416,10952.396333333332
2417,5770.31
2418,11266.952
2419,11054.165
2420,9105.815
2421,6010.838144257705
2422,7781.757365749682
2423,7363.576122904612
2424,6537.88516221488
2425,7481.308142857143
2426,5811.989917996722
2427,7179.838142857143
2428,7925.684630434782
2429,7568.571534442976
2430,8639.655041354323
2431,6534.488726190475
2432,7758.074193607125
2433,4925.6125
2434,7805.015443607125
2435,7904.384937030076
2436,6380.285666666667
2437,7803.749359523041
2438,7531.241999999999
2439,11005.800302577096
2440,6389.5725
2441,6310.933356679743
2442,7012.492441281343
2443,7564.526663503565
2444,7734.18125
2445,4804.7245
2446,4895.519703129906
2447,8567.856752717391
2448,6820.01
2449,6658.062598465968
2450,8603.665407731558
2451,8294.018344239495
2452,7837.484602694446
2453,6018.737889694041
2454,4414.38
2455,7730.784615384615
2456,7000.869338411989
2457,8336.605666666666
2458,11643.48
2459,10118.520469155845
2460,5211.41
2461,8949.286975108225
2462,4655.864342105263
2463,4053.96
2464,8161.17342815558
2465,13920.57
2466,8248.862762460034
2467,7939.81
2468,6887.906666666666
2469,8227.745
2470,10854.72
2471,7267.918380952381
2472,8792.498437313088
2473,6652.87
2474,4952.822272727273
2475,5876.922595238096
2476,5484.441
2477,6382.329444444445
2478,5439.292222222222
2479,5414.563925925926
2480,4895.055
2481,7761.004026607538
2482,9287.464285714284
2483,6611.821468253968
2484,6903.613333333333
2485,7292.634621933622
2486,6751.832678122691
2487,6558.97
2488,8174.318621933622
2489,9900.314677960927
2490,7399.241349206349
2491,4762.23
2492,16855.517976190476
2493,6859.383412698412
2494,6726.203412698412
2495,10106.035634920634
2496,9272.686
2497,8514.381414565827
2498,6367.329444444445
2499,8465.74
2500,10857.69
2501,15219.468666666668
2502,6151.38
2503,6513.0
2504,6105.671333333333
2505,7168.610408536584
2506,6536.02
2507,8033.017191916604
2508,10306.67
2509,7774.23
2510,4897.27
2511,7587.19
2512,8234.667604615017
2513,5584.456
2514,7666.024666666667
2515,4519.13
2516,7956.414666666667
2517,8791.18
2518,7818.721943387357
2519,11570.52
2520,7342.103262878322
2521,6065.912222222222
2522,6593.992222222222
2523,9095.11748844901
2524,8975.45
2525,7760.135965049994
2526,7652.762222222223
2527,7225.97
2528,4757.1195
2529,9851.043253968255
2530,5364.65
2531,11646.28
2532,5657.952222222222
2533,4989.602222222223
2534,7718.477142857143
2535,7148.011111111111
2536,8364.825595238095
2537,8250.894595238095
2538,4207.2
2539,4800.073333333333
2540,8605.59
2541,11186.854866522366
2542,11154.215741813741
2543,6031.21
2544,7643.070090909092
2545,7903.003833333333
2546,7140.59
2547,6275.740015151516
2548,10527.86
2549,9455.6
2550,12725.19
2551,7943.93
2552,6334.55
2553,0.0
2554,9060.33
2555,6692.720083333333
2556,10951.98
2557,8187.627960526315
2558,6160.72
2559,6620.14
2560,5483.88
2561,5819.75
2562,8208.766627192983
2563,6506.48
2564,5872.378571428571
2565,9721.66
2566,7098.31
2567,20939.08
2568,6958.74
2569,5100.25
2570,9698.15
2571,12067.7
2572,8029.901875
2573,9240.71
2574,7446.0615384615385
2575,9572.3
2576,10398.5
2577,7609.12
2578,7499.737272727273
2579,8626.795
2580,10493.61
2581,9126.45
2582,9959.74
2583,8766.95
2584,6248.65
2585,8161.38
2586,12895.87
2587,13248.98
2588,13542.42
2589,11670.89
2590,6852.64
2591,7334.04
2592,6240.08
2593,10408.22
2594,14366.64
2595,10865.38
2596,8903.69
2597,7521.58
2598,5441.59
2599,8447.945
2600,13278.03
2601,9086.93
2602,6616.3
2603,8760.3904
2604,8755.48
2605,4900.18
2606,10322.825
2607,5615.12
2608,8929.82
2609,9703.515555555556
2610,7152.5
2611,8961.118055555555
2612,10147.76
2613,5929.53
2614,9158.127760157273
2615,9011.94
2616,13904.416666666664
2617,7721.305379204892
2618,11545.68
2619,8244.07
2620,11360.44
2621,9322.03
2622,13877.408379204893
2623,8174.668826519916
2624,6199.82
2625,8519.327578153903
2626,7563.427166666666
2627,12733.329166666665
2628,11138.263333333332
2629,8139.714361242139
2630,9662.277965077592
2631,8451.37668056987
2632,12514.511909736539
2633,5228.914941390426
2634,18070.26
2635,6755.111359227949
2636,8951.799719105109
2637,11144.487137220074
2638,8509.4004
2639,9089.1304
2640,8376.802069966483
2641,10919.373333333333
2642,7307.102777777777
2643,7439.95
2644,10114.65123287762
2645,8831.947777777777
2646,11416.887612293152
2647,6996.1
2648,9479.36766067678
2649,13534.22
2650,7940.84
2651,5746.22
2652,8964.028916666668
2653,6990.15098750301
2654,8816.271666666667
2655,8936.103333333334
2656,5262.738715585615
2657,11838.911464285715
2658,8262.73
2659,9787.278525974025
2660,9994.61
2661,5009.497440476191
2662,8157.023828469021
2663,8291.588471326164
2664,10603.372768398267
2665,12532.667526881723
2666,6345.540400000001
2667,6521.375400000001
2668,9154.872601731602
2669,7302.707807081807
2670,10359.746
2671,11526.674785714287
2672,9137.209584595961
2673,9329.6
2674,7832.1033333333335
2675,5992.043516816517
2676,9976.516857174987
2677,10084.84
2678,10540.653183534276
2679,10910.505094155844
2680,11262.194806561858
2681,9009.917997590128
2682,11295.418327124631
2683,8452.917081375359
2684,10914.864957702282
2685,12588.607833333335
2686,10024.67932004545
2687,13746.99
2688,9409.988440781442
2689,11627.259365721997
2690,7895.345634920635
2691,9088.91
2692,11237.738182539686
2693,9595.025127235083
2694,5789.9604
2695,6972.94
2696,11805.444875000001
2697,8726.468893267653
2698,6493.378666666667
2699,12729.014666666666
2700,8651.209333333334
2701,7724.043333333332
2702,7488.5904
2703,7978.266333333333
2704,10320.86
2705,8952.799769230769
2706,10585.105333333333
2707,7157.50407936508
2708,7887.39
2709,8459.16218785683
2710,5544.72
2711,8689.43
2712,6905.252750000001
2713,10659.142
2714,9926.14153846154
2715,7622.248205128205
2716,9371.096993412386
2717,7503.688205128205
2718,6527.041515151516
2719,14109.95
2720,7973.797066666668
2721,11349.597916666668
2722,9409.734250000001
2723,6463.5065942029
2724,7790.152336538462
2725,7569.414978354978
2726,9652.87
2727,17218.066666666666
2728,7919.22
2729,4064.0
2730,5875.6
2731,11326.040592800387
2732,12189.294142857143
2733,9984.63388888889
2734,10746.693333333335
2735,5996.05
2736,6683.58
2737,4414.458106796116
2738,6384.800940129451
2739,7762.972374546417
2740,9509.902802782866
2741,9822.176595959596
2742,9322.433062002834
2743,9778.65375866522
2744,10725.19274565304
2745,9750.98090590945
2746,6895.27256302521
2747,12314.860918109669
2748,17675.155
2749,9401.050156491656
2750,10478.306666666665
2751,7162.763986185384
2752,8837.075379042526
2753,7002.0872296747975
2754,11072.02784331116
2755,8183.174314637627
2756,11080.03
2757,8744.68249333836
2758,10961.345
2759,10249.83
2760,6501.488333333334
2761,12453.462634920634
2762,22372.07
2763,15151.875
2764,9024.5
2765,4538.476472222223
2766,7808.645666666667
2767,13359.22
2768,7337.766346277303
2769,12514.28
2770,19407.6
2771,4253.0
2772,7740.315404349178
2773,10422.248728487884
2774,7347.088216666441
2775,13715.13
2776,10323.953505331958
2777,10909.19
2778,4024.77
2779,10648.107653324487
2780,10104.0175
2781,9400.864285714286
2782,15787.25
2783,7647.888483189428
2784,7100.661816522762
2785,9444.606045014498
2786,8392.416700311982
2787,6498.87733797516
2788,9968.363790352492
2789,8696.24683667562
2790,8633.54483667562
2791,10921.89442710463
2792,8106.779820886922
2793,7720.010359588811
2794,9751.77251723672
2795,10367.109981522435
2796,11398.1293666112
2797,9523.820544143096
2798,9203.550952380952
2799,7045.617142857143
2800,4906.195877476429
2801,11229.144123238206
2802,9139.897963817915
2803,8239.973268859649
2804,6359.680489458941
2805,12268.813934837091
2806,10845.09103327787
2807,12786.34
2808,8349.86
2809,8306.863009468345
2810,7472.200879281537
2811,5225.1
2812,14409.627118819775
2813,7579.489617071525
2814,9480.41
2815,18501.5
2816,9119.172875367427
2817,7837.81
2818,6397.867798889707
2819,5890.028830940989
2820,9152.087030075189
2821,5218.56
2822,7145.56
2823,12768.041428571427
2824,6740.837021851102
2825,19527.34
2826,17840.44714285714
2827,5887.070131898949
2828,9276.39
2829,7017.506666666666
2830,8435.907232142858
2831,7102.5347619047625
2832,9336.985355184435
2833,10104.725633842967
2834,12745.097000000002
2835,7324.577515527951
2836,8918.877579365078
2837,6019.248249425852
2838,11563.387515527951
2839,9160.142141779474
2840,8250.637515527951
2841,7753.255616713535
2842,6079.89
2843,10589.848968084387
2844,11555.234166666665
2845,7139.441613883033
2846,14499.02
2847,7908.781549780469
2848,11428.262169987747
2849,6552.8225
2850,8203.869427655676
2851,8019.777226403297
2852,14251.603484339805
2853,8445.331416611765
2854,10041.18938598901
2855,9208.870083278433
2856,11435.563958045004
2857,6796.077310609108
2858,9300.563333333332
2859,8392.92
2860,6012.643809523809
2861,18728.79142857143
2862,20862.02
2863,11193.931726190476
2864,9908.324235075448
2865,13102.481309523811
2866,14346.741428571428
2867,13571.3
2868,8782.701428571429
2869,11598.736428571427
2870,8198.10958265656
2871,10051.144936507937
2872,4865.86575
2873,8112.15515037594
2874,7267.864722429217
2875,7727.705749999999
2876,9359.959750000002
2877,6546.040833333333
2878,7662.088388888889
2879,8318.833614081275
2880,5795.454638888889
2881,6045.614333333334
2882,7391.723181180842
2883,9555.121
2884,12478.619802044175
2885,10769.240280454185
2886,9891.796999999999
2887,7464.317618375551
2888,7457.3020350422175
2889,14140.383666666667
2890,10634.7055
2891,7847.439510683761
2892,7037.6618617938975
2893,10673.82563226818
2894,5597.146
2895,8851.610425988474
2896,4642.891121892125
2897,7433.853833333333
2898,12612.75
2899,8651.153162698412
2900,7629.543100524604
2901,11002.010914709559
2902,10979.170914709559
2903,14018.60075
2904,7625.031976190476
2905,11867.04575
2906,4244.325083333333
2907,6744.887819849803
2908,7578.337069849804
2909,5952.948333333334
2910,9184.983632860867
2911,7403.57046033617
2912,6585.063416666667
2913,12526.528112044818
2914,14452.820583333334
2915,9920.694316025641
2916,7225.653573156683
2917,6910.66240909091
2918,11337.376107932876
2919,9684.243629587461
2920,8289.98245074224
2921,7545.336571895153
2922,9604.497093803418
2923,12240.806233870966
2924,6289.194864824444
2925,8920.240635057471
2926,10141.684663969745
2927,11342.902034439698
2928,16904.745
2929,7386.377586910167
2930,17057.16
2931,9032.545539819377
2932,6373.904803037442
2933,5101.526161373261
2934,8620.522301724139
2935,9052.792301724137
2936,7950.009632247704
2937,8556.76
2938,8358.794333490194
2939,6263.65
2940,9331.03699561973
2941,4814.29
2942,10406.298
2943,9896.127786134772
2944,10744.658000000001
2945,12103.368180655685
2946,7680.943939393939
2947,10889.568262597742
2948,8528.246666666668
2949,6253.167491581225
2950,7504.929978431613
2951,7200.966120366534
2952,14548.12
2953,8778.057601970835
2954,6408.181
2955,11055.449615384616
2956,12176.448616262456
2957,9571.82501959143
2958,9053.127115384616
2959,11092.73121322735
2960,6693.5
2961,6049.69
2962,8379.301054351787
2963,10072.712069214123
2964,8615.261479171486
2965,8482.188834510589
2966,9482.672489294044
2967,6767.706956384538
2968,5345.181087260677
2969,6689.351621212122
2970,10401.33310498099
2971,10527.530260876278
2972,12911.261999999999
2973,15132.715458333332
2974,10370.28
2975,7446.131521739131
2976,5605.408023809524
2977,12472.453783483328
2978,12912.37789459444
2979,10997.42818181818
2980,11512.696666666665
2981,10943.631395833334
2982,7224.98
2983,5219.11
2984,13084.815
2985,8631.686666666668
2986,9358.584047619048
2987,8775.02
2988,4543.392063492063
2989,15603.632243589745
2990,6967.734892339546
2991,6753.104892339546
2992,5249.204333333333
2993,7388.356225672879
2994,8207.521233709273
2995,13562.59
2996,7958.253285714287
2997,5963.94
2998,7698.980548484849
2999,5984.17
3000,4033.6
3001,9370.85212069766
3002,19588.51
3003,6700.24
3004,6614.643801282052
3005,9382.738571428572
3006,6334.74
3007,8028.153333333333
3008,6149.981134615385
3009,6091.72
3010,9765.739398475438
3011,8984.162694770946
3012,6070.36
3013,11742.27
3014,10525.03
3015,6218.51548076923
3016,11705.26
3017,12479.667
3018,11496.505
3019,8516.04
3020,9112.84
3021,5783.3086580086565
3022,6556.739063818565
3023,17854.863333333335
3024,9871.453753212505
3025,7521.498141324393
3026,8487.958571428571
3027,6054.378192606445
3028,7541.8569747899155
3029,5513.374
3030,11500.901481481484
3031,5977.8
3032,7191.235
3033,8946.570731732172
3034,6056.8018722943725
3035,8749.285
3036,8988.27
3037,11330.81114989648
3038,9401.25114989648
3039,6739.869000000001
3040,7443.0183333333325
3041,8576.570302439244
3042,12836.898095783927
3043,10533.739017857144
3044,8392.989084490524
3045,7116.397062682618
3046,8538.624469105911
3047,7558.479849060327
3048,5887.99
3049,9552.248910549191
3050,9998.846666666668
3051,9441.125390423118
3052,8425.444785714284
3053,8172.645277777778
3054,11502.460799924771
3055,7109.077476190475
3056,8483.463535840578
3057,8759.382162839633
3058,10857.612564490277
3059,12175.337952380953
3060,7920.710916444371
3061,7270.201238926616
3062,16033.427285714286
3063,8076.926111111111
3064,4188.8275
3065,9701.389557128638
3066,10321.41441308269
3067,12807.01795783943
3068,6538.263125942922
3069,8047.128111111112
3070,8430.6480590536
3071,9923.149227367487
3072,7561.168404761905
3073,12741.640793650793
3074,4271.498468335788
3075,9410.119286616164
3076,8822.044438973066
3077,7340.562635002455
3078,7842.165391113715
3079,8907.03183291246
3080,11801.859063573886
3081,6234.772738095238
3082,11197.161067786608
3083,10088.168125
3084,12368.489227272727
3085,6702.711930524761
3086,9946.184136557891
3087,7385.322571428572
3088,10027.567541635872
3089,11565.712085248178
3090,5553.3477027310055
3091,8135.7
3092,11636.159960599947
3093,10382.269401734364
3094,5703.604906955737
3095,4572.675
3096,10495.150847191426
3097,9741.822111832613
3098,10339.780847191427
3099,10055.8919129809
3100,7425.184232600733
3101,10150.739347191426
3102,10372.797428571428
3103,11499.361982456141
3104,10609.99
3105,8579.60901984127
3106,10365.82
3107,13901.43
3108,9215.490666666667
3109,6427.846666666666
3110,10174.9025
3111,6942.12
3112,0.0
3113,11334.664514652015
3114,8187.650500000001
3115,11675.510904761906
3116,7268.9205
3117,10463.471272727273
3118,10175.091738095238
3119,14098.566666666666
3120,6763.0525
3121,7394.335222222223
3122,8081.4353174603175
3123,10437.455115079367
3124,8755.59
3125,9113.947904761904
3126,8367.386666666665
3127,11943.466940476193
3128,8971.484817460318
3129,8661.426150793652
3130,6510.76
3131,6038.79
3132,5894.571666666668
3133,14894.943333333333
3134,13197.837111111112
3135,9223.52
3136,15931.42
3137,9103.803114793036
3138,8508.86
3139,8853.37094812637
3140,10639.824333333334
3141,12501.464333333333
3142,8911.754909485251
3143,11251.53875
3144,11115.865416666666
3145,9910.261767402068
3146,9155.371111111112
3147,8068.431647004956
3148,8864.455500368413
3149,7538.158244810745
3150,5594.3601551377715
3151,9065.782958389826
3152,11293.531666666666
3153,19285.25
3154,9578.9
3155,7079.04
3156,10126.909204951653
3157,5972.22
3158,7716.17
3159,4824.2075
3160,12159.142000000002
3161,7765.35
3162,8955.368214285714
3163,18760.43788888889
3164,11806.13
3165,9629.59705882353
3166,9726.753343984234
3167,4826.34
3168,7638.229093481902
3169,6812.466666666667
3170,8781.13
3171,6943.42028052503
3172,5260.89
3173,8356.226835306212
3174,7203.16
3175,12055.648660977518
3176,9631.664949494949
3177,3566.07
3178,9203.421616161615
3179,11452.58914102564
3180,10343.03825
3181,8338.494
3182,6121.365952380951
3183,10480.900840676575
3184,6747.803162393163
3185,12137.820113248576
3186,6254.005952380951
3187,7127.398619047619
3188,9083.009894699679
3189,7967.68311904762
3190,4644.305
3191,8940.35561904762
3192,9957.823952380952
3193,12569.161995726496
3194,14407.87
3195,7162.167535714286
3196,5028.05
3197,6644.74
3198,13561.04
3199,6074.6483333333335
3200,10042.796952380952
3201,8798.396084780075
3202,15957.925571747259
3203,10803.455524060295
3204,7929.141027008371
3205,9544.34
3206,6397.1
3207,11267.545601119933
3208,7485.0652272727275
3209,17364.7
3210,8300.110568542568
3211,7421.0102857142865
3212,7965.215833333333
3213,5869.88120631377
3214,9548.630500000001
3215,19117.093
3216,6325.301746031746
3217,5943.550862193361
3218,13891.297995878893
3219,8892.574666666667
3220,9335.961854137446
3221,10475.0325
3222,9008.850862193362
3223,9032.519261904763
3224,6023.807412698412
3225,11738.259444444446
3226,8098.168055555555
3227,8557.295992063491
3228,8950.091134920634
3229,7275.410444444445
3230,9275.034182539683
3231,7128.151904761905
3232,4301.8225
3233,10398.752757769404
3234,10463.976180846328
3235,5428.952920634922
3236,8837.104261904762
3237,8863.37084920635
3238,6610.281238095239
3239,11122.309256684492
3240,7898.401090017825
3241,11005.609365471952
3242,6163.442440476192
3243,6902.821904761905
3244,7902.102016298553
3245,0.0
3246,9732.664655383645
3247,6374.679380952381
3248,7788.3190476190475
3249,6399.680767857142
3250,9772.091469647456
3251,6943.340267857143
3252,8714.453516426112
3253,10224.643404761904
3254,10331.301904761905
3255,9454.232380952382
3256,10554.031562027232
3257,8293.818333333335
3258,12329.25
3259,12169.45565145244
3260,8821.1416047904
3261,3898.5975
3262,8240.481071428572
3263,9874.784029168897
3264,7190.016071428571
3265,12214.762980469968
3266,8372.099097379889
3267,9499.843308270678
3268,14707.35
3269,7313.133081175836
3270,7309.960859691034
3271,15155.214886731392
3272,13228.614280670787
3273,6520.433333333333
3274,11199.139713131315
3275,12288.47
3276,7882.431097379888
3277,7061.707090009511
3278,9510.082159142627
3279,8725.609935729044
3280,7564.994312792144
3281,9034.923923563465
3282,6900.340232297412
3283,7609.103533995863
3284,10290.901502083156
3285,10453.867144419897
3286,11876.798724305376
3287,7058.318160761043
3288,9384.856036893398
3289,4779.768970064725
3290,9083.31417878408
3291,9486.74835426386
3292,7637.644895352081
3293,8827.86528777313
3294,9683.546297589402
3295,12215.063665197038
3296,8067.285415704582
3297,7827.59812119334
3298,8197.273993432185
3299,8703.808151662843
3300,9174.595433905493
3301,5756.059081843806
3302,6263.572146154989
3303,9197.938547836278
3304,6711.11
3305,8425.127831849528
3306,10191.07196077965
3307,8555.185800717492
3308,9968.173881250388
3309,7257.518031486723
3310,5201.976746608668
3311,9580.904461115488
3312,8430.033119287811
3313,10002.638746986717
3314,13295.51507468911
3315,12286.871138306138
3316,6299.391207472994
3317,11057.057138306138
3318,4340.473712121212
3319,4684.169527972028
3320,9925.603274153862
3321,15970.625
3322,9940.453117511894
3323,10340.481399352495
3324,9611.510630718954
3325,10537.880612861813
3326,12768.96
3327,8436.661526042175
3328,10739.875554882754
3329,7400.737502985521
3330,5899.030871794871
3331,7200.791956928538
3332,6996.473015203595
3333,7690.3564511504255
3334,6912.557063315912
3335,7599.282311608145
3336,5635.294794384058
3337,9626.144700273968
3338,10696.532961050723
3339,7702.365152336862
3340,8128.979358109549
3341,9241.296441358025
3342,7554.224458152958
3343,6556.208165954008
3344,11797.287730175689
3345,12093.654791486291
3346,8823.815182098764
3347,6088.020633059271
3348,19223.010101010103
3349,8467.592182098766
3350,8568.778024691357
3351,14228.492469135803
3352,10779.87130707203
3353,10969.714386724385
3354,8212.234691358024
3355,9098.261941501238
3356,12113.989929453264
3357,20678.843434343435
3358,7530.316414224665
3359,7752.305310405643
3360,6542.394691358025
3361,8725.214779718366
3362,8223.085802469135
3363,9852.456361365765
3364,12736.504746642247
3365,7831.150643738977
3366,5649.466482114376
3367,8845.649247882553
3368,10612.39257889823
3369,7073.640592185592
3370,9882.011844202898
3371,5142.221428571428
3372,9760.4118442029
3373,9340.461166512385
3374,10430.574227526029
3375,13265.629333333334
3376,8933.231518743745
3377,6742.923000000001
3378,8081.7075
3379,9736.27856473491
3380,10124.10276876021
3381,9700.977558347508
3382,10411.065166666667
3383,8822.822656314274
3384,6139.233112554112
3385,11712.613670168137
3386,6390.8418006993015
3387,13406.635748981409
3388,7847.634499999999
3389,6801.804499999999
3390,9628.914499999999
3391,7657.122753968254
3392,9670.04293546017
3393,9009.787540927044
3394,5426.5365
3395,6729.28369984917
3396,10459.26
3397,11867.124267222542
3398,12266.382981508257
3399,6288.2925
3400,7987.989547908297
3401,11063.885634920634
3402,8217.076666666666
3403,7525.241712565213
3404,13469.75
3405,11552.862444444443
3406,14632.396999999999
3407,6334.83
3408,7684.140333333335
3409,0.0
3410,10916.598333333335
3411,8081.362121212121
3412,14422.91
3413,8673.508095238094
3414,7194.64
3415,7958.46
3416,7388.16
3417,6674.98
3418,10060.490533333332
3419,7857.15
3420,7415.554
3421,15464.61
3422,7641.81
3423,22302.37
3424,7955.13
3425,0.0
3426,0.0
3427,0.0
3428,0.0
3429,0.0
3430,0.0
3431,0.0
3432,0.0
3433,0.0
3434,0.0
3435,0.0
3436,0.0
3437,0.0
3438,0.0
3439,0.0
3440,0.0
3441,0.0
3442,0.0
3443,0.0
3444,0.0
3445,0.0
3446,0.0
3447,0.0
3448,0.0
3449,0.0
3450,0.0
3451,0.0
3452,0.0
3453,0.0
3454,0.0
3455,0.0
3456,0.0
3457,0.0
3458,0.0
3459,0.0
3460,0.0
3461,0.0
3462,0.0
3463,0.0
3464,0.0
3465,0.0
3466,0.0
3467,0.0
3468,0.0
3469,0.0
3470,0.0
3471,0.0
3472,0.0
3473,0.0
3474,0.0
3475,0.0
3476,0.0
3477,0.0
3478,0.0
3479,0.0
3480,0.0
3481,0.0
3482,0.0
3483,0.0
3484,0.0
3485,0.0
3486,0.0
3487,0.0
3488,0.0
3489,0.0
3490,0.0
3491,0.0
3492,0.0
3493,0.0
3494,0.0
3495,0.0
3496,0.0
3497,0.0
3498,0.0
3499,0.0
3500,0.0
3501,0.0
3502,0.0
3503,0.0
3504,0.0
3505,0.0
3506,0.0
3507,0.0
3508,0.0
3509,0.0
3510,0.0
3511,0.0
3512,0.0
3513,0.0
3514,0.0
3515,0.0
3516,2647.89
3517,0.0
3518,0.0
3519,0.0
3520,0.0
3521,0.0
3522,0.0
3523,0.0
3524,0.0
3525,0.0
3526,0.0
3527,0.0
3528,0.0
3529,0.0
3530,0.0
3531,0.0
3532,0.0
3533,0.0
3534,0.0
3535,0.0
3536,0.0
3537,0.0
3538,0.0
3539,0.0
3540,0.0
3541,0.0
3542,0.0
3543,0.0
3544,0.0
3545,0.0
3546,0.0
3547,0.0
3548,0.0
3549,0.0
3550,0.0
3551,0.0
3552,0.0
3553,0.0
3554,0.0
3555,0.0
3556,0.0
3557,0.0
3558,0.0
3559,0.0
3560,0.0
3561,0.0
3562,0.0
3563,0.0
3564,0.0
3565,0.0
3566,0.0
3567,0.0
3568,0.0
3569,0.0
3570,0.0
3571,0.0
3572,0.0
3573,0.0
3574,0.0
3575,0.0
3576,0.0
3577,0.0
3578,0.0
3579,0.0
3580,0.0
3581,0.0
3582,0.0
3583,0.0
3584,2345.38
3585,0.0
3586,0.0
3587,0.0
3588,0.0
3589,0.0
3590,0.0
3591,0.0
3592,0.0
3593,0.0
3594,0.0
3595,0.0
3596,0.0
3597,0.0
3598,0.0
3599,0.0
3600,0.0
3601,0.0
3602,0.0
3603,0.0
3604,0.0
3605,0.0
3606,0.0
3607,0.0
3608,0.0
3609,0.0
3610,0.0
3611,0.0
3612,0.0
3613,0.0
3614,0.0
3615,0.0
3616,0.0
3617,0.0
3618,0.0
3619,0.0
3620,0.0
3621,0.0
3622,0.0
3623,0.0
3624,0.0
3625,16363.99
3626,29033.31
3627,0.0
3628,0.0
3629,0.0
3630,0.0
3631,0.0
3632,0.0
3633,0.0
3634,7259.88
3635,0.0
3636,0.0
3637,0.0
3638,0.0
3639,0.0
3640,0.0
3641,0.0
3642,0.0
3643,0.0
3644,0.0
3645,0.0
3646,0.0
3647,0.0
3648,0.0
3649,0.0
3650,0.0
3651,0.0
3652,0.0
3653,3799.9
3654,0.0
3655,0.0
3656,0.0
3657,0.0
3658,0.0
3659,0.0
3660,0.0
3661,0.0
3662,0.0
3663,2687.15
3664,0.0
3665,0.0
3666,0.0
3667,0.0
3668,0.0
3669,0.0
3670,0.0
3671,0.0
3672,0.0
3673,0.0
3674,0.0
3675,0.0
3676,0.0
3677,0.0
3678,0.0
3679,0.0
3680,0.0
3681,8027.46
3682,0.0
3683,0.0
3684,0.0
3685,0.0
3686,0.0
3687,0.0
3688,0.0
3689,0.0
3690,0.0
3691,0.0
3692,0.0
3693,0.0
3694,0.0
3695,0.0
3696,0.0
3697,0.0
3698,7972.87
3699,0.0
3700,0.0
3701,0.0
3702,0.0
3703,0.0
3704,0.0
3705,0.0
3706,0.0
3707,0.0
3708,0.0
3709,0.0
3710,0.0
3711,0.0
3712,0.0
3713,0.0
3714,0.0
3715,0.0
3716,0.0
3717,0.0
3718,0.0
3719,0.0
3720,0.0
3721,0.0
3722,0.0
3723,0.0
3724,0.0
3725,0.0
3726,0.0
3727,0.0
3728,0.0
3729,0.0
3730,0.0
3731,0.0
3732,0.0
3733,0.0
3734,0.0
3735,0.0
3736,0.0
3737,0.0
3738,0.0
3739,0.0
3740,0.0
3741,0.0
3742,0.0
3743,0.0
3744,0.0
3745,0.0
3746,0.0
3747,0.0
3748,0.0
3749,0.0
3750,0.0
3751,0.0
3752,0.0
3753,0.0
3754,0.0
3755,0.0
3756,0.0
3757,0.0
3758,0.0
3759,0.0
3760,1652.28
3761,0.0
3762,0.0
3763,0.0
3764,0.0
3765,0.0
3766,0.0
3767,0.0
3768,0.0
3769,0.0
3770,0.0
3771,0.0
3772,0.0
3773,0.0
3774,3399.38
3775,0.0
3776,0.0
3777,0.0
3778,0.0
3779,0.0
3780,0.0
3781,0.0
3782,0.0
3783,0.0
3784,0.0
3785,0.0
3786,0.0
3787,0.0
3788,0.0
3789,0.0
3790,0.0
3791,0.0
3792,0.0
3793,0.0
3794,0.0
3795,0.0
3796,0.0
3797,0.0
3798,0.0
3799,0.0
3800,0.0
3801,0.0
3802,0.0
3803,0.0
3804,0.0
3805,0.0
3806,0.0
3807,0.0
3808,0.0
3809,0.0
3810,0.0
3811,0.0
3812,0.0
3813,0.0
3814,0.0
3815,0.0
3816,0.0
3817,6791.43
3818,0.0
3819,0.0
3820,0.0
3821,0.0
3822,0.0
3823,0.0
3824,0.0
3825,0.0
3826,0.0
3827,2307.61
3828,0.0
3829,0.0
3830,0.0
3831,4442.26
3832,0.0
3833,0.0
3834,0.0
3835,0.0
3836,0.0
3837,0.0
3838,0.0
3839,0.0
3840,0.0
3841,0.0
3842,0.0
3843,0.0
3844,0.0
3845,0.0
3846,0.0
3847,0.0
3848,0.0
3849,0.0
3850,0.0
3851,0.0
3852,0.0
3853,0.0
3854,0.0
3855,0.0
3856,0.0
3857,0.0
3858,19861.09
3859,0.0
3860,0.0
3861,0.0
3862,0.0
3863,0.0
3864,0.0
3865,0.0
3866,0.0
3867,0.0
3868,0.0
3869,0.0
3870,0.0
3871,0.0
3872,5695.33
3873,0.0
3874,0.0
3875,0.0
3876,0.0
3877,0.0
3878,0.0
3879,0.0
3880,0.0
3881,0.0
3882,0.0
3883,0.0
3884,0.0
3885,0.0
3886,0.0
3887,0.0
3888,0.0
3889,0.0
3890,0.0
3891,0.0
3892,0.0
3893,0.0
3894,0.0
3895,0.0
3896,0.0
3897,0.0
3898,0.0
3899,0.0
3900,0.0
3901,0.0
3902,0.0
3903,0.0
3904,0.0
3905,0.0
3906,0.0
3907,0.0
3908,0.0
3909,0.0
3910,0.0
3911,0.0
3912,0.0
3913,0.0
3914,0.0
3915,0.0
3916,0.0
3917,0.0
3918,0.0
3919,0.0
3920,0.0
3921,0.0
3922,0.0
3923,0.0
3924,0.0
3925,0.0
3926,0.0
3927,0.0
3928,0.0
3929,0.0
3930,0.0
3931,0.0
3932,0.0
3933,0.0
3934,0.0
3935,0.0
3936,0.0
3937,0.0
3938,0.0
3939,0.0
3940,0.0
3941,0.0
3942,0.0
3943,0.0
3944,0.0
3945,0.0
3946,0.0
3947,12532.97
3948,0.0
3949,0.0
3950,0.0
3951,0.0
3952,0.0
3953,0.0
3954,0.0
3955,0.0
3956,0.0
3957,0.0
3958,0.0
3959,0.0
3960,0.0
3961,0.0
3962,0.0
3963,0.0
3964,0.0
3965,0.0
3966,0.0
3967,0.0
3968,0.0
3969,0.0
3970,0.0
3971,0.0
3972,0.0
3973,0.0
3974,0.0
3975,0.0
3976,0.0
3977,0.0
3978,0.0
3979,0.0
3980,0.0
3981,0.0
3982,0.0
3983,0.0
3984,0.0
3985,0.0
3986,0.0
3987,0.0
3988,0.0
3989,0.0
3990,0.0
3991,2703.38
3992,15619.87
3993,0.0
3994,0.0
3995,0.0
3996,0.0
3997,0.0
3998,0.0
3999,0.0
4000,0.0
4001,0.0
4002,0.0
4003,0.0
4004,0.0
4005,0.0
4006,0.0
4007,0.0
4008,0.0
4009,0.0
4010,0.0
4011,0.0
4012,0.0
4013,0.0
4014,0.0
4015,0.0
4016,0.0
4017,0.0
4018,0.0
4019,0.0
4020,11351.42
4021,0.0
4022,0.0
4023,0.0
4024,0.0
4025,0.0
4026,0.0
4027,0.0
4028,0.0
4029,0.0
4030,0.0
4031,0.0
4032,0.0
4033,0.0
4034,0.0
4035,0.0
4036,0.0
4037,0.0
4038,0.0
4039,0.0
4040,0.0
4041,0.0
4042,0.0
4043,0.0
4044,0.0
4045,0.0
4046,0.0
4047,0.0
4048,0.0
4049,0.0
4050,0.0
4051,0.0
4052,0.0
4053,0.0
4054,0.0
4055,0.0
4056,0.0
4057,0.0
4058,0.0
4059,0.0
4060,0.0
4061,0.0
4062,0.0
4063,0.0
4064,0.0
4065,0.0
4066,0.0
4067,0.0
4068,0.0
4069,0.0
4070,0.0
4071,0.0
4072,0.0
4073,0.0
4074,0.0
4075,0.0
4076,0.0
4077,0.0
4078,0.0
4079,0.0
4080,0.0
4081,0.0
4082,0.0
4083,0.0
4084,0.0
4085,0.0
4086,0.0
4087,0.0
4088,0.0
4089,0.0
4090,2061.87
4091,0.0
4092,0.0
4093,0.0
4094,2301.62
4095,0.0
4096,0.0
4097,0.0
4098,0.0
4099,0.0
4100,0.0
4101,0.0
4102,0.0
4103,0.0
4104,0.0
4105,0.0
4106,0.0
4107,0.0
4108,0.0
4109,0.0
4110,0.0
4111,0.0
4112,0.0
4113,0.0
4114,0.0
4115,0.0
4116,0.0
4117,0.0
4118,0.0
4119,0.0
4120,0.0
4121,0.0
4122,0.0
4123,0.0
4124,0.0
4125,0.0
4126,0.0
4127,0.0
4128,0.0
4129,0.0
4130,0.0
4131,0.0
4132,0.0
4133,0.0
4134,0.0
4135,0.0
4136,0.0
4137,0.0
4138,0.0
4139,0.0
4140,0.0
4141,0.0
4142,0.0
4143,0.0
4144,0.0
4145,1444.27
4146,0.0
4147,0.0
4148,0.0
4149,0.0
4150,0.0
4151,0.0
4152,0.0
4153,0.0
4154,0.0
4155,0.0
4156,0.0
4157,0.0
4158,0.0
4159,0.0
4160,10397.66
4161,0.0
4162,0.0
4163,0.0
4164,0.0
4165,0.0
4166,0.0
4167,0.0
4168,0.0
4169,0.0
4170,0.0
4171,0.0
4172,0.0
4173,0.0
4174,0.0
4175,0.0
4176,0.0
4177,0.0
4178,0.0
4179,0.0
4180,0.0
4181,0.0
4182,0.0
4183,0.0
4184,0.0
4185,0.0
4186,0.0
4187,0.0
4188,0.0
4189,0.0
4190,0.0
4191,0.0
4192,0.0
4193,0.0
4194,0.0
4195,0.0
4196,0.0
4197,0.0
4198,0.0
4199,0.0
4200,0.0
4201,0.0
4202,0.0
4203,0.0
4204,0.0
4205,0.0
4206,0.0
4207,0.0
4208,0.0
4209,0.0
4210,0.0
4211,0.0
4212,0.0
4213,0.0
4214,0.0
4215,0.0
4216,0.0
4217,0.0
4218,0.0
4219,0.0
4220,0.0
4221,0.0
4222,0.0
4223,0.0
4224,2701.72
4225,0.0
4226,0.0
4227,0.0
4228,0.0
4229,0.0
4230,0.0
4231,0.0
4232,0.0
4233,0.0
4234,0.0
4235,0.0
4236,0.0
4237,0.0
4238,0.0
4239,0.0
4240,0.0
4241,0.0
4242,0.0
4243,0.0
4244,0.0
4245,0.0
4246,0.0
4247,0.0
4248,0.0
4249,0.0
4250,0.0
4251,0.0
4252,0.0
4253,0.0
4254,0.0
4255,0.0
4256,0.0
4257,0.0
4258,0.0
4259,0.0
4260,0.0
4261,0.0
4262,0.0
4263,0.0
4264,0.0
4265,12108.63
4266,4239.51
4267,0.0
4268,0.0
4269,0.0
4270,0.0
4271,0.0
4272,0.0
4273,0.0
4274,0.0
4275,0.0
4276,0.0
4277,0.0
4278,0.0
4279,0.0
4280,0.0
4281,4378.79
4282,3789.65
4283,6228.148529411764
4284,3182.31
4285,6305.851470588236
4286,4582.73
4287,5789.850524642289
4288,6058.20552464229
4289,4268.11
4290,3446.57
4291,5291.81
4292,5151.9355000000005
4293,3998.27
4294,5585.01
4295,5262.16
4296,3112.22
4297,4200.33
4298,6893.93326923077
4299,8241.87
4300,6824.92
4301,6527.62
4302,4079.23
4303,5245.99
4304,2148.44
4305,7811.291145833333
4306,7567.59
4307,9541.14211111111
4308,5811.15
4309,2532.06
4310,5672.01
4311,6032.16
4312,7939.829777131784
4313,4478.51
4314,5525.11
4315,5053.14
4316,5948.295942028984
4317,2378.85
4318,7410.96
4319,3909.82
4320,7203.1625
4321,7358.9
4322,3469.3738181818185
4323,7710.846
4324,5852.693272727272
4325,4929.968673076923
4326,3685.9928409090912
4327,6973.38
4328,9948.47
4329,5761.05
4330,5108.865009416197
4331,8296.98584965035
4332,7634.14
4333,5500.274444444445
4334,6865.24
4335,2310.25
4336,2170.4011965811965
4337,5060.93
4338,6036.755999999999
4339,8486.944857142857
4340,7859.359166666666
4341,3891.75
4342,7779.11
4343,7921.55
4344,5139.685
4345,2921.285
4346,10391.487222222222
4347,3567.525588235294
4348,4426.77
4349,7505.640714285715
4350,5477.12
4351,5608.4
4352,2764.3430952380945
4353,5379.967
4354,4554.193267973856
4355,5092.18
4356,8089.16
4357,7088.206
4358,4856.996363636364
4359,3226.547142857143
4360,7511.6
4361,11095.39
4362,4923.64934551495
4363,2851.966041338195
4364,6438.83552631579
4365,5840.061837398373
4366,7151.52
4367,8823.506923076922
4368,2249.5627692307694
4369,7339.277284975575
4370,4379.165787959816
4371,5851.8735303454705
4372,6215.356287826288
4373,2467.9700952380954
4374,5334.61815598091
4375,4953.738223178419
4376,7416.424322918325
4377,7784.388876623378
4378,4418.54
4379,4420.7
4380,6870.226289459208
4381,6229.329684047875
4382,5325.66487200539
4383,6865.117661344448
4384,4320.693417546379
4385,6387.547116894066
4386,4315.5380869565215
4387,2969.5974198099425
4388,5185.32948777327
4389,6444.561709271902
4390,6343.762797177708
4391,6585.476548857704
4392,7755.529157782755
4393,4114.093333333333
4394,7382.9115833333335
4395,3093.3906172518614
4396,3780.4641192397535
4397,8061.697355572721
4398,6152.654771379207
4399,7019.570564840472
4400,9406.639166666666
4401,5949.133083067519
4402,5200.436978501682
4403,6844.47486086667
4404,7374.639293222909
4405,4025.6988633461187
4406,2893.2281624015736
4407,5226.943537363486
4408,4491.0183589533335
4409,5623.782986913673
4410,4063.8441344775506
4411,5410.209221628731
4412,6317.571805989503
4413,6493.735726711936
4414,5961.72
4415,2927.0037881026697
4416,6454.352096071686
4417,6766.341573253545
4418,3429.361390202863
4419,5475.607693816232
4420,3132.6333061440937
4421,5329.131167021709
4422,3348.071809814439
4423,3923.6935659029323
4424,4402.371308968809
4425,7119.084898388986
4426,6265.48433451646
4427,7095.840195001005
4428,9533.807819204769
4429,3913.087624830936
4430,4895.684666616971
4431,10346.086816516816
4432,5230.31
4433,7255.81421556819
4434,6394.704465889845
4435,4920.027704573205
4436,6229.574429743344
4437,4323.251206549189
4438,4439.22705026455
4439,7524.660114306936
4440,5022.868137254902
4441,2862.138722222222
4442,3224.86
4443,6954.669104975927
4444,9121.547717948717
4445,5810.517333333334
4446,6848.05
4447,3880.9694759626336
4448,2464.81
4449,1972.341422341717
4450,3579.3606101789355
4451,5482.471789382576
4452,6736.598251338043
4453,5408.378176292478
4454,5461.240045520256
4455,7387.712596419101
4456,7138.991342912416
4457,6742.12748964736
4458,5266.750758187554
4459,7521.906428519695
4460,9181.2
4461,3899.2852786146022
4462,5338.538034582344
4463,5195.0198397327995
4464,6234.884695013885
4465,3107.870833333334
4466,5026.047242543087
4467,4665.168342222105
4468,8164.73
4469,5626.008000000001
4470,6938.902462974383
4471,6839.1414444444445
4472,4563.668098254616
4473,7095.754876789877
4474,16858.1
4475,8356.265006073374
4476,3385.85
4477,3254.542048701299
4478,6020.348557638756
4479,8684.332857142857
4480,4355.061845913559
4481,9007.7
4482,16425.87
4483,4620.689
4484,2301.53922880117
4485,9868.05
4486,3019.8070664874567
4487,6801.691919413918
4488,3397.2950476280253
4489,5749.895889901685
4490,0.0
4491,7268.241369047619
4492,5558.004451624093
4493,5310.752779312355
4494,9125.96453073969
4495,5668.310870166108
4496,5619.961126243364
4497,7074.421474747475
4498,5462.720870955877
4499,6678.211164261664
4500,9077.27
4501,4812.953647471422
4502,5597.915445483051
4503,4131.984522361217
4504,3253.6226122379694
4505,4788.373907758824
4506,4697.579383949299
4507,4638.651127539043
4508,8284.034305555557
4509,6994.256749389202
4510,7869.7421876619155
4511,4303.952872285388
4512,3890.183859479007
4513,4057.4664324707555
4514,5149.004717146647
4515,5590.102590175565
4516,2750.1933333333336
4517,7010.6675
4518,5450.072487240829
4519,7073.068613501226
4520,5270.690101794475
4521,4011.38
4522,3288.2533333333336
4523,2507.677733766234
4524,8346.84
4525,5664.545
4526,5969.532904761905
4527,11384.76625
4528,6960.554192129221
4529,4316.477952380952
4530,5003.955
4531,2332.02
4532,3899.08
4533,4013.384571428572
4534,3482.1604761904764
4535,8272.56853508772
4536,4111.808772891964
4537,8505.91
4538,10648.24
4539,5384.606818491913
4540,5575.495856957735
4541,4506.098277110531
4542,4765.1240190861945
4543,4845.37
4544,11210.764615384618
4545,5934.188333333333
4546,6464.883700283181
4547,3384.0585714285717
4548,5173.736577520879
4549,5336.248438616939
4550,7872.59
4551,6317.967083333333
4552,5187.857666666667
4553,6066.899625481026
4554,4198.65
4555,7526.798061310966
4556,6189.834846207068
4557,6131.081491900357
4558,8983.934285714286
4559,6621.147035335627
4560,8561.162166666667
4561,3127.0838325334084
4562,5399.64
4563,4524.730334415584
4564,8358.967956349206
4565,7105.349959656085
4566,7202.528259145509
4567,5882.994199459354
4568,7547.220518315019
4569,4693.964936507937
4570,6173.31275
4571,5995.849273504274
4572,2903.72
4573,12683.17
4574,17540.61
4575,7100.32
4576,6322.289202900164
4577,6913.3
4578,7799.19
4579,7603.825
4580,2841.311813186813
4581,4375.828921802054
4582,5306.78514978229
4583,8011.919714285715
4584,2396.9060395351776
4585,4117.328848484848
4586,4867.053876956377
4587,4704.293991789819
4588,4570.998263278389
4589,2770.288622710623
4590,2819.0242554678302
4591,6287.653158596508
4592,3286.1262789539223
4593,4715.19
4594,5565.246955297917
4595,4792.751428571429
4596,8807.22681060606
4597,11615.366761904761
4598,4623.732
4599,7322.986999999999
4600,6244.585421855922
4601,10017.477646103895
4602,5359.508088836404
4603,2650.870372294373
4604,5096.770904761905
4605,10653.82212121212
4606,4259.32840430985
4607,6717.518214285714
4608,1974.2810714285715
4609,3686.564505910756
4610,6487.190480310687
4611,6780.8
4612,5285.333571428571
4613,8504.843829004329
4614,8017.3804956709955
4615,7804.0200603318235
4616,3590.810468976469
4617,10704.305
4618,1870.88
4619,3370.1275296198896
4620,6103.593701810733
4621,4560.73
4622,10017.266571078431
4623,2526.573784724285
4624,4712.755635101388
4625,5163.25239244905
4626,7851.088940821189
4627,9663.706666666667
4628,4734.984215268278
4629,2887.0207176157182
4630,7522.263234571166
4631,9872.1795
4632,4571.154625454437
4633,4941.865396825397
4634,9039.986666666666
4635,5419.641965811965
4636,4905.938944444445
4637,3536.353557692308
4638,7262.407389724311
4639,3929.5749636249016
4640,13053.969047619048
4641,7442.42625
4642,15527.921666666665
4643,6421.783598901098
4644,4160.37
4645,2062.5281176470585
4646,6083.774199308756
4647,6143.013333333333
4648,4996.99
4649,8993.581511599512
4650,5312.66
4651,2472.037119047619
4652,7020.701818181818
4653,3370.038068348318
4654,9456.35
4655,7448.385
4656,7104.598000000001
4657,8008.172307692307
4658,4597.783333333334
4659,7146.645195852735
4660,7596.85
4661,4905.77
4662,6029.08
4663,4069.669264007505
4664,9484.94811904762
4665,5843.38
4666,3314.74
4667,5084.351
4668,7846.994152836972
4669,5359.941947390825
4670,3885.02
4671,5014.666467982269
4672,5285.598000000001
4673,4227.74
4674,4849.46
4675,9525.55
4676,4508.470534055754
4677,3250.954345915624
4678,6335.6
4679,4540.93
4680,2812.1121643757097
4681,4639.072666666667
4682,7849.09
4683,6969.553900420021
4684,9982.03
4685,7922.567114462316
4686,6766.54
4687,5424.677821347493
4688,4050.300276226433
4689,9648.201659270726
4690,6793.0354183094505
4691,6721.19
4692,4949.54
4693,5181.2503808005795
4694,4752.194
4695,2145.01
4696,12051.46
4697,5749.5
4698,5583.806930046125
4699,4680.1
4700,1375.47
4701,7674.544427700521
4702,5876.78
4703,6002.89
4704,3647.1440000000002
4705,6924.78
4706,4890.173142857142
4707,4088.25
4708,9752.71
4709,4173.23
4710,4947.8
4711,3645.09
4712,2620.15
4713,4553.8
4714,12702.87
4715,5034.5625
4716,5114.98
4717,4929.8587777777775
4718,3374.58
4719,3251.72
4720,5635.28
4721,2707.921296296296
4722,9713.03
4723,5556.43
4724,2864.249174603174
4725,8178.96
4726,2286.0516666666667
4727,3354.25
4728,8426.87
4729,7885.901999999999
4730,8330.83
4731,2302.4983333333334
4732,4709.33
4733,4159.01
4734,3691.12
4735,16144.61
4736,10358.43
4737,4744.5
4738,3039.41
4739,5091.88
4740,3925.24
4741,2486.7
4742,7234.543333333334
4743,4644.7
4744,6107.477495763495
4745,6866.39
4746,4862.56
4747,4815.413333333334
4748,5447.44
4749,7351.69
4750,6745.6475
4751,2616.59
4752,5096.77198836761
4753,6908.58
4754,8425.23
4755,5675.54
4756,7176.06
4757,3407.331864494043
4758,8348.3
4759,4554.176949437721
4760,2617.73
4761,4377.098395026872
4762,4100.39
4763,4431.777884836408
4764,6714.51
4765,3602.14
4766,8200.47
4767,4468.4
4768,6141.233135372098
4769,8276.79375
4770,4468.806689087916
4771,7326.14
4772,6137.840555555555
4773,3053.8828372829753
4774,9777.61
4775,3647.78
4776,3241.58
4777,6128.6619044605495
4778,13064.59
4779,8091.22058865305
4780,4267.716880104366
4781,4690.78
4782,5932.778944915428
4783,6029.262995118488
4784,4289.43
4785,7830.33
4786,3141.7
4787,4793.3820000000005
4788,3992.05
4789,3437.6820000000002
4790,4015.208007745512
4791,7721.10875
4792,6170.572026695527
4793,4654.22
4794,4794.057977059981
4795,7468.116666666668
4796,7966.631818181819
4797,4683.875416666667
4798,4799.93947394605
4799,4810.22
4800,7015.924
4801,4786.805397578661
4802,2833.4689543041545
4803,5219.84
4804,7862.517761437909
4805,5881.541210101011
4806,5370.937995610712
4807,2396.27
4808,8411.942391304348
4809,3023.212884282076
4810,8173.598641304348
4811,5052.3428492063495
4812,4235.211279684
4813,7778.680891304348
4814,3815.137969310965
4815,4234.948166666666
4816,8906.48
4817,2725.852291670225
4818,6139.29
4819,9213.131166666666
4820,6663.615175518618
4821,2447.23
4822,4944.4695833333335
4823,3833.5083770504334
4824,3160.8181753457593
4825,4436.033464717954
4826,6138.715999999999
4827,4812.57
4828,4013.781714285714
4829,5296.471151515151
4830,4595.954867949945
4831,10357.7
4832,4652.441666666667
4833,5924.731525974027
4834,3989.685
4835,5905.036157744937
4836,6530.200833333332
4837,5472.14
4838,7532.45
4839,7343.410597262412
4840,7505.6608370927315
4841,4919.2575
4842,4932.48771990172
4843,3810.2571447592777
4844,5205.16743452381
4845,8253.333333333332
4846,5876.435720210805
4847,5906.53
4848,13849.22
4849,3509.8571284629197
4850,5206.28
4851,4117.993513343801
4852,7955.778809523809
4853,8967.17
4854,6894.26
4855,7513.760583333334
4856,7113.5675
4857,9912.904453331776
4858,6221.806666666667
4859,5286.111185425686
4860,2776.7563968447957
4861,4825.571893929644
4862,3508.8512422486338
4863,3285.350976952433
4864,6829.9000000000015
4865,17585.75
4866,5044.62
4867,3247.46
4868,4395.108732242214
4869,3815.8808333333336
4870,5846.6925
4871,1852.78
4872,5875.83
4873,5983.3275
4874,3121.21
4875,10522.84
4876,10239.85
4877,4225.14
4878,5534.708997906734
4879,3620.304
4880,4130.976608261011
4881,3821.01
4882,8728.83
4883,3929.3152
4884,3961.58
4885,4949.443190516492
4886,5442.661666666666
4887,5832.121518960207
4888,6941.13
4889,2608.19
4890,7616.356
4891,6174.406395246058
4892,4886.861251794003
4893,3765.844390231182
4894,3594.7284962395042
4895,4309.18
4896,4430.188476337211
4897,9071.63
4898,4210.901337301588
4899,3363.153206317544
4900,6219.2
4901,4710.185540381188
4902,5674.29
4903,4960.46
4904,5619.426666666666
4905,10001.595980158603
4906,6524.49263473954
4907,5816.0
4908,3613.064108585198
4909,4299.595546088032
4910,6968.446133298197
4911,3778.98
4912,4391.477333333333
4913,5224.9
4914,12213.89
4915,6906.23375
4916,4324.39
4917,5534.668822349608
4918,4440.115207358057
4919,6024.64
4920,5729.193301587302
4921,9040.94848939394
4922,6581.548000000001
4923,4775.52
4924,3755.824049437028
4925,2052.11
4926,3924.638245581344
4927,19867.98
4928,1974.6083911446074
4929,4624.324821428571
4930,6599.2
4931,7048.02
4932,7646.09
4933,7925.86
4934,5670.8206666666665
4935,6872.99
4936,2709.219431444992
4937,6997.584680279022
4938,3847.9503840448237
4939,5866.2758373587185
4940,9186.475976190477
4941,3743.514657038801
4942,8727.208833333332
4943,5945.229
4944,2715.41500877193
4945,5934.187555555556
4946,6335.727333333334
4947,2774.0194592402095
4948,7865.917888888889
4949,6311.398571428572
4950,4172.834916666667
4951,9538.9412
4952,7625.7326063492055
4953,7274.055
4954,4016.6623149701695
4955,3469.993611111111
4956,4774.89
4957,0.0
4958,5969.365
4959,2617.2127420551697
4960,5510.565184878629
4961,3114.662400902363
4962,5039.69
4963,4815.86535095175
4964,4387.04
4965,5097.812424242424
4966,8163.03
4967,4727.665581617725
4968,7960.0
4969,5430.0397902645545
4970,5581.6193277745115
4971,8945.11
4972,6786.14
4973,4220.354965201465
4974,4970.647728243195
4975,4781.875
4976,5071.008831775671
4977,11916.046
4978,5678.670654761907
4979,5760.18848602858
4980,8715.941045179416
4981,6315.75
4982,2196.851600356121
4983,8531.26
4984,7783.26
4985,6198.609272717156
4986,7068.011488718472
4987,6328.973677214621
4988,8034.844990359701
4989,4934.404500007091
4990,4312.786195602068
4991,3783.3051450895205
4992,5301.1236705713745
4993,7506.721727272728
4994,3440.542211274557
4995,7541.496278451293
4996,6620.417152960161
4997,4718.531071695907
4998,6807.381886124591
4999,4292.97
5000,6722.3157650140965
5001,2263.69
5002,5003.3916354854055
5003,4613.7
5004,3682.67
5005,6212.56446884414
5006,7190.518472222222
5007,7366.218765637814
5008,5621.840952380952
5009,4073.9521548390144
5010,5750.419406876865
5011,6422.903443596721
5012,7197.515070083453
5013,2911.95
5014,2963.747276612806
5015,8568.419045274788
5016,5538.74
5017,3785.051430016427
5018,7304.873778786896
5019,7308.605481263162
5020,6096.707301066768
5021,4592.725643939393
5022,2222.0602592663317
5023,5957.46269047619
5024,5560.24670850231
5025,4931.796851111108
5026,8642.35964019958
5027,6828.77
5028,3533.545778345149
5029,5793.23
5030,2862.43
5031,1045.1121178266178
5032,5642.00405568588
5033,8634.376098997494
5034,5350.31
5035,4283.296647242576
5036,3208.6398859352375
5037,5243.391598702474
5038,7893.251530388702
5039,5744.644980791105
5040,8928.729222582971
5041,4472.781704562794
5042,4124.172742962212
5043,3375.162018238297
5044,6176.30527922781
5045,3153.9335857782717
5046,2169.338113666539
5047,4218.2681357617
5048,3498.01987710296
5049,7214.57
5050,4316.784784152922
5051,4763.476006769375
5052,5170.707559596469
5053,7639.894937409815
5054,4684.97
5055,3633.10065945166
5056,8864.766914751915
5057,8440.7
5058,6775.155991733024
5059,2198.306888888889
5060,5142.05
5061,4858.369893293311
5062,3563.072403846154
5063,8760.084904942212
5064,9681.227023809524
5065,5828.57
5066,5821.348705353856
5067,5629.786954887219
5068,7314.48875
5069,11610.41
5070,3028.109583333333
5071,3802.5933333333337
5072,4440.9171735000045
5073,5677.97
5074,5253.885
5075,8111.64
5076,6392.197437271061
5077,6365.92
5078,2538.0547090885816
5079,6318.119666666666
5080,6005.86
5081,3281.899914263296
5082,5788.816615341654
5083,3191.5801633313577
5084,6765.730939571164
5085,5310.450700980392
5086,5361.9
5087,6180.276524745815
5088,3942.69
5089,4885.202015244259
5090,6640.1205241658745
5091,4669.48
5092,8167.168583333334
5093,5193.47
5094,8153.67735020243
5095,4824.59
5096,3466.93
5097,7986.57
5098,2613.349508741259
5099,9735.33
5100,5361.641298764842
5101,4789.004059640133
5102,6786.4742207792215
5103,4608.361000000001
5104,3767.89
5105,5377.99
5106,2577.67
5107,2808.7077142857142
5108,5456.141539355745
5109,5857.235005042016
5110,10277.614153846154
5111,5745.93304283034
5112,5661.895102353585
5113,3871.0573492063495
5114,5639.369163441213
5115,2863.8433333333332
5116,10194.37
5117,6448.92
5118,13168.74
5119,5203.36
5120,4543.16
5121,6889.29
5122,6754.56
5123,3004.82
5124,8706.68
5125,7104.92
5126,5324.01
5127,5811.86
5128,4064.22
5129,2706.44
5130,5479.53
5131,3297.5
5132,2756.86
5133,7505.97
5134,5675.13
5135,20814.63
5136,6946.01
5137,4128.72
5138,5607.58
5139,8024.63
5140,4545.8
5141,5773.05
5142,5127.13
5143,6947.35
5144,6394.15
5145,4051.22
5146,4705.91
5147,6352.803926282052
5148,6290.735
5149,5804.12
5150,6491.59
5151,4432.39
5152,4477.42
5153,5015.69
5154,7846.15
5155,8750.89
5156,6897.72
5157,5982.963926282053
5158,3576.67
5159,5911.772113095238
5160,3573.39
5161,6906.79
5162,7683.965476190477
5163,8262.689
5164,4372.33
5165,3599.47
5166,4183.28
5167,6108.09125
5168,8359.109
5169,5918.91
5170,4647.03
5171,4327.45
5172,6463.279
5173,3263.16
5174,6645.567450980393
5175,3485.01
5176,5986.1990000000005
5177,6198.177450980393
5178,4709.323285714286
5179,6354.887450980393
5180,4929.889
5181,3868.849
5182,5489.347729468599
5183,6523.985
5184,9435.455182186235
5185,5192.187729468599
5186,6045.436368421053
5187,6378.536368421053
5188,7835.948333333333
5189,5538.32
5190,7252.1277294686
5191,3977.797729468599
5192,4178.579000000001
5193,4725.617729468599
5194,6178.106987630045
5195,7758.943489058034
5196,6462.305431413923
5197,4291.387729468599
5198,6012.0077294686
5199,5947.394396135266
5200,7506.184396135266
5201,3654.2463008971704
5202,10746.397333333334
5203,3831.1339794685987
5204,5682.720746521365
5205,6908.144738584858
5206,4492.349916666667
5207,4573.409916666667
5208,6068.458484616604
5209,5971.347147958249
5210,4680.7778289286725
5211,4294.96
5212,6545.230758040028
5213,6594.5906678033525
5214,4371.318465568985
5215,4062.224833333333
5216,6508.1563209080905
5217,9039.825721724388
5218,5606.737333333334
5219,4018.0756666666666
5220,6357.476095384298
5221,5697.0926340394035
5222,6668.241904963606
5223,6949.324571630274
5224,3941.823840121968
5225,6896.611238296939
5226,5129.860624242425
5227,5943.8292656157855
5228,6297.147333333334
5229,5040.463396984714
5230,5717.389044270756
5231,4461.941544270757
5232,5998.403353681556
5233,7568.887307861415
5234,4374.9977575757575
5235,4136.547757575758
5236,5656.89277738147
5237,4999.631047108504
5238,5257.267333333334
5239,7091.128258841807
5240,5524.36461165566
5241,6050.526174603175
5242,4427.140555555556
5243,4662.230683084231
5244,5119.60569213015
5245,7373.872666666666
5246,6350.885968482402
5247,6881.143933374903
5248,6873.126115193084
5249,5151.962812962457
5250,7135.369642857143
5251,4832.736163544403
5252,5659.970978123223
5253,6945.215103649072
5254,5807.060208810627
5255,8038.361333333333
5256,6666.006770315739
5257,5991.597876687947
5258,5402.681916315345
5259,6647.854666666667
5260,6272.436829735256
5261,5284.7702669926775
5262,4047.785978857085
5263,4598.212333333333
5264,5687.193864571371
5265,5954.897426647592
5266,5028.554442606052
5267,6533.218192606053
5268,5846.5281926060525
5269,5371.53195018181
5270,4938.001646464646
5271,4392.815844980865
5272,5594.841954933956
5273,6060.903401146921
5274,5103.1537338697535
5275,5026.118191664995
5276,4570.253733869754
5277,5600.367156623784
5278,3081.9294013943977
5279,6182.236999999999
5280,3931.959068671565
5281,7107.892402004899
5282,5657.480949013445
5283,5160.970949013445
5284,7225.296242478157
5285,3297.781949013445
5286,5126.703486719423
5287,8557.307833333334
5288,5665.09791398929
5289,6816.939392106042
5290,6540.143171235668
5291,4952.128538368535
5292,5751.164929412849
5293,5388.631450456446
5294,6267.831492753624
5295,8755.594837902334
5296,5809.688333333333
5297,2645.2999106315374
5298,4612.6973333333335
5299,6977.48570929917
5300,7637.299339202966
5301,5547.924975566602
5302,5875.042941767068
5303,4369.799608433735
5304,4701.207333333334
5305,3069.1274114640382
5306,3989.4356455854377
5307,5797.70973037759
5308,5775.053642254985
5309,6822.042792644261
5310,12636.706461988306
5311,7059.475639684339
5312,7417.4636994024
5313,6901.808449402401
5314,4452.170181820933
5315,7825.617977139819
5316,8489.078523698523
5317,5349.892496541227
5318,5911.618868804519
5319,4421.217775838027
5320,6053.74291506971
5321,3839.8261248000495
5322,5027.440983578633
5323,4249.486958133382
5324,7659.556666666666
5325,6370.8116666666665
5326,6863.345345147802
5327,6706.625238095238
5328,5505.839800581258
5329,6297.734934323858
5330,15469.1
5331,7984.384106254911
5332,4423.077142857143
5333,2777.420850990525
5334,5281.507936000214
5335,7660.827142857143
5336,5193.723158362182
5337,11658.42
5338,18410.31
5339,3329.687142857143
5340,4079.0442958559397
5341,6797.372916666667
5342,4057.3564387130823
5343,7511.57205952381
5344,5251.147191776935
5345,6152.254620421245
5346,0.0
5347,5915.462551767677
5348,6205.617333299538
5349,6600.698415390518
5350,6739.240690442392
5351,5933.078489566642
5352,6178.4318228999755
5353,5367.856866978948
5354,4316.503176767677
5355,4502.754015533397
5356,6894.2629166666675
5357,4853.431525252526
5358,5172.332787157287
5359,5846.793613980677
5360,4623.579275515791
5361,4365.4450622802015
5362,5583.515030367179
5363,5346.452473486395
5364,7769.1608686868685
5365,6858.183132423784
5366,6718.311720966569
5367,6086.898512694822
5368,3472.609181045036
5369,5315.183244498402
5370,5811.096246827457
5371,4584.55857184857
5372,3961.498643424036
5373,7416.424445118589
5374,5371.542333333334
5375,7843.1888730107
5376,5656.1034211616
5377,4659.771000000001
5378,4477.213470310716
5379,4275.128642857143
5380,7830.925666666666
5381,4978.2645555555555
5382,8020.757666666666
5383,12151.627666666665
5384,6266.73084559601
5385,5342.649351851852
5386,4662.761318007663
5387,4135.794882640723
5388,6105.449524483668
5389,3480.6348518518516
5390,4663.947518518518
5391,8157.478982804232
5392,4955.969541496276
5393,11935.77
5394,9762.580067567567
5395,4769.447032338767
5396,5660.394353294854
5397,5547.580585618087
5398,6191.442279882154
5399,4705.46748934259
5400,8308.753304006466
5401,6077.490893997245
5402,6582.761589345827
5403,4838.76873934259
5404,6186.157190231051
5405,5064.548744128604
5406,8731.10223934259
5407,5703.220893997245
5408,5335.502239342591
5409,6332.42467256905
5410,5466.61
5411,6644.27578368016
5412,8248.536502284753
5413,5804.618628546889
5414,7920.707421775022
5415,6245.565552817846
5416,6996.060322505982
5417,4923.38409481722
5418,4582.585782374101
5419,5155.164328304084
5420,6726.867610438528
5421,5874.5501676191725
5422,5858.695037159638
5423,5685.022629740386
5424,7241.072698394655
5425,4871.536719467717
5426,6956.760597883598
5427,5465.762751359751
5428,3560.8660646321655
5429,10340.955231298833
5430,14197.148333333333
5431,5779.394564632165
5432,6014.630697847524
5433,6576.029115707434
5434,7943.797897965499
5435,8974.924166666666
5436,5602.662897965498
5437,6079.292897965498
5438,5528.538049629752
5439,6870.317064632166
5440,4038.6312312988316
5441,4891.644067226891
5442,4918.381512221176
5443,4817.297897965498
5444,6626.274564632165
5445,3484.758480602241
5446,3593.788564632165
5447,5923.768499846203
5448,3767.478564632165
5449,3562.531199040767
5450,5201.850890824939
5451,4597.143926313494
5452,7602.772186724044
5453,7738.471115295472
5454,6297.988110599687
5455,5463.191495253106
5456,5436.072411919774
5457,9339.422277746713
5458,6046.396588064714
5459,4988.05927891788
5460,4621.379686227709
5461,7595.079180901682
5462,4374.670946302632
5463,5585.006853584507
5464,3319.9584166666664
5465,4223.338564632166
5466,5821.956827531015
5467,5530.058564632165
5468,5432.333666666667
5469,8263.29696190476
5470,8426.645295238095
5471,9615.628564632165
5472,5175.676375046855
5473,9197.498564632166
5474,3015.4857264039515
5475,4405.209070658289
5476,5192.69807065829
5477,3940.4345323741004
5478,7150.0514249943335
5479,4471.179292991532
5480,4897.29553327552
5481,8238.209671661672
5482,8721.140130070324
5483,6610.069199040768
5484,4531.15059445151
5485,4411.291920815296
5486,7711.90573109467
5487,6459.685230373076
5488,4899.306546655261
5489,4986.009819464539
5490,6200.433365707435
5491,6746.271357534016
5492,4638.078127156847
5493,4446.841771154651
5494,5906.191906796908
5495,6968.838384081877
5496,11803.699791666668
5497,5031.444095238095
5498,12725.608125
5499,5902.222786105445
5500,4623.062333333333
5501,3493.261769104329
5502,4987.442714394547
5503,5398.983786105444
5504,4508.987
5505,7290.717789549304
5506,5319.025428801472
5507,4002.3664224478216
5508,6479.778404991948
5509,3701.267206215971
5510,6607.554666821784
5511,5965.363071658615
5512,6106.561358046926
5513,6991.143221051706
5514,4299.863837515063
5515,7814.721968773636
5516,5870.574979980548
5517,4505.92
5518,5308.515942028986
5519,5007.042148542908
5520,8630.10714769587
5521,5540.704000000001
5522,3898.2969530090218
5523,6147.0368957453375
5524,7217.196317525299
5525,6278.374701025689
5526,4944.026452892516
5527,7310.7476378170095
5528,4979.786881463945
5529,5513.09
5530,5403.504
5531,8480.1
5532,4734.687499067832
5533,4845.116686191837
5534,5734.32
5535,4674.14
5536,3568.73654491608
5537,4667.11825
5538,7968.67
5539,7581.307599836135
5540,9823.46
5541,8889.02617021867
5542,7461.09
5543,5214.001726399139
5544,4743.747889934115
5545,9241.127601172378
5546,8244.165497110207
5547,5729.325833333332
5548,7064.989731729056
5549,7979.681985448577
5550,4501.866666666667
5551,3301.9809999999998
5552,7868.32
5553,5781.25
5554,5272.318215181977
5555,5232.77
5556,2119.05
5557,8494.463343359817
5558,6414.211333333333
5559,6281.541333333333
5560,4882.056666375292
5561,5499.414393939394
5562,5631.26847984097
5563,5620.07
5564,5737.915
5565,4545.91
5566,4401.66
5567,3010.4
5568,2698.83
5569,5991.130999999999
5570,16285.75
5571,4618.132677655678
5572,5179.311033549784
5573,5480.038832675561
5574,4733.809820512821
5575,4563.432833333334
5576,4867.438474025974
5577,3625.6906313196605
5578,6413.325
5579,5754.108724025975
5580,3675.8461822066824
5581,7096.3
5582,3876.276378787879
5583,4635.567098754316
5584,7472.43
5585,6465.076666666666
5586,8394.923546717171
5587,4079.259712121212
5588,5209.102212121212
5589,4216.15
5590,4885.196834415585
5591,11734.869596426826
5592,8012.21325
5593,6090.1509166666665
5594,3947.112953738569
5595,4408.27625
5596,5350.353227813854
5597,3680.1946216450215
5598,7861.631202178524
5599,4303.748212121212
5600,4686.975714285714
5601,6527.094987243896
5602,4399.379333333333
5603,4693.958974025974
5604,4600.502593073593
5605,7074.84
5606,5960.7475
5607,3584.8709523809525
5608,4607.074166666667
5609,6086.203981845784
5610,7444.825502164503
5611,7529.870991641336
5612,6066.561633360935
5613,4030.872771274778
5614,6832.157057653876
5615,4951.21444930508
5616,4565.816360930737
5617,6615.152937807999
5618,6552.377045334568
5619,5616.9053633035555
5620,4654.571205128205
5621,5562.830332403707
5622,7414.12111619959
5623,5469.682904876099
5624,5571.865089743784
5625,6563.339684066505
5626,4394.956521815903
5627,8259.018369161813
5628,5687.601770681646
5629,4488.484542017924
5630,9410.193654876099
5631,4701.89630466785
5632,2763.846538461539
5633,7028.921293859649
5634,7507.6537992709045
5635,7269.814162907267
5636,4798.051570745045
5637,5132.722093632153
5638,5552.214853753702
5639,6020.461113866139
5640,5382.635201563707
5641,6888.114861950793
5642,2659.7782500000003
5643,5163.332630706075
5644,5679.916449002416
5645,4184.070542016807
5646,4298.610546345812
5647,6260.041719565185
5648,6137.690541125542
5649,4492.912217684277
5650,6664.863470435648
5651,5412.977702020202
5652,7730.562473580059
5653,5068.652303030303
5654,5892.678186885866
5655,4972.843658169445
5656,6225.837035173116
5657,7228.330177609428
5658,3764.4289838864843
5659,7384.42
5660,6764.289535835865
5661,5892.254189052773
5662,4532.93836296274
5663,3326.6809163752914
5664,6483.178868506449
5665,5475.524572802166
5666,7125.815008854068
5667,5884.835
5668,4429.054420633494
5669,7274.600267512076
5670,5020.229342899634
5671,5010.330400621118
5672,7045.274209415585
5673,4882.896410532484
5674,7169.7193046536795
5675,8866.8675
5676,6754.94504145937
5677,3879.4086152597406
5678,4473.404230769231
5679,3836.184827784156
5680,2964.97604145937
5681,6831.1522349117495
5682,4894.499583333333
5683,8079.330435606061
5684,4362.8732121212115
5685,6122.279792207792
5686,6274.805813365461
5687,8896.841079267953
5688,4443.513873015872
5689,5347.323542207791
5690,4341.898761904762
5691,6417.763861895877
5692,5415.126666666666
5693,6426.57486229779
5694,7184.111205213902
5695,8481.18996209429
5696,5674.698104347502
5697,6154.740235216632
5698,5712.066216221737
5699,4224.053644633973
5700,5107.190166666667
5701,8974.508424242424
5702,7357.096983919688
5703,6348.516447510821
5704,15571.18
5705,5124.171184282119
5706,5070.900378787878
5707,5014.586184282119
5708,7389.620592399971
5709,7768.3530923999715
5710,5527.9202814063865
5711,6462.163156208533
5712,6795.88862232575
5713,6759.994564318749
5714,5470.570428170126
5715,4745.341873802497
5716,4454.551196092148
5717,4520.4452487135895
5718,3476.8303017137064
5719,4169.817127810812
5720,7055.190146672212
5721,13689.196685606059
5722,5207.442070221446
5723,4254.289677489178
5724,6267.899561326642
5725,3677.576666666667
5726,5760.451369763206
5727,3924.302518939394
5728,7213.372018766606
5729,5441.417369763206
5730,5928.059983925388
5731,10591.981337612024
5732,11121.16
5733,6162.7377467997685
5734,5952.522596934826
5735,3324.0587030965394
5736,5410.484312342538
5737,4996.96181664434
5738,7469.506125895962
5739,4291.1288590239965
5740,3758.696326112412
5741,5053.755250624326
5742,5468.1824862953135
5743,7010.363211512494
5744,5529.903488341335
5745,4109.155835789211
5746,6401.124503458824
5747,6035.580497447824
5748,5865.031592907093
5749,3635.174592907093
5750,3316.406259573759
5751,6497.232556453388
5752,4118.712748530077
5753,8398.280035833988
5754,4231.767926240426
5755,4250.706735764236
5756,6129.234631465923
5757,5103.656974823422
5758,4120.2490333333335
5759,5164.223165299613
5760,5430.443165299612
5761,7539.475607837435
5762,7376.208183595011
5763,5347.8022440733175
5764,3807.5486121664408
5765,4529.444155123483
5766,8051.22658186341
5767,4433.302571794872
5768,5178.813601146174
5769,6236.572771575812
5770,10401.206702694704
5771,6165.97724659475
5772,5512.214841411944
5773,5978.835160567114
5774,4103.5509105671135
5775,7795.9532353275645
5776,4525.627017812841
5777,9465.919873530076
5778,5718.147439706101
5779,4576.817205700943
5780,8128.999092561386
5781,4244.499471565128
5782,6019.873551091412
5783,16748.847055555554
5784,3772.8157274194887
5785,4791.847014904091
5786,8602.802017426615
5787,6030.255077192983
5788,6159.992312534035
5789,6374.888577192984
5790,4879.427348237426
5791,6097.631311558269
5792,4079.09118331755
5793,7197.309486294237
5794,4932.718832448085
5795,5628.079149428743
5796,5882.62224306414
5797,4492.2292777805305
5798,6190.900417381984
5799,5382.08853525641
5800,3613.82884965035
5801,7592.084580959856
5802,8964.491695850766
5803,3682.2033888916417
5804,6093.171144891601
5805,5737.579127699444
5806,4712.6206331956955
5807,7924.299860009352
5808,5700.24863760468
5809,8294.115738419308
5810,4367.026221877892
5811,4428.266354619541
5812,5839.875201305652
5813,3720.167551067911
5814,6320.609348625157
5815,3619.859141625187
5816,5137.561980009024
5817,4419.122075098576
5818,5437.2192300416555
5819,4909.1326302364205
5820,5771.423271286413
5821,5696.764468126722
5822,6871.37288549367
5823,5432.834472365259
5824,6680.626881089108
5825,5833.556826271072
5826,7165.052269342685
5827,7562.52828144131
5828,6327.409061397257
5829,3036.442812217194
5830,5252.385560525707
5831,6198.359089612361
5832,4539.41189313754
5833,9800.759337791837
5834,5426.921318018851
5835,6087.276540989687
5836,8507.003874323022
5837,5748.884058133599
5838,3984.821661397724
5839,8393.455863401949
5840,8770.171196735282
5841,5232.111631375568
5842,6169.253724310251
5843,8374.071872933848
5844,5815.643609768615
5845,4860.319907754202
5846,6213.188166180293
5847,5053.784124416504
5848,5224.044767273647
5849,6396.668132691861
5850,4594.314271891655
5851,5732.1572338918095
5852,6359.1078542625655
5853,6978.965269018903
5854,6420.910091389474
5855,4975.049318998402
5856,5877.952592042214
5857,3566.04584634942
5858,6588.418947020567
5859,6129.781218410267
5860,5337.35220606137
5861,5552.538226343173
5862,5379.71002573465
5863,7655.847601227723
5864,5197.773661583854
5865,4307.292965528016
5866,5582.731564377605
5867,6161.595868703576
5868,5765.115811408511
5869,4445.347409943202
5870,3836.080503622392
5871,5839.883636649691
5872,6851.18
5873,4764.372620053616
5874,6364.714750673458
5875,6278.381140853453
5876,4929.374434171617
5877,5111.695610814559
5878,3625.8907791482034
5879,5352.976094428362
5880,5942.172148803023
5881,5469.7479446190255
5882,6510.799232618975
5883,6953.397603008558
5884,4529.994805142303
5885,7250.111368765526
5886,3176.722958091025
5887,2847.019817392149
5888,6098.167969297885
5889,8450.609820637219
5890,6792.352705996796
5891,5635.973606939152
5892,4230.2222602858055
5893,5854.754920542216
5894,7273.271717777589
5895,4754.7588926307235
5896,6956.654720388054
5897,4551.67493334394
5898,4127.021693391931
5899,4501.056749810818
5900,4777.931892874749
5901,4945.509249712356
5902,4063.3646719302155
5903,4299.744803576373
5904,3453.0686870817303
5905,6188.158392640205
5906,5728.747491146771
5907,4651.703549780608
5908,5402.921764956296
5909,5916.836390968378
5910,4858.466776785526
5911,4890.401754304666
5912,7345.948062896228
5913,6695.439029932872
5914,6376.289989796812
5915,3729.047454325468
5916,12352.889586093886
5917,5807.912902495224
5918,4241.101802085996
5919,7616.293208740493
5920,6566.269829170829
5921,6047.465888646725
5922,5605.769017251132
5923,5873.0951904761905
5924,7691.285555555556
5925,10308.631857346647
5926,4154.346374603175
5927,3523.07
5928,4859.7565417322685
5929,6188.7402043209995
5930,5561.693333333333
5931,7582.040779244337
5932,7354.276144444444
5933,5630.178240740741
5934,3823.93200952381
5935,5259.9385
5936,7587.725745992424
5937,4325.4467057471265
5938,5944.530597287824
5939,3677.8770661338663
5940,6282.000375065601
5941,5765.534587366581
5942,6360.019072519868
5943,6722.044293406593
5944,5707.7356262723215
5945,4035.4989627849004
5946,6132.160867546805
5947,6498.350610265936
5948,6806.344960285329
5949,6465.242838620915
5950,6821.827534213471
5951,5126.922307692307
5952,4216.019173497366
5953,8414.450325722335
5954,4973.850461904762
5955,9862.406533333333
5956,5736.504941620879
5957,4371.26
5958,5373.48
5959,5914.066644444445
5960,6258.972268280165
5961,6614.537097414827
5962,3506.733333333333
5963,4210.4232
5964,5219.4
5965,6483.515625
5966,7882.4115
5967,4856.09
5968,4742.071294871795
5969,5267.2977948717935
5970,5625.56
5971,4349.485174242424
5972,8412.47
5973,8104.516071428571
5974,9222.12
5975,4039.4
5976,4907.0371428571425
5977,8615.6
5978,7032.395
5979,4283.98
5980,9297.54
5981,5174.85
5982,4173.25
5983,4581.46
5984,3830.16
5985,4759.6475
5986,4545.69
5987,4155.25
5988,4440.83
5989,7193.41
5990,6209.47
5991,20182.71
5992,5403.76
5993,3447.87
5994,5652.62
5995,7798.49
5996,5182.912666666666
5997,5416.34
5998,4806.467809523809
5999,6890.774
6000,5646.880416666666
6001,3265.94
6002,4841.27380952381
6003,5313.42
6004,6837.642900432901
6005,5767.461666666667
6006,8427.35
6007,3765.38
6008,3759.25
6009,4201.53
6010,7708.57
6011,9019.69
6012,6902.78
6013,5735.03
6014,4394.76
6015,4668.66
6016,3545.14
6017,6701.62
6018,7561.03
6019,8214.88
6020,4069.835
6021,3726.57
6022,4356.88
6023,5140.32
6024,8695.23
6025,5528.52
6026,4233.174
6027,3871.59
6028,6201.29
6029,3091.21
6030,5843.782571428572
6031,3138.26
6032,5279.52
6033,6077.355904761905
6034,4332.08
6035,6454.897619047619
6036,4334.43
6037,4281.278
6038,5988.75
6039,5144.52
6040,8680.968571428572
6041,4864.05
6042,5970.995952380953
6043,6251.318333333334
6044,7616.475
6045,5163.695902097902
6046,6931.51
6047,3541.11
6048,4157.8108571428575
6049,5489.52
6050,4750.903377198748
6051,7595.785225551883
6052,6198.524097165305
6053,4133.5
6054,5826.627142857144
6055,5446.51
6056,7919.26
6057,3117.57
6058,11073.564545454547
6059,3691.83
6060,5112.092112299466
6061,6787.741547619048
6062,5148.23
6063,4607.7733333333335
6064,5107.9113333333335
6065,5755.207390205598
6066,4052.9437847973763
6067,4290.543610599926
6068,6782.79
6069,6301.719803425404
6070,5191.7915942028985
6071,3906.89552631579
6072,6141.318715686274
6073,8555.464793802259
6074,5456.2919279448615
6075,4278.8131461988305
6076,5579.112151117938
6077,5576.7851044106155
6078,6158.004635259924
6079,6363.923325726654
6080,3307.6424116161616
6081,5918.327040012367
6082,4834.063082706767
6083,5782.17
6084,6347.02454278813
6085,3918.2496078431373
6086,4572.323059320582
6087,3586.909428190617
6088,5906.696928901256
6089,7873.098767316018
6090,4458.96125
6091,3657.1634444444444
6092,5714.937956679033
6093,4540.729233534439
6094,4736.549777777777
6095,6908.75816475262
6096,5450.672888598401
6097,7085.735244858914
6098,4219.365689223057
6099,4224.127852970701
6100,4904.659407467532
6101,7463.929226619477
6102,6565.918034188034
6103,6488.615854129449
6104,6242.383076235568
6105,4945.118014527845
6106,6530.99435760919
6107,4602.291182048496
6108,5802.123826760391
6109,7512.022518793155
6110,5386.057310344829
6111,8635.2539518942
6112,6692.901349684485
6113,5212.5785
6114,5233.405186044274
6115,6298.5989355742295
6116,5980.400092977328
6117,4625.050148962149
6118,3724.5650793650793
6119,4827.474401663697
6120,6204.835
6121,4781.496
6122,4340.2716666666665
6123,6911.227257763975
6124,5944.0
6125,5210.28
6126,4303.62
6127,4632.767142857143
6128,5569.359917897464
6129,5781.17
6130,5131.4
6131,4559.019762375948
6132,4346.116666666667
6133,5333.045469063424
6134,2745.65
6135,5462.2522054155
6136,3463.83
6137,7198.81
6138,5280.213333333334
6139,4909.503333333334
6140,5419.577622160822
6141,3638.65
6142,4376.478249793523
6143,9371.736114869627
6144,4863.49
6145,6509.9726024257725
6146,6761.27
6147,4452.48
6148,5495.402970083587
6149,4939.329166666666
6150,6272.232651964715
6151,8857.0
6152,5747.199151964715
6153,2485.33
6154,4067.5133333333333
6155,6532.654129170128
6156,6852.59
6157,4350.558181818182
6158,5754.393166666667
6159,4104.572469635627
6160,4533.01
6161,2707.75
6162,4110.110384615385
6163,5216.643423798101
6164,5435.782148871976
6165,5855.398023310023
6166,3798.6368627450984
6167,6446.28054138224
6168,6705.12266465276
6169,6628.265460949057
6170,3842.021662443219
6171,7336.728935185185
6172,7774.796333333333
6173,4437.546545872553
6174,6379.829730590207
6175,3986.932502677864
6176,5242.1572530180865
6177,3001.669606060606
6178,5439.622618204757
6179,3555.23230952381
6180,8241.695380090498
6181,5962.37
6182,6513.139002152066
6183,7009.044713423831
6184,4752.599212210991
6185,6253.852857142857
6186,16101.14
6187,7939.926484940133
6188,4274.7403125
6189,2350.9
6190,4926.032161898485
6191,8027.665
6192,4867.345985727481
6193,11065.82
6194,16939.29
6195,2492.31
6196,3838.1334278002696
6197,8397.16
6198,3637.1602777777775
6199,7004.975952380952
6200,5144.155000000001
6201,5577.329156161348
6202,3449.06
6203,5398.48
6204,4936.187178901128
6205,6370.8795852441435
6206,5195.880115409065
6207,4894.4528607212205
6208,4808.065144325356
6209,5668.705423076924
6210,3582.0525
6211,4003.5719493575807
6212,6807.55
6213,4711.2649214092135
6214,4588.966255411256
6215,5876.113442028986
6216,5115.995830731472
6217,4776.282986156001
6218,6244.300483202415
6219,5587.1910800492615
6220,7016.605238095238
6221,6034.323112018709
6222,6195.787351573066
6223,4716.600247432306
6224,3081.526371491218
6225,5149.937158385094
6226,5899.287054334555
6227,4605.863482159159
6228,4196.508
6229,6880.783333333334
6230,5693.59375
6231,7413.69442777247
6232,6198.860298701299
6233,4626.4778070175435
6234,4329.000337105183
6235,4006.385
6236,7340.705
6237,3884.505
6238,6569.038333333334
6239,13109.696000000002
6240,6440.59037921304
6241,6596.26
6242,3857.524166666667
6243,3981.322654381692
6244,5786.135323361823
6245,3241.2333333333336
6246,4915.198201273533
6247,8263.862833969952
6248,4557.916119255629
6249,11670.45
6250,10536.27
6251,4461.869822325631
6252,5759.8110516452625
6253,5774.86090475414
6254,5079.69861006763
6255,4554.8155
6256,8138.075134738323
6257,5766.653333333334
6258,6521.61428123721
6259,4210.63
6260,6282.6582319561685
6261,4413.177074527182
6262,7886.37
6263,5308.542277777777
6264,4852.404
6265,5716.419174082865
6266,5188.17
6267,5846.343601595499
6268,8267.32331013431
6269,5102.203840596819
6270,8029.208030303031
6271,5499.165313618963
6272,7049.78672169545
6273,5267.463385969293
6274,3908.06
6275,4801.633988301348
6276,5919.3277948098685
6277,5482.234377189125
6278,6023.245521978021
6279,5504.889067665314
6280,6461.5370684521795
6281,4682.1383407778685
6282,6961.751141425484
6283,6137.10621031746
6284,3224.1496666666667
6285,10586.61
6286,15369.57
6287,5350.494285714286
6288,5480.479191493165
6289,7267.1
6290,8321.808461538461
6291,9171.795169082126
6292,4952.782261904762
6293,6025.3756563292745
6294,4823.810886011981
6295,6642.817234848486
6296,3526.3386910407153
6297,4678.268492063492
6298,4457.388659542732
6299,4605.516827586207
6300,6337.802433566432
6301,4281.62608247243
6302,3582.5103333333336
6303,5170.484728597508
6304,3180.7768195488716
6305,3360.4
6306,5046.11753079531
6307,4889.42
6308,6762.6231663034705
6309,6957.210860119458
6310,5704.536595238095
6311,5307.022882871219
6312,5249.94295429979
6313,10150.954452380953
6314,6304.3640000000005
6315,4165.80186954365
6316,3937.3496239529572
6317,6615.671836834734
6318,4105.580203463203
6319,5726.363863190173
6320,3342.6696677975615
6321,4384.839202876984
6322,5401.581970785037
6323,4986.014238095238
6324,4243.949192683673
6325,7577.1662190793695
6326,8260.91109407937
6327,9998.20396969697
6328,4957.924289423721
6329,8194.2
6330,2593.9949166666665
6331,4213.145175675268
6332,5022.786752168716
6333,2917.67
6334,6437.919663772203
6335,4036.3669468820062
6336,4617.079792871796
6337,7178.185714752705
6338,9435.937666413298
6339,8080.803000000001
6340,4342.484864670884
6341,3967.5323219222296
6342,7767.488876623376
6343,6012.061912853803
6344,5227.143552404813
6345,4041.5165487402487
6346,5095.0775
6347,7841.05
6348,3828.903113067734
6349,4783.096665144805
6350,6510.785403159823
6351,6381.856544948067
6352,11705.39
6353,4431.650122333549
6354,13045.065
6355,5743.545142080746
6356,4085.230405370844
6357,2988.6643487223496
6358,5106.513733625793
6359,4814.976436861576
6360,4652.733976799415
6361,5828.9845121926455
6362,4479.508060666268
6363,3700.9603218673215
6364,5271.300217494731
6365,2904.437952380953
6366,6952.844441558443
6367,5421.061940105455
6368,6498.8356878882
6369,6587.5052242006805
6370,3697.4655834604623
6371,8007.459857170743
6372,6072.892943840581
6373,4361.72268797954
6374,5056.535702652858
6375,4268.095114561546
6376,8520.841166666667
6377,5820.015
6378,3364.825854037267
6379,6521.196016666667
6380,6516.792314396981
6381,5522.242684104746
6382,4855.737783691281
6383,7142.855398071131
6384,4722.975259916381
6385,5260.77
6386,4817.933333333333
6387,7342.41
6388,4970.179282187304
6389,4845.334210894773
6390,4167.25
6391,3762.77
6392,3139.020407309513
6393,4383.873681157551
6394,6514.44
6395,7234.486880981613
6396,8873.045
6397,8216.388461999928
6398,6416.139515151514
6399,5405.423270249488
6400,4457.498682828739
6401,9449.927772695299
6402,7829.429040376587
6403,5386.223031746032
6404,7634.75
6405,7202.233217451398
6406,4735.49
6407,3079.166666666666
6408,8995.09
6409,7351.9970151515145
6410,5321.97313604481
6411,5035.840952380952
6412,2065.85
6413,9312.059611702585
6414,7642.3770151515155
6415,7907.607015151515
6416,4167.202788980947
6417,5292.3336818181815
6418,5720.55626934421
6419,6003.48
6420,5877.63
6421,4473.653333333334
6422,3988.304238095238
6423,3198.49
6424,2484.95
6425,5749.24
6426,15789.61
6427,4643.894285714286
6428,4407.791471861472
6429,5607.514146027242
6430,4211.431554112554
6431,4560.3
6432,4440.668138528138
6433,3584.0714622926093
6434,5530.24
6435,5135.824770647653
6436,3693.4064487179485
6437,6644.0453333333335
6438,4043.200079365079
6439,4327.497540684934
6440,6966.793333333332
6441,6404.43
6442,8622.908241161616
6443,4173.702349664935
6444,6058.096764705882
6445,3826.8064444444444
6446,4492.677145647653
6447,12522.289710034016
6448,7666.0175222816415
6449,5643.150934980053
6450,4357.122459788737
6451,3719.249924242424
6452,4907.222673701298
6453,4691.730029304029
6454,9199.309935606061
6455,4318.4922585839595
6456,4932.0
6457,5472.7945892378475
6458,3846.0744444444445
6459,5586.352222222223
6460,5656.135555555555
6461,6607.4
6462,5442.8905
6463,3430.96
6464,4970.488800420169
6465,5550.554870775023
6466,7375.975
6467,7689.511617068199
6468,5646.280108870262
6469,3614.662810499958
6470,6409.936034050343
6471,4926.099934453781
6472,3991.029815697362
6473,6073.346151821191
6474,6254.560166574367
6475,5342.811759771119
6476,4885.181890756303
6477,5360.087849884982
6478,7154.642
6479,4894.741601658398
6480,5591.99131479159
6481,5799.343333333334
6482,3707.9866666666667
6483,7796.58403968254
6484,5062.46
6485,4031.421768729423
6486,8994.941706349206
6487,4972.011253582712
6488,2971.23204725993
6489,6618.540856532357
6490,7819.3175
6491,7487.488003663003
6492,4407.186275252525
6493,4899.304586916045
6494,5047.894486694201
6495,6398.6156746823435
6496,4891.391175554609
6497,6581.67731137752
6498,2744.6040000000003
6499,4891.659545851091
6500,5250.978485862727
6501,4233.640833333333
6502,3688.218613386614
6503,6511.0062403405245
6504,5820.377386904762
6505,4909.908143974147
6506,6683.325341307604
6507,4656.452997274178
6508,6865.099068140494
6509,4530.54
6510,5983.729765018607
6511,4628.734943883731
6512,6239.5676153661325
6513,6886.868963310011
6514,4355.056500000001
6515,6848.7
6516,7156.78
6517,5973.7906309523805
6518,3679.476575757575
6519,3221.475852272727
6520,5899.779316263345
6521,4654.0470000000005
6522,6583.809593707643
6523,5413.513333333332
6524,4677.907652680653
6525,6408.1026517718155
6526,5149.981472222223
6527,4396.09
6528,6493.646966991343
6529,4279.259
6530,6808.118062229437
6531,8160.1
6532,6304.71
6533,4061.49880465368
6534,4195.49
6535,3631.781333333333
6536,2890.1536507936507
6537,6998.306547619049
6538,4677.8983333333335
6539,7223.754221320348
6540,3348.190384615385
6541,5826.13
6542,5481.039157084462
6543,9188.292619671995
6544,3739.3126709006174
6545,3847.0043124236877
6546,3924.8267311736777
6547,6737.544991295254
6548,4799.930259103642
6549,6015.169735058364
6550,6218.359461932469
6551,8184.621869491621
6552,5905.389797232679
6553,6227.403699113191
6554,4975.759482455632
6555,3867.767810592185
6556,3965.744038302277
6557,8547.476938286312
6558,7436.025472837442
6559,6370.979212216705
6560,13852.09
6561,4664.037014758947
6562,4385.921393939394
6563,4953.251847772235
6564,6433.618622175788
6565,6455.952024953567
6566,4931.372021145521
6567,6448.146010268368
6568,6231.041082615024
6569,7787.818065476191
6570,5672.8007240014895
6571,4353.97302930403
6572,4539.781474120083
6573,4051.5656666666664
6574,3153.979862583494
6575,3837.677311111112
6576,6761.89872754752
6577,13510.182796717172
6578,5153.446130050505
6579,4433.7279381940525
6580,5930.711742424243
6581,2994.6196031746035
6582,4798.893975401294
6583,3581.343352272727
6584,7528.217071851351
6585,4960.207180529497
6586,5214.666769776792
6587,10424.745662112793
6588,10240.22
6589,5973.136673783896
6590,5537.855614805579
6591,3372.8180352303525
6592,4736.673266592998
6593,5088.819204756227
6594,7665.349178743962
6595,4034.9966666666664
6596,3393.3095079365075
6597,4608.400982885489
6598,5104.575864133986
6599,7251.57199378882
6600,5069.252235143506
6601,3521.1357881701633
6602,5913.088647259505
6603,6296.89258075258
6604,6115.995
6605,3510.2092857142857
6606,3225.4211111111113
6607,6236.989952265696
6608,3749.1490000000003
6609,8242.04821346812
6610,3857.63
6611,4016.145
6612,5268.596852623546
6613,4689.476785714286
6614,3132.3696491228075
6615,4887.609285714286
6616,5131.656964285714
6617,7923.145328282828
6618,7279.4172777777785
6619,5168.781430578572
6620,3717.1525
6621,4826.775845588235
6622,6799.71
6623,4002.201137908831
6624,4552.527187229437
6625,5540.0312998557565
6626,9511.875236349104
6627,5764.20450304876
6628,5215.858196558653
6629,6697.125
6630,3625.0077777777774
6631,7811.471163071381
6632,4683.3679999999995
6633,10773.77
6634,4750.727985764236
6635,4508.186911626033
6636,1730.4383506164875
6637,3816.577984182372
6638,6725.7709967355695
6639,14475.933542857143
6640,3246.1189266420693
6641,3823.9766428571434
6642,7611.43002521808
6643,5841.224404207573
6644,5316.702480089303
6645,6660.452636231884
6646,4780.808257189226
6647,5554.109158372914
6648,3849.6840595238095
6649,7935.293670572953
6650,4757.615079394759
6651,5786.8605030969475
6652,6041.681032885998
6653,3986.740416709323
6654,6370.547701680673
6655,4438.760059469942
6656,3255.291390858578
6657,7538.395635811752
6658,7510.436138567693
6659,3729.9421847957838
6660,5717.95752439994
6661,5167.565981481482
6662,3668.2750196699794
6663,7563.00635414909
6664,5546.019916779034
6665,7556.753888567693
6666,3810.6237271769314
6667,3970.2453333333333
6668,5907.308393913147
6669,2930.4335714285717
6670,6178.480256331568
6671,3516.6129893162392
6672,5208.256846115757
6673,4272.011446581949
6674,4547.32238567071
6675,5796.065108521243
6676,5713.631903086057
6677,5017.93125
6678,6536.8166666666675
6679,5576.032596945951
6680,6680.45586690626
6681,5529.3129676103235
6682,6111.6365246796795
6683,7169.38443005071
6684,6151.042302390784
6685,2701.031365825793
6686,5118.412050135291
6687,6256.0276039780865
6688,4037.949080635313
6689,9185.900542761692
6690,4621.937370986485
6691,5319.442913864454
6692,8596.143101825664
6693,5992.130299835294
6694,3071.8755034041997
6695,7659.622170680688
6696,7870.773192186063
6697,4610.076873871125
6698,6237.99429676522
6699,8276.314069499073
6700,4688.109459004583
6701,4253.841554547675
6702,5391.244321545816
6703,4650.973231216848
6704,4520.877368934392
6705,5842.9245947943955
6706,4157.408803997496
6707,5480.765046972758
6708,5554.879481956961
6709,4813.249444324302
6710,5741.791850411453
6711,4932.053223967439
6712,5486.732737441659
6713,3818.8250240642274
6714,6065.101678123469
6715,5730.409721237041
6716,5040.152889978824
6717,5607.027222229581
6718,5221.099333333334
6719,7785.936290518838
6720,4411.61760620915
6721,4192.906669970553
6722,5116.468013249336
6723,6039.076761548287
6724,6198.826602813853
6725,4102.849137847186
6726,3434.679613650205
6727,6471.598393141048
6728,5992.71
6729,4487.91878895178
6730,6285.2210710720965
6731,6223.809116363899
6732,5636.307458229291
6733,4354.906997592451
6734,3879.1501382035167
6735,5284.644166666666
6736,5183.738950593474
6737,5148.94144973545
6738,7906.358501747848
6739,7212.915124078924
6740,4092.2080096707655
6741,7970.632021741359
6742,3269.551702081758
6743,2757.9591619047624
6744,6018.151795098048
6745,9051.614666666666
6746,6533.756670003978
6747,5599.541983716475
6748,3908.7744932659934
6749,5730.704027087647
6750,7720.696331884058
6751,4494.145058823529
6752,6188.364949908618
6753,4333.894868811743
6754,3859.116566796594
6755,4179.2269016199825
6756,4144.726265816302
6757,4912.7842079730435
6758,3312.4596458585
6759,3658.2821932219226
6760,3233.349697718233
6761,5987.012035645073
6762,5733.1805597643115
6763,3413.0141156605946
6764,5591.350411005663
6765,5162.180284228778
6766,4253.636056466287
6767,5146.041416666667
6768,6380.249518495892
6769,7203.703927050119
6770,5447.790648672199
6771,3608.115416666667
6772,10767.116325069783
6773,5509.864754844248
6774,3872.4370833333332
6775,6875.64
6776,6491.916274509805
6777,5753.763491294526
6778,4345.48
6779,6054.169166666667
6780,7257.85
6781,9524.04815635563
6782,3664.706903846154
6783,3447.19
6784,4216.85
6785,6269.801462472435
6786,4736.437272727273
6787,7434.5298540046115
6788,7523.6736518551115
6789,5128.8575
6790,3669.0008000555895
6791,5061.097785714286
6792,7516.88502243138
6793,4123.012213975004
6794,5178.52
6795,3806.0357854035747
6796,6319.507142857143
6797,5949.383822594072
6798,6260.854191712934
6799,6563.240050169272
6800,5488.959046519761
6801,2949.62
6802,5479.34
6803,6133.730825347629
6804,6483.220340909091
6805,6183.3612878538715
6806,6106.73
6807,4536.58
6808,3544.785068263771
6809,7757.527242831662
6810,3671.4822249856825
6811,9712.291212585033
6812,5067.64
6813,3331.09
6814,5815.38
6815,5365.343351215272
6816,6426.939241841155
6817,6579.5414036576485
6818,3620.3
6819,3718.5476689342404
6820,5381.51
6821,6299.25885001946
6822,7990.825991380988
6823,4561.33
6824,5083.467397167487
6825,4786.291352753568
6826,5187.42
6827,4322.681732146801
6828,8053.75
6829,6311.1648214285715
6830,9524.65
6831,3513.07
6832,4552.325
6833,8192.69
6834,7763.327380952381
6835,3858.96
6836,8455.85
6837,5400.3
6838,4248.49
6839,4203.77
6840,3645.26
6841,4527.8533333333335
6842,4600.98
6843,3752.62
6844,4047.7275
6845,6835.82
6846,6259.151428571428
6847,17832.14
6848,5527.68
6849,3403.28
6850,5494.41
6851,7897.37
6852,4265.408095238095
6853,5272.32
6854,4346.585333333333
6855,6991.191999999999
6856,5965.092916666667
6857,3203.95
6858,4445.975333333334
6859,5163.44
6860,6762.102503607504
6861,5302.54
6862,7927.1
6863,3550.22
6864,3517.25
6865,4044.59
6866,7038.6
6867,8208.34
6868,6909.57
6869,5701.6
6870,3110.07
6871,4443.84
6872,3657.69
6873,5735.94
6874,7789.94
6875,7851.48
6876,4043.065
6877,3431.67
6878,3556.72
6879,5044.21
6880,7806.94
6881,5364.39
6882,3568.42
6883,3862.75
6884,6381.798000000001
6885,3403.99
6886,5638.710190476192
6887,2914.33
6888,5060.37
6889,5800.087690476191
6890,4295.05
6891,6055.349285714286
6892,4317.82
6893,4163.76
6894,5117.36
6895,4849.765
6896,8100.26
6897,4491.41
6898,5921.513915343914
6899,6258.3949710144925
6900,7409.25
6901,5035.042902097903
6902,6891.04
6903,3484.9
6904,4011.73
6905,4368.25
6906,4434.1603771987475
6907,7341.060225551882
6908,6023.3976194325105
6909,4023.19
6910,4711.26
6911,5363.6
6912,6908.94
6913,3194.77
6914,10529.35
6915,3065.28
6916,5199.702794117647
6917,6109.236428571428
6918,5263.72
6919,4591.083333333333
6920,4893.83
6921,5403.146079139471
6922,3934.759022892614
6923,3845.038995215311
6924,6768.61
6925,5946.87941881002
6926,4981.008260869566
6927,3944.95552631579
6928,5655.6775
6929,8476.911631409097
6930,5334.991011278195
6931,4249.550646198831
6932,5353.937340523936
6933,4961.47349726776
6934,6301.608737861421
6935,6299.270624298848
6936,3105.089772727273
6937,5918.066838584562
6938,5080.5259160401
6939,5410.42
6940,6268.683431677018
6941,3655.125555555556
6942,4406.361892653915
6943,3649.758436127125
6944,6072.145632235357
6945,7520.368858225109
6946,4373.40125
6947,3555.1969444444444
6948,5878.7554902408765
6949,4427.135233534439
6950,4681.715777777778
6951,6935.573529831983
6952,5321.282502980549
6953,6592.983702001772
6954,4020.711295434471
6955,3949.957265151515
6956,4630.8012288961045
6957,6887.776948841697
6958,6693.114644945697
6959,6192.15468640759
6960,6249.358565230866
6961,4732.498014527845
6962,6587.178674443314
6963,4486.937580985197
6964,5469.601351317787
6965,7509.478209253653
6966,5227.192310344828
6967,7769.152590783091
6968,6723.902119510063
6969,5057.4985
6970,4981.411998438396
6971,5588.675281728077
6972,5769.757832416627
6973,4704.110516033675
6974,3564.0776068376076
6975,4571.067532976827
6976,5677.671666666666
6977,4618.766
6978,3841.109166666667
6979,5826.928214285714
6980,5540.264807692308
6981,5173.7
6982,4304.26
6983,3906.84
6984,4876.032473453018
6985,5767.15
6986,5046.56
6987,4340.100319727407
6988,4551.865454545454
6989,5012.061875905818
6990,2624.8375
6991,5023.202320494865
6992,3512.41
6993,6727.32
6994,5479.3533333333335
6995,5225.003333333334
6996,5321.340110413181
6997,4171.84
6998,4110.059005585812
6999,8048.129173311184
7000,5043.78
7001,6018.182742655035
7002,6083.99
7003,3556.58
7004,5098.95154092146
7005,4806.625
7006,5573.552323414704
7007,8797.77
7008,5079.758894843276
7009,2261.57
7010,4383.1625
7011,6533.923569864052
7012,6674.94
7013,4132.83
7014,5540.554897435896
7015,3877.0524696356274
7016,4360.285
7017,2515.7
7018,3427.57
7019,4925.500340177454
7020,5188.4553787433915
7021,5967.07158008658
7022,4284.714362745098
7023,6277.2030428095495
7024,6343.252939889594
7025,6309.965386979541
7026,3362.3631143506036
7027,7407.884411375661
7028,7682.813
7029,4318.707610532468
7030,6008.733290780447
7031,3701.5810379185823
7032,5058.231573792715
7033,2721.23
7034,5444.364696343285
7035,3433.5583516483516
7036,7836.582289181408
7037,5809.414000000001
7038,6523.803665639538
7039,6878.574789181407
7040,4489.119098642185
7041,6121.86
7042,15493.606666666665
7043,7817.482895244743
7044,3835.1503125
7045,2077.7633333333333
7046,4878.307850286122
7047,6203.366543859648
7048,4748.841826659684
7049,11281.21
7050,16283.42
7051,2883.84
7052,3601.679400452488
7053,6282.74
7054,3963.2759848484843
7055,6178.070785714285
7056,4482.076428571429
7057,5378.090513304207
7058,0.0
7059,5766.665
7060,4852.876930190984
7061,6312.187401622208
7062,5156.625200032254
7063,4651.335186333246
7064,4601.387555463698
7065,5632.427941595442
7066,3589.5499999999993
7067,3972.9810961829776
7068,6335.12
7069,4207.99675
7070,4543.407588744589
7071,5503.371333333333
7072,4453.008154649486
7073,4748.649771870286
7074,5445.10562208975
7075,5364.944089308521
7076,6476.300510101009
7077,6070.611373769208
7078,5768.11735520832
7079,4683.224489856549
7080,3014.4429917903326
7081,4839.79009920635
7082,5855.932054334556
7083,4268.353907962157
7084,4098.948833333333
7085,6896.993333333334
7086,5647.421282051282
7087,7628.46367777247
7088,6088.833484848484
7089,3965.04
7090,3819.2350902302383
7091,3855.3105555555558
7092,7044.14375
7093,3908.13
7094,6545.748333333333
7095,11918.816666666666
7096,6221.256429880934
7097,4724.09
7098,3809.659791666667
7099,3733.781002070767
7100,5416.584986365487
7101,3101.786952380952
7102,4669.1953679401995
7103,8300.384786350907
7104,4433.109952851416
7105,11494.01
7106,10278.43
7107,4393.848486507498
7108,5562.015347609102
7109,5398.402366939014
7110,5064.806943400964
7111,4085.8755
7112,8093.948043466492
7113,5199.408757575758
7114,6188.393496516172
7115,3954.06
7116,5968.302783537173
7117,4208.578297889793
7118,6950.74
7119,4666.600538461539
7120,4571.09
7121,5503.289366361406
7122,5150.12
7123,5804.082338745836
7124,7808.505646520146
7125,5107.124773823842
7126,8067.535280303031
7127,5442.89458017932
7128,7073.390183510259
7129,4716.719023072386
7130,3826.24
7131,4742.241810231859
7132,5985.975017816887
7133,5294.51450614451
7134,5791.655714285714
7135,5354.383851382606
7136,6271.363683822469
7137,4334.53050700485
7138,6282.923397377865
7139,4931.800202380953
7140,3168.083333333333
7141,10635.25
7142,14473.38
7143,5390.3425
7144,5519.925442943749
7145,7125.46
7146,7806.918461538461
7147,8860.844634920635
7148,4097.853915750916
7149,5726.755098248466
7150,4573.213077422247
7151,6103.439484848486
7152,3050.997530198968
7153,4001.714611111111
7154,4409.6959253145005
7155,4624.059494252874
7156,5912.13929070929
7157,4109.283106281953
7158,3328.1181111111114
7159,5014.839121651541
7160,2851.481444444445
7161,3509.92
7162,4911.265998885418
7163,4579.966666666666
7164,6577.558975483045
7165,6602.317831692195
7166,5531.266595238096
7167,4959.909961959662
7168,4964.746200054899
7169,9137.820572878845
7170,5939.218666666667
7171,3746.3117038965934
7172,3876.7655035108246
7173,6382.126187688691
7174,4019.6791558441555
7175,5601.458298303594
7176,2728.91055278567
7177,3966.7026129875026
7178,5275.004739396611
7179,4824.625738095238
7180,4320.269775747185
7181,6916.103112526126
7182,6939.288154192793
7183,9501.55524929972
7184,4778.0504581997175
7185,7984.5325
7186,2418.360333333333
7187,4095.04574369087
7188,4808.545720448705
7189,2830.9
7190,6075.523660855021
7191,3891.3766031260893
7192,4611.417479657559
7193,7035.184047910132
7194,9018.296545201176
7195,6348.078333333333
7196,4293.089950529469
7197,3607.6390591017175
7198,8440.2591504329
7199,6612.434886662097
7200,4615.480480976242
7201,4005.1715938454367
7202,5247.4775
7203,7084.390666666666
7204,3826.948700988293
7205,4746.27856990671
7206,6311.507990734738
7207,5416.746677266043
7208,10548.89
7209,4269.390408434277
7210,12505.72
7211,5183.473733350587
7212,3923.965684782608
7213,2164.2845
7214,4498.943781524732
7215,4653.818489674885
7216,4369.948184782608
7217,5400.207107430739
7218,4307.178345087695
7219,3188.5381729323312
7220,5008.652733973578
7221,2945.7915476190474
7222,6787.296205030704
7223,5224.59792628127
7224,6399.7579259834365
7225,6305.405851655618
7226,3528.3892919022055
7227,7144.931968939392
7228,6082.565515269151
7229,4132.166967391304
7230,4698.020076139542
7231,4875.054252985925
7232,7861.308476190477
7233,5712.950279411764
7234,3495.7555586080584
7235,6324.860644334976
7236,6355.842881740584
7237,4949.1888185706075
7238,4753.136038147838
7239,6583.256222912957
7240,4720.0571488495725
7241,5160.84
7242,4650.898612745097
7243,6924.75925
7244,4242.969865218381
7245,4522.6436063169585
7246,4184.1725
7247,3827.35
7248,3356.718350857899
7249,4144.971047808916
7250,6455.9625
7251,7044.347669581901
7252,8711.2725
7253,7681.140742854694
7254,6104.888653846154
7255,5434.490292810262
7256,4468.6993484131535
7257,8697.996362161388
7258,7150.679727702851
7259,5313.0788095238095
7260,6078.65
7261,6260.340000198342
7262,4686.67
7263,2901.34
7264,8984.94
7265,7507.886153846153
7266,5417.475001124175
7267,4949.25
7268,2111.25
7269,7829.129945305256
7270,7742.766153846153
7271,8011.656153846154
7272,4452.169430006587
7273,5283.60032051282
7274,5681.4099955346865
7275,5498.04
7276,5612.74
7277,4219.515
7278,3970.324
7279,3390.28
7280,2376.15
7281,5639.466666666666
7282,15761.13
7283,3801.23
7284,4342.946330225331
7285,5474.356840471686
7286,3964.9728571428573
7287,4251.5
7288,4392.201868686869
7289,3001.8477380952377
7290,5260.15625
7291,5005.216381758763
7292,3311.718448717949
7293,6377.319936507935
7294,3869.0506031746027
7295,3967.499997792778
7296,6830.047103174604
7297,6732.24
7298,8494.030463383839
7299,3752.929254426841
7300,5047.85794117647
7301,3557.507
7302,4241.878034536541
7303,11870.471018939395
7304,7398.782688948308
7305,5674.115116798234
7306,4081.8354198916973
7307,3384.5557575757575
7308,4529.389245129871
7309,3545.375904761904
7310,7635.265151687931
7311,3877.084088888889
7312,4964.91
7313,5240.718197906957
7314,3450.965
7315,5164.495
7316,5255.056666666667
7317,6478.5
7318,5224.730666666667
7319,2901.08
7320,5076.696723214287
7321,5212.567769126673
7322,7140.52
7323,6884.9838812623375
7324,5194.936340555245
7325,3338.9797001103475
7326,6448.096420608229
7327,4310.2907773109255
7328,3692.59886331641
7329,5115.522997757365
7330,5617.542959867217
7331,4942.28763034499
7332,4640.083655462185
7333,5533.092006199682
7334,7168.284375
7335,4920.104860510658
7336,5467.072006136192
7337,5772.295476190476
7338,3529.6328571428567
7339,7554.378119047618
7340,5016.6125
7341,3635.2370147611696
7342,8834.250833333332
7343,4214.629417748917
7344,3090.38576068376
7345,6564.597856532357
7346,7658.23
7347,7182.359146520146
7348,4362.186472222223
7349,4247.4517207792205
7350,5199.317174321391
7351,5626.011890384125
7352,4730.2505902720595
7353,6168.882080677664
7354,2735.2666666666664
7355,4225.132371668215
7356,4935.94577799264
7357,4389.393722222223
7358,3585.3389393939397
7359,6117.426557190341
7360,5766.799026515151
7361,4571.311004233512
7362,6401.456693871707
7363,4611.469658805458
7364,6958.631195124622
7365,4503.05
7366,5821.586598351942
7367,4617.928306521094
7368,5864.515528064545
7369,6417.927118071916
7370,2809.4627002164502
7371,7018.46
7372,7051.81
7373,5664.005714285714
7374,3939.460301948052
7375,2940.997852272728
7376,5629.3051575331865
7377,4059.8095000000003
7378,6360.677633742065
7379,5073.078571428571
7380,3926.287243589743
7381,5896.270685634942
7382,4627.937371212121
7383,4092.825
7384,6394.927466991342
7385,3633.6601985645934
7386,6743.865031926407
7387,7891.47
7388,5896.28
7389,3489.5578760822514
7390,4198.601500000001
7391,3430.126666666667
7392,2588.653428571429
7393,6127.338333333332
7394,4497.150833333333
7395,6484.0236141774885
7396,3360.805384615385
7397,5939.9619999999995
7398,5594.638284068588
7399,8386.060000624375
7400,3663.3263455037913
7401,3847.0434917477164
7402,3871.242048633995
7403,6297.7987994228
7404,4470.507579365079
7405,6189.473100137728
7406,6029.919704229388
7407,8217.964804274228
7408,5590.071699064182
7409,5869.906090527331
7410,4867.103435204716
7411,3469.750944444444
7412,3766.5431948002197
7413,7911.032125961386
7414,7165.824127921099
7415,6230.549212216704
7416,13730.77
7417,4004.950857979158
7418,4197.162384199135
7419,4159.42144313796
7420,6634.995072572614
7421,6655.505767017058
7422,4889.267687812187
7423,6139.6094546331815
7424,6092.003217456027
7425,8020.882857142857
7426,5361.854640668155
7427,4249.731430979648
7428,4224.492749999999
7429,4133.535666666667
7430,3077.4055957767728
7431,3448.6513333333332
7432,6285.984568764568
7433,12222.795617229993
7434,4927.526709415584
7435,4225.280251743627
7436,5100.991159090909
7437,2787.1616666666664
7438,4735.385086512404
7439,3054.555018939394
7440,7325.946376096812
7441,4812.898035230352
7442,5189.879269776792
7443,10445.927356941262
7444,10139.11
7445,4772.198920588942
7446,5486.150223020938
7447,3382.699146341464
7448,4940.256652727286
7449,4969.94903808956
7450,7429.6902898550725
7451,4004.0366666666664
7452,3221.4268095238094
7453,4741.093228663758
7454,4841.576253022875
7455,6954.905595238095
7456,4584.9821646306855
7457,3592.6782881701633
7458,5574.009410080017
7459,5724.086543956044
7460,5456.23
7461,3455.1682857142855
7462,3133.486
7463,6169.9572384503845
7464,3899.2460714285717
7465,7940.781517178102
7466,3497.106666666666
7467,3858.94
7468,5072.744106411425
7469,4538.556785714286
7470,3014.5346491228074
7471,4812.958285714286
7472,4980.299714285715
7473,7843.334494949496
7474,6886.317777777777
7475,4814.674039552931
7476,3733.93
7477,4714.68436939776
7478,6944.56
7479,3913.2945522555947
7480,4258.666465007215
7481,5378.357555637256
7482,9445.92823180365
7483,5741.480700018457
7484,4896.048206715163
7485,6595.021333333334
7486,3605.8777777777777
7487,6993.2503062735905
7488,4002.1005
7489,9350.174
7490,4561.367972943723
7491,4133.8814409907345
7492,1881.866404035291
7493,3468.2382180929058
7494,6328.214412599759
7495,13975.0994
7496,3349.7648457080404
7497,3554.545162337662
7498,7687.704913891595
7499,5469.163679569892
7500,5231.970756208707
7501,6401.494223533471
7502,4878.606066713035
7503,5576.64701551577
7504,3543.344
7505,7569.7531924199975
7506,4287.238102497144
7507,5538.343581647637
7508,5759.370034277581
7509,4043.118651668494
7510,6092.740169934641
7511,4470.929742009624
7512,2997.0552956204833
7513,7404.537515105759
7514,7302.5710178617
7515,3543.4897704045793
7516,5612.336127879792
7517,4839.191055186202
7518,3727.338276080236
7519,7252.55885414909
7520,5206.410857255225
7521,7304.516386909319
7522,3325.2878588385706
7523,3639.449
7524,5945.944108853532
7525,2745.810058479532
7526,6071.5331346918665
7527,3187.12875
7528,4647.638888243849
7529,3867.59187912163
7530,4492.848913448487
7531,4996.785308908988
7532,5572.78144943523
7533,4830.99125
7534,6267.62
7535,5206.741985834839
7536,6307.188787978073
7537,5505.5898675441385
7538,6517.0803355481485
7539,7083.555645994319
7540,6111.1885521150125
7541,2582.208992637387
7542,4973.808457186573
7543,6184.7105203689825
7544,4320.43093187006
7545,8996.177166312094
7546,4443.172733638428
7547,4839.507286420002
7548,8210.706349327038
7549,5045.879403434453
7550,2891.8868345730302
7551,7772.908299741266
7552,7862.386968305466
7553,4767.864451169532
7554,5932.949770069692
7555,7499.1890312181495
7556,4527.336823279903
7557,4000.3115236427257
7558,5065.642112747973
7559,4663.178244811026
7560,4580.205132879828
7561,5523.821397824699
7562,3874.9313961541247
7563,6883.243111011954
7564,5176.6134266017325
7565,4933.983006144439
7566,5439.308103541856
7567,4778.330716964638
7568,5328.66494612661
7569,3648.6956122995207
7570,5846.416862959471
7571,5175.159309472334
7572,4760.049478214119
7573,5204.412240123261
7574,5261.168999999999
7575,7263.700868093318
7576,4109.147328431372
7577,4291.529008287274
7578,4756.938231657529
7579,5915.734277410259
7580,6308.510583987718
7581,3995.035396537026
7582,3305.9362229054736
7583,6774.199360143305
7584,5954.24
7585,4457.138776642704
7586,5996.544110743591
7587,5969.395420267401
7588,5122.077157772093
7589,3919.6776837343978
7590,3404.103910183526
7591,5264.265
7592,5224.686158342469
7593,4717.366116402117
7594,7013.735483021866
7595,6809.779253708555
7596,3794.90443494006
7597,6056.866259836596
7598,3180.458368748424
7599,2642.789976190476
7600,5981.3324725440125
7601,9354.306
7602,5775.871083980095
7603,5362.332936999302
7604,3729.245322510823
7605,5532.953392857144
7606,6295.846444017095
7607,4219.878225490196
7608,6108.072247821554
7609,4235.306452145077
7610,3910.548733463261
7611,4165.510901619983
7612,3933.0320071591523
7613,4630.589839286175
7614,3187.3728998267534
7615,3209.196517273576
7616,3429.297582112545
7617,6080.861126554164
7618,4356.5886666666665
7619,3358.4944778647096
7620,4490.336769230769
7621,4929.930582684813
7622,4267.235147375378
7623,4911.829333333333
7624,6123.158306898076
7625,6424.685726292543
7626,4933.2651372487335
7627,3384.79875
7628,9757.365906174951
7629,4673.005258196968
7630,3589.003333333333
7631,6752.396666666667
7632,6471.007248535778
7633,5314.954324627859
7634,4252.08
7635,6024.186547619047
7636,6558.948
7637,9948.521013498486
7638,3584.692403846154
7639,3256.9566666666665
7640,3873.74
7641,5244.721478094068
7642,4420.677272727273
7643,6398.202743615
7644,6355.75594526822
7645,5082.546666666667
7646,3269.4572044673546
7647,4898.64
7648,7023.002343859953
7649,3671.3004517201016
7650,5224.84
7651,3610.3702136248635
7652,6281.861666666668
7653,6059.6172114829615
7654,5645.967450010191
7655,6620.354595623818
7656,5218.157173503888
7657,2986.74
7658,5129.816666666667
7659,5341.972452331755
7660,6520.344396464647
7661,5739.481859282442
7662,5899.8
7663,4303.75
7664,3593.576424383142
7665,7231.688708199628
7666,3730.4747249856823
7667,8324.712295918367
7668,4861.3
7669,3406.13
7670,5947.71
7671,5040.529854359926
7672,6017.37701967366
7673,6028.321204005458
7674,2773.0566666666664
7675,3325.451557823129
7676,5449.68
7677,6070.465560545777
7678,7999.57026043
7679,4758.57
7680,4902.9058832785995
7681,4568.246022167488
7682,5027.68
7683,3506.144024938241
7684,7577.99
7685,6072.44
7686,9673.54
7687,3575.9
7688,4258.208333333333
7689,8183.34
7690,6932.707380952381
7691,3406.8
7692,7900.4
7693,5522.38
7694,4353.62
7695,3949.94
7696,3341.68
7697,4508.093333333333
7698,4448.71
7699,3797.9
7700,3640.12
7701,6856.07
7702,5626.337428571428
7703,17631.15
7704,5607.31
7705,3610.0
7706,5661.1
7707,8402.49
7708,4330.500416666666
7709,5003.120176470588
7710,4753.113333333333
7711,6721.917176470589
7712,5506.831926470588
7713,3208.55
7714,4535.441666666667
7715,5504.08
7716,6449.2392673796785
7717,5451.5851764705885
7718,8216.36
7719,3556.355176470588
7720,3733.51
7721,3739.14
7722,7044.425176470588
7723,8906.49
7724,7205.69
7725,5560.02
7726,3645.65
7727,4759.96
7728,3693.03
7729,6297.865176470588
7730,8015.41
7731,7969.195176470588
7732,4188.96
7733,3647.76
7734,3953.29
7735,5189.11
7736,7890.555176470588
7737,5435.28
7738,3635.33
7739,3853.27
7740,6477.489343137255
7741,3503.36
7742,5774.211571428571
7743,2870.9
7744,5152.055176470588
7745,5828.737571428572
7746,4439.805176470588
7747,6093.664285714286
7748,4374.635176470588
7749,4256.2501764705885
7750,5363.13
7751,5444.135176470588
7752,7950.449340659342
7753,4929.74
7754,5986.12575848117
7755,6263.54314748508
7756,7814.265176470588
7757,5295.294411901824
7758,7045.69
7759,3497.32
7760,4417.436033613445
7761,4656.38
7762,5441.3662343416045
7763,7722.335225551883
7764,6413.999194524085
7765,4229.73
7766,4932.52
7767,5240.6
7768,6975.54
7769,3255.54
7770,10016.947676470589
7771,3455.95
7772,5262.559294117647
7773,6370.656315789474
7774,5204.86
7775,4426.72
7776,4974.97
7777,5923.553130421522
7778,4262.233693222284
7779,4080.874171685899
7780,6640.52
7781,6363.229354707455
7782,5341.12
7783,3911.910702786378
7784,6059.4697871148455
7785,8705.699682691147
7786,5798.0947786578745
7787,4378.577370288466
7788,5353.992598235733
7789,5255.330449648712
7790,6289.090974372197
7791,6483.428097378611
7792,3173.5125
7793,6039.369168807182
7794,5123.144425844021
7795,5615.76
7796,6698.589219258717
7797,4019.62
7798,4260.093386701534
7799,3582.19026152395
7800,6234.144962457977
7801,7596.041219696969
7802,4640.9
7803,3823.6434444444444
7804,5667.671126019051
7805,4423.733830065359
7806,4680.187620915033
7807,7058.523057609763
7808,5452.495319015832
7809,7280.459575442057
7810,4215.464557133784
7811,3547.2958722943717
7812,4384.7110924369745
7813,7343.908259150671
7814,7075.5221235781755
7815,6176.278826898443
7816,6290.284882309021
7817,4619.723728813559
7818,6847.326573505265
7819,4578.382587787918
7820,5375.824820270233
7821,7261.5693221889305
7822,5191.644977011494
7823,8392.592961698123
7824,6351.909579667563
7825,5051.276
7826,5031.8363823046275
7827,5874.906212166919
7828,5859.241454908775
7829,4561.452811355312
7830,3536.438241758242
7831,4962.600967023173
7832,5781.225476190476
7833,4518.89
7834,3858.4056190476194
7835,6555.976023809523
7836,5674.6586410256405
7837,5191.37
7838,4420.17
7839,4189.477142857143
7840,5319.308071169026
7841,5797.07
7842,5082.51
7843,4679.832602184591
7844,4594.145454545454
7845,4978.001860470402
7846,2630.63
7847,5559.435605185664
7848,3257.3
7849,6788.14
7850,5551.424
7851,5252.54
7852,5343.407092897029
7853,3612.7925
7854,4150.798820212519
7855,8093.737683115106
7856,5047.145
7857,5681.870591192811
7858,6361.243333333333
7859,3671.57
7860,4827.942165162334
7861,4883.616666666667
7862,5878.008018911493
7863,8888.41
7864,5484.185518911494
7865,2496.96
7866,3934.0710098039217
7867,6367.271870294328
7868,6494.73
7869,4135.318181818182
7870,4986.7471428571425
7871,3965.9796666666666
7872,4436.796176470588
7873,2589.7
7874,3842.535
7875,5225.492764029561
7876,5198.343065119349
7877,6315.191484848485
7878,4486.6445
7879,6415.55700871119
7880,6859.092596988925
7881,6743.6791710630005
7882,3394.3702025986768
7883,7342.502328042328
7884,7989.665
7885,4493.599599138128
7886,6021.71073031968
7887,3718.454163951334
7888,5303.842199651795
7889,2517.7933333333335
7890,5674.517153599182
7891,3544.5823333333337
7892,8329.926812057223
7893,5967.904
7894,6564.212385528025
7895,6919.249034279446
7896,4742.031677005532
7897,6195.946666666667
7898,15737.15
7899,7738.985323617319
7900,4134.127455357143
7901,2292.173333333333
7902,4572.5347073035
7903,7077.108686716791
7904,4901.382102513418
7905,11384.86
7906,17008.15
7907,2559.887142857143
7908,3691.7148809523806
7909,6822.74
7910,3733.2990476190475
7911,6158.96120995671
7912,4888.4873809523815
7913,5322.088156161349
7914,0.0
7915,5607.556666666667
7916,4823.14632722806
7917,6701.937238923797
7918,5005.2907081804415
7919,4639.04991302198
7920,4660.634770003961
7921,5657.247243589743
7922,3592.298214285714
7923,4059.1103660242475
7924,6329.67
7925,4241.291285714286
7926,4440.885064935065
7927,5805.881466786087
7928,5053.666303589151
7929,3964.735972752738
7930,5798.143012302943
7931,5432.319513911696
7932,6653.878906926408
7933,6571.357263776635
7934,6663.684825891232
7935,5137.439692640693
7936,3088.1486621609165
7937,4827.525059523809
7938,5894.595447552448
7939,4405.225641333395
7940,4168.906666666667
7941,6877.457333333334
7942,5585.04
7943,7771.167185708977
7944,6367.641095959595
7945,4010.8633333333337
7946,4220.787550428373
7947,4061.2090000000003
7948,7653.34
7949,3882.23
7950,6360.787777777778
7951,13082.246000000001
7952,6148.356752120138
7953,4999.982678571429
7954,3820.099791666667
7955,3684.8104578231287
7956,5558.4416481481485
7957,3277.844662826421
7958,4746.58845933805
7959,8089.055031012158
7960,4557.776444790917
7961,11680.74
7962,10629.72
7963,4521.1163184958405
7964,5645.3906953519145
7965,5552.677258056752
7966,5307.452224644056
7967,4116.768
7968,8361.914196444848
7969,5189.511818181818
7970,6670.092653798708
7971,3840.9342857142856
7972,6263.873977750793
7973,4262.5853691571565
7974,6822.8075
7975,4916.057222222223
7976,4608.255666666667
7977,5641.60869538631
7978,5449.92
7979,5841.907681048003
7980,8064.16957125133
7981,5112.556927286141
7982,7784.1073636363635
7983,5468.6964593742205
7984,6974.106694790365
7985,4688.1696679445395
7986,3908.33
7987,4787.710634198614
7988,6100.271039709178
7989,5414.579459329669
7990,6018.623214285713
7991,5403.361072577532
7992,6290.279882020908
7993,4189.670659478552
7994,7101.571410697996
7995,5342.026781600367
7996,3327.216
7997,10342.39
7998,14552.49
7999,5244.866785714286
8000,5698.785585813553
8001,7213.16
8002,8023.051428571428
8003,9366.363134920635
8004,5005.233487179487
8005,5503.221452372413
8006,4606.5889866089565
8007,5883.611828282829
8008,3333.7173228576976
8009,4162.477762626262
8010,4473.58326760532
8011,4536.386888888888
8012,5874.365818181818
8013,3961.1417692856157
8014,3438.5564444444444
8015,5074.261065636785
8016,2767.8422777777782
8017,3328.32
8018,5131.4601852949045
8019,4789.58
8020,6411.302421850414
8021,6524.385945965188
8022,5756.9649285714295
8023,4921.179168610192
8024,4914.964073372098
8025,9046.385382402654
8026,5920.600333333333
8027,3815.9126916416917
8028,3695.611836606661
8029,7037.072178585051
8030,3971.933319264069
8031,5288.177710036577
8032,2664.840288530333
8033,3863.3619340659334
8034,5497.845216175428
8035,4816.698
8036,4566.437363541759
8037,7371.931523019954
8038,7409.873943474498
8039,9884.468885663357
8040,5065.134495043627
8041,7966.4275
8042,2241.536
8043,4421.511102526805
8044,5043.354401401085
8045,2722.53
8046,5973.81408873464
8047,3969.6355868392716
8048,4882.731697073051
8049,6605.474303030303
8050,8850.859047365677
8051,5920.9591666666665
8052,4522.508377116773
8053,3930.3003980741482
8054,8322.271745670996
8055,6324.246650452626
8056,5044.439560906561
8057,3872.028150635777
8058,4875.9825
8059,7230.710666666667
8060,3807.461381629929
8061,4962.509349127489
8062,6297.148589056319
8063,5980.117250995314
8064,11489.5525
8065,4387.35947253684
8066,12738.91
8067,5239.426411922015
8068,4425.386684782608
8069,2788.1939169719176
8070,4636.422670413621
8071,4748.015766682069
8072,4574.373827639752
8073,5788.717166666666
8074,4590.688718944662
8075,3584.704375
8076,5418.3791788034305
8077,3163.666666666666
8078,6960.295853174603
8079,5344.82117919193
8080,6542.673723602485
8081,6382.016083171909
8082,3636.25530426645
8083,8037.9866158114755
8084,6069.827646221533
8085,4139.132967391304
8086,4643.7008618538275
8087,4496.261129267429
8088,9015.55561904762
8089,5641.820279411764
8090,3730.4488682322244
8091,5921.986016666667
8092,6590.387160167323
8093,5256.978189132635
8094,4807.904901617701
8095,6914.2329578183535
8096,4718.989664744924
8097,5331.29
8098,4826.888612745098
8099,6792.45675
8100,4728.267848917829
8101,4774.291733815666
8102,4138.01
8103,3951.85
8104,3458.570368401759
8105,3956.3288816017316
8106,6601.91
8107,7280.409095320083
8108,8788.02
8109,8139.019788839755
8110,6741.938181818181
8111,5382.205714527434
8112,4592.733741588607
8113,9244.492783008658
8114,7902.966445460068
8115,5251.73630952381
8116,6381.74
8117,6904.296481412342
8118,4516.75
8119,3458.4233333333336
8120,9147.61
8121,8610.368542178541
8122,5442.93638533106
8123,5164.866666666667
8124,1820.01
8125,8435.781723739383
8126,9026.868542178541
8127,9256.588542178542
8128,4292.139430006588
8129,5290.5677088452085
8130,6094.120829335145
8131,5574.24
8132,5405.34
8133,4272.73
8134,4041.0775714285714
8135,3166.65
8136,2453.62
8137,5801.585
8138,16373.78
8139,4199.5509999999995
8140,4356.610117936118
8141,5280.563467611987
8142,4396.488333333334
8143,4405.96
8144,4759.606367936118
8145,3416.9741822882997
8146,5273.51
8147,5208.808492119125
8148,3385.360448717948
8149,6565.259936507936
8150,3684.2354761904758
8151,4583.107547577166
8152,7146.467103174604
8153,6867.58
8154,8350.599463383838
8155,4032.3381349206343
8156,5853.507
8157,3636.0056349206347
8158,4512.809228230235
8159,11070.336291666667
8160,7117.530019896903
8161,5448.119099261982
8162,4307.524812375687
8163,3651.760284602784
8164,4716.145352272728
8165,3708.4730158730154
8166,7996.471693031602
8167,4091.1931746031746
8168,5015.94
8169,5789.845842661798
8170,3863.012301587302
8171,5248.795555555555
8172,5022.425555555556
8173,6395.63
8174,5350.133333333334
8175,3190.97
8176,5041.851103174604
8177,5474.6462241268255
8178,7257.0325
8179,7516.64354991313
8180,5545.122390793491
8181,3557.704209160476
8182,6387.027423867357
8183,4321.40712254902
8184,3970.4439695435162
8185,5663.131747409427
8186,5777.325188136139
8187,5169.863869518613
8188,5045.375586080587
8189,5137.733253704203
8190,7319.194375
8191,5117.638651489419
8192,5428.321868832106
8193,5509.605
8194,3696.22
8195,7555.09335120285
8196,4868.536666666667
8197,3645.8213986942287
8198,9109.663938504438
8199,4639.71483982684
8200,2935.4867240537237
8201,6394.827293040293
8202,7648.2775
8203,7683.982035714285
8204,4388.246244949495
8205,4870.920950937951
8206,5138.430848924565
8207,5517.480906812786
8208,4653.875348949156
8209,6207.104710968764
8210,2665.066666666666
8211,4382.820822936262
8212,4907.066680097237
8213,4398.179
8214,3619.8330419580416
8215,6815.80184573577
8216,5756.795261904761
8217,4585.64783907514
8218,6671.547249427262
8219,4482.141871223758
8220,6951.595142425819
8221,4499.95
8222,5884.9920983519405
8223,4639.778195409982
8224,6008.179103931621
8225,6345.931085231194
8226,2856.3380555555564
8227,7060.75
8228,6833.79
8229,5711.248375
8230,3869.444274170274
8231,3155.4913522727275
8232,5739.18562228915
8233,3332.225
8234,6294.6597259257605
8235,5357.353333333333
8236,4140.316303030303
8237,5940.871756939338
8238,5269.954192307693
8239,4208.9575
8240,6373.734609848484
8241,3915.4125
8242,6808.225246212121
8243,8136.24
8244,6773.68
8245,3925.2559475108224
8246,4368.157333333334
8247,3814.505
8248,2454.8734285714286
8249,6214.993333333333
8250,4664.306666666667
8251,6687.71698483386
8252,3554.265
8253,5725.6
8254,5351.24751483782
8255,7868.80168560606
8256,3470.051015845837
8257,3898.179547303271
8258,3784.309693917766
8259,6460.768950359581
8260,4795.472077380952
8261,5659.380885376878
8262,6264.672612776929
8263,8146.383171795597
8264,6138.603306217461
8265,6012.704526504565
8266,5223.305453268663
8267,3690.2831666666666
8268,4014.3643614668863
8269,8499.215856937108
8270,7030.89025091575
8271,6659.937783645276
8272,14245.96
8273,4291.06667939536
8274,4401.030731060606
8275,4525.62613918557
8276,6798.688567192233
8277,6832.962053303345
8278,5083.926997335997
8279,6254.776013078429
8280,6192.631142425933
8281,7638.146666666667
8282,5519.064911742803
8283,4184.695773636991
8284,4501.9111884057975
8285,4069.05
8286,3006.9661006787333
8287,3710.273680340557
8288,6451.542971542347
8289,12100.631018939395
8290,4785.752320526695
8291,4214.898483648598
8292,5049.584075757575
8293,2639.028666666667
8294,4816.1598736141905
8295,3240.2406233349984
8296,7602.994281634623
8297,4824.444146341464
8298,5418.795983270081
8299,10438.224269639675
8300,10844.74
8301,5121.68000870453
8302,5559.910568263158
8303,3388.5441463414636
8304,4913.247955413761
8305,5066.886371422893
8306,7819.625289855072
8307,3895.07
8308,3530.5701428571424
8309,4689.107622421724
8310,5038.705657784781
8311,7062.571166666666
8312,4462.506807682936
8313,3810.446026265401
8314,5813.053289334282
8315,5975.439761904762
8316,5441.18
8317,3581.41
8318,2921.93
8319,6346.463990614853
8320,3866.75
8321,8188.2335787234215
8322,3535.07
8323,3836.05
8324,5178.532247984348
8325,5154.092666666666
8326,3050.008878205128
8327,5304.269
8328,5223.689714285714
8329,7850.9795555555565
8330,7027.527261904761
8331,4819.644632170632
8332,3828.198833333333
8333,4746.150398809524
8334,7156.27
8335,4130.809949115067
8336,4558.899861111111
8337,5596.354326168941
8338,9457.077240732222
8339,5926.527948815038
8340,5277.625860951154
8341,6067.0275
8342,3523.2377777777774
8343,7354.866949435984
8344,4255.3679999999995
8345,9889.22
8346,4424.95025
8347,4219.092940438071
8348,2890.718923876561
8349,3633.125057775446
8350,6499.768215990545
8351,14313.909861538461
8352,3208.600267566845
8353,3473.5340432900434
8354,8449.448630558263
8355,5747.583865746034
8356,4836.35040329992
8357,6453.74654221479
8358,4765.0255003904695
8359,5394.827477054233
8360,3839.952083333333
8361,7704.454591570584
8362,4571.311902349582
8363,5644.425734951592
8364,5513.218732487869
8365,4094.5007445784195
8366,6315.98359850607
8367,4691.983392803276
8368,3093.0427360966737
8369,7770.262839458306
8370,7738.187124283057
8371,3568.422337607845
8372,5349.967814082479
8373,4728.135581303229
8374,4063.805077057037
8375,7570.13274303798
8376,5755.424256666
8377,7439.516866346548
8378,3569.339157050163
8379,3788.4195
8380,5859.618414817666
8381,2873.166666666667
8382,5926.66699321734
8383,3143.888044871795
8384,4453.0958659084245
8385,4093.1155871253122
8386,4530.669978263302
8387,5089.061113483644
8388,5735.1215408860035
8389,5044.94125
8390,6563.68
8391,5217.114813968393
8392,6163.027471401943
8393,5467.06276255728
8394,5854.741610737222
8395,7119.506883752744
8396,6250.403635703215
8397,2785.4231277305553
8398,5106.553737298616
8399,6387.991635703215
8400,4258.0008719854995
8401,9025.775197501178
8402,4519.390580310275
8403,5000.15902451524
8404,8326.223849327038
8405,5214.731268681357
8406,2971.8597348978487
8407,7793.949113466756
8408,8068.321134972132
8409,4915.116474479556
8410,6240.194644210258
8411,8314.337798312632
8412,4536.412379163716
8413,4240.213865651044
8414,5232.8127270801515
8415,4786.705318822763
8416,4503.274984191559
8417,5823.225761363637
8418,4233.056604632945
8419,5765.208374152868
8420,5417.356515396787
8421,4890.906214136509
8422,5487.828792498188
8423,5190.878532279953
8424,5585.433898424951
8425,3663.8308345217433
8426,5802.704714083322
8427,5507.652503841906
8428,4968.728601876619
8429,5111.621708909021
8430,5392.354333333334
8431,7852.4426533602345
8432,4355.879805555555
8433,4330.740436858702
8434,5066.533018974902
8435,5685.201865936286
8436,6800.049290697675
8437,3918.587396537025
8438,3356.1758863149803
8439,6047.0178931011005
8440,6112.54
8441,4588.275325419516
8442,6018.324032602952
8443,6000.114032602952
8444,4741.2519046846355
8445,3941.2258036111707
8446,3583.7923842492787
8447,5186.733833333333
8448,5544.934407612169
8449,5400.631876811594
8450,7308.644372885027
8451,6946.243290745591
8452,3837.062411757103
8453,6849.055093169929
8454,3039.205035415091
8455,2864.573238721804
8456,5889.43237099861
8457,9878.438631578947
8458,6134.117033559928
8459,5449.398025337965
8460,3915.450120756437
8461,5951.182276600593
8462,6688.740936080585
8463,4163.564892156863
8464,6454.586886463794
8465,4512.576676587301
8466,3937.0943443655165
8467,4212.394671613148
8468,3895.4964876786335
8469,4595.081863095699
8470,3053.730482077836
8471,3474.7285550887023
8472,3516.7844907125977
8473,6104.031620601783
8474,4671.724777457082
8475,3359.2429680607875
8476,4926.492879136402
8477,5152.255229236537
8478,4264.822266422997
8479,5056.038083333334
8480,6329.860532388273
8481,6685.903927050118
8482,4979.5330516872355
8483,3219.54375
8484,10534.264614040572
8485,5107.523051687235
8486,4057.41875
8487,6765.375490196078
8488,6803.1353437738735
8489,5575.206213516749
8490,4916.88
8491,6265.135
8492,7041.67
8493,9732.758160934383
8494,3789.4383562271064
8495,3286.666666666666
8496,4109.145
8497,5168.180656665496
8498,4863.717272727273
8499,6257.379469805476
8500,6253.14539548467
8501,4916.27
8502,3370.347966722256
8503,4904.157238095238
8504,7341.761927193285
8505,3689.143928260717
8506,5303.996923076923
8507,3736.7065473083367
8508,6315.42858974359
8509,6051.54059099234
8510,5550.3787485787
8511,7102.72742895715
8512,5365.274673503887
8513,3047.45
8514,5515.206666666666
8515,5706.711618998424
8516,6748.1830934343425
8517,5758.932808691025
8518,5573.41
8519,4710.85
8520,3494.034706129173
8521,7150.273374866296
8522,3778.6010846348054
8523,8932.183593537415
8524,5110.48
8525,3277.55
8526,5845.44
8527,5196.198743248815
8528,6093.853106337178
8529,6121.463125296528
8530,2825.4966666666664
8531,3498.0776887755096
8532,5152.54
8533,6367.839310545777
8534,7643.069340644886
8535,4851.61
8536,5340.49634954844
8537,4791.382105500821
8538,5237.46
8539,3639.4600057074713
8540,7820.62
8541,6913.043821428571
8542,9531.03
8543,3746.2
8544,4285.8116666666665
8545,8236.01
8546,6835.1523809523815
8547,3838.56
8548,8204.54
8549,5442.67
8550,4688.31
8551,4219.63
8552,3301.23
8553,4817.483333333334
8554,4688.53
8555,3872.86
8556,4068.34
8557,7040.16
8558,5641.3174285714285
8559,17450.95
8560,5806.38
8561,3802.08
8562,5979.99
8563,8719.34
8564,5069.93
8565,6564.409274193549
8566,5380.52
8567,7543.881274193549
8568,5750.366274193549
8569,3427.63
8570,5330.88
8571,5422.86
8572,6819.585083717358
8573,6032.949274193549
8574,8932.01
8575,4059.09
8576,3818.66
8577,4088.5
8578,7988.554601449275
8579,10055.21
8580,7300.26
8581,6362.21
8582,4182.74
8583,5214.89
8584,3782.28
8585,7699.404601449275
8586,8262.4825
8587,9093.887101449274
8588,4458.86
8589,4394.6
8590,4446.13
8591,5295.527777777777
8592,9122.247101449275
8593,5668.03
8594,3924.16
8595,3724.86
8596,6417.513508474575
8597,3711.22
8598,5722.797611111111
8599,3300.47
8600,5297.745508474576
8601,6089.050634920634
8602,4726.575508474576
8603,6919.6258730158725
8604,4569.275508474576
8605,4627.455508474576
8606,6599.07
8607,5434.06
8608,8005.7307692307695
8609,5400.59
8610,6172.416565617139
8611,6700.802287954383
8612,7856.54
8613,5659.054871794872
8614,7450.48
8615,3673.93
8616,4989.869316939891
8617,5748.38
8618,5378.288355553726
8619,7632.72201343067
8620,7196.941463116204
8621,4633.29
8622,6268.99
8623,6464.74
8624,7566.22
8625,3943.91
8626,11222.00431693989
8627,4358.54
8628,6115.691999999999
8629,7313.9563157894745
8630,5731.76
8631,4973.98
8632,5180.7
8633,6522.423732346974
8634,4634.444443402659
8635,4082.2926315789473
8636,7156.16
8637,6497.42948782434
8638,6497.178260869566
8639,4374.177888368463
8640,6969.85625
8641,8298.55366501438
8642,6179.32414489688
8643,4834.648803627038
8644,5831.016259418993
8645,6282.959411764706
8646,6559.876808867525
8647,6849.46690409616
8648,3898.62
8649,6709.551594572351
8650,5723.194359182595
8651,6190.29
8652,7460.642550204211
8653,4483.515
8654,4662.67356214013
8655,3761.53276152395
8656,6578.631427905685
8657,7535.343797619048
8658,4891.38
8659,4456.26
8660,5996.983043847711
8661,4827.838421568627
8662,4476.281436181083
8663,6712.243953443098
8664,5763.559077705628
8665,7903.170145162792
8666,4570.311757952573
8667,4519.027094202898
8668,4995.851371753247
8669,7238.476074416722
8670,7038.627123578176
8671,6163.244855399043
8672,6734.163657299242
8673,4994.673728813559
8674,7352.492730368009
8675,5165.673600608432
8676,5811.5337856068845
8677,8047.696791152373
8678,5566.55764367816
8679,9091.593190578338
8680,6729.051326408783
8681,5144.9025
8682,5212.739554654949
8683,6801.985813463031
8684,5998.321531913874
8685,5488.4139103641455
8686,4096.8725
8687,5128.540488066205
8688,6568.155666666667
8689,4741.876
8690,4224.088333333333
8691,7423.783
8692,6646.383000000001
8693,5548.16
8694,4766.81
8695,4670.18
8696,6086.3034807581535
8697,6388.73
8698,5043.451428571429
8699,4953.158131858416
8700,4951.771428571428
8701,5519.969303732103
8702,3275.6414285714286
8703,6097.2617748758
8704,3971.15
8705,7349.83
8706,6054.601428571428
8707,5738.391428571428
8708,5765.584154081867
8709,3964.3014285714285
8710,4603.689173359056
8711,9915.9118156404
8712,5547.28
8713,6337.282614857557
8714,7216.048333333334
8715,4369.05
8716,5738.404294603259
8717,5497.936666666667
8718,6208.990460960597
8719,9702.59
8720,6128.9554609605975
8721,2610.73
8722,4608.175785907859
8723,6402.08307655997
8724,7448.69
8725,4219.684848484848
8726,6682.863333333333
8727,4239.881333333333
8728,4702.090785907859
8729,3387.1733333333336
8730,4545.99
8731,5505.068999247185
8732,5627.20321890701
8733,6510.504147186147
8734,5871.848640183345
8735,6839.557095033247
8736,7363.7206303867815
8737,7173.249706144357
8738,3853.84820106305
8739,8622.769903799903
8740,8671.238333333335
8741,4884.01414655434
8742,7190.727983549785
8743,3953.4550730437268
8744,5909.41264472488
8745,3094.783257575758
8746,5576.2023207931
8747,4005.819166666666
8748,8908.497245614035
8749,6936.650274170274
8750,6941.517815405548
8751,7679.033912280703
8752,5556.362871650776
8753,6562.122857142856
8754,16980.50157894737
8755,8182.566200906696
8756,4607.01046287594
8757,2619.76
8758,4983.745993545037
8759,7740.489372807018
8760,5285.738912968484
8761,11375.87
8762,17707.46
8763,2802.181111111111
8764,4066.1923852813857
8765,7160.368051948051
8766,4261.335718614719
8767,7680.427202380953
8768,4962.682766233766
8769,5851.860664244563
8770,0.0
8771,6457.68
8772,5448.047878307943
8773,7080.050151921101
8774,5651.104191661255
8775,5474.247200454152
8776,5128.2417382093845
8777,6149.056705794206
8778,3796.118214285714
8779,4454.2727186147185
8780,7445.248051948051
8781,4331.854222222222
8782,4982.638
8783,5958.093843409463
8784,5829.771545232545
8785,4839.580998726764
8786,6359.463023245705
8787,5961.602536759218
8788,7045.412333333334
8789,7631.719440532581
8790,6687.046058612293
8791,5461.062367039318
8792,3123.988166080988
8793,5238.935373376624
8794,6864.976028138528
8795,4742.284183867191
8796,4380.341861471861
8797,7062.3453852813855
8798,5298.57
8799,7799.18072793422
8800,7144.54322995418
8801,4419.441666666667
8802,4460.93411128754
8803,4355.4345378787875
8804,8021.95
8805,4217.19
8806,7341.870037878789
8807,14163.52
8808,6309.91737277045
8809,5370.04125
8810,4209.24
8811,4387.8854485990205
8812,5968.804930254931
8813,3623.867857142857
8814,5094.7370346068665
8815,8826.64833476886
8816,4877.999944855399
8817,12312.75
8818,11875.628051948052
8819,4866.319943459395
8820,5908.360643177236
8821,5977.2655960344055
8822,5765.893917600063
8823,5022.328051948052
8824,8465.674856277356
8825,5721.600476190477
8826,6931.405647469669
8827,4485.518051948052
8828,6452.595891477074
8829,4386.320932338186
8830,6989.598051948052
8831,5101.750206349206
8832,4845.941218614719
8833,6010.446137519455
8834,5494.03
8835,6099.837623800899
8836,8623.397723443224
8837,5239.116544166224
8838,8464.353051948052
8839,5828.113101399437
8840,7494.7370636901305
8841,4888.435349189081
8842,4054.278051948052
8843,4789.380272405155
8844,6607.687483307539
8845,5795.318120223985
8846,6452.005714285714
8847,5706.70992577954
8848,6636.763784976544
8849,4209.202051593468
8850,7149.759748216817
8851,5911.813376984127
8852,3498.47
8853,10932.888051948052
8854,16881.41
8855,5577.744285714286
8856,5776.863597661258
8857,7565.738051948051
8858,8700.078051948052
8859,10470.36
8860,5523.827207792208
8861,6313.557578463204
8862,4832.754119359435
8863,6628.393919191921
8864,4089.614591630592
8865,4905.299810245309
8866,4497.906332345492
8867,5031.715879534259
8868,7503.498051948051
8869,4393.269431767579
8870,3420.085840840841
8871,5775.09595709998
8872,3077.5555075075076
8873,3587.2497297297296
8874,5276.5349094809335
8875,5140.866396396395
8876,7143.659842366897
8877,7232.8069647543125
8878,6137.343212121213
8879,6089.268006760195
8880,5845.565673426861
8881,10673.99625
8882,6794.1615833333335
8883,4142.096677781678
8884,4379.124425429203
8885,7331.409988572704
8886,4350.842513708513
8887,6280.900490272637
8888,3389.554329561304
8889,4664.595086872587
8890,5655.380609820456
8891,5060.991
8892,4874.961991352178
8893,7901.233723729617
8894,9028.14096236598
8895,10417.233366093367
8896,5296.024126891214
8897,8056.45222972973
8898,3362.2734797297294
8899,4655.624685659239
8900,5278.22234509832
8901,2639.6697297297296
8902,7094.903590363701
8903,4585.627193782017
8904,5696.62425419152
8905,7853.029840508056
8906,10167.518149920255
8907,6301.823063063062
8908,4782.41081659644
8909,4192.871237179486
8910,9146.7135
8911,6791.868433672468
8912,5253.815956649708
8913,4407.840170729855
8914,5559.7497297297305
8915,7979.161433026433
8916,4007.2006707298556
8917,5986.44622972973
8918,6949.883908880594
8919,7485.797228473156
8920,12168.6
8921,4625.068220238096
8922,13853.95
8923,5836.571999573743
8924,5068.168
8925,2973.8896561511337
8926,5456.607165627165
8927,4928.996272883691
8928,5009.194666666666
8929,6063.169666666667
8930,4698.391261528327
8931,4092.4614285714283
8932,5550.893672367488
8933,3630.540833333333
8934,7368.806571428571
8935,5670.016506089321
8936,6634.642833333332
8937,6856.46501461039
8938,3979.214776524644
8939,7986.642534065444
8940,6799.057097222222
8941,4526.262166666666
8942,4847.364314004709
8943,4515.33661952717
8944,9697.033333333333
8945,6337.415
8946,4201.698630136986
8947,6454.7367981811285
8948,7024.097376500399
8949,5898.138435807061
8950,5314.571667617252
8951,7498.979670300312
8952,5290.829207299792
8953,5427.44
8954,4936.865
8955,7283.998571428571
8956,5391.430963895442
8957,5188.33206867525
8958,4311.45
8959,4145.725
8960,3593.698201735093
8961,4097.508705096075
8962,6547.03
8963,7891.153452879637
8964,9312.86
8965,8911.27168959821
8966,7007.0
8967,6300.038952067668
8968,5698.917562229438
8969,10496.124865093241
8970,8195.377790427565
8971,5563.3158095238105
8972,7703.62
8973,7630.893342851668
8974,4970.16
8975,4027.24
8976,10110.62
8977,9596.78
8978,5612.844016275392
8979,5824.110952380953
8980,1979.17
8981,9184.278490412364
8982,10068.87
8983,10120.72
8984,4536.605018939394
8985,5958.345
8986,6656.434972643098
8987,5838.11
8988,6193.74
8989,5098.06
8990,4011.8940000000002
8991,3682.17
8992,2953.03
8993,6001.656666666666
8994,16650.31
8995,4648.14
8996,4508.95
8997,5829.511417536512
8998,4494.411999999999
8999,5201.02
9000,4913.99
9001,3567.852669467787
9002,5685.64
9003,5610.487401960784
9004,3702.674615384615
9005,7298.18
9006,3915.318888888889
9007,4711.84273823764
9008,7979.43
9009,7044.35
9010,9491.115018939394
9011,4674.581666666667
9012,5405.03994117647
9013,3837.0943015873013
9014,4930.805388071895
9015,13826.359018939394
9016,7377.235818627451
9017,5910.432972667855
9018,4492.442447510822
9019,4641.241666666667
9020,4947.389092438359
9021,4315.960285714286
9022,8833.840292606295
9023,4688.645833333334
9024,5622.32
9025,5981.507310112515
9026,3894.302301587302
9027,5935.03
9028,5587.93
9029,6496.57
9030,5311.7425
9031,3458.35
9032,5185.064
9033,5961.361441786397
9034,7950.78
9035,7646.5217549362405
9036,5997.875822738778
9037,3984.5541571428575
9038,6766.621233919918
9039,5404.7675
9040,4366.075192487239
9041,6196.963906097375
9042,6546.284921037295
9043,5796.1723605307725
9044,5195.89873015873
9045,5653.121441558443
9046,7653.05
9047,5547.196456852224
9048,6614.300995421824
9049,5875.38
9050,3915.925
9051,7946.552525641024
9052,4792.806666666667
9053,3797.36508537916
9054,9993.991422466423
9055,5189.4043438591
9056,2960.9091666666673
9057,6873.078054945055
9058,7657.8775
9059,7509.275666666666
9060,4514.791339393939
9061,5422.337677192432
9062,5739.9687366142625
9063,7063.659143190143
9064,5571.164266513375
9065,6603.803517815369
9066,2510.2766666666666
9067,5013.615573213762
9068,5104.952844118939
9069,4455.107666666667
9070,4405.067222222223
9071,7869.119491081702
9072,6373.783333333334
9073,4829.146020447689
9074,7010.139027777777
9075,4785.999490271378
9076,7464.749081339713
9077,4250.5028571428575
9078,6232.810666666666
9079,4986.400796717172
9080,6212.613745771998
9081,7694.104
9082,3631.7183333333332
9083,7193.62
9084,7079.02
9085,6576.585916666667
9086,4601.5675757575755
9087,3549.1025830419576
9088,5949.541546547111
9089,2836.27
9090,6833.997132751271
9091,5953.196
9092,5022.435897435897
9093,6769.275815290953
9094,5606.373333333334
9095,4387.46
9096,6982.045018939394
9097,4608.003333333333
9098,7595.3950189393945
9099,8587.08
9100,7240.86
9101,4048.404518939394
9102,4582.32
9103,3624.3866666666668
9104,2825.6958333333337
9105,7354.42
9106,4634.076666666667
9107,8190.9553522727265
9108,3340.0025
9109,5897.75
9110,5888.29
9111,9443.428095862471
9112,3829.9368333333337
9113,3984.2855128205133
9114,4169.969992424242
9115,7052.525263157894
9116,4685.794714285715
9117,6115.349311622321
9118,6617.12663113983
9119,9012.8105
9120,6513.067824582901
9121,6716.685989591949
9122,5451.248400671895
9123,4186.705909090909
9124,4035.751944444445
9125,9391.520337099704
9126,6531.871846153846
9127,7641.790018939395
9128,14230.3
9129,4826.451236652236
9130,4493.412854978355
9131,5386.30454601739
9132,7244.769038521664
9133,7333.341465108966
9134,5272.621467032967
9135,6568.932837838645
9136,6733.327454698639
9137,8365.26019047619
9138,5815.3659798289955
9139,4474.724362637363
9140,4924.2175217391305
9141,4112.634
9142,3496.262151960784
9143,4239.425794117647
9144,7092.816462703963
9145,14224.393907828284
9146,5401.495352272727
9147,4490.871518939393
9148,6302.26
9149,2960.9266666666663
9150,5390.39737361419
9151,3366.7406233349984
9152,8318.856051136365
9153,4988.808402751721
9154,5867.192661141228
9155,11413.14196338384
9156,11350.29
9157,6498.678467901544
9158,6300.68469365722
9159,3569.2991463414637
9160,5418.310304768331
9161,5869.688060606061
9162,7792.1557065217385
9163,4038.32
9164,3679.465
9165,5302.922085164834
9166,5244.496991118113
9167,7395.393999999999
9168,5259.711205771412
9169,3635.137518939394
9170,6757.6420192869855
9171,6717.837623376624
9172,5808.525
9173,3505.2940000000003
9174,3267.35
9175,6970.763944633646
9176,4400.7575
9177,8743.942265991984
9178,4041.46
9179,4228.82
9180,5715.221380652285
9181,5137.67
9182,3237.4706666666666
9183,5299.5525
9184,5364.816666666667
9185,9134.213333333333
9186,7656.678095238095
9187,5017.350757793025
9188,4155.956333333333
9189,5323.79
9190,9380.63
9191,4829.497108940621
9192,5400.545666666667
9193,5791.434986614655
9194,9891.00737535887
9195,6584.144809293652
9196,5564.538831097474
9197,6888.1
9198,4257.54
9199,8144.269888921103
9200,4475.88
9201,11415.79
9202,5176.325428571428
9203,4549.801805494506
9204,3806.5257511081977
9205,3718.2341227813035
9206,7034.994093119317
9207,14174.243999999999
9208,3680.838622860332
9209,3599.5723376623378
9210,8895.25598435527
9211,6336.856337540907
9212,5420.107987956785
9213,6926.830855279502
9214,5634.190210622711
9215,5546.572282182438
9216,3930.205416666666
9217,8167.008851022689
9218,5056.019139703223
9219,6347.315568748413
9220,5971.459738226186
9221,4910.438063673858
9222,6467.366000000001
9223,4841.701632119514
9224,3213.0191976351357
9225,7945.34646959185
9226,7838.115729923548
9227,4263.60534172484
9228,6029.763577208242
9229,5129.4761005291
9230,4234.386508928571
9231,8544.649775641026
9232,6135.936906313623
9233,7808.667047744618
9234,4292.290862833422
9235,3969.04875
9236,6340.67605525536
9237,2915.48
9238,6626.5005004734
9239,3771.9690448717947
9240,5916.535816091953
9241,5174.988731866585
9242,4844.96949678182
9243,5743.241566027747
9244,6178.573808002574
9245,5497.054444444445
9246,7486.75
9247,5563.675271549126
9248,7580.01885168869
9249,5638.42822366257
9250,6032.807464548205
9251,7562.5151695017985
9252,6582.11935411949
9253,3017.161461063888
9254,5212.196155295929
9255,6731.38935411949
9256,6456.917417970918
9257,9462.002213931142
9258,4694.306087104407
9259,6414.459
9260,9554.464516706925
9261,5404.913228057607
9262,3316.972661735011
9263,8914.651955213903
9264,9185.53168560606
9265,4839.096374672317
9266,6417.81933073631
9267,8568.066603133137
9268,4866.124876921366
9269,5154.933873843825
9270,5922.383630685957
9271,5370.588028931994
9272,5313.033102147589
9273,6088.919305555555
9274,4376.909240028712
9275,5607.5830810997895
9276,5917.016561194781
9277,5690.667622336713
9278,6194.22948786883
9279,5484.149006380041
9280,6381.654403407427
9281,3867.4978511054915
9282,6249.007183518865
9283,5853.638504552638
9284,5326.93334068259
9285,6077.215411035682
9286,5608.801666666667
9287,8582.752842943502
9288,4668.673555555555
9289,4837.901404761905
9290,5171.989434019878
9291,6070.926941502075
9292,6679.25961904762
9293,4500.297882892016
9294,3791.391808080333
9295,6898.943283787113
9296,6269.91
9297,4877.0763206209585
9298,6219.458774835409
9299,6103.238084359218
9300,5656.513783961788
9301,4244.956957449728
9302,3832.6849164949153
9303,5320.6976428571425
9304,5573.328769057918
9305,5576.556638716357
9306,8297.382271765271
9307,6689.1673470118785
9308,5128.1726071428575
9309,6978.054331975901
9310,3251.7322742210613
9311,3178.254583333334
9312,6096.609529191092
9313,10048.45
9314,6362.884401552499
9315,5915.853833333333
9316,4386.487792207792
9317,6511.769549783548
9318,7203.356044444444
9319,4556.98
9320,6563.770955760609
9321,5044.374553571429
9322,4319.193229731668
9323,4749.819146398335
9324,4765.22547997348
9325,5355.725023889154
9326,3682.9962320574164
9327,3919.910573459716
9328,3735.831895474502
9329,6323.915287979183
9330,5633.625431077695
9331,3481.5190734597154
9332,5721.096359649123
9333,5693.367878759254
9334,4490.465886181349
9335,5308.237192982456
9336,6993.178937318081
9337,7385.586256765179
9338,5436.493217569991
9339,4182.588526315789
9340,11479.863772209084
9341,5924.5635509033245
9342,4197.005573459715
9343,6939.553740126384
9344,7918.305192982457
9345,6219.105295459973
9346,5227.139573459716
9347,6864.315192982456
9348,7606.56
9349,10391.48262195029
9350,4055.595192982457
9351,4177.165
9352,4181.4395734597165
9353,6216.855926895925
9354,5135.4572727272725
9355,7609.110993390393
9356,7214.460547619047
9357,5108.63
9358,3814.014880952381
9359,5313.802
9360,8227.05444089103
9361,4091.741547619048
9362,5787.896964764064
9363,3964.028214285714
9364,7146.925599100741
9365,6255.829067099567
9366,6730.778682068474
9367,7680.537833333333
9368,5740.247894919569
9369,3133.88
9370,5630.2
9371,6102.462611028846
9372,7546.734183006536
9373,6517.7289682948895
9374,5744.46
9375,4882.16
9376,4271.316950676134
9377,8111.785854653505
9378,4852.1295
9379,10169.0075
9380,4798.06
9381,3795.12
9382,5607.4
9383,5862.532833333334
9384,6609.885015971072
9385,6840.09720030287
9386,3840.07
9387,3993.7725
9388,5164.87
9389,6581.178000000001
9390,8189.758000000001
9391,4936.76
9392,5825.227791666667
9393,4952.303642857143
9394,5480.18
9395,4362.472106440072
9396,8180.14
9397,7755.717116883117
9398,9812.83
9399,3938.22
9400,4953.581666666667
9401,8180.93
9402,8172.977380952381
9403,3996.71
9404,9038.07
9405,6482.64
9406,4769.5
9407,4427.42
9408,4063.8
9409,5083.736666666667
9410,4892.09
9411,4134.62
9412,4878.41
9413,7131.84
9414,5950.981428571428
9415,19750.53
9416,5986.86
9417,0.0
9418,0.0
9419,0.0
9420,0.0
9421,0.0
9422,0.0
9423,0.0
9424,0.0
9425,0.0
9426,0.0
9427,0.0
9428,0.0
9429,0.0
9430,0.0
9431,0.0
9432,0.0
9433,0.0
9434,0.0
9435,0.0
9436,0.0
9437,0.0
9438,0.0
9439,0.0
9440,0.0
9441,0.0
9442,0.0
9443,0.0
9444,0.0
9445,0.0
9446,0.0
9447,0.0
9448,0.0
9449,0.0
9450,0.0
9451,0.0
9452,0.0
9453,0.0
9454,0.0
9455,0.0
9456,0.0
9457,0.0
9458,0.0
9459,0.0
9460,0.0
9461,0.0
9462,0.0
9463,0.0
9464,0.0
9465,0.0
9466,0.0
9467,0.0
9468,0.0
9469,0.0
9470,0.0
9471,0.0
9472,0.0
9473,0.0
9474,0.0
9475,0.0
9476,0.0
9477,0.0
9478,0.0
9479,0.0
9480,0.0
9481,0.0
9482,0.0
9483,0.0
9484,0.0
9485,0.0
9486,0.0
9487,0.0
9488,0.0
9489,0.0
9490,0.0
9491,0.0
9492,0.0
9493,0.0
9494,0.0
9495,0.0
9496,0.0
9497,0.0
9498,0.0
9499,0.0
9500,0.0
9501,0.0
9502,0.0
9503,0.0
9504,0.0
9505,0.0
9506,0.0
9507,0.0
9508,3135.85
9509,0.0
9510,0.0
9511,0.0
9512,0.0
9513,0.0
9514,0.0
9515,0.0
9516,0.0
9517,0.0
9518,0.0
9519,0.0
9520,0.0
9521,0.0
9522,0.0
9523,0.0
9524,0.0
9525,0.0
9526,0.0
9527,0.0
9528,0.0
9529,0.0
9530,0.0
9531,0.0
9532,0.0
9533,0.0
9534,0.0
9535,0.0
9536,0.0
9537,0.0
9538,0.0
9539,0.0
9540,0.0
9541,0.0
9542,0.0
9543,0.0
9544,0.0
9545,0.0
9546,0.0
9547,0.0
9548,0.0
9549,0.0
9550,0.0
9551,0.0
9552,0.0
9553,0.0
9554,0.0
9555,0.0
9556,0.0
9557,0.0
9558,0.0
9559,0.0
9560,0.0
9561,0.0
9562,0.0
9563,0.0
9564,0.0
9565,0.0
9566,0.0
9567,0.0
9568,0.0
9569,0.0
9570,0.0
9571,0.0
9572,0.0
9573,0.0
9574,0.0
9575,0.0
9576,2207.52
9577,0.0
9578,0.0
9579,0.0
9580,0.0
9581,0.0
9582,0.0
9583,0.0
9584,0.0
9585,0.0
9586,0.0
9587,0.0
9588,0.0
9589,0.0
9590,0.0
9591,0.0
9592,0.0
9593,0.0
9594,0.0
9595,0.0
9596,0.0
9597,0.0
9598,0.0
9599,0.0
9600,0.0
9601,0.0
9602,0.0
9603,0.0
9604,0.0
9605,0.0
9606,0.0
9607,0.0
9608,0.0
9609,0.0
9610,0.0
9611,0.0
9612,0.0
9613,0.0
9614,0.0
9615,0.0
9616,0.0
9617,15953.41
9618,28171.95
9619,0.0
9620,0.0
9621,0.0
9622,0.0
9623,0.0
9624,0.0
9625,0.0
9626,6518.13
9627,0.0
9628,0.0
9629,0.0
9630,0.0
9631,0.0
9632,0.0
9633,0.0
9634,0.0
9635,0.0
9636,0.0
9637,0.0
9638,0.0
9639,0.0
9640,0.0
9641,0.0
9642,0.0
9643,0.0
9644,0.0
9645,4091.39
9646,0.0
9647,0.0
9648,0.0
9649,0.0
9650,0.0
9651,0.0
9652,0.0
9653,0.0
9654,0.0
9655,2747.16
9656,0.0
9657,0.0
9658,0.0
9659,0.0
9660,0.0
9661,0.0
9662,0.0
9663,0.0
9664,0.0
9665,0.0
9666,0.0
9667,0.0
9668,0.0
9669,0.0
9670,0.0
9671,0.0
9672,0.0
9673,7816.4
9674,0.0
9675,0.0
9676,0.0
9677,0.0
9678,0.0
9679,0.0
9680,0.0
9681,0.0
9682,0.0
9683,0.0
9684,0.0
9685,0.0
9686,0.0
9687,0.0
9688,0.0
9689,0.0
9690,7783.5
9691,0.0
9692,0.0
9693,0.0
9694,0.0
9695,0.0
9696,0.0
9697,0.0
9698,0.0
9699,0.0
9700,0.0
9701,0.0
9702,0.0
9703,0.0
9704,0.0
9705,0.0
9706,0.0
9707,0.0
9708,0.0
9709,0.0
9710,0.0
9711,0.0
9712,0.0
9713,0.0
9714,0.0
9715,0.0
9716,0.0
9717,0.0
9718,0.0
9719,0.0
9720,0.0
9721,0.0
9722,0.0
9723,0.0
9724,0.0
9725,0.0
9726,0.0
9727,0.0
9728,0.0
9729,0.0
9730,0.0
9731,0.0
9732,0.0
9733,0.0
9734,0.0
9735,0.0
9736,0.0
9737,0.0
9738,0.0
9739,0.0
9740,0.0
9741,0.0
9742,0.0
9743,0.0
9744,0.0
9745,0.0
9746,0.0
9747,0.0
9748,0.0
9749,0.0
9750,0.0
9751,0.0
9752,1608.98
9753,0.0
9754,0.0
9755,0.0
9756,0.0
9757,0.0
9758,0.0
9759,0.0
9760,0.0
9761,0.0
9762,0.0
9763,0.0
9764,0.0
9765,0.0
9766,4238.41
9767,0.0
9768,0.0
9769,0.0
9770,0.0
9771,0.0
9772,0.0
9773,0.0
9774,0.0
9775,0.0
9776,0.0
9777,0.0
9778,0.0
9779,0.0
9780,0.0
9781,0.0
9782,0.0
9783,0.0
9784,0.0
9785,0.0
9786,0.0
9787,0.0
9788,0.0
9789,0.0
9790,0.0
9791,0.0
9792,0.0
9793,0.0
9794,0.0
9795,0.0
9796,0.0
9797,0.0
9798,0.0
9799,0.0
9800,0.0
9801,0.0
9802,0.0
9803,0.0
9804,0.0
9805,0.0
9806,0.0
9807,0.0
9808,0.0
9809,7519.7
9810,0.0
9811,0.0
9812,0.0
9813,0.0
9814,0.0
9815,0.0
9816,0.0
9817,0.0
9818,0.0
9819,2316.82
9820,0.0
9821,0.0
9822,0.0
9823,4472.07
9824,0.0
9825,0.0
9826,0.0
9827,0.0
9828,0.0
9829,0.0
9830,0.0
9831,0.0
9832,0.0
9833,0.0
9834,0.0
9835,0.0
9836,0.0
9837,0.0
9838,0.0
9839,0.0
9840,0.0
9841,0.0
9842,0.0
9843,0.0
9844,0.0
9845,0.0
9846,0.0
9847,0.0
9848,0.0
9849,0.0
9850,19018.42
9851,0.0
9852,0.0
9853,0.0
9854,0.0
9855,0.0
9856,0.0
9857,0.0
9858,0.0
9859,0.0
9860,0.0
9861,0.0
9862,0.0
9863,0.0
9864,5673.75
9865,0.0
9866,0.0
9867,0.0
9868,0.0
9869,0.0
9870,0.0
9871,0.0
9872,0.0
9873,0.0
9874,0.0
9875,0.0
9876,0.0
9877,0.0
9878,0.0
9879,0.0
9880,0.0
9881,0.0
9882,0.0
9883,0.0
9884,0.0
9885,0.0
9886,0.0
9887,0.0
9888,0.0
9889,0.0
9890,0.0
9891,0.0
9892,0.0
9893,0.0
9894,0.0
9895,0.0
9896,0.0
9897,0.0
9898,0.0
9899,0.0
9900,0.0
9901,0.0
9902,0.0
9903,0.0
9904,0.0
9905,0.0
9906,0.0
9907,0.0
9908,0.0
9909,0.0
9910,0.0
9911,0.0
9912,0.0
9913,0.0
9914,0.0
9915,0.0
9916,0.0
9917,0.0
9918,0.0
9919,0.0
9920,0.0
9921,0.0
9922,0.0
9923,0.0
9924,0.0
9925,0.0
9926,0.0
9927,0.0
9928,0.0
9929,0.0
9930,0.0
9931,0.0
9932,0.0
9933,0.0
9934,0.0
9935,0.0
9936,0.0
9937,0.0
9938,0.0
9939,12383.43
9940,0.0
9941,0.0
9942,0.0
9943,0.0
9944,0.0
9945,0.0
9946,0.0
9947,0.0
9948,0.0
9949,0.0
9950,0.0
9951,0.0
9952,0.0
9953,0.0
9954,0.0
9955,0.0
9956,0.0
9957,0.0
9958,0.0
9959,0.0
9960,0.0
9961,0.0
9962,0.0
9963,0.0
9964,0.0
9965,0.0
9966,0.0
9967,0.0
9968,0.0
9969,0.0
9970,0.0
9971,0.0
9972,0.0
9973,0.0
9974,0.0
9975,0.0
9976,0.0
9977,0.0
9978,0.0
9979,0.0
9980,0.0
9981,0.0
9982,0.0
9983,3129.36
9984,16151.74
9985,0.0
9986,0.0
9987,0.0
9988,0.0
9989,0.0
9990,0.0
9991,0.0
9992,0.0
9993,0.0
9994,0.0
9995,0.0
9996,0.0
9997,0.0
9998,0.0
9999,0.0
10000,0.0
10001,0.0
10002,0.0
10003,0.0
10004,0.0
10005,0.0
10006,0.0
10007,0.0
10008,0.0
10009,0.0
10010,0.0
10011,0.0
10012,11227.43
10013,0.0
10014,0.0
10015,0.0
10016,0.0
10017,0.0
10018,0.0
10019,0.0
10020,0.0
10021,0.0
10022,0.0
10023,0.0
10024,0.0
10025,0.0
10026,0.0
10027,0.0
10028,0.0
10029,0.0
10030,0.0
10031,0.0
10032,0.0
10033,0.0
10034,0.0
10035,0.0
10036,0.0
10037,0.0
10038,0.0
10039,0.0
10040,0.0
10041,0.0
10042,0.0
10043,0.0
10044,0.0
10045,0.0
10046,0.0
10047,0.0
10048,0.0
10049,0.0
10050,0.0
10051,0.0
10052,0.0
10053,0.0
10054,0.0
10055,0.0
10056,0.0
10057,0.0
10058,0.0
10059,0.0
10060,0.0
10061,0.0
10062,0.0
10063,0.0
10064,0.0
10065,0.0
10066,0.0
10067,0.0
10068,0.0
10069,0.0
10070,0.0
10071,0.0
10072,0.0
10073,0.0
10074,0.0
10075,0.0
10076,0.0
10077,0.0
10078,0.0
10079,0.0
10080,0.0
10081,0.0
10082,2016.78
10083,0.0
10084,0.0
10085,0.0
10086,2061.79
10087,0.0
10088,0.0
10089,0.0
10090,0.0
10091,0.0
10092,0.0
10093,0.0
10094,0.0
10095,0.0
10096,0.0
10097,0.0
10098,0.0
10099,0.0
10100,0.0
10101,0.0
10102,0.0
10103,0.0
10104,0.0
10105,0.0
10106,0.0
10107,0.0
10108,0.0
10109,0.0
10110,0.0
10111,0.0
10112,0.0
10113,0.0
10114,0.0
10115,0.0
10116,0.0
10117,0.0
10118,0.0
10119,0.0
10120,0.0
10121,0.0
10122,0.0
10123,0.0
10124,0.0
10125,0.0
10126,0.0
10127,0.0
10128,0.0
10129,0.0
10130,0.0
10131,0.0
10132,0.0
10133,0.0
10134,0.0
10135,0.0
10136,0.0
10137,1493.25
10138,0.0
10139,0.0
10140,0.0
10141,0.0
10142,0.0
10143,0.0
10144,0.0
10145,0.0
10146,0.0
10147,0.0
10148,0.0
10149,0.0
10150,0.0
10151,0.0
10152,9980.86
10153,0.0
10154,0.0
10155,0.0
10156,0.0
10157,0.0
10158,0.0
10159,0.0
10160,0.0
10161,0.0
10162,0.0
10163,0.0
10164,0.0
10165,0.0
10166,0.0
10167,0.0
10168,0.0
10169,0.0
10170,0.0
10171,0.0
10172,0.0
10173,0.0
10174,0.0
10175,0.0
10176,0.0
10177,0.0
10178,0.0
10179,0.0
10180,0.0
10181,0.0
10182,0.0
10183,0.0
10184,0.0
10185,0.0
10186,0.0
10187,0.0
10188,0.0
10189,0.0
10190,0.0
10191,0.0
10192,0.0
10193,0.0
10194,0.0
10195,0.0
10196,0.0
10197,0.0
10198,0.0
10199,0.0
10200,0.0
10201,0.0
10202,0.0
10203,0.0
10204,0.0
10205,0.0
10206,0.0
10207,0.0
10208,0.0
10209,0.0
10210,0.0
10211,0.0
10212,0.0
10213,0.0
10214,0.0
10215,0.0
10216,3092.72
10217,0.0
10218,0.0
10219,0.0
10220,0.0
10221,0.0
10222,0.0
10223,0.0
10224,0.0
10225,0.0
10226,0.0
10227,0.0
10228,0.0
10229,0.0
10230,0.0
10231,0.0
10232,0.0
10233,0.0
10234,0.0
10235,0.0
10236,0.0
10237,0.0
10238,0.0
10239,0.0
10240,0.0
10241,0.0
10242,0.0
10243,0.0
10244,0.0
10245,0.0
10246,0.0
10247,0.0
10248,0.0
10249,0.0
10250,0.0
10251,0.0
10252,0.0
10253,0.0
10254,0.0
10255,0.0
10256,0.0
10257,12589.22
10258,4227.26
10259,0.0
10260,0.0
10261,0.0
10262,0.0
10263,0.0
10264,0.0
10265,0.0
10266,0.0
10267,0.0
10268,0.0
10269,0.0
10270,0.0
10271,0.0
10272,0.0
10273,4890.14
10274,4462.52
10275,6298.382178684114
10276,3033.18
10277,6016.47007490554
10278,4792.3
10279,5889.064128959593
10280,5607.169733355199
10281,4122.89
10282,3709.14
10283,5323.09
10284,5152.893585678211
10285,4303.542863247863
10286,6249.63
10287,5351.94
10288,3324.14
10289,4487.76
10290,6628.768751632426
10291,8399.17
10292,7878.39
10293,6925.55
10294,4367.06
10295,5547.392857142857
10296,2201.21
10297,8318.206071198156
10298,7543.6500000000015
10299,9076.685218023553
10300,5901.68
10301,3132.4
10302,5302.62
10303,6257.849047619047
10304,8468.555249769584
10305,4717.67
10306,5407.66
10307,5271.03
10308,5405.6621460333145
10309,2385.03
10310,7198.611666666668
10311,4229.65
10312,7382.233090909092
10313,7484.872333333334
10314,4250.755283094099
10315,7809.1075
10316,5951.697153679654
10317,5044.350745587745
10318,3685.8179999999998
10319,6827.102
10320,9444.663333333334
10321,5615.67
10322,5129.302626590813
10323,8036.401320816006
10324,8033.56
10325,5678.7825
10326,6801.07
10327,2237.47
10328,2516.4927659594077
10329,4816.22
10330,5594.1641666666665
10331,7769.385416666666
10332,7409.199166666666
10333,3953.89
10334,7954.08
10335,8571.14
10336,5897.78
10337,2889.48
10338,11050.469047619048
10339,3737.78225490196
10340,4314.12
10341,7717.558214285715
10342,5204.37
10343,5390.94
10344,3147.9447619047623
10345,5775.26
10346,4898.998194444444
10347,5359.25
10348,8302.92
10349,6812.666666666666
10350,6147.506363636364
10351,2900.453974013559
10352,7636.285
10353,10681.27
10354,4753.147416398039
10355,3106.441627687985
10356,6824.376004662004
10357,6067.633170731707
10358,7430.9334721235045
10359,8410.989164431197
10360,2116.404380952381
10361,7235.351373971657
10362,4516.965787331243
10363,5493.758363678806
10364,7295.019896994053
10365,2773.1075
10366,5274.398465638443
10367,5066.831517752994
10368,7614.238246251658
10369,7803.3045357142855
10370,4032.08
10371,4830.53
10372,7369.998385917546
10373,6254.522181311961
10374,5490.982707841549
10375,6719.001027866814
10376,4264.661602881877
10377,6190.277363467877
10378,4647.825
10379,3155.166971973615
10380,5022.635243930905
10381,6280.0686491821625
10382,6359.403975048856
10383,7367.12381198271
10384,7686.605355555556
10385,3738.253333333333
10386,7500.961875
10387,3380.6323136369906
10388,4064.0538700673565
10389,7563.747833333333
10390,6655.399248677249
10391,7151.16674863747
10392,9874.785
10393,6413.054962962964
10394,5324.5328147751015
10395,6961.153855780327
10396,6953.325602024547
10397,4201.3994406993215
10398,2838.6212788036896
10399,6275.598463993575
10400,4538.8670660442585
10401,6163.863616809117
10402,3955.816415598403
10403,5742.054160192825
10404,6307.955866251271
10405,6646.847927782043
10406,5595.48
10407,3042.4037615542743
10408,6361.533543636155
10409,7071.109546296298
10410,3653.956228581922
10411,5847.084644235221
10412,3118.18100584239
10413,5665.2449107187385
10414,3218.390319292877
10415,4422.223078582594
10416,4950.207575757576
10417,7256.480672705316
10418,6214.476314048624
10419,6783.509671191482
10420,8523.623787786011
10421,3790.7394728024087
10422,5343.2950072567355
10423,10849.209848858682
10424,5164.665
10425,7336.323573371125
10426,6497.637909846634
10427,5442.434164578111
10428,6382.877982586428
10429,4328.718129461072
10430,5646.381449799252
10431,7625.19146798869
10432,5423.118302973855
10433,2791.6768333333334
10434,3261.9356578947372
10435,6906.106891413524
10436,9717.047333333334
10437,5586.3875
10438,6044.07
10439,4136.2575
10440,2430.921098039216
10441,2103.883869122649
10442,3912.923282000105
10443,5269.760643283692
10444,6716.772060803952
10445,5281.249523139326
10446,5271.473850700436
10447,7739.177478658332
10448,7602.317029382971
10449,7011.8905558081515
10450,5672.259935033079
10451,7348.82372377924
10452,9224.746666666668
10453,3947.953557193036
10454,5417.61814955728
10455,5561.905281944787
10456,6232.223103348859
10457,2872.2252575757575
10458,5152.950458087242
10459,5039.477147435898
10460,9181.311
10461,5789.68
10462,6809.736237720207
10463,6881.968666666667
10464,4610.849851528435
10465,7525.469487179487
10466,18197.74
10467,8487.622073750657
10468,3742.33
10469,3475.57
10470,6224.576083333334
10471,9000.54
10472,4484.421253818891
10473,9003.34
10474,17145.95
10475,4736.63
10476,2451.2120065789477
10477,10120.82
10478,3408.586127946128
10479,6438.503800553993
10480,3411.3981127989655
10481,5935.3968413579705
10482,3269.02
10483,6975.847285714284
10484,5497.75655297757
10485,5128.759093974434
10486,7918.7396379509
10487,5655.010557009456
10488,5845.8613751912735
10489,7348.204999999999
10490,5558.96902007065
10491,6334.219402356902
10492,8781.48
10493,5017.143158331907
10494,5805.020214280044
10495,4246.953168825863
10496,3428.3403532067705
10497,5505.382043849684
10498,5024.855205646221
10499,4845.958949235965
10500,8020.589
10501,7991.47697708399
10502,7786.487418911785
10503,4563.7794923231595
10504,4027.6198253968255
10505,4341.820913612547
10506,5376.7361236596735
10507,5654.939186507937
10508,2638.5
10509,7009.88
10510,5379.164761904762
10511,6826.459919767644
10512,5284.205552317368
10513,4148.78
10514,3464.173333333333
10515,2438.871341213338
10516,8926.74
10517,5539.91
10518,5516.70671867493
10519,11410.79611111111
10520,7136.590234987235
10521,4569.51151172208
10522,5092.3133333333335
10523,2590.88
10524,4043.48
10525,4376.882433552732
10526,3980.463487443286
10527,8126.06969607687
10528,4572.8125115440125
10529,8756.79
10530,10681.87
10531,5456.675448051948
10532,5936.111860307411
10533,4853.889226999443
10534,4767.895948137163
10535,4648.0
10536,9104.918682539683
10537,5671.62
10538,5960.21168127999
10539,3332.44
10540,5364.767840193486
10541,4852.442050637032
10542,8206.9
10543,6967.376666666666
10544,5715.096
10545,7115.469405459236
10546,4280.12
10547,8078.69219224216
10548,6479.18249453053
10549,6067.816863199469
10550,9387.18
10551,7203.701327382945
10552,8033.465873626374
10553,3229.1165665479684
10554,4997.62
10555,4485.566438169997
10556,7607.908849016471
10557,6872.524879942761
10558,7373.667993993996
10559,6051.108880756761
10560,7231.382601957975
10561,4750.435969423297
10562,6111.725883648875
10563,6207.903939204431
10564,2760.13
10565,12974.59
10566,16374.3
10567,7035.16
10568,6249.315902172024
10569,7314.92
10570,8278.13
10571,7398.385714285715
10572,3092.5928571428567
10573,4550.413921802054
10574,5330.8846333617275
10575,8069.724714285715
10576,2566.0539681066057
10577,4408.4783333333335
10578,4820.912429857189
10579,4563.01997044335
10580,4349.716011904761
10581,2774.2303333333334
10582,3235.155055555556
10583,6452.542981635544
10584,3334.936666666667
10585,4607.6
10586,5610.398531455797
10587,5281.53
10588,8490.799100373484
10589,10635.52388888889
10590,4724.73
10591,6592.429779693487
10592,5946.821848236054
10593,9271.442916666667
10594,5309.62160191793
10595,2689.841038961039
10596,5542.6897352092365
10597,10802.189454545452
10598,3897.838719312693
10599,6223.456412698413
10600,2449.711388888889
10601,3804.435113053613
10602,5682.192932775701
10603,6726.89
10604,5821.067222222223
10605,8232.368274853801
10606,8225.307774853802
10607,7376.696666666667
10608,3906.032328759376
10609,11362.575
10610,1913.435
10611,3333.6796640271496
10612,6574.182543802075
10613,5089.33
10614,10742.558125
10615,2637.3274404761905
10616,4888.46390582516
10617,5478.844509728369
10618,8061.649252553547
10619,9622.47
10620,4519.327341085271
10621,3195.279477152477
10622,7989.858427015798
10623,9669.632258064516
10624,4679.611810344329
10625,6211.522591397848
10626,8809.81
10627,5798.1125
10628,4971.348924731184
10629,3737.5576923076924
10630,6694.08636246012
10631,4571.383977821474
10632,13629.74
10633,7613.3675
10634,16075.04
10635,6777.615384615385
10636,4574.03
10637,2220.786111111111
10638,6765.565806451612
10639,5913.1376190476185
10640,4968.83
10641,8969.171384615385
10642,5556.34869047619
10643,2668.6540000000005
10644,6263.942523809524
10645,3252.8219381752697
10646,9075.61
10647,6694.955190476191
10648,7317.08
10649,7900.116666666666
10650,4439.16
10651,6623.496971827621
10652,7631.93
10653,5101.884285714285
10654,6008.1373626373625
10655,4364.757948615873
10656,9457.332285714285
10657,5322.734285714287
10658,3242.19
10659,5359.09
10660,8445.70800675972
10661,6017.234903196567
10662,3808.23
10663,4942.157074207656
10664,4819.25
10665,4338.47
10666,5357.45
10667,10035.65
10668,4676.764743108998
10669,3795.569130852507
10670,6897.22
10671,5203.82
10672,2764.4857994092376
10673,4862.023499999999
10674,8824.64
10675,6688.976029745118
10676,10770.69
10677,8621.819829690787
10678,7145.25
10679,6088.7149223871365
10680,4287.596895447765
10681,9466.415399933401
10682,6872.598983251851
10683,6722.21
10684,5295.58
10685,5658.374252908094
10686,4443.39
10687,2187.15
10688,12526.18
10689,6879.42
10690,6029.56308433083
10691,4795.95
10692,1527.06
10693,8200.612276503598
10694,6751.51
10695,6964.61
10696,3533.928
10697,6826.04
10698,5092.8155
10699,3823.86
10700,9572.14
10701,4380.31
10702,4943.02
10703,3795.63
10704,2791.08
10705,4875.36
10706,12844.91
10707,5732.23
10708,5081.8
10709,5058.121499999999
10710,3548.61
10711,3406.01
10712,5345.72
10713,3194.63
10714,9444.79
10715,6064.443333333334
10716,3076.2866666666664
10717,7367.61
10718,2388.9179999999997
10719,3336.31
10720,8145.69
10721,8269.868666666667
10722,8458.855
10723,2305.723
10724,5037.35
10725,4299.06
10726,4035.11
10727,16303.17
10728,9314.374
10729,4830.494000000001
10730,3072.75
10731,5462.674
10732,3645.91
10733,2850.26
10734,7383.42
10735,5155.45
10736,5824.902123677249
10737,6793.778
10738,4701.61
10739,4560.06
10740,5926.58
10741,7239.67
10742,6649.59
10743,2788.64
10744,5214.603235900157
10745,6841.058000000001
10746,8225.91
10747,5493.5419999999995
10748,6873.818
10749,3439.097274520609
10750,8269.839166666667
10751,4709.282186832132
10752,2599.92
10753,4589.319112397561
10754,4080.44
10755,4534.20674323274
10756,6116.95
10757,3775.52
10758,7440.09
10759,4574.8055
10760,6376.578364340693
10761,7887.98
10762,4691.9213669590645
10763,7645.22
10764,5992.660555555555
10765,3045.8279463502367
10766,10877.01375
10767,3722.65
10768,3503.2459999999996
10769,6156.66578830522
10770,12844.53
10771,7944.760373334766
10772,4415.414314272053
10773,4551.35
10774,5666.083076344853
10775,5719.046969865885
10776,4365.8005454545455
10777,8025.56975
10778,3342.16
10779,5254.78509090909
10780,3921.5882916666665
10781,3582.61
10782,4031.0123233625154
10783,8070.24
10784,5926.082645743146
10785,4989.63
10786,4869.106375100254
10787,7573.93
10788,7401.0
10789,4707.8220833333335
10790,4875.842081255604
10791,5155.14
10792,6313.55
10793,4874.337171554882
10794,2901.7240932530653
10795,5690.35
10796,6711.125555555555
10797,6171.06204978355
10798,5507.114201959917
10799,2615.91
10800,8701.92
10801,3157.279205266948
10802,8618.365
10803,5500.324119047619
10804,4268.9905122434775
10805,8494.735
10806,3938.955437691236
10807,4361.3741666666665
10808,8142.46
10809,2836.503555395855
10810,5820.18
10811,9820.08
10812,6667.325096902266
10813,2222.73
10814,4708.473333333333
10815,3773.7897841119516
10816,3178.476680695
10817,4531.419695647489
10818,6104.1759999999995
10819,4783.12
10820,4366.38
10821,5228.94206060606
10822,4453.6379010598785
10823,11532.14
10824,4386.59
10825,6024.96821969697
10826,4079.94
10827,5793.555276925629
10828,6603.848333333332
10829,5856.64
10830,7236.46
10831,7323.007964373225
10832,7337.415714285714
10833,5811.287916666667
10834,5349.855075757576
10835,3840.1701301584603
10836,5217.398476190476
10837,8468.52
10838,5848.524440597223
10839,6206.265
10840,13685.66
10841,3562.652964743586
10842,5307.12
10843,4213.009136001335
10844,7360.03875
10845,8149.26875
10846,7087.37
10847,6471.350792540791
10848,7034.800792540791
10849,9862.60823433088
10850,6109.252858474859
10851,5517.52893939394
10852,2773.022363531605
10853,4981.6402499999995
10854,3550.2396731391427
10855,3341.6304316524665
10856,7245.725897435897
10857,18383.89
10858,5386.78
10859,3079.03
10860,4432.4261781127225
10861,4150.843333333333
10862,5417.965307692308
10863,1907.14
10864,6118.8
10865,6107.945034965034
10866,3298.04
10867,10138.58
10868,11012.21
10869,4647.93
10870,5568.741165243782
10871,3779.537333333333
10872,4375.309942411794
10873,3941.19
10874,8585.91
10875,4243.005
10876,4024.6375
10877,4784.160177537601
10878,5488.85425
10879,6317.328021213645
10880,6891.582571428572
10881,2682.94
10882,8050.712571428572
10883,6337.206454550821
10884,4985.683734848485
10885,4128.887391827175
10886,4251.12560064935
10887,4755.07
10888,4595.444580974959
10889,9230.96
10890,4680.653690476191
10891,3534.0243372699256
10892,6056.52
10893,6533.12378770739
10894,5141.86
10895,5892.590714285714
10896,5661.186964285714
10897,10033.505203966311
10898,6665.100104120107
10899,5992.722571428571
10900,3773.7757345710875
10901,4411.902853206188
10902,7527.040597583911
10903,3610.203333333334
10904,4802.22
10905,5411.955
10906,12539.03
10907,7356.59
10908,4313.05
10909,5489.830952154245
10910,4700.259658744707
10911,6633.63
10912,5162.852166666667
10913,9225.882428408142
10914,6338.948
10915,5190.41
10916,4075.2636055136536
10917,2165.7
10918,3869.62107247941
10919,16164.43
10920,2326.7516954029393
10921,5105.034404761905
10922,6594.8890909090915
10923,7421.93
10924,6075.049090909091
10925,7515.28
10926,6381.1625
10927,7272.578484848484
10928,3807.27
10929,7496.816410728147
10930,3928.988587003601
10931,5698.560494208609
10932,9274.226983766235
10933,3705.394877718656
10934,8788.613666666666
10935,5657.744000000001
10936,3081.874166666667
10937,6180.835757575758
10938,6016.150757575758
10939,2733.034481691531
10940,8424.851818181818
10941,7161.71
10942,4780.757532467533
10943,9429.907142857142
10944,8225.652142857143
10945,7530.75
10946,4142.0209100286165
10947,3284.1539285714284
10948,5054.31
10949,3243.6322222222225
10950,5366.91
10951,2633.6159238273367
10952,5542.327906996199
10953,3088.5572820299026
10954,5496.670714285714
10955,4843.4788109627225
10956,4909.46
10957,5248.421666666666
10958,7843.82
10959,4782.031670416576
10960,7988.6
10961,5569.744733346404
10962,5808.093519239151
10963,8488.24
10964,6401.285
10965,3676.649166666666
10966,4916.029933205043
10967,4819.89
10968,5067.727706054643
10969,10216.6725
10970,5397.346726190476
10971,5782.543559649403
10972,8618.806491664624
10973,6199.98
10974,2071.9976191742594
10975,8763.67
10976,8258.13
10977,5752.283355742297
10978,6928.605403303787
10979,6316.830652014652
10980,7309.513928571429
10981,5104.694326000152
10982,4335.543933641435
10983,3733.706488426675
10984,5364.786027831657
10985,7854.229
10986,3429.28614029501
10987,9104.996899147201
10988,7205.414915966386
10989,4831.081467764601
10990,7228.0115282852275
10991,4380.18
10992,7086.98680108939
10993,2414.68
10994,5040.7959591021445
10995,5012.61
10996,3470.33
10997,6273.719978715469
10998,7024.05
10999,7399.715807979323
11000,6338.852
11001,4242.371710999356
11002,6236.659079858052
11003,6732.620053698533
11004,7647.991661051963
11005,3348.39
11006,2999.465976421353
11007,8533.928929938618
11008,5275.05
11009,3791.019011373332
11010,7556.368577848958
11011,7544.031305121685
11012,6476.507974123174
11013,4688.178598250621
11014,2380.509039065724
11015,5744.191999999999
11016,5759.698292588963
11017,5244.103003223085
11018,8450.893299329526
11019,6378.19
11020,3579.3463637814757
11021,5648.14
11022,2876.44
11023,1226.7054524642022
11024,6123.031159254339
11025,8398.74876566416
11026,5547.71
11027,4575.267466775984
11028,3445.006586761443
11029,5277.4876793229105
11030,8914.01256783647
11031,6172.0329411764715
11032,8496.86496031746
11033,4788.19273800742
11034,5220.507986245542
11035,3207.2576952495774
11036,6891.032857783089
11037,3164.5487276229173
11038,2408.1200453826427
11039,4140.098914170776
11040,3254.0769709465244
11041,6886.84
11042,4725.242976543211
11043,4729.4596570741505
11044,5364.381740146274
11045,7429.880095238095
11046,4213.87
11047,3838.1755443722946
11048,8620.700732704403
11049,8667.15
11050,6996.816788854136
11051,2247.5478452380953
11052,6150.9
11053,5198.756941096612
11054,4205.393333333333
11055,9136.704534914363
11056,9113.457023809524
11057,6936.69
11058,5984.941474888201
11059,5835.08552631579
11060,7716.92
11061,10684.34
11062,3156.88375
11063,4146.743333333334
11064,4870.696307145183
11065,6063.35
11066,5078.865
11067,9346.99
11068,6978.206580128205
11069,6423.96
11070,2759.786001152074
11071,6342.17
11072,6742.751428571429
11073,3477.361154597037
11074,5859.958251323093
11075,3379.466849041481
11076,6983.394872067689
11077,5405.96625
11078,5392.655
11079,6318.8177899230395
11080,3697.13
11081,5059.730294797308
11082,6758.227951455691
11083,4821.82
11084,8063.047916666667
11085,5576.905
11086,7608.216234817814
11087,4966.67
11088,3403.83
11089,7718.13
11090,2787.1837587412588
11091,10441.78
11092,5332.465793880838
11093,4481.366608695652
11094,6449.242974280622
11095,4714.647
11096,4047.82
11097,5532.29
11098,2668.56
11099,2827.40625
11100,6057.288423400675
11101,5954.28875888817
11102,10487.251653846153
11103,5865.743423400675
11104,5838.317579365079
11105,4145.933015873016
11106,5395.397219696969
11107,3061.186666666667
11108,10752.19
11109,6500.42
11110,12510.23
11111,5433.24
11112,4768.44
11113,6825.44
11114,6918.31
11115,3252.44
11116,8545.94
11117,7083.72
11118,5277.15
11119,5923.27
11120,4410.15
11121,2897.98
11122,4979.01
11123,3616.3
11124,3203.62
11125,7745.76
11126,5461.39
11127,21250.96
11128,7314.93
11129,4479.87
11130,7179.81
11131,10158.99
11132,5663.51
11133,7238.57
11134,5404.5861904761905
11135,7688.32
11136,7781.52
11137,6253.402857142857
11138,5862.01
11139,6879.68
11140,7597.62
11141,7579.79
11142,8153.23
11143,5694.15
11144,5506.13
11145,6121.95
11146,10573.82
11147,10711.8
11148,9701.48
11149,8029.59
11150,5182.76
11151,6318.75
11152,5220.13
11153,8281.23
11154,10314.5
11155,9834.04
11156,6226.03
11157,5240.03
11158,4890.11
11159,6445.21
11160,10513.05
11161,7872.62
11162,5767.33
11163,6370.07
11164,7965.2
11165,4174.15
11166,7684.65
11167,4447.99
11168,8221.38
11169,7729.32
11170,5985.71
11171,7645.56
11172,7023.76
11173,4557.73
11174,6723.23
11175,7532.65
11176,11954.49
11177,6117.49
11178,7832.7
11179,7242.06
11180,9532.35
11181,6229.447776091917
11182,10780.49
11183,5311.81
11184,4128.64
11185,6207.95
11186,6083.84286755259
11187,8309.702642248767
11188,7989.136215037043
11189,5333.92
11190,7503.8
11191,8369.72
11192,10090.57
11193,4462.08
11194,12823.87
11195,4875.95
11196,6865.614892857144
11197,8854.426147966067
11198,6153.74
11199,6722.09
11200,7312.415725795755
11201,7535.027024536475
11202,5769.0113324045
11203,6071.630670048294
11204,8551.563670237745
11205,7747.187513025814
11206,8259.686151184509
11207,4577.44
11208,7059.442207729469
11209,8025.622929840095
11210,7045.18
11211,4594.58
11212,7328.536241102669
11213,5687.450034201432
11214,7329.436672159066
11215,8385.826696733859
11216,4192.566714241314
11217,8415.915905388854
11218,6262.29
11219,7469.089305555555
11220,6993.0
11221,5481.958739495799
11222,6583.313505556423
11223,6269.1495173183175
11224,8206.542636481292
11225,10357.466713875207
11226,5046.57
11227,4855.37
11228,8129.699022994777
11229,6401.272821621317
11230,6961.59
11231,9770.435987074237
11232,8019.753463793075
11233,7882.96
11234,5580.645630055343
11235,4926.16520138063
11236,6938.349791214365
11237,8943.29
11238,8786.078558823529
11239,8578.819729864346
11240,8502.643039388156
11241,6371.954152510507
11242,8671.833465857957
11243,5990.771652510506
11244,8421.048194130102
11245,9184.983496140838
11246,7974.107503364573
11247,10117.118333333334
11248,8460.96031858899
11249,8808.470923949264
11250,6537.235356210977
11251,7645.78
11252,8281.609590885782
11253,6668.363604127632
11254,4771.595
11255,5812.106666666667
11256,8090.939333333332
11257,6456.54
11258,5512.510416666668
11259,9107.890500000001
11260,7061.198
11261,6575.83118819144
11262,6548.0594542733115
11263,5710.270378306878
11264,7537.77
11265,7285.58475
11266,7676.97
11267,6033.010536023053
11268,5242.943809523811
11269,6763.734778069302
11270,4432.662666666667
11271,7023.04
11272,5006.017588652482
11273,9435.159583333332
11274,8051.811280637256
11275,7062.927527472528
11276,6306.808434670627
11277,4717.6083734924505
11278,5824.9375456529
11279,11643.19
11280,7635.584830827067
11281,8623.03305034565
11282,8668.58943939394
11283,6270.098630811217
11284,6539.333797484039
11285,6556.036955486542
11286,7403.986666666667
11287,10695.28425
11288,6654.33
11289,3656.497807017544
11290,5226.15
11291,8779.148782020004
11292,9719.599250000001
11293,7738.585317460318
11294,7809.61893939394
11295,4971.549040521494
11296,5598.69
11297,3351.4554666666663
11298,4609.890526315789
11299,6619.23613275417
11300,7214.042663612926
11301,6758.335384615385
11302,6831.380277777777
11303,8297.854165779047
11304,9410.219947374382
11305,7890.812853186111
11306,6875.566333448405
11307,9747.901818181817
11308,11704.591666666665
11309,6464.763052916009
11310,7990.8141024055985
11311,5447.02385158987
11312,7121.741561870405
11313,4615.5353034420295
11314,7392.013391327936
11315,5838.470257559807
11316,9278.41
11317,7854.49
11318,9120.084611260383
11319,8326.33
11320,5733.413181588041
11321,8679.559497714705
11322,18020.87
11323,10558.380108024692
11324,5252.93
11325,3096.4824035326537
11326,6452.4126797092795
11327,10081.64
11328,5672.712815402756
11329,11768.25
11330,21320.06
11331,4029.99
11332,5124.6170209425245
11333,7497.845897435897
11334,5108.799732561908
11335,9159.43
11336,7116.346063725491
11337,7505.608896825396
11338,3879.57
11339,8701.631670542636
11340,6679.764850984241
11341,7505.734730158729
11342,7180.424850984241
11343,6502.721517650908
11344,6136.264544980658
11345,7674.130230623351
11346,5831.467021878327
11347,5431.535430843001
11348,8982.850151515151
11349,6170.33232105432
11350,6149.088730427407
11351,7984.769873427382
11352,6107.973337667196
11353,5229.03198135638
11354,7437.238435463199
11355,7015.128923558435
11356,10349.144195776236
11357,7290.7870382395395
11358,8316.896666666666
11359,6438.685
11360,4482.582046636938
11361,6508.351009326833
11362,7524.317501751077
11363,5891.251221472972
11364,4851.652802519118
11365,9560.660349593496
11366,7590.705363887321
11367,9822.402
11368,7012.39
11369,6449.7611948051945
11370,5555.780811808118
11371,4808.84
11372,10437.48
11373,5892.172
11374,8326.82
11375,13908.45
11376,7921.028481225808
11377,6641.202777777778
11378,5365.9619999999995
11379,4759.230811808118
11380,8451.887272727274
11381,4247.5740000000005
11382,5515.428916666666
11383,9575.159804804805
11384,5363.165205253314
11385,15470.96
11386,14036.8
11387,5042.057508752593
11388,7363.350073764643
11389,6565.560155483405
11390,7078.148374601016
11391,5549.1691666666675
11392,5829.273552574987
11393,7969.612906976744
11394,8553.885137685456
11395,5471.43
11396,7339.858505296093
11397,5279.974282229993
11398,10325.22
11399,7846.612906976744
11400,6670.065
11401,7219.683195644265
11402,5806.23
11403,8573.698179400137
11404,9348.024286980879
11405,6105.430418370147
11406,10799.24701388889
11407,7253.943974215254
11408,9298.012283201206
11409,5741.088333333334
11410,6245.607906976744
11411,5982.370590776603
11412,9650.25064606827
11413,6983.447998893556
11414,8699.856214285715
11415,7002.435882266224
11416,9198.24534085116
11417,4615.796772718646
11418,8490.82862285631
11419,6665.418571428571
11420,4159.85
11421,14952.66
11422,17458.11
11423,9111.05
11424,7293.909845232256
11425,10349.548333333332
11426,10967.96
11427,10968.55
11428,6635.414285714286
11429,7626.071038961039
11430,6325.297178354409
11431,9082.600634920635
11432,4251.569393939394
11433,5768.944294356658
11434,6155.901606943892
11435,5949.85
11436,8045.84
11437,4948.4360025856495
11438,5017.972232142857
11439,6673.8309567823235
11440,4404.29
11441,4739.040625
11442,6291.986481495013
11443,7044.672941176471
11444,9699.896376452518
11445,9706.036376452517
11446,7773.42
11447,6456.945910843556
11448,6762.649749289846
11449,10793.327583333334
11450,8306.079672362725
11451,6663.25393939394
11452,6777.740184317596
11453,8408.852196415024
11454,4969.763464734624
11455,7081.256654181126
11456,4170.298423783513
11457,5100.368415204678
11458,8619.827405750051
11459,7430.520625
11460,8725.001106941027
11461,9169.225712994448
11462,9213.898381403274
11463,10245.82
11464,6222.828272204398
11465,11360.283333333335
11466,3257.5233333333335
11467,5413.075099778271
11468,6971.165476190476
11469,4390.81
11470,8515.017525641026
11471,5659.891423052376
11472,5132.1919736676045
11473,9178.398928571429
11474,10690.228458333335
11475,7260.9103703703695
11476,5619.117743448354
11477,5893.067606837608
11478,9106.73907661774
11479,7477.387635260937
11480,6235.9784234789395
11481,7169.276197088544
11482,7874.651111111111
11483,9390.206451612903
11484,5574.442049734765
11485,6097.4407643980885
11486,7764.001436449782
11487,9569.318790849675
11488,13821.52375
11489,6015.431102074629
11490,15953.31
11491,8308.233604651163
11492,5576.557594159848
11493,3597.147308964634
11494,6094.165756493507
11495,7473.845059386973
11496,5863.8017016082
11497,8194.809296066253
11498,7157.428112274973
11499,4532.406111111111
11500,7352.18241872876
11501,3685.0424583333333
11502,8193.478337595907
11503,7346.463993764836
11504,8852.57628997686
11505,8516.047730082577
11506,5787.206691524207
11507,10469.320054834054
11508,7037.786209603908
11509,5521.545913573627
11510,6988.994627308433
11511,5877.617677234927
11512,11091.383989769822
11513,6190.760956186685
11514,4744.757074603174
11515,8262.880261111113
11516,9105.695511959684
11517,7612.722958716167
11518,6473.451588186814
11519,9123.228195772383
11520,5311.142887179486
11521,6117.42
11522,8121.716688626981
11523,10116.410233059167
11524,6672.96694181401
11525,6485.524201554271
11526,6939.903514624744
11527,5330.682407099998
11528,4134.557369095932
11529,6049.814414746544
11530,10644.13815079365
11531,9065.089209714577
11532,11290.258072024593
11533,11812.945016887015
11534,8967.440193236715
11535,5938.036666666666
11536,4702.647290764791
11537,10433.177333333333
11538,9383.26755128205
11539,8718.066770833333
11540,8880.4284375
11541,9662.14
11542,6116.2357647058825
11543,3542.333777777778
11544,11842.511587301586
11545,3221.966022522523
11546,6341.27880952381
11547,7191.130980392157
11548,2908.21
11549,11667.06
11550,3181.3110225225228
11551,2685.006022522523
11552,4924.39
11553,6344.374861350362
11554,6890.858
11555,7852.71
11556,6646.223735042735
11557,4549.6152747252745
11558,6047.064045801526
11559,4258.71
11560,3384.7175
11561,7533.966168831169
11562,17253.53
11563,5552.041395348837
11564,6004.393669782797
11565,7294.757552584671
11566,5750.131614173228
11567,5597.582051282051
11568,5659.348253116131
11569,4317.398280839894
11570,8772.356666666667
11571,7633.615260691888
11572,4645.7882808398945
11573,9233.442777777778
11574,5713.208968253968
11575,5137.174166666667
11576,9392.994444444445
11577,8695.803333333333
11578,9147.271666666666
11579,5577.0589682539685
11580,7660.5212676056335
11581,4810.9920833333335
11582,5667.171907878035
11583,14041.39857142857
11584,7486.119635900012
11585,7070.873791744169
11586,5470.679785884051
11587,4611.509445599446
11588,6492.29
11589,4608.838759208103
11590,8893.879787208403
11591,4949.102240437159
11592,6313.942631578947
11593,7409.495327297529
11594,5440.6359999999995
11595,6996.797425531915
11596,6928.288529411764
11597,9521.445333333333
11598,7686.1775
11599,4367.865
11600,6539.065
11601,7298.259373280466
11602,9236.493113013697
11603,9427.059913364415
11604,7302.121039947133
11605,5014.876638602283
11606,7344.6927066138005
11607,6261.820621756898
11608,5103.748333333333
11609,7726.460061518637
11610,6922.598333333333
11611,7428.131827246243
11612,6172.3736507936155
11613,6518.161590909091
11614,9584.55201058201
11615,5745.08398203936
11616,6719.356147905446
11617,8265.020134340222
11618,6701.781974952172
11619,12274.294952380953
11620,6967.457463369963
11621,5375.462083333333
11622,12566.086821601108
11623,5991.306658045978
11624,3748.2658558327635
11625,8784.44653030303
11626,15421.482222222223
11627,9785.176465517241
11628,5864.910918918919
11629,6537.666241379312
11630,7024.479305555555
11631,7600.845501769464
11632,6605.797787698502
11633,9275.085367586571
11634,3811.046806722689
11635,6916.09328778258
11636,6745.62902747212
11637,5526.290227272727
11638,5343.933958333332
11639,7498.864169538592
11640,8553.197424242424
11641,5074.741761904762
11642,8371.209761904762
11643,7950.978968334834
11644,8747.509085572443
11645,5485.400474576271
11646,7673.384203967775
11647,6519.2676666666675
11648,7353.089332465443
11649,9475.816887204743
11650,4470.095003207802
11651,8010.25
11652,9486.655216627712
11653,7514.240172112332
11654,4805.348146011598
11655,3960.75
11656,8691.850183092527
11657,6799.0105537425625
11658,8950.030095564116
11659,6396.217153012912
11660,5778.609008565459
11661,8940.703374070554
11662,6675.286883394383
11663,6659.202324049116
11664,9231.7425
11665,5940.23504129006
11666,8696.3925
11667,11880.456750000001
11668,8284.407268170427
11669,5091.29
11670,6901.312657059316
11671,5216.5346311858075
11672,3427.5093461652723
11673,8838.922899582794
11674,7118.0294905660385
11675,9014.072009803922
11676,5689.6883217348695
11677,8891.529016590403
11678,7823.04447786036
11679,10536.068494152047
11680,5230.078679204937
11681,6969.561005717554
11682,6233.486208157784
11683,8584.282801713496
11684,7491.657036273681
11685,7730.123793650793
11686,8639.128958333333
11687,9450.85018877715
11688,7491.985148804931
11689,7176.8448669189875
11690,6008.477393038719
11691,5055.6931208713095
11692,5760.134788185085
11693,11141.748410420734
11694,9651.033851963746
11695,7537.6
11696,16396.79
11697,6887.277912524326
11698,6950.240180364651
11699,6156.048432814431
11700,8919.1521500377
11701,9286.522715855983
11702,7439.660555813033
11703,7620.498254786133
11704,8212.355321689814
11705,8487.483070226072
11706,7228.126510068068
11707,6406.8596582633045
11708,6309.176297604031
11709,6030.830157398532
11710,3986.3650157032507
11711,5655.666562866042
11712,9945.725058724343
11713,17277.46
11714,6448.71
11715,4929.66
11716,7936.091520093531
11717,4126.3652
11718,6599.258533333333
11719,4401.783690476191
11720,9244.509209371758
11721,6627.768533333333
11722,7233.560833333333
11723,13592.370357142856
11724,12405.19
11725,7097.551833333332
11726,8029.182390747221
11727,3501.3168181818182
11728,5735.312261984293
11729,5673.925
11730,5189.8718181818185
11731,5009.427803752176
11732,4261.401818181818
11733,5900.608183766478
11734,6363.516785714286
11735,9886.036300896058
11736,6944.6128030794525
11737,3116.916666666666
11738,7912.312108635006
11739,7670.938306989759
11740,8669.916666666666
11741,5215.338459119496
11742,4821.60679245283
11743,8276.324752882605
11744,5659.19643902439
11745,9664.935353474
11746,4858.705125786164
11747,5539.520721024259
11748,7008.909544341073
11749,10476.5115
11750,3968.756492063492
11751,9554.499285714286
11752,7789.5590625
11753,10001.391739130435
11754,10357.811875
11755,6189.549564984214
11756,3987.851333333333
11757,5435.318
11758,8140.55
11759,5086.480905597326
11760,6526.81
11761,6713.437940169835
11762,13826.177212354276
11763,7647.742204924215
11764,6517.31612792737
11765,7741.26
11766,4815.88
11767,9368.083017389152
11768,5861.99
11769,13865.4
11770,6757.171333333333
11771,5962.845374202772
11772,5488.0977678571435
11773,4915.232587116299
11774,7242.062666666666
11775,10527.530726433875
11776,4683.257575757576
11777,5715.8115396196945
11778,11584.470228530441
11779,6866.823760420239
11780,7040.2246622348775
11781,7702.786318861797
11782,6894.933333333333
11783,8263.179297862445
11784,4624.77
11785,8955.86
11786,5891.625427378542
11787,7161.130995670996
11788,7643.639166666666
11789,4394.817476190476
11790,8328.670833333334
11791,6289.615558740601
11792,4022.3917029151407
11793,8782.750478315507
11794,9568.825153260848
11795,4317.292544351073
11796,7772.550242723141
11797,7140.115888888889
11798,5244.170818952466
11799,8770.597518447415
11800,6865.013755460403
11801,9741.844082500673
11802,4607.117321428572
11803,5085.604184453227
11804,6306.646560897993
11805,4568.246
11806,7874.971631593928
11807,4649.261488095238
11808,6459.331688797314
11809,5016.674499773038
11810,9290.091096730244
11811,6367.946047161723
11812,7482.469923329551
11813,6969.9995515873015
11814,9189.968072542944
11815,6715.680714285713
11816,7770.019788491947
11817,6856.316481481482
11818,8692.613181818182
11819,8956.34969284405
11820,6858.43236109372
11821,3355.9820238095244
11822,6327.716333333333
11823,7361.279350946848
11824,5028.0
11825,6791.933513396912
11826,6500.910299111198
11827,6509.775164021165
11828,11692.644285714287
11829,6638.4504595586795
11830,4636.934531999267
11831,11865.251540341727
11832,10066.59872315732
11833,5263.312619047619
11834,9155.019789591377
11835,10321.209285714287
11836,9750.886513396912
11837,5637.353903698395
11838,7273.322039349599
11839,6457.335667043009
11840,6394.947679482222
11841,7981.388969951504
11842,5750.440836078983
11843,9020.686143032255
11844,7562.8851963994175
11845,6996.291050462055
11846,7951.197207659987
11847,6083.839632997588
11848,7027.84942876918
11849,4455.972774250457
11850,7845.328634589916
11851,7621.946632463564
11852,6435.941625714463
11853,7047.280641163838
11854,7851.98760986437
11855,9201.976628166723
11856,6729.740452541759
11857,5724.991910223483
11858,6463.523570728388
11859,7202.038305932108
11860,7066.732144066733
11861,4566.902623677739
11862,4501.588086109852
11863,8072.590091181739
11864,7247.15
11865,6204.560007816453
11866,8598.98086427589
11867,8405.120071495061
11868,7078.057326874691
11869,6131.265491828261
11870,4048.1037615943064
11871,6964.505380924826
11872,7201.368442704095
11873,7262.8648983736875
11874,9848.956765602563
11875,8504.373883764643
11876,5186.620530466057
11877,8657.452798671326
11878,3678.2966291040807
11879,3301.445658968361
11880,7817.471336515865
11881,12620.410805555553
11882,7955.942660159568
11883,7993.105640883627
11884,5675.5491409381675
11885,7310.760820479694
11886,9138.88238767202
11887,6052.580784839974
11888,7819.226966567734
11889,6256.924405958361
11890,4773.19789871436
11891,5912.81898111226
11892,5850.034094325962
11893,6432.026054622194
11894,4970.216419939504
11895,5266.27331198382
11896,4369.974293688353
11897,7438.717069489614
11898,8026.17792638159
11899,6338.254118674239
11900,6371.79911990809
11901,7305.324864497026
11902,5857.253775845423
11903,6229.096111111111
11904,9225.741615131865
11905,9002.314404254565
11906,8882.436909998236
11907,4448.633311688312
11908,14467.246990341617
11909,7363.509541477866
11910,6087.6367023809535
11911,10471.7175
11912,8647.603333333333
11913,7842.983512871037
11914,6009.019916666667
11915,7216.742055555555
11916,11256.87
11917,14403.908840656548
11918,5125.583461538461
11919,4929.92
11920,5470.894220779221
11921,7021.3667825022685
11922,6740.287916666666
11923,8126.619709551843
11924,9334.196666666667
11925,6868.905694444445
11926,4753.87
11927,6484.14
11928,8134.6939454441945
11929,5584.26
11930,7035.0139049787
11931,4509.016666666666
11932,8017.740719346701
11933,7484.2585714285715
11934,7931.256683581078
11935,8718.52
11936,6636.315129086299
11937,5940.3054193467
11938,6660.7154193466995
11939,8278.148728885883
11940,8428.66
11941,7935.667957757978
11942,7552.6472034736835
11943,6495.88
11944,4484.018361224228
11945,9970.362632941247
11946,4988.27
11947,11442.06
11948,5313.38
11949,4346.14
11950,6782.266416666666
11951,5883.225
11952,7829.119485653593
11953,7674.423974398412
11954,4001.27
11955,5302.886666666666
11956,7776.743
11957,9180.55
11958,10076.64
11959,5315.25
11960,6136.456609195402
11961,6811.753714285715
11962,6307.007
11963,6147.741818181818
11964,11140.83
11965,8711.12
11966,12471.72
11967,5129.27
11968,6476.93
11969,8875.87
11970,8263.77
11971,6057.9
11972,10649.83
11973,7405.97
11974,5662.51
11975,6780.03
11976,5296.61
11977,5477.64
11978,6926.9
11979,5616.75
11980,5421.6
11981,9001.14
11982,6838.84
11983,20454.21
11984,7393.11
11985,4717.1
11986,8315.64
11987,10189.49
11988,6693.216666666667
11989,7228.49
11990,5790.26
11991,8600.77
11992,8150.3
11993,5716.77
11994,6158.52
11995,6871.03
11996,8368.19
11997,7744.78
11998,8735.37
11999,5542.54
12000,5525.88
12001,5572.11
12002,10165.96
12003,12085.42
12004,10361.01
12005,7838.09
12006,5263.7
12007,6397.41
12008,5493.82
12009,8363.6
12010,10962.31
12011,9524.36
12012,6348.23
12013,5567.28
12014,5345.37
12015,6387.06
12016,11451.81
12017,8021.63
12018,5931.85
12019,6123.21
12020,8270.76
12021,3981.63
12022,7566.15
12023,4533.37
12024,7389.93
12025,8208.66
12026,5673.77
12027,8052.49
12028,6927.55
12029,4742.24
12030,7304.31
12031,7608.87
12032,11473.13
12033,5885.63
12034,7863.86
12035,8012.78
12036,9510.91
12037,6312.845490377633
12038,10785.47
12039,6228.81
12040,4659.56
12041,6842.96
12042,6100.7434634295805
12043,8273.715141971914
12044,8016.388714760189
12045,5700.106896551724
12046,7641.58
12047,7804.076896551724
12048,10487.256896551724
12049,4180.956896551724
12050,14261.75
12051,5613.876896551724
12052,7223.129872742202
12053,9219.174948139023
12054,6611.2175
12055,6506.0375
12056,6885.064111993822
12057,7625.405841359187
12058,5775.999698158671
12059,6073.232539095912
12060,8454.312177957365
12061,7719.996407222133
12062,8596.063485274883
12063,4751.3
12064,7074.992908974085
12065,7960.33420158679
12066,6782.21
12067,5293.57
12068,7239.461483662956
12069,5999.091096374888
12070,7235.310825097224
12071,8198.602396313096
12072,4293.280142812743
12073,8258.954046413592
12074,6319.9
12075,7499.454081168831
12076,7207.29
12077,5302.975636363636
12078,6540.745855983772
12079,5961.638942080029
12080,8097.172467982221
12081,9462.295201970444
12082,5095.3875
12083,5073.5175
12084,8041.353531858742
12085,5993.284172511494
12086,7325.0
12087,8249.707946701566
12088,7099.922873116335
12089,8233.363333333335
12090,5580.535130055343
12091,5176.0221061425345
12092,6858.9883980081095
12093,8863.72
12094,8609.311963585433
12095,8310.778376193353
12096,8440.641152292255
12097,6917.5694815148345
12098,8868.63416854416
12099,6785.199001564961
12100,8652.532090530987
12101,9365.361385790533
12102,7468.868710981611
12103,10009.31
12104,8390.133867619163
12105,8275.283415443815
12106,6695.792815145963
12107,7540.85
12108,8096.707794281212
12109,6874.621278555638
12110,5369.815996240601
12111,6402.833333333334
12112,8178.808738095237
12113,6312.833333333334
12114,5633.173095238095
12115,9297.64919047619
12116,7551.83919047619
12117,6749.6477552910055
12118,6445.72920391256
12119,6060.173771164022
12120,8195.84
12121,7720.497083333334
12122,7874.496428571429
12123,6098.746884679426
12124,5427.051428571428
12125,6911.139726102814
12126,4449.847428571428
12127,6630.834254329003
12128,5492.174310874704
12129,9175.5425
12130,7273.908428571429
12131,6385.682857142857
12132,6065.627849092282
12133,5670.649859395507
12134,5736.16891552011
12135,11805.57
12136,7015.312422261536
12137,8747.025713313365
12138,8050.205
12139,6295.883652313524
12140,6546.989255872023
12141,6233.052591540964
12142,8485.36
12143,12371.528571428573
12144,6983.08
12145,4005.287807017544
12146,5497.84
12147,8397.34266087179
12148,9166.57
12149,7438.7686507936505
12150,7803.256631701632
12151,6946.931025641026
12152,6090.79
12153,3475.525555555555
12154,5506.694
12155,6708.313390082105
12156,6960.270368002859
12157,7126.768461538462
12158,7096.763354700855
12159,8015.66209231492
12160,9739.239780615146
12161,8138.710550572531
12162,7060.150895914191
12163,9719.584895104896
12164,10911.561666666665
12165,6653.944156673363
12166,8167.758595606841
12167,5783.0197818132865
12168,7081.8768446697795
12169,4471.988669713439
12170,7717.33358379405
12171,5542.675712717696
12172,9193.63
12173,7574.4769230769225
12174,9347.65822848883
12175,8725.94
12176,5701.0433043270605
12177,8645.42413585434
12178,20250.23
12179,11019.976064097043
12180,5572.95
12181,3312.9082662777514
12182,6444.656846375945
12183,10921.69
12184,6001.97630821057
12185,11779.36
12186,20106.02
12187,3764.39
12188,5457.330151401493
12189,10119.362619047619
12190,5580.354968982868
12191,9930.06
12192,7666.951813725489
12193,7908.198813492066
12194,3514.56
12195,7359.702986111111
12196,6437.073005469291
12197,7965.819563492064
12198,7067.393005469291
12199,6380.439672135959
12200,6211.418162215323
12201,6814.829345429045
12202,5574.691559513078
12203,5145.309138891404
12204,9023.264242424244
12205,6366.554311476298
12206,6364.69083737928
12207,7872.917594206602
12208,6116.057706559175
12209,5927.853969339108
12210,7780.515232083245
12211,7432.054139009651
12212,8953.127179750596
12213,7492.514157010303
12214,7604.3200000000015
12215,6232.4
12216,3962.2200604015975
12217,6796.079052616877
12218,7622.147037465362
12219,5957.7032690920205
12220,4431.057802519118
12221,9972.703682926829
12222,7941.119252776209
12223,9819.83
12224,7112.69
12225,6173.313528138528
12226,6051.310811808118
12227,4911.95
12228,10457.408000000001
12229,6539.352
12230,8125.51
12231,16202.696666666665
12232,7657.005218044234
12233,9059.06
12234,5390.552
12235,5049.280811808118
12236,7291.757272727273
12237,4443.69
12238,5767.26125
12239,11223.025297619048
12240,5524.725892153831
12241,16386.74
12242,14434.47
12243,4604.095067182896
12244,7348.947570517889
12245,6621.503576118327
12246,7002.396425817927
12247,6333.995
12248,5590.3529125925925
12249,7967.247906976744
12250,9875.350430845585
12251,5930.16
12252,7154.503401261241
12253,4898.534390030517
12254,9515.9
12255,7519.265275397796
12256,7238.37
12257,6825.464205417343
12258,5571.78
12259,8664.96582563299
12260,10521.108828754579
12261,6038.1035580987045
12262,11970.75
12263,7429.381919898654
12264,9987.434031758203
12265,5638.948095238095
12266,6757.5529069767435
12267,6240.071034902176
12268,9493.626402263224
12269,6747.292115838873
12270,8501.2045
12271,7069.309457364497
12272,8664.671178763248
12273,4587.254452205825
12274,8916.541136363636
12275,7392.941666666667
12276,4501.62
12277,15862.91
12278,18810.81
12279,8276.07
12280,7477.616243278391
12281,10655.59
12282,11389.43
12283,11531.825
12284,6741.176521739131
12285,7708.643038961039
12286,6230.38311380987
12287,8783.420555555555
12288,4139.845
12289,5898.793491681073
12290,6021.1116876886545
12291,6792.496666666668
12292,8140.84
12293,5425.04656302521
12294,5072.002232142857
12295,6658.74812965904
12296,4703.568571428572
12297,4855.7725
12298,6340.791406952482
12299,7148.75
12300,9389.89582573697
12301,9358.06582573697
12302,9026.6935
12303,6381.651642139765
12304,6515.209740050446
12305,12444.483257541477
12306,8669.06730995671
12307,6126.718333333332
12308,6636.088627818276
12309,8469.709263035415
12310,5113.829090909091
12311,6904.985097681805
12312,4369.62936818607
12313,6156.109333333334
12314,8367.875027195027
12315,7240.558958333334
12316,9238.357467352409
12317,9807.200466262973
12318,9945.570622767038
12319,11771.51
12320,6313.019481601731
12321,10002.7
12322,3627.31
12323,5507.841790337711
12324,6593.984826923077
12325,4780.86
12326,8585.63876923077
12327,6047.22579991966
12328,5389.3503371073375
12329,8909.275339285716
12330,11698.758125
12331,9765.601208791208
12332,5767.408987065847
12333,5722.447888888889
12334,9388.96314054468
12335,7549.061118293055
12336,6691.536473629397
12337,7130.884262053434
12338,7285.415714285715
12339,11009.809528535981
12340,5266.717891034435
12341,6549.902718305293
12342,7621.822276539879
12343,8557.027380952382
12344,15471.38
12345,6028.492055927856
12346,16794.53
12347,7315.5616815742405
12348,5630.798000060966
12349,4383.217289733864
12350,6401.854731684982
12351,7410.466806233062
12352,5806.425832994358
12353,8113.508966056165
12354,7146.014158334422
12355,5239.932777777778
12356,7426.713610322501
12357,3843.0283882783883
12358,8727.652813541927
12359,7335.56284363975
12360,9686.859799805665
12361,8434.832151013657
12362,5956.82479837788
12363,9534.043944806152
12364,7087.941459603908
12365,5510.094266099755
12366,6995.632938722826
12367,5845.802070943763
12368,11644.20298976982
12369,6682.730764136903
12370,4971.471693650794
12371,8332.238261111112
12372,8744.398570550018
12373,7796.294040343658
12374,6400.878388997114
12375,9206.983656371407
12376,5520.975594444445
12377,5537.55
12378,7567.402872673324
12379,8941.417649725836
12380,7019.694509472644
12381,6752.662510442264
12382,6327.316443917674
12383,5473.410990433334
12384,4102.836765921329
12385,5829.151129032258
12386,10908.453428571429
12387,9330.407423700193
12388,11725.545849802373
12389,11843.273636363638
12390,8652.946859903383
12391,6391.727727272728
12392,5362.137
12393,11106.897222222222
12394,9512.358918470418
12395,8445.3684375
12396,9633.70986607143
12397,9456.348285714286
12398,6030.6197647058825
12399,4290.171111111111
12400,9951.951587301586
12401,3998.8959999999997
12402,6888.614642857143
12403,7069.690980392156
12404,3541.27
12405,12881.67
12406,3934.4109999999996
12407,3477.8259999999996
12408,4807.984333333334
12409,6457.632172161172
12410,6984.278
12411,8500.51
12412,6618.880735042735
12413,5177.136428571428
12414,6267.934045801526
12415,4812.54
12416,3794.17
12417,7408.056168831169
12418,17765.4
12419,6314.287585825028
12420,5921.255290117418
12421,7165.693333333334
12422,5678.596471316086
12423,6376.886785714287
12424,4784.133336654213
12425,4659.7319475065615
12426,7997.155555555555
12427,7511.2111548360335
12428,4745.353614173228
12429,8945.754444444445
12430,5683.240968253967
12431,4836.586136363637
12432,9198.144444444444
12433,9042.303333333333
12434,10474.12125
12435,5859.660968253967
12436,8059.721267605633
12437,5243.332083333333
12438,5490.790135355512
12439,15882.75719047619
12440,7294.951530044157
12441,6935.125685888313
12442,6404.68218487395
12443,4320.676923076923
12444,5975.144999999999
12445,5707.718342541437
12446,12231.184708325009
12447,5409.002240437158
12448,5779.433684210526
12449,7245.8775861001395
12450,4988.695
12451,7116.242425531915
12452,7456.293529411765
12453,8511.67
12454,7262.79909090909
12455,4275.295
12456,6003.365
12457,6845.736424177422
12458,9972.194113013698
12459,9104.433333333334
12460,6848.6264241774215
12461,5601.824193626206
12462,6878.325979732978
12463,6966.248471490499
12464,5043.039000000001
12465,7861.253844569471
12466,7242.870456140351
12467,7493.990513393428
12468,6165.539299849046
12469,7086.269602564103
12470,8848.19601058201
12471,5815.878660971539
12472,7203.4513379592645
12473,7595.133795026029
12474,7087.352636873585
12475,12421.443928571427
12476,6657.755863954759
12477,5642.348194444444
12478,12617.139682539686
12479,7016.718769230769
12480,3850.2849034518113
12481,8735.432984126983
12482,12805.751222222223
12483,10683.793965517241
12484,6648.728918918919
12485,6643.905048951049
12486,6615.3741269841275
12487,7919.4757398647025
12488,6374.445491319044
12489,9460.004681413096
12490,3964.070696832579
12491,7207.390221602918
12492,6869.93791367341
12493,6018.943991640543
12494,5755.322529761904
12495,7342.069734956267
12496,9083.170757575757
12497,4999.41
12498,9209.805833333334
12499,7837.103190253646
12500,8913.30881148542
12501,6223.293807909604
12502,7452.036573210021
12503,6499.79
12504,7684.421589578539
12505,8748.19028746487
12506,6069.943250754699
12507,7936.9
12508,8869.79638559179
12509,7966.030496510157
12510,5041.930074799477
12511,4059.13
12512,8845.259223922307
12513,7206.48446702454
12514,9061.392003806099
12515,6409.545248251006
12516,6304.572856772807
12517,8888.955948979205
12518,7023.907337415415
12519,6803.582919287212
12520,9020.98
12521,6198.857335858586
12522,9079.676
12523,11589.526023809523
12524,8741.815184837093
12525,4715.445
12526,6939.249323725982
12527,4793.998932773109
12528,3757.2422603066866
12529,9313.212990852635
12530,7033.402823899371
12531,9312.121
12532,6357.450323899371
12533,9173.195683257069
12534,8112.008665883124
12535,11104.933981331533
12536,4534.986242157511
12537,6341.665371659582
12538,6326.382799066873
12539,8783.463357345909
12540,6987.929716926362
12541,8096.012666666667
12542,7770.131080999067
12543,10214.65255445332
12544,7381.300283647817
12545,7209.729738942797
12546,5999.04603939726
12547,5261.684240852636
12548,5128.623379454926
12549,10592.154783670036
12550,9828.220074185967
12551,7812.41
12552,15713.83
12553,7624.711552376517
12554,6735.293056333645
12555,7330.593576122794
12556,8710.234779885739
12557,9161.248965855983
12558,7394.857255450432
12559,7988.080912415052
12560,8157.703280545287
12561,7681.789037037037
12562,7438.917916633724
12563,6007.8283293004215
12564,5834.148187791967
12565,5698.656228827102
12566,4629.680202408702
12567,5697.428404135883
12568,10022.453951806103
12569,18055.53
12570,6626.47
12571,5189.80375
12572,7875.0400949103605
12573,3719.7552
12574,6657.715200000001
12575,4496.516190476191
12576,9318.79678080033
12577,6655.0252
12578,6616.2829401154395
12579,14675.732857142859
12580,11142.79
12581,7376.498888888888
12582,7478.870307413887
12583,3862.7818181818184
12584,5895.880333502881
12585,6193.158333333333
12586,4971.991818181818
12587,4963.192120601993
12588,4093.3618181818183
12589,6367.834715409532
12590,6220.966785714287
12591,9404.988106451614
12592,7411.091940886088
12593,3161.25
12594,7496.623834825483
12595,8353.444233896185
12596,8358.665277777778
12597,5374.724792452829
12598,5047.26479245283
12599,8724.059590844561
12600,5995.95643902439
12601,10159.611649877897
12602,5247.37679245283
12603,5668.15929245283
12604,7290.92424182939
12605,8309.6415
12606,4285.911992063491
12607,7825.059285714286
12608,7600.7190625
12609,9649.126739130435
12610,9906.746875
12611,6264.742398317549
12612,4480.855
12613,5509.488
12614,10248.56
12615,5281.944794486215
12616,7666.6475
12617,6972.157632501517
12618,12811.332910818712
12619,8469.269100574997
12620,6521.876547735517
12621,8399.31
12622,5557.78
12623,10004.006573731822
12624,6225.4
12625,16919.54
12626,6853.926333333333
12627,6160.9742075361055
12628,5691.561458333333
12629,4691.105723228638
12630,7930.547777777778
12631,10478.19113119578
12632,4537.066333333333
12633,5057.322833333334
12634,10564.256877095033
12635,7225.139569944048
12636,6291.0055536436175
12637,7824.601318861797
12638,7023.7
12639,8208.77970262435
12640,5331.638000000001
12641,9578.344000000001
12642,5995.757679258243
12643,7936.505856516292
12644,7128.52875
12645,4941.61525
12646,7693.10875
12647,5929.342558740602
12648,4108.995036248474
12649,8919.307327815359
12650,8876.635857714798
12651,4470.639798319328
12652,7753.902826056475
12653,7011.051666666666
12654,4938.9073427619915
12655,9131.307226239624
12656,6307.071890533664
12657,9568.47953127329
12658,5023.44125
12659,5410.5233333333335
12660,6530.805458718467
12661,5055.316
12662,7875.85401095254
12663,5183.6549107142855
12664,6249.1536343434345
12665,5263.412749773038
12666,9120.621096730245
12667,6993.215718204449
12668,7528.226842267629
12669,7260.97744047619
12670,8414.276370314617
12671,6898.88051115551
12672,7926.920503296289
12673,7521.150161135161
12674,8946.733152560084
12675,8874.474172488566
12676,7000.656994031796
12677,3268.4776007326013
12678,6054.783303030304
12679,7743.347458973632
12680,5622.023303030303
12681,6569.095818952467
12682,6179.203068952467
12683,7485.074874458875
12684,11360.701383616384
12685,6920.460800977494
12686,4892.938870142155
12687,11743.325968913154
12688,10454.27986213459
12689,5537.717619047619
12690,9251.988473263944
12691,11030.529285714287
12692,9997.096751492149
12693,5483.203500087311
12694,7184.648652397562
12695,6645.0891357988085
12696,6729.849920075956
12697,7294.2450012808495
12698,5801.103223557992
12699,3357.7826469439206
12700,7731.661544198649
12701,7202.34122004162
12702,8225.772749819613
12703,6237.103587371984
12704,7225.926265015412
12705,5081.378721872079
12706,7707.6798382562
12707,7395.637368386122
12708,6575.659850465376
12709,7195.646566128427
12710,7405.602494885232
12711,9386.710404216037
12712,6161.86117673956
12713,6041.863967557936
12714,6541.62215958341
12715,6912.887988677714
12716,7376.06552439613
12717,4709.985442333715
12718,4710.8200806356235
12719,7775.222340506688
12720,6777.11
12721,6217.767277715672
12722,8341.012299861375
12723,8139.789691604354
12724,7293.108499088483
12725,5926.764170665033
12726,4908.936340794741
12727,6674.335773914777
12728,6840.178209812286
12729,7324.186001910366
12730,9883.867500184539
12731,9485.468077460631
12732,5471.89392387354
12733,9294.55764525112
12734,4096.377425589357
12735,3766.958343513675
12736,7715.514199946021
12737,10682.406972222221
12738,8289.636261540934
12739,7851.805288663267
12740,6335.6247363564
12741,7729.238746208988
12742,10197.046533485345
12743,6427.858137205522
12744,8281.971954505852
12745,6765.181902764763
12746,5136.093834162924
12747,5445.487647892232
12748,5709.324784659061
12749,6107.502371607556
12750,4880.081770197463
12751,5123.744407221916
12752,4220.454017377994
12753,7277.373354516883
12754,7800.228229548229
12755,6453.7225109525025
12756,6698.461717919579
12757,7650.443659081528
12758,6092.566837188147
12759,5845.042777777778
12760,9059.031347166941
12761,9156.621031178514
12762,8683.708183822977
12763,4865.960476190476
12764,14352.295392342168
12765,7014.13071701201
12766,6064.379702380953
12767,10813.9075
12768,8535.239999999998
12769,8107.769549766929
12770,6115.899916666667
12771,7482.426388888889
12772,9643.253571428571
12773,13956.924328720415
12774,5461.008461538461
12775,5331.43
12776,5360.229974025974
12777,7642.526195215381
12778,6761.716323529412
12779,8420.662290651873
12780,9621.285
12781,6778.0275
12782,5236.34
12783,6748.29
12784,8382.260162907862
12785,5289.48
12786,7464.000173473277
12787,4893.83
12788,8165.308458842496
12789,7882.96
12790,7955.190799386898
12791,10366.68
12792,6508.7251953602245
12793,5946.408447853486
12794,7010.228447853487
12795,7976.408933305677
12796,8797.81
12797,7912.387749048382
12798,7590.217464448006
12799,6984.25
12800,4545.928648510692
12801,10114.65763182014
12802,6166.04
12803,11174.48
12804,5074.12
12805,4163.87
12806,6898.146416666667
12807,6618.605
12808,7892.511806464097
12809,7779.357787690121
12810,4483.01
12811,5232.173333333333
12812,8543.823
12813,9013.146666666666
12814,9204.286666666667
12815,5129.987142857142
12816,6420.218981955259
12817,7310.623162442397
12818,6328.255
12819,6593.910483870967
12820,10285.475483870967
12821,8833.07
12822,11361.225483870967
12823,5343.745483870967
12824,6327.58
12825,9030.44
12826,9397.07
12827,6228.645483870967
12828,11092.86
12829,7043.525483870967
12830,5649.39
12831,6682.115483870967
12832,5499.74
12833,5567.56
12834,6719.0054838709675
12835,5962.99
12836,5502.215483870968
12837,9334.6
12838,7539.97
12839,21685.24
12840,7036.51
12841,5375.22
12842,8172.7119999999995
12843,9982.198
12844,6734.9625
12845,8166.318
12846,6566.3375
12847,9101.722857142857
12848,7320.536666666668
12849,6142.444642857143
12850,6117.814642857144
12851,7085.78
12852,8811.873333333333
12853,8216.333333333332
12854,7015.124642857143
12855,5952.17
12856,7052.434642857143
12857,6528.294642857143
12858,10767.46
12859,12876.03
12860,10616.91
12861,8981.9
12862,5935.9637096774195
12863,7215.31
12864,6014.943709677419
12865,10257.665
12866,10198.83
12867,10251.125
12868,6703.358709677419
12869,6274.443709677419
12870,5520.998709677419
12871,10222.1
12872,11537.01
12873,7239.748709677419
12874,6120.958709677419
12875,7453.52
12876,9009.39
12877,4374.62
12878,8359.13
12879,4941.2
12880,7156.55
12881,8761.1
12882,6305.73
12883,9005.81
12884,6353.42
12885,5409.89
12886,7666.637272727273
12887,8462.45
12888,11789.16
12889,6646.877272727273
12890,9252.4
12891,8708.995
12892,9551.61
12893,7577.55
12894,11231.183818181818
12895,10555.371951515153
12896,5983.78
12897,7844.370284848485
12898,7372.6357499999995
12899,7929.82575
12900,7929.82575
12901,6633.717456565657
12902,7706.7954565656555
12903,8389.827456565657
12904,10600.923012121213
12905,5380.0269010101
12906,15462.57
12907,6046.8994010101005
12908,9864.760711754912
12909,10259.610711754913
12910,7271.534722222223
12911,7002.2797222222225
12912,7185.812420192674
12913,8578.29575
12914,5952.375749999999
12915,6396.39575
12916,9310.895784051037
12917,8283.03575
12918,9780.969022146275
12919,5923.5
12920,8650.583022146275
12921,6763.175749999999
12922,7359.12
12923,5898.28
12924,7060.48575
12925,7135.379631168831
12926,7060.48575
12927,9391.20575
12928,5632.830812987014
12929,9459.46575
12930,7048.40625
12931,7364.925479653681
12932,8494.68025
12933,6462.904012987013
12934,7552.710285714286
12935,7492.626952380952
12936,8444.95575
12937,7670.5102857142865
12938,5564.8533333333335
12939,5529.223333333333
12940,8389.945749999999
12941,6694.954285714285
12942,7387.007333333334
12943,5995.922285714286
12944,5860.297285714286
12945,8295.750833333332
12946,6608.925749999999
12947,5957.857285714285
12948,8310.356023809525
12949,8452.740833333333
12950,8408.725023809524
12951,8780.212416666665
12952,9510.012416666666
12953,8749.88378138528
12954,9151.82575
12955,8087.305920483025
12956,9971.169167934499
12957,9409.74575
12958,8655.26785841069
12959,11809.07
12960,8864.832416666666
12961,8592.468161440993
12962,7119.080666666667
12963,8461.04
12964,7489.335666666667
12965,8280.716286982119
12966,8131.038775461381
12967,7102.44
12968,9515.86062204462
12969,8271.237764901765
12970,6693.114221212121
12971,10129.225054545454
12972,10126.235054545456
12973,8504.36672121212
12974,6641.586428571429
12975,7061.776028571429
12976,9274.88
12977,8912.681433333333
12978,7971.330195238095
12979,6709.946666666667
12980,7490.310195238096
12981,8334.0675
12982,6133.112278571429
12983,7770.25
12984,6364.843516666668
12985,9449.071683333334
12986,8209.753945238095
12987,6806.170496031746
12988,6054.76
12989,6799.800496031746
12990,5935.63
12991,12107.98
12992,7883.337162698412
12993,8674.42
12994,8904.063625
12995,6574.994109126985
12996,7046.466666666667
12997,8607.247125
12998,8614.38
12999,13210.768779761904
13000,7552.0
13001,4074.097205882353
13002,6822.66
13003,9652.63
13004,9929.077205882353
13005,9649.707205882352
13006,8561.428525641026
13007,6143.3560256410265
13008,6789.5
13009,4211.727066993464
13010,5564.110650326798
13011,7225.96
13012,6710.95
13013,8002.544079101727
13014,7068.7370791017265
13015,9312.317272727272
13016,9601.857272727273
13017,9794.967272727274
13018,7942.467272727273
13019,10099.377079101727
13020,14311.929150326796
13021,6664.875153621045
13022,8746.218433584545
13023,6931.127272727273
13024,7925.407272727273
13025,4872.02718887555
13026,6610.6061002512115
13027,5860.375522208884
13028,10604.287333333334
13029,8585.279476190475
13030,9614.53
13031,9514.367333333334
13032,6749.5
13033,9564.65768887555
13034,20817.38
13035,12094.02
13036,7980.29
13037,4547.8886888755505
13038,7541.68
13039,12814.93
13040,6742.196051801598
13041,12091.55
13042,21112.0
13043,5138.67
13044,6535.736170849219
13045,9164.925190476191
13046,7258.402837515885
13047,11124.51611111111
13048,7619.000099420647
13049,8685.294217171719
13050,3494.69
13051,6818.402973759271
13052,6581.943333333333
13053,8851.77755050505
13054,6597.783333333333
13055,6597.783333333333
13056,6610.853333333333
13057,5896.159519781895
13058,6695.267973759271
13059,6095.287019781896
13060,8529.226722222224
13061,7161.360195981493
13062,7242.570195981494
13063,8633.184552935387
13064,7068.638840348456
13065,6501.3115546341705
13066,8298.114055764612
13067,8472.494510310067
13068,8980.121049150855
13069,6728.693333333333
13070,8290.365883838384
13071,7175.009772727273
13072,4550.176666666667
13073,7679.869926976733
13074,8967.057901002707
13075,6302.358
13076,4621.53857354876
13077,10303.784557675745
13078,8755.957584611773
13079,10432.936
13080,7731.092666666666
13081,7064.367362389549
13082,6461.768547574735
13083,5722.001666666667
13084,11382.81953488372
13085,10711.909534883722
13086,9658.825333333334
13087,16387.63333333333
13088,8063.751
13089,7894.340833333334
13090,6111.916201550388
13091,5851.7380534022395
13092,8009.111386735573
13093,5436.7941666666675
13094,6878.174166666668
13095,11973.956470588237
13096,6126.543000000001
13097,17725.91
13098,15983.44953488372
13099,5173.168
13100,7224.0281372549025
13101,6326.336470588235
13102,7334.796470588236
13103,7491.099534883721
13104,5123.7955
13105,8324.15
13106,9791.105359477126
13107,7611.460571428571
13108,8739.160359477124
13109,5676.2055
13110,7966.480571428571
13111,7133.243333333333
13112,7994.273904761903
13113,7235.014166666668
13114,5596.9
13115,9089.317500000001
13116,10970.711470588236
13117,6383.8875
13118,13050.657238095237
13119,7473.0475
13120,9957.41
13121,6474.034327731093
13122,8734.837916666667
13123,6900.498333333333
13124,10175.041666666668
13125,7772.160833333333
13126,8536.463333333333
13127,8142.1875
13128,10097.091666666667
13129,5429.381666666667
13130,9692.03599439776
13131,8291.603137254902
13132,5762.5475
13133,17582.85057142857
13134,19437.686470588236
13135,9446.6675
13136,7846.751666666666
13137,11322.34
13138,12212.19723809524
13139,12743.02
13140,7703.117493650794
13141,9213.580826984127
13142,6848.2716666666665
13143,9115.263888888889
13144,5713.222185008818
13145,7734.968000000001
13146,6315.42
13147,9493.122185008819
13148,8934.157185008818
13149,6173.11
13150,6121.403943250576
13151,7088.836666666666
13152,5913.163943250576
13153,5824.4586135802465
13154,6114.391666666666
13155,8142.809030246914
13156,9945.205
13157,9929.125
13158,10213.74
13159,6192.801578947368
13160,6574.701578947369
13161,12411.77
13162,9440.85
13163,7001.77477658391
13164,8572.09157894737
13165,9292.04
13166,5738.62
13167,8162.457942583732
13168,5319.517942583732
13169,6585.081562298195
13170,6400.21
13171,6628.876945631529
13172,10376.117942583733
13173,10482.067942583732
13174,10457.717942583731
13175,11815.84489563153
13176,6690.696428571428
13177,6149.873196913581
13178,4826.873196913581
13179,6763.74093630752
13180,7919.463102974186
13181,5773.961530246913
13182,8657.123609658678
13183,6606.210144746397
13184,6533.766428571428
13185,10178.173333333334
13186,11317.51
13187,9010.475835802468
13188,6383.210978079732
13189,6329.473333333332
13190,9016.281230158731
13191,8943.837942583732
13192,7884.517896825398
13193,8844.747942583732
13194,8905.50083580247
13195,10969.071038230108
13196,6160.657942583732
13197,7341.153149061105
13198,8491.529609250398
13199,10185.506230158731
13200,16901.224444444444
13201,7485.692363636364
13202,18201.404444444444
13203,5802.0627766224325
13204,6971.424363636364
13205,4775.011342043563
13206,7487.026030005925
13207,7491.012711901808
13208,6121.594363636363
13209,7633.591944444445
13210,7965.644457735249
13211,6170.413554395606
13212,7996.194457735248
13213,4610.964444444445
13214,8462.22822106227
13215,8022.844457735248
13216,8524.26822106227
13217,9190.210378787879
13218,6178.271371212121
13219,10273.756297852475
13220,9031.533187728937
13221,6109.161363636364
13222,7694.405363636364
13223,9915.322964519142
13224,11375.570866300364
13225,7670.7413636363635
13226,6301.984866300368
13227,9249.543532967033
13228,9519.772964519143
13229,8518.282964519143
13230,6693.468056776557
13231,10284.578281979459
13232,6409.144723443224
13233,5635.62
13234,7963.06
13235,10626.52
13236,7510.096170868349
13237,7692.3261708683485
13238,9890.6
13239,7311.16
13240,4738.46950420168
13241,6779.492954545454
13242,12470.72
13243,9473.211504201681
13244,12900.66
13245,11631.281980392156
13246,10043.75
13247,6371.402647058824
13248,5880.882980392156
13249,11258.292555555558
13250,10550.058111111111
13251,7551.101287878787
13252,9889.324166666665
13253,10569.744500000003
13254,6532.770833333334
13255,4783.54
13256,5855.11
13257,6248.67
13258,8322.040833333334
13259,7118.47125
13260,3421.2425
13261,13971.04
13262,6240.97
13263,6241.9
13264,5804.465999999999
13265,7086.05
13266,8755.164666666667
13267,8440.121333333333
13268,6921.075474358975
13269,7141.01
13270,8063.355474358975
13271,5866.54353030303
13272,4425.896863636363
13273,8283.185474358976
13274,18837.75
13275,6456.170508658008
13276,6008.51
13277,8195.146333333332
13278,5881.689675324676
13279,6929.765474358976
13280,5201.26
13281,5551.220151515151
13282,9089.043736263737
13283,7379.21
13284,6082.9068181818175
13285,9660.633736263735
13286,6398.346818181818
13287,6358.101666666667
13288,9815.523736263736
13289,10068.467307692308
13290,11380.756666666664
13291,6847.260252525252
13292,8097.795252525252
13293,5591.37858974359
13294,6809.61
13295,17396.5
13296,7401.04
13297,7239.0
13298,6395.4333333333325
13299,5737.6
13300,6663.723333333333
13301,5586.550252525252
13302,11225.958333333336
13303,5759.050252525252
13304,5452.08858974359
13305,8530.07
13306,5141.22858974359
13307,7421.530252525252
13308,7600.480252525253
13309,7319.280831501832
13310,7272.770831501832
13311,5092.522196969697
13312,5203.992196969697
13313,7860.88
13314,10276.396443001442
13315,10279.479761904762
13316,7796.78
13317,7370.726598484849
13318,7796.78
13319,7526.75993181818
13320,5871.039871794873
13321,7880.991253030303
13322,8768.099395604397
13323,7979.191241125542
13324,7013.71
13325,9292.283205128206
13326,8631.903492207792
13327,7618.36
13328,7837.356533333332
13329,8221.538778434722
13330,8114.262988961039
13331,13015.46
13332,7470.615432475127
13333,6683.43748030303
13334,13147.8
13335,7313.119871794873
13336,5577.41
13337,9753.050391414143
13338,9491.319776334776
13339,11138.84316919192
13340,10554.563169191919
13341,7656.240586080586
13342,5775.653835858586
13343,8685.784264430014
13344,7399.8484004603
13345,10522.699114746014
13346,4296.946443001443
13347,8193.147296564195
13348,7409.725364746015
13349,6184.986443001443
13350,6942.063585858586
13351,7691.3358647460145
13352,10586.59310966811
13353,7013.686666666667
13354,9381.786085858586
13355,7969.796582278481
13356,10284.791582278482
13357,9922.096443001443
13358,9855.450252525252
13359,6492.34
13360,8478.199915611815
13361,9903.940252525252
13362,4981.433585858586
13363,8061.6
13364,8592.073109668108
13365,8456.771443001442
13366,6202.306443001443
13367,4667.763333333333
13368,9701.042772754672
13369,7378.731739130435
13370,9734.462772754672
13371,7490.529596273292
13372,6897.261739130435
13373,9056.542772754672
13374,8011.973405797101
13375,7287.986262939959
13376,9156.843333333334
13377,6559.195072463767
13378,9215.333333333334
13379,13550.878690476191
13380,8640.944375
13381,5616.653333333333
13382,8532.100208333333
13383,4491.444375
13384,4481.664375
13385,10098.774375
13386,9453.810208333334
13387,10984.537666666665
13388,10762.260208333335
13389,10984.410208333335
13390,12035.722859848487
13391,12795.559333333336
13392,4726.406582278481
13393,8355.430208333333
13394,6396.716582278481
13395,9480.072859848484
13396,7268.706582278482
13397,8833.939333333334
13398,9202.486833333334
13399,11281.642859848485
13400,7897.416582278482
13401,7850.956582278482
13402,6819.156582278481
13403,6334.239318181819
13404,5955.893333333333
13405,11666.62658227848
13406,10750.693675324675
13407,7870.8133333333335
13408,16729.47
13409,8466.835863802628
13410,8992.78658227848
13411,7871.034863802628
13412,9640.506582278482
13413,9808.756582278482
13414,8114.277927318296
13415,9818.37658227848
13416,9635.186582278482
13417,7672.978619510488
13418,8119.246582278482
13419,6749.148253648828
13420,6844.161127446994
13421,6098.885682220256
13422,5198.288175066044
13423,6261.470675066043
13424,9487.709915611815
13425,17857.58
13426,7742.2
13427,6318.358333333334
13428,8961.745958615827
13429,4701.506875
13430,6702.596875
13431,4978.82
13432,8987.6025
13433,6649.266875
13434,8114.412500000001
13435,15517.173958333333
13436,11659.36
13437,8307.263958333333
13438,7272.937587403706
13439,4643.096875
13440,7230.117587403706
13441,6691.023958333334
13442,4651.496875
13443,5730.154601139175
13444,4432.006875
13445,8735.564702949925
13446,6391.536875
13447,10516.737802241058
13448,8549.726875
13449,4272.618125
13450,8236.019523809524
13451,9394.78980674556
13452,9420.093561008134
13453,6536.037012667587
13454,6209.407012667587
13455,9590.54999436937
13456,8550.90259462435
13457,11500.568327702704
13458,5877.553012667587
13459,6255.749361873935
13460,8355.865581670958
13461,6599.149536477111
13462,5108.507523809523
13463,6871.709536477111
13464,7759.337631715205
13465,10904.555511291015
13466,11725.046524466246
13467,7036.2241904761895
13468,5823.27485779958
13469,6629.908436746948
13470,19758.008436746946
13471,6194.149884057972
13472,8804.888177205836
13473,8209.673748337624
13474,9732.852161036037
13475,9460.971696750321
13476,7743.098696750322
13477,9095.683103413614
13478,8874.943103413614
13479,11703.263952702702
13480,7311.037510539169
13481,15424.071231755861
13482,7746.819019311099
13483,6570.759050724638
13484,6609.7732960833455
13485,5714.143952702703
13486,8613.929009533638
13487,9903.140836438923
13488,5911.986660327289
13489,5428.365605777264
13490,9078.94060533208
13491,8250.415717391304
13492,7573.755771998748
13493,8939.624050724637
13494,7065.825605777264
13495,9564.269169772255
13496,5430.928939110597
13497,10093.529434791913
13498,7290.0388110637905
13499,8090.80492003815
13500,8057.889960160336
13501,7930.71492003815
13502,8067.049960160336
13503,6466.54138405797
13504,5003.841384057971
13505,9458.982516226744
13506,9879.812599560077
13507,5726.804074225465
13508,8083.260003105589
13509,7994.995805398432
13510,6371.739245529834
13511,9553.722578863166
13512,7515.807578863166
13513,9190.964885274361
13514,5659.149095383518
13515,6398.301291202948
13516,8036.638640262432
13517,6559.195894377553
13518,8429.45493824223
13519,5985.235103116525
13520,6622.171769783193
13521,5664.591436449859
13522,10731.689861471863
13523,6904.26875017535
13524,8569.64245772275
13525,8176.566992057651
13526,9046.15099205765
13527,8412.113623118583
13528,10568.684862049797
13529,9299.725794171214
13530,10413.882460837882
13531,10509.428362049797
13532,8242.733829388013
13533,3887.5414285714282
13534,8054.290166607338
13535,8333.855079388013
13536,7740.121166607336
13537,5631.786623376623
13538,6542.048051948052
13539,8093.623166607336
13540,12584.940787405656
13541,7731.621627007063
13542,6287.1257358646035
13543,9664.275701081137
13544,11454.01044745795
13545,6934.902857142857
13546,9553.278228907557
13547,10344.35
13548,8847.221194805195
13549,6962.8473230634
13550,8848.178858167186
13551,8740.525983167185
13552,9608.47344229417
13553,7698.7454777026605
13554,6136.21257819812
13555,6377.606120316235
13556,8103.032236471862
13557,7846.235757253502
13558,9610.727450757575
13559,7078.041583821584
13560,7967.570757253502
13561,4721.407096642097
13562,8041.772007253502
13563,8631.153763308765
13564,7242.52042997543
13565,7980.104190586834
13566,7864.224266880329
13567,10191.908635031277
13568,7387.719422209127
13569,8861.184714633268
13570,6158.66088482351
13571,7709.859170537797
13572,7891.665028170287
13573,5500.758952702703
13574,5754.121633825189
13575,8020.542246850398
13576,6829.38
13577,6878.195172693464
13578,8498.461722985348
13579,8498.961722985348
13580,8567.215770159723
13581,7080.845896898393
13582,5427.651379340503
13583,7692.381581848135
13584,8670.021978705474
13585,8571.074539432737
13586,10540.380633608247
13587,10858.352627514734
13588,6286.586958523962
13589,9906.162627514734
13590,5001.526913229019
13591,4220.277939243693
13592,8802.07764537214
13593,6316.574339243692
13594,9580.361056086162
13595,8797.889606820201
13596,8978.399606820201
13597,8702.126273486869
13598,10112.537335268478
13599,6939.256671764367
13600,7848.114368994923
13601,7419.673335268479
13602,5886.065679459233
13603,5927.105679459233
13604,6571.636988983044
13605,6861.263655649711
13606,5769.825280649709
13607,5618.062201034261
13608,5352.348835844515
13609,7715.2490560861615
13610,7437.955796171823
13611,8083.260587599029
13612,7280.755962838489
13613,7950.924516170459
13614,7286.295722752827
13615,6892.421860274385
13616,9820.97559828279
13617,10683.921313229017
13618,9722.07559828279
13619,5835.403873094899
13620,14642.125564241163
13621,7567.4780982827915
13622,7560.5903601875525
13623,10877.275745341614
13624,9431.576551666327
13625,9928.145564241164
13626,8472.712173913043
13627,8747.842159774436
13628,10538.32
13629,10878.435564241163
13630,5886.8115
13631,6422.65
13632,5961.870745341615
13633,8696.909423890285
13634,9433.76
13635,10127.279423890286
13636,10378.195333333333
13637,9662.755
13638,6123.584
13639,7088.155
13640,9166.404423890286
13641,6376.498666666667
13642,8189.897173913043
13643,8678.568666666666
13644,8578.21884057971
13645,9181.01625
13646,8901.439575438597
13647,11351.263333333334
13648,7675.104575438596
13649,7192.339951690821
13650,7256.949951690821
13651,9177.690715789473
13652,9982.720249999998
13653,9654.200715789473
13654,7890.587451690821
13655,8199.93
13656,5567.8007157894735
13657,10811.560715789474
13658,11521.858333333335
13659,12025.188333333335
13660,5545.494673913043
13661,5546.144673913043
13662,7588.4446739130435
13663,7698.173000000001
13664,8398.905715789473
13665,8335.860715789473
13666,5219.03
13667,5981.832047619047
13668,7584.812173913043
13669,8974.891916666667
13670,9008.091916666666
13671,5716.892173913043
13672,7156.884711143694
13673,7747.964711143694
13674,7596.722173913044
13675,6647.134711143694
13676,11699.605483870968
13677,9825.54
13678,7986.8182111436945
13679,6402.025483870967
13680,7498.32
13681,9204.99
13682,8297.0
13683,6335.865483870967
13684,10705.64
13685,6482.715483870968
13686,5839.89
13687,7193.895483870967
13688,5766.05
13689,5898.72
13690,7279.995483870967
13691,7408.86
13692,5313.895483870967
13693,10251.96
13694,8150.41
13695,23098.46
13696,7207.77
13697,5877.147297297297
13698,8237.62
13699,12406.52
13700,7503.8
13701,8415.79
13702,6222.7
13703,9253.39
13704,9164.8
13705,6880.487297297297
13706,6588.13
13707,7331.511051324504
13708,8945.7
13709,8406.56
13710,7506.867297297297
13711,6494.409801324504
13712,5291.08
13713,6802.187297297297
13714,10457.42
13715,13702.752987012987
13716,12459.14
13717,9115.411051324503
13718,5332.45
13719,7031.948273546726
13720,5857.08
13721,9442.94
13722,11142.208273546727
13723,9537.29
13724,7450.640850619967
13725,7012.81
13726,6136.11
13727,8984.880273546725
13728,12021.96
13729,8015.04772394109
13730,5710.379614217482
13731,6803.027579365079
13732,9013.32
13733,4241.87
13734,7970.8992216341585
13735,4966.161657543009
13736,6675.47
13737,8014.387221634159
13738,6701.05
13739,8526.824221634157
13740,7143.04
13741,5920.06
13742,8207.27
13743,7996.664912245029
13744,10478.111360332461
13745,6603.081466983287
13746,9166.38
13747,7758.06
13748,10526.362245578362
13749,8023.538745578363
13750,12128.79
13751,5745.53
13752,6342.1
13753,8157.07
13754,7042.202629669186
13755,8852.17418522474
13756,8465.612280462836
13757,6645.73
13758,7911.921176468247
13759,6929.52
13760,11032.41
13761,4986.44
13762,15941.68
13763,6477.73
13764,6974.82
13765,11132.88
13766,7210.538721276807
13767,7669.920054610141
13768,7022.8
13769,9145.978740780298
13770,6299.706773035623
13771,6639.244265986526
13772,8042.350615672317
13773,7969.7035758760585
13774,10057.7
13775,4925.02
13776,8520.61
13777,8684.997832730314
13778,8499.13
13779,6046.27
13780,7610.552523206505
13781,6857.47
13782,7545.264410111267
13783,8793.654688306757
13784,5092.12
13785,9441.43052654205
13786,8187.123333333334
13787,8132.961996624698
13788,8852.49101010101
13789,6606.22
13790,8121.125829958032
13791,7625.230574774618
13792,8719.49802654205
13793,9980.93
13794,5735.8519842279675
13795,5631.011649063134
13796,7853.39671701824
13797,6475.095570669526
13798,8723.57101010101
13799,9388.61
13800,6705.91
13801,8871.681010101009
13802,6328.75280061856
13803,5725.06
13804,8373.204879464112
13805,8862.40101010101
13806,10686.25
13807,9069.870889867616
13808,9839.650133730953
13809,8244.425546130778
13810,9847.42984974387
13811,7641.42
13812,10435.77
13813,10019.754858647853
13814,8586.261450892685
13815,12232.28
13816,9146.347358647852
13817,8590.721887400621
13818,7897.180241597231
13819,8841.966666666667
13820,8401.882205882945
13821,7406.44
13822,4580.13
13823,6895.4725
13824,9050.46
13825,8609.579522321257
13826,5650.24
13827,11134.22
13828,7657.85
13829,6216.34
13830,7223.336501267174
13831,7501.52
13832,10434.043809523808
13833,9079.688676466807
13834,7868.69
13835,6753.324033378539
13836,6272.29
13837,8037.184348674351
13838,4493.48
13839,9120.183809523809
13840,6881.297353785103
13841,9786.224878316127
13842,8466.41
13843,6760.01
13844,7271.407071618076
13845,6623.375
13846,6153.786059713312
13847,13896.19
13848,7998.129925303453
13849,8467.035062094266
13850,9601.36
13851,5638.2158379120865
13852,7419.736830772428
13853,6035.37
13854,9092.18
13855,14903.79
13856,7625.54
13857,4416.708337912089
13858,6661.77
13859,10125.89754796512
13860,9562.323004578753
13861,8879.030276077172
13862,8978.604238990676
13863,5924.984238990678
13864,6830.12
13865,4148.45
13866,6619.49
13867,6978.804447365135
13868,7291.765973969902
13869,8807.98
13870,7507.7541666666675
13871,8811.37002336015
13872,9460.153706550413
13873,8948.961280268362
13874,6924.73674050383
13875,11500.28
13876,13635.310285372521
13877,6396.79
13878,10271.46
13879,6188.013626422717
13880,7692.309054994145
13881,5205.133366078215
13882,9018.741321428572
13883,6067.321058385907
13884,10350.715
13885,8658.02372815643
13886,10197.87839782426
13887,10003.115
13888,6607.767397824259
13889,9634.222887026644
13890,22146.17
13891,11830.631584004244
13892,8171.19
13893,4752.3952203599765
13894,7335.850901324503
13895,12063.69
13896,6203.529146512292
13897,12114.37
13898,21026.55
13899,4098.64
13900,6683.102120518134
13901,8690.164870920098
13902,6199.331023163421
13903,13054.49
13904,7347.791578947368
13905,9717.92
13906,3525.66
13907,8086.08828271429
13908,7350.2393020831405
13909,9561.62
13910,7874.741524305364
13911,6549.427714781554
13912,6696.692357638697
13913,8048.279853479853
13914,7464.2010449038535
13915,6091.0266510989
13916,8617.634339388804
13917,7425.524677532962
13918,7445.734677532962
13919,10254.993385177277
13920,8176.456104458876
13921,6442.178370091847
13922,8652.940885768885
13923,8634.053663546663
13924,9474.857035480545
13925,7414.582251313733
13926,9062.835
13927,6390.795833333333
13928,4973.584575718494
13929,8030.274915516917
13930,9815.86906060606
13931,6346.520689260998
13932,5115.484182503771
13933,10725.639859516215
13934,9065.34550116682
13935,9405.720833333333
13936,8679.850833333334
13937,7620.943525196547
13938,6277.516927371541
13939,5429.293333333332
13940,11811.296326334525
13941,9638.344307921558
13942,9200.5
13943,18651.52
13944,7967.351660328544
13945,8482.09
13946,6128.859098325599
13947,5890.303031313132
13948,8201.814107655502
13949,4805.09
13950,7851.83
13951,12490.05375
13952,6004.1615832193775
13953,18331.0
13954,17787.71
13955,5664.438215254011
13956,6848.73875
13957,7531.653161764706
13958,8039.532464285715
13959,7148.89
13960,7269.637008208473
13961,8229.27526319279
13962,10962.715416666666
13963,5822.33
13964,8297.643222222223
13965,5155.737010843329
13966,10044.65
13967,7489.486906789851
13968,7923.285
13969,6957.390991975404
13970,5713.23
13971,9059.335374010036
13972,11713.7925
13973,6126.469626896041
13974,15882.17
13975,6983.65499702591
13976,10511.877974975283
13977,6771.96
13978,8927.503764096558
13979,6977.250710590123
13980,11581.86171497122
13981,7520.566766043521
13982,7764.434457901848
13983,8543.30907412433
13984,10379.405845353996
13985,5210.490927705731
13986,11238.41
13987,9170.13
13988,5209.435444771839
13989,17493.23
13990,17893.19
13991,8214.156500264035
13992,8334.812348340653
13993,10973.294382119355
13994,13833.79
13995,13483.11
13996,8456.47
13997,10046.855
13998,7395.9145958985355
13999,8791.919174980789
14000,5270.3
14001,7662.115317073171
14002,6467.422120970669
14003,5835.2075
14004,8404.27
14005,5859.998983739838
14006,5759.518
14007,7148.793617351887
14008,4367.88
14009,5757.920386819058
14010,6960.169393325914
14011,7575.010330304143
14012,9987.10940846749
14013,9870.696075134156
14014,9075.356094850948
14015,6271.257885268569
14016,7023.816100954846
14017,13249.33931707317
14018,9736.80231707317
14019,7290.23
14020,6763.0495201892045
14021,8839.268529691475
14022,5409.18231707317
14023,7082.8999435117175
14024,4903.843723623763
14025,6847.6125
14026,8571.615498891351
14027,6315.330958730292
14028,8112.475668068207
14029,9908.772069757915
14030,10187.169847535695
14031,12864.93
14032,7477.037317073171
14033,10298.88
14034,3750.89
14035,6550.17449030791
14036,7329.767752212671
14037,5681.711199718423
14038,9526.7225
14039,6721.884761904762
14040,6214.867317073171
14041,10726.308745644601
14042,11699.877317073171
14043,9096.151446452728
14044,5634.294
14045,6629.1423170731705
14046,10342.803254573171
14047,7577.795800398837
14048,8383.78325457317
14049,6752.849949095414
14050,8175.104613119395
14051,13227.91
14052,5535.600357307692
14053,7882.08
14054,8449.54757531911
14055,10654.77731707317
14056,17867.34222222222
14057,7157.952730375297
14058,18287.672222222223
14059,7822.347954463315
14060,7215.378019240785
14061,5068.96
14062,7914.61
14063,7587.123064131423
14064,6825.050743050309
14065,7454.180222222223
14066,7346.767049852131
14067,5370.77
14068,7879.3018982533285
14069,4424.672222222222
14070,9841.39
14071,7935.200231586661
14072,13344.61
14073,9878.27339405503
14074,6097.822618401594
14075,11021.852121212121
14076,7958.14
14077,6356.440434853131
14078,7960.537877508551
14079,7371.167787878788
14080,14350.63
14081,7593.608503034949
14082,5699.88
14083,9584.81
14084,8852.251737154149
14085,7568.352459376373
14086,6947.87
14087,10005.773403820816
14088,6246.89
14089,5763.1
14090,7648.647676985997
14091,9335.95740472733
14092,8027.95655786122
14093,7879.328441919192
14094,8249.78703106333
14095,6938.471352489661
14096,4995.349704545454
14097,5880.297442119543
14098,10213.258637001774
14099,9745.588454545454
14100,12382.445740768051
14101,12400.905789473685
14102,9655.594788387096
14103,6759.789333333333
14104,5807.979333333334
14105,11824.355
14106,11168.846480233604
14107,7163.036667174975
14108,11442.19
14109,12096.534575471698
14110,6373.79
14111,4907.85
14112,11718.93
14113,6714.726874920635
14114,9109.475
14115,7675.72
14116,4142.23080926407
14117,14623.82
14118,6678.226874920635
14119,6369.606874920635
14120,5356.255999999999
14121,6722.881874920635
14122,9865.46
14123,9113.93
14124,6496.143309264069
14125,6292.469097142857
14126,6610.077642597403
14127,5977.6
14128,3972.74
14129,8996.90685904762
14130,19256.14
14131,6591.11
14132,6453.918097142857
14133,9411.4
14134,6199.55
14135,7683.656263809524
14136,5116.134763809523
14137,6359.07
14138,8872.607216190478
14139,7189.157382857143
14140,5776.32
14141,9711.140668571428
14142,7340.33
14143,6036.92
14144,10442.941948333333
14145,11291.522615
14146,11877.22
14147,7896.39
14148,8890.66
14149,6023.453684444444
14150,6472.168017777777
14151,16520.03
14152,7333.826351111111
14153,6942.576351111111
14154,6945.52
14155,5021.564406666666
14156,6247.02
14157,5710.65
14158,11402.32
14159,6035.44
14160,6939.054889692712
14161,8334.992563626622
14162,5621.879790899348
14163,7935.25
14164,8130.43
14165,7564.835539183102
14166,7324.013872516436
14167,5923.72
14168,6623.21
14169,7702.241513083597
14170,10803.333510197594
14171,9885.4
14172,7834.1616440359785
14173,6428.437663344408
14174,7901.001644035979
14175,8443.24723100771
14176,5231.513333333333
14177,8593.011409618259
14178,8224.63
14179,7638.667599474713
14180,7465.443780107853
14181,8007.958333333334
14182,8369.039060009625
14183,6717.396946067281
14184,7738.035300939802
14185,8289.587523213087
14186,7819.495356903522
14187,10667.93515702299
14188,9462.081054057242
14189,6525.642
14190,14038.423436864263
14191,8154.98
14192,4732.776679104478
14193,10780.33
14194,7655.509415271819
14195,13422.485041666669
14196,6060.704476190476
14197,7170.31
14198,7229.378262626262
14199,9207.177962526148
14200,7539.012176791001
14201,10337.594326540377
14202,4714.747204745503
14203,7902.212776174075
14204,7471.444307559356
14205,6696.090934904234
14206,6011.40875
14207,8231.201907126457
14208,10076.553288078836
14209,5746.866
14210,10175.16
14211,8135.018204745504
14212,9947.837333333335
14213,8005.297333333334
14214,8461.062178571428
14215,6326.68
14216,8540.975666666665
14217,10272.043
14218,4287.23
14219,8247.09
14220,8771.960666666666
14221,8669.137333333334
14222,6171.393999999999
14223,4626.02
14224,9471.537696969697
14225,7929.314666666667
14226,9580.53496969697
14227,8150.3263809523805
14228,7361.41875
14229,8720.414969696969
14230,9728.08
14231,8480.853047619048
14232,9884.41
14233,6018.05
14234,10137.81
14235,12526.8
14236,8745.81
14237,5930.32
14238,10628.35
14239,5155.86
14240,4103.26
14241,10722.01
14242,9353.35
14243,11125.51
14244,6805.28
14245,7433.1
14246,8177.826583333332
14247,13136.985777777778
14248,4743.2
14249,6677.71
14250,6874.49
14251,9956.059515151515
14252,8206.53
14253,8677.96
14254,8245.48
14255,11398.321666666667
14256,8557.256666666666
14257,8090.62
14258,6532.955
14259,6387.13
14260,5681.635
14261,13228.46
14262,11335.678571428572
14263,8614.12
14264,16615.98
14265,8679.91142857143
14266,8200.78
14267,8566.077142857142
14268,9847.32
14269,10103.8
14270,8155.13
14271,9757.41
14272,10170.37
14273,8535.909142857143
14274,7867.0
14275,6560.807142857143
14276,7579.075416666667
14277,6334.757142857143
14278,4524.25847826087
14279,7053.535
14280,9421.696666666667
14281,17997.23
14282,7670.82
14283,5909.41
14284,9717.79337969925
14285,4395.74
14286,6506.11
14287,4545.36
14288,9437.145
14289,6569.24
14290,7549.970833333333
14291,16692.19
14292,11706.14
14293,9107.19
14294,7394.358250203903
14295,4430.26
14296,6189.132104460758
14297,6925.2
14298,6787.57
14299,5772.92
14300,4183.17
14301,7201.310797101449
14302,6192.31
14303,10626.235
14304,7631.498410852714
14305,4435.09
14306,8112.158410852714
14307,11154.11
14308,9392.19
14309,6888.91
14310,5695.91
14311,10184.051512250306
14312,5441.45
14313,11710.944150383679
14314,5484.7
14315,6033.47
14316,8344.34493981595
14317,6748.990833333333
14318,5342.16
14319,6783.820833333334
14320,7355.4850000000015
14321,10765.2
14322,12712.93
14323,7152.42007751938
14324,4963.56
14325,6545.38
14326,10020.12
14327,6270.85
14328,7051.513333333333
14329,7974.941634309974
14330,11852.294130242382
14331,8836.464364694042
14332,7663.955508976979
14333,9154.46
14334,5226.04
14335,10266.006882299327
14336,7066.39419047619
14337,14922.16
14338,7233.623523809523
14339,6476.360523809522
14340,6834.64
14341,5467.465351872451
14342,8528.42
14343,12452.858333333332
14344,6009.31
14345,5231.71
14346,10664.24630952381
14347,8569.665555555555
14348,7669.417596443916
14349,9059.228888888889
14350,7525.1825
14351,7543.325000000001
14352,5851.276666666668
14353,11115.27
14354,7789.44
14355,8914.606666666667
14356,8227.544166666667
14357,5468.6575
14358,8048.264166666668
14359,7102.648833333333
14360,4723.263714285714
14361,10453.188312602817
14362,10869.780609570651
14363,5403.9375
14364,8143.487142857143
14365,7867.3265
14366,5665.7
14367,8682.713977272728
14368,6565.501977272727
14369,10164.620926339318
14370,5267.36
14371,6760.982727272727
14372,7787.609058050592
14373,6886.86
14374,8531.450520441325
14375,6223.53
14376,7501.24
14377,6085.83
14378,8553.531704545454
14379,7264.62
14380,8373.457565687013
14381,8376.015454545453
14382,9430.855454545454
14383,6704.86
14384,9588.977615150501
14385,7468.0378231292525
14386,11083.41441860465
14387,9431.811740419376
14388,7891.286494019567
14389,3600.3157142857144
14390,7196.699561403509
14391,8993.891354100173
14392,5950.272894736842
14393,9478.475454545454
14394,6871.405037878789
14395,7936.677777777778
14396,13151.18
14397,8047.034871741163
14398,4892.676666666667
14399,12287.366666666665
14400,11248.326666666668
14401,6642.0
14402,11900.5075
14403,11858.01
14404,8281.02140151515
14405,6162.83651330532
14406,8952.392249929515
14407,7733.769850249044
14408,6507.999684359402
14409,7775.8139619047615
14410,5778.137116461176
14411,7728.270533333333
14412,8138.683351515151
14413,8288.32245334572
14414,10012.422845768024
14415,7521.473666666666
14416,8317.279933175316
14417,4876.5154999999995
14418,8289.37006214357
14419,8407.9215
14420,7084.2595833333335
14421,8226.053787583296
14422,7938.008961904761
14423,11051.155430242272
14424,6608.558866666666
14425,5951.005934837094
14426,6715.460950915751
14427,7469.802339804638
14428,9105.081533333334
14429,5512.135
14430,5264.402281051984
14431,7877.70572292404
14432,6923.55
14433,6730.263920531129
14434,8998.476563519813
14435,7882.280051615051
14436,9203.504606287257
14437,6014.729846153846
14438,5125.46
14439,8358.443262362638
14440,8382.295203754577
14441,9767.029375
14442,12270.4
14443,11523.93173611111
14444,6156.99
14445,9959.710416666667
14446,4788.396842105263
14447,3961.07
14448,9341.407864010987
14449,14383.3
14450,8338.872908658866
14451,9815.8
14452,5640.21
14453,9165.03
14454,11088.44
14455,7426.966333333333
14456,7994.439414335663
14457,7874.83
14458,5413.192272727273
14459,6320.354761904762
14460,6278.709523809525
14461,7034.784444444445
14462,4696.496666666667
14463,5872.510512820512
14464,5275.52
14465,7797.317395028592
14466,9379.64
14467,7402.45717948718
14468,8134.08
14469,8291.943846153845
14470,7002.059241434377
14471,6207.51
14472,9543.940512820513
14473,11010.8133016983
14474,7662.585999999999
14475,5638.18
14476,17756.562142857143
14477,6394.816
14478,6881.076
14479,10379.68
14480,9419.96
14481,9743.215166666667
14482,7650.11
14483,8744.04
14484,11896.89
14485,14171.598095238094
14486,6548.2475
14487,7546.6175
14488,5837.573333333333
14489,8576.826448592257
14490,6408.33
14491,8842.18028192559
14492,11124.99
14493,8218.3
14494,5387.302
14495,7421.515
14496,9323.227746211307
14497,6194.91
14498,8942.7565
14499,4224.0
14500,8330.109
14501,9238.876666666667
14502,9222.53157954464
14503,12084.33
14504,8160.62806006412
14505,6107.905
14506,6908.368333333333
14507,9899.110665507864
14508,9844.33
14509,9280.236457043915
14510,7509.8083333333325
14511,7622.97
14512,5519.110393939394
14513,11973.269818181818
14514,5301.12
14515,13736.72
14516,5725.728333333333
14517,4529.618333333333
14518,8267.434000000001
14519,7416.36
14520,9056.089597902097
14521,8859.319597902098
14522,5084.12
14523,5700.185
14524,8077.03
14525,10904.22799145299
14526,11103.067435897436
14527,6217.494000000001
14528,7489.122614845937
14529,8418.73330952381
14530,7304.54
14531,6879.240454545456
14532,11691.91
14533,10449.87
14534,13069.04
14535,8371.19
14536,7611.31
14537,9427.09
14538,9575.97
14539,6942.295
14540,11935.32
14541,8153.7033014354065
14542,6271.84
14543,6434.25
14544,6412.2
14545,5888.42
14546,8036.193968102073
14547,6643.03
14548,6258.95
14549,10946.65
14550,7262.51
14551,22546.01
14552,7417.75
14553,7869.33
14554,12156.57
14555,13101.91
14556,9051.45
14557,11594.45
14558,8710.46
14559,12689.35
14560,13420.61
14561,9117.93
14562,11478.11
14563,12329.44
14564,11433.195
14565,11228.525
14566,9751.54
14567,12767.77
14568,8526.24
14569,9868.37
14570,16847.95
14571,15701.98
14572,19799.61
14573,13539.9
14574,8642.99
14575,11105.93
14576,7867.58
14577,14474.97
14578,19173.1
14579,13810.241538461538
14580,10810.56
14581,9138.05
14582,7724.41
14583,12040.18
14584,17288.381538461537
14585,12557.64
14586,9207.4
14587,11214.19
14588,12085.50153846154
14589,6510.35
14590,10876.84
14591,7548.71
14592,11167.42153846154
14593,12619.67
14594,9162.511538461538
14595,10862.92
14596,14034.071538461538
14597,11086.15153846154
14598,9719.56
14599,12140.75153846154
14600,16226.89
14601,9621.82
14602,11959.84153846154
14603,10309.33
14604,12955.44
14605,11413.66
14606,13664.64
14607,12483.87
14608,8372.92
14609,10846.49
14610,10215.18
14611,13726.25
14612,14204.57
14613,8633.93
14614,10118.32
14615,10388.59
14616,13725.68
14617,8894.11
14618,14623.41
14619,10019.343333333332
14620,10181.276923076923
14621,13089.806923076923
14622,10738.2
14623,10058.471428571429
14624,12302.938351648352
14625,11654.57
14626,9942.88
14627,8794.89
14628,11964.578351648352
14629,10387.09
14630,13904.108351648352
14631,8485.763333333334
14632,10802.890256410255
14633,13990.29
14634,9387.34
14635,7717.58
14636,11744.19
14637,8510.683333333334
14638,10890.66
14639,9966.39
14640,8133.993333333334
14641,13368.59
14642,10057.7
14643,12856.81
14644,10251.83
14645,10083.19
14646,11451.11
14647,12372.26
14648,13189.2
14649,13113.21
14650,9226.5
14651,8181.29
14652,12006.44
14653,10966.84
14654,10736.78
14655,10365.16
14656,11088.68
14657,12135.2
14658,9821.54
14659,8179.58
14660,10871.29
14661,10692.75
14662,11659.71
14663,14337.25
14664,13703.41
14665,11511.24
14666,11444.41
14667,10848.38
14668,12071.33
14669,13028.6
14670,12861.71
14671,12814.4
14672,9689.33
14673,12481.61
14674,10529.62
14675,11060.86
14676,13856.1
14677,12863.02
14678,9660.28
14679,11117.9
14680,12407.265
14681,12004.325
14682,10151.175
14683,12458.295
14684,10112.785
14685,8782.175
14686,8970.12
14687,9035.24
14688,12195.37
14689,12848.74
14690,12230.96
14691,9493.221666666666
14692,8764.68
14693,11078.381666666668
14694,6206.8
14695,11091.37
14696,9720.18
14697,11495.95
14698,9712.02
14699,8686.42
14700,10260.101666666666
14701,8628.26
14702,8892.471666666666
14703,14112.73
14704,9527.77
14705,12277.771666666667
14706,10305.242
14707,8626.98
14708,9779.46
14709,9283.792
14710,14523.72
14711,15695.55
14712,12800.62
14713,8627.27
14714,12413.1
14715,14602.56
14716,14042.4
14717,11385.25
14718,11306.18
14719,8873.69
14720,8833.11
14721,6000.4
14722,6803.83
14723,9863.67
14724,12936.82
14725,11009.32
14726,10131.47
14727,12319.26
14728,14778.32
14729,13362.54
14730,9659.42
14731,13409.94
14732,17740.13
14733,13184.25
14734,11600.33
14735,9096.89
14736,10411.92
14737,9861.78
14738,10407.15
14739,11714.84
14740,13667.72
14741,10758.74
14742,13211.94
14743,13340.78
14744,9787.68
14745,12317.5
14746,19991.93
14747,16244.39
14748,14064.99
14749,8109.68
14750,9763.04
14751,15369.89
14752,9565.954
14753,12846.86
14754,20429.01
14755,8551.97
14756,11112.083999999999
14757,10666.58
14758,9614.81
14759,15080.9
14760,14548.32
14761,13742.93
14762,7786.31
14763,9200.15
14764,11276.88
14765,11939.5575
14766,18643.43
14767,11392.19
14768,9139.49
14769,8719.76
14770,8403.39
14771,7974.67
14772,9830.275
14773,9838.72
14774,10369.11
14775,11904.265
14776,9378.57
14777,8807.06
14778,10446.346666666666
14779,10956.346666666665
14780,11048.49
14781,8212.16
14782,11388.8875
14783,9139.0175
14784,7255.31
14785,10017.46
14786,11022.4
14787,9439.84
14788,6470.37
14789,12777.93
14790,12930.67
14791,11884.9575
14792,10394.4975
14793,10248.24
14794,10564.26
14795,8065.7075
14796,13620.39
14797,10708.16
14798,13766.44
14799,17953.66
14800,10204.48
14801,10491.145
14802,8008.74
14803,7729.17
14804,9095.84
14805,8124.015
14806,9967.775
14807,12601.315
14808,9119.58
14809,24658.84
14810,16046.32
14811,8390.83
14812,12582.745
14813,9790.395
14814,9722.415
14815,9705.49
14816,12438.64
14817,12432.62
14818,15152.305
14819,8885.7975
14820,10990.045
14821,7651.35
14822,10269.8275
14823,13222.79
14824,9946.6275
14825,10409.31
14826,8538.82
14827,12269.27
14828,12310.64
14829,8881.65
14830,15756.2275
14831,9649.24
14832,11052.2875
14833,8529.923333333334
14834,10112.01
14835,10975.725833333332
14836,14271.683333333332
14837,11642.863333333333
14838,13191.853333333333
14839,12127.09
14840,14597.62
14841,10708.46
14842,12296.88
14843,11187.81
14844,10000.81
14845,18664.8775
14846,20444.83
14847,12652.31
14848,15567.5
14849,14534.03
14850,15759.2975
14851,16167.46
14852,12466.6575
14853,12086.7175
14854,11582.38
14855,10971.31
14856,8280.0775
14857,11879.21
14858,10978.18
14859,12563.871666666668
14860,11484.881666666668
14861,8974.35
14862,9109.761666666667
14863,8951.28
14864,7207.811666666667
14865,7763.41
14866,11022.26
14867,10174.08
14868,14026.83
14869,13641.39
14870,12005.59
14871,10256.76
14872,9316.92
14873,15707.75
14874,16024.79
14875,10026.081666666667
14876,8943.43
14877,11482.44
14878,10176.12
14879,12419.352142857144
14880,8759.122142857143
14881,9645.45
14882,14700.842142857144
14883,9715.43
14884,10403.289642857144
14885,11586.389642857142
14886,12954.009642857143
14887,13335.44
14888,11223.972142857143
14889,10859.21
14890,7993.09
14891,8836.87
14892,9740.33
14893,9003.5
14894,10425.95
14895,10235.98
14896,9748.812142857143
14897,14604.44
14898,17112.51
14899,11496.82
14900,10716.533333333335
14901,8570.7175
14902,9898.3275
14903,8628.9475
14904,10217.8975
14905,8735.6175
14906,11670.14
14907,12216.95
14908,8801.7475
14909,9586.02
14910,11866.544375
14911,15001.684375
14912,16845.764375
14913,11489.384375
14914,16707.464375
14915,9414.2
14916,11089.584375
14917,7238.68
14918,9227.75
14919,9725.35
14920,9482.244375
14921,9777.394375
14922,9283.777708333333
14923,11837.8
14924,10354.537708333333
14925,7881.99
14926,12202.32
14927,11967.023333333334
14928,16995.62
14929,16075.54
14930,11243.4
14931,11789.51
14932,11104.75
14933,7703.42
14934,8969.68
14935,9391.48
14936,21776.42
14937,11034.13
14938,10521.09
14939,12921.09
14940,16600.4
14941,16013.09
14942,11958.47
14943,14114.23
14944,10685.51
14945,8629.33
14946,10913.35
14947,12808.431999999999
14948,9912.025
14949,9566.985
14950,13703.192
14951,10214.95
14952,6789.375
14953,10819.68
14954,14285.496000000001
14955,12347.016000000001
14956,15505.756000000001
14957,15634.606000000002
14958,13856.236
14959,7944.645294117647
14960,8660.215294117646
14961,11566.355294117648
14962,11781.673865546218
14963,15123.15
14964,13551.22
14965,13997.363865546218
14966,10003.31
14967,8345.47
14968,12658.27
14969,11880.783865546218
14970,13822.925294117647
14971,11998.4
14972,10255.35
14973,16225.845294117647
14974,7817.335294117647
14975,8011.865294117647
14976,7848.005294117647
14977,8252.767294117646
14978,10889.994794117645
14979,16720.65
14980,11401.77
14981,9340.54
14982,8673.13
14983,8506.35
14984,7008.49
14985,10667.95
14986,18463.115294117648
14987,9047.83
14988,10096.477294117647
14989,11121.154794117645
14990,7905.85
14991,11110.42
14992,8744.317294117647
14993,7572.91
14994,10639.35
14995,11334.406705882353
14996,7896.6
14997,12478.5
14998,13347.01
14999,9577.229460784314
15000,12431.54
15001,13561.52
15002,12177.549460784314
15003,9877.08
15004,10063.97
15005,8091.4
15006,11348.921372549019
15007,16257.673333333332
15008,13716.296078431373
15009,10482.674411764707
15010,10086.161666666667
15011,8668.604411764705
15012,9226.641666666666
15013,6701.61
15014,11963.421666666665
15015,8113.32
15016,8534.89
15017,11769.224411764706
15018,10388.82
15019,10408.94
15020,11580.17
15021,11950.3
15022,13139.61
15023,7633.7775
15024,7346.0875
15025,14196.447890025574
15026,13446.38
15027,13045.035144927535
15028,10530.747890025576
15029,8178.83
15030,10149.737890025575
15031,8643.55
15032,7773.185144927536
15033,11772.17
15034,10375.965144927535
15035,10844.81
15036,10818.48
15037,11834.295144927535
15038,10794.27
15039,10259.694253661939
15040,10673.22
15041,10556.13
15042,14943.01
15043,13112.32425366194
15044,9440.21
15045,9669.79
15046,14478.39425366194
15047,10527.527644927533
15048,7891.82
15049,13157.35
15050,13599.02
15051,13341.9
15052,8683.23
15053,9496.757644927535
15054,8304.2
15055,10197.52
15056,10941.870920328605
15057,13318.734365706756
15058,8329.05
15059,13551.85
15060,11566.284365706755
15061,9086.54
15062,9551.55
15063,10712.377699040091
15064,12287.54
15065,7940.617644927536
15066,13671.49
15067,10874.65
15068,12852.49769904009
15069,8890.51
15070,10882.06
15071,9578.420978260869
15072,11408.52769904009
15073,13646.63
15074,11128.47
15075,10768.31
15076,11421.07
15077,14438.16
15078,9717.94
15079,8233.320978260868
15080,12030.711335403726
15081,12048.15
15082,12440.071335403725
15083,10950.67
15084,9597.08
15085,15335.518478260869
15086,12995.35
15087,16964.78
15088,10566.208478260869
15089,15479.95
15090,11346.028478260869
15091,21733.0
15092,15605.62
15093,9852.83847826087
15094,12452.54
15095,6979.18
15096,6449.03
15097,12724.99
15098,9967.69
15099,15853.368478260869
15100,11185.44
15101,12847.51
15102,11813.91
15103,17789.488478260868
15104,10715.33847826087
15105,10353.15
15106,12519.64847826087
15107,10760.556999999999
15108,9350.91
15109,10851.938478260869
15110,10141.008478260868
15111,12927.96
15112,9873.868478260869
15113,9970.23847826087
15114,8186.988478260869
15115,9494.44
15116,9560.46
15117,14592.4
15118,15306.58
15119,11418.16847826087
15120,15656.24
15121,12163.85
15122,10913.418
15123,13327.05
15124,13284.28647826087
15125,15888.64647826087
15126,11004.54
15127,13521.73647826087
15128,13960.886478260869
15129,11864.915
15130,11057.45647826087
15131,11890.95
15132,10198.008333333333
15133,9067.59
15134,7440.505833333334
15135,9210.485833333334
15136,13833.52647826087
15137,21417.67
15138,15129.45111111111
15139,10120.801111111112
15140,11032.67
15141,6909.509111111111
15142,7795.539111111112
15143,8208.761111111111
15144,11440.465400000001
15145,9021.2284
15146,13025.805400000001
15147,17427.9754
15148,14353.99
15149,12683.0304
15150,9869.91
15151,7408.048400000001
15152,8857.69
15153,10039.8304
15154,12245.9884
15155,9349.1425
15156,8284.708400000001
15157,9645.14
15158,10348.898000000001
15159,14774.33
15160,11861.462150000001
15161,8181.19415
15162,10209.872150000001
15163,12696.24
15164,12115.28
15165,10211.45
15166,8801.65
15167,11710.455816666665
15168,9049.95
15169,14336.725816666665
15170,8654.71
15171,8324.35
15172,11839.965816666665
15173,8311.67
15174,7204.298000000001
15175,9245.25
15176,10912.87
15177,12948.19
15178,13148.49
15179,9799.952150000001
15180,7345.51
15181,7880.14
15182,15166.24
15183,8543.818000000001
15184,13715.33
15185,10756.472066666665
15186,13202.362066666665
15187,11819.442066666665
15188,9871.3704
15189,10015.3
15190,8180.15
15191,13421.3204
15192,10006.84
15193,17419.36
15194,11518.67
15195,9412.7034
15196,10409.695
15197,9093.3304
15198,10338.095
15199,19331.251333333334
15200,8982.75
15201,9635.4
15202,17392.893333333333
15203,10775.478000000001
15204,14177.571666666667
15205,11416.948
15206,15709.02
15207,11435.564666666667
15208,10327.69
15209,11548.71
15210,9711.6
15211,9814.25
15212,9828.473333333333
15213,7738.71
15214,9660.493333333334
15215,7655.168000000001
15216,6430.308000000001
15217,13081.991666666667
15218,12204.226666666666
15219,7544.2
15220,10801.914666666667
15221,10105.7
15222,9397.764666666666
15223,13476.688
15224,10973.518
15225,11521.16
15226,7696.61
15227,8309.51
15228,10105.785
15229,7697.23
15230,10747.365
15231,8992.85
15232,8831.11
15233,7777.02
15234,9962.007736842106
15235,7497.28
15236,10671.759736842105
15237,12143.33
15238,12096.83
15239,11786.313214285714
15240,13647.979736842106
15241,10723.665714285713
15242,12904.175714285713
15243,11652.259736842105
15244,10143.909736842106
15245,6855.578
15246,9201.032857142856
15247,10976.939736842105
15248,7528.712857142857
15249,14474.812736842106
15250,12495.902736842107
15251,11979.15
15252,15255.66
15253,10537.284736842106
15254,11967.474266666668
15255,14050.664736842105
15256,14457.824736842105
15257,9262.6
15258,12208.494266666668
15259,12617.41
15260,9427.544736842106
15261,8985.812766666668
15262,10470.736933333332
15263,9952.066933333332
15264,8932.629433333332
15265,11324.41
15266,10089.264766666667
15267,10362.818433333332
15268,15122.644736842105
15269,11691.784766666666
15270,15545.364736842106
15271,9915.394736842105
15272,11652.976433333333
15273,8329.214736842107
15274,12997.651433333333
15275,12654.018903508773
15276,10257.848903508773
15277,10672.6281
15278,11947.035
15279,12836.653100000001
15280,10522.98
15281,9833.006433333334
15282,12190.294166666667
15283,10742.9075
15284,10071.960933333334
15285,7423.3775
15286,8801.4831
15287,11018.1131
15288,9273.5285
15289,9565.2531
15290,14417.292142857143
15291,10580.922142857144
15292,13222.2861
15293,10112.862142857142
15294,9053.686099999999
15295,9787.42
15296,11836.492698412698
15297,11955.1076
15298,12022.72
15299,15283.245555555555
15300,8919.93
15301,14324.372222222222
15302,8658.532222222222
15303,8283.75
15304,13641.179365079366
15305,13308.7
15306,13708.142222222223
15307,12818.47095238095
15308,12729.290952380952
15309,12957.290952380952
15310,15336.06095238095
15311,13169.490952380951
15312,13365.417142857143
15313,10455.400952380953
15314,8069.200952380953
15315,8852.232202380952
15316,8559.392202380952
15317,8916.602202380953
15318,10730.892202380952
15319,12416.110476190475
15320,8896.972202380952
15321,10813.170476190477
15322,13763.300952380952
15323,8440.570476190476
15324,10399.900952380953
15325,11070.79
15326,11049.537142857143
15327,8376.140952380953
15328,13140.6928125
15329,14147.7328125
15330,10857.6828125
15331,8807.190952380952
15332,21647.5528125
15333,11735.8928125
15334,11407.95
15335,19425.0428125
15336,13160.040952380952
15337,16947.5128125
15338,11067.05
15339,11578.540952380952
15340,12829.660952380951
15341,22226.2528125
15342,11175.300952380952
15343,9529.56
15344,9988.7528125
15345,11064.7028125
15346,9934.22
15347,12690.8528125
15348,15759.111818181816
15349,9758.84181818182
15350,9636.121818181819
15351,11484.911818181816
15352,11332.4028125
15353,8764.04
15354,12975.3428125
15355,8688.04
15356,12080.6928125
15357,13199.3
15358,11916.7228125
15359,14428.95
15360,10768.1628125
15361,8184.5028125
15362,8338.5328125
15363,11008.1128125
15364,11629.83
15365,11951.0428125
15366,9675.5128125
15367,10004.08
15368,8551.9028125
15369,12466.7228125
15370,8771.29
15371,13192.34
15372,8512.2728125
15373,8079.1228125
15374,11029.32
15375,10015.67
15376,11294.9028125
15377,12069.2328125
15378,9810.9028125
15379,9172.63
15380,11337.4628125
15381,15248.28
15382,14175.44
15383,8441.2428125
15384,11849.04
15385,13208.11
15386,9898.7328125
15387,11556.96
15388,13267.09
15389,12603.8878125
15390,13889.995
15391,8525.83
15392,11357.839479166665
15393,10827.97
15394,12518.319479166668
15395,11116.06
15396,13819.8628125
15397,10381.77
15398,10041.69
15399,9215.78
15400,8912.24
15401,9296.81
15402,14320.54
15403,9376.79
15404,12204.0
15405,15605.87
15406,12589.15
15407,19872.44
15408,13086.01
15409,0.0
15410,0.0
15411,0.0
15412,0.0
15413,0.0
15414,0.0
15415,0.0
15416,0.0
15417,0.0
15418,0.0
15419,0.0
15420,0.0
15421,0.0
15422,0.0
15423,0.0
15424,0.0
15425,0.0
15426,0.0
15427,0.0
15428,0.0
15429,0.0
15430,0.0
15431,0.0
15432,0.0
15433,0.0
15434,0.0
15435,0.0
15436,0.0
15437,0.0
15438,0.0
15439,0.0
15440,0.0
15441,0.0
15442,0.0
15443,0.0
15444,0.0
15445,0.0
15446,0.0
15447,0.0
15448,0.0
15449,0.0
15450,0.0
15451,0.0
15452,0.0
15453,0.0
15454,0.0
15455,0.0
15456,0.0
15457,0.0
15458,0.0
15459,0.0
15460,0.0
15461,0.0
15462,0.0
15463,0.0
15464,0.0
15465,0.0
15466,0.0
15467,0.0
15468,0.0
15469,0.0
15470,0.0
15471,0.0
15472,0.0
15473,0.0
15474,0.0
15475,0.0
15476,0.0
15477,0.0
15478,0.0
15479,0.0
15480,0.0
15481,0.0
15482,0.0
15483,0.0
15484,0.0
15485,0.0
15486,0.0
15487,0.0
15488,0.0
15489,0.0
15490,0.0
15491,0.0
15492,0.0
15493,0.0
15494,0.0
15495,0.0
15496,0.0
15497,0.0
15498,0.0
15499,0.0
15500,3745.34
15501,0.0
15502,0.0
15503,0.0
15504,0.0
15505,0.0
15506,0.0
15507,0.0
15508,0.0
15509,0.0
15510,0.0
15511,0.0
15512,0.0
15513,0.0
15514,0.0
15515,0.0
15516,0.0
15517,0.0
15518,0.0
15519,0.0
15520,0.0
15521,0.0
15522,0.0
15523,0.0
15524,0.0
15525,0.0
15526,0.0
15527,0.0
15528,0.0
15529,0.0
15530,0.0
15531,0.0
15532,0.0
15533,0.0
15534,0.0
15535,0.0
15536,0.0
15537,0.0
15538,0.0
15539,0.0
15540,0.0
15541,0.0
15542,0.0
15543,0.0
15544,0.0
15545,0.0
15546,0.0
15547,0.0
15548,0.0
15549,0.0
15550,0.0
15551,0.0
15552,0.0
15553,0.0
15554,0.0
15555,0.0
15556,0.0
15557,0.0
15558,0.0
15559,0.0
15560,0.0
15561,0.0
15562,0.0
15563,0.0
15564,0.0
15565,0.0
15566,0.0
15567,0.0
15568,2712.27
15569,0.0
15570,0.0
15571,0.0
15572,0.0
15573,0.0
15574,0.0
15575,0.0
15576,0.0
15577,0.0
15578,0.0
15579,0.0
15580,0.0
15581,0.0
15582,0.0
15583,0.0
15584,0.0
15585,0.0
15586,0.0
15587,0.0
15588,0.0
15589,0.0
15590,0.0
15591,0.0
15592,0.0
15593,0.0
15594,0.0
15595,0.0
15596,0.0
15597,0.0
15598,0.0
15599,0.0
15600,0.0
15601,0.0
15602,0.0
15603,0.0
15604,0.0
15605,0.0
15606,0.0
15607,0.0
15608,0.0
15609,16128.71
15610,33459.04
15611,0.0
15612,0.0
15613,0.0
15614,0.0
15615,0.0
15616,0.0
15617,0.0
15618,7380.1
15619,0.0
15620,0.0
15621,0.0
15622,0.0
15623,0.0
15624,0.0
15625,0.0
15626,0.0
15627,0.0
15628,0.0
15629,0.0
15630,0.0
15631,0.0
15632,0.0
15633,0.0
15634,0.0
15635,0.0
15636,0.0
15637,4370.57
15638,0.0
15639,0.0
15640,0.0
15641,0.0
15642,0.0
15643,0.0
15644,0.0
15645,0.0
15646,0.0
15647,3157.19
15648,0.0
15649,0.0
15650,0.0
15651,0.0
15652,0.0
15653,0.0
15654,0.0
15655,0.0
15656,0.0
15657,0.0
15658,0.0
15659,0.0
15660,0.0
15661,0.0
15662,0.0
15663,0.0
15664,0.0
15665,9639.9
15666,0.0
15667,0.0
15668,0.0
15669,0.0
15670,0.0
15671,0.0
15672,0.0
15673,0.0
15674,0.0
15675,0.0
15676,0.0
15677,0.0
15678,0.0
15679,0.0
15680,0.0
15681,0.0
15682,8338.61
15683,0.0
15684,0.0
15685,0.0
15686,0.0
15687,0.0
15688,0.0
15689,0.0
15690,0.0
15691,0.0
15692,0.0
15693,0.0
15694,0.0
15695,0.0
15696,0.0
15697,0.0
15698,0.0
15699,0.0
15700,0.0
15701,0.0
15702,0.0
15703,0.0
15704,0.0
15705,0.0
15706,0.0
15707,0.0
15708,0.0
15709,0.0
15710,0.0
15711,0.0
15712,0.0
15713,0.0
15714,0.0
15715,0.0
15716,0.0
15717,0.0
15718,0.0
15719,0.0
15720,0.0
15721,0.0
15722,0.0
15723,0.0
15724,0.0
15725,0.0
15726,0.0
15727,0.0
15728,0.0
15729,0.0
15730,0.0
15731,0.0
15732,0.0
15733,0.0
15734,0.0
15735,0.0
15736,0.0
15737,0.0
15738,0.0
15739,0.0
15740,0.0
15741,0.0
15742,0.0
15743,0.0
15744,2119.25
15745,0.0
15746,0.0
15747,0.0
15748,0.0
15749,0.0
15750,0.0
15751,0.0
15752,0.0
15753,0.0
15754,0.0
15755,0.0
15756,0.0
15757,0.0
15758,4749.91
15759,0.0
15760,0.0
15761,0.0
15762,0.0
15763,0.0
15764,0.0
15765,0.0
15766,0.0
15767,0.0
15768,0.0
15769,0.0
15770,0.0
15771,0.0
15772,0.0
15773,0.0
15774,0.0
15775,0.0
15776,0.0
15777,0.0
15778,0.0
15779,0.0
15780,0.0
15781,0.0
15782,0.0
15783,0.0
15784,0.0
15785,0.0
15786,0.0
15787,0.0
15788,0.0
15789,0.0
15790,0.0
15791,0.0
15792,0.0
15793,0.0
15794,0.0
15795,0.0
15796,0.0
15797,0.0
15798,0.0
15799,0.0
15800,0.0
15801,6414.48
15802,0.0
15803,0.0
15804,0.0
15805,0.0
15806,0.0
15807,0.0
15808,0.0
15809,0.0
15810,0.0
15811,2924.95
15812,0.0
15813,0.0
15814,0.0
15815,4796.04
15816,0.0
15817,0.0
15818,0.0
15819,0.0
15820,0.0
15821,0.0
15822,0.0
15823,0.0
15824,0.0
15825,0.0
15826,0.0
15827,0.0
15828,0.0
15829,0.0
15830,0.0
15831,0.0
15832,0.0
15833,0.0
15834,0.0
15835,0.0
15836,0.0
15837,0.0
15838,0.0
15839,0.0
15840,0.0
15841,0.0
15842,20577.54
15843,0.0
15844,0.0
15845,0.0
15846,0.0
15847,0.0
15848,0.0
15849,0.0
15850,0.0
15851,0.0
15852,0.0
15853,0.0
15854,0.0
15855,0.0
15856,6686.92
15857,0.0
15858,0.0
15859,0.0
15860,0.0
15861,0.0
15862,0.0
15863,0.0
15864,0.0
15865,0.0
15866,0.0
15867,0.0
15868,0.0
15869,0.0
15870,0.0
15871,0.0
15872,0.0
15873,0.0
15874,0.0
15875,0.0
15876,0.0
15877,0.0
15878,0.0
15879,0.0
15880,0.0
15881,0.0
15882,0.0
15883,0.0
15884,0.0
15885,0.0
15886,0.0
15887,0.0
15888,0.0
15889,0.0
15890,0.0
15891,0.0
15892,0.0
15893,0.0
15894,0.0
15895,0.0
15896,0.0
15897,0.0
15898,0.0
15899,0.0
15900,0.0
15901,0.0
15902,0.0
15903,0.0
15904,0.0
15905,0.0
15906,0.0
15907,0.0
15908,0.0
15909,0.0
15910,0.0
15911,0.0
15912,0.0
15913,0.0
15914,0.0
15915,0.0
15916,0.0
15917,0.0
15918,0.0
15919,0.0
15920,0.0
15921,0.0
15922,0.0
15923,0.0
15924,0.0
15925,0.0
15926,0.0
15927,0.0
15928,0.0
15929,0.0
15930,0.0
15931,12618.21
15932,0.0
15933,0.0
15934,0.0
15935,0.0
15936,0.0
15937,0.0
15938,0.0
15939,0.0
15940,0.0
15941,0.0
15942,0.0
15943,0.0
15944,0.0
15945,0.0
15946,0.0
15947,0.0
15948,0.0
15949,0.0
15950,0.0
15951,0.0
15952,0.0
15953,0.0
15954,0.0
15955,0.0
15956,0.0
15957,0.0
15958,0.0
15959,0.0
15960,0.0
15961,0.0
15962,0.0
15963,0.0
15964,0.0
15965,0.0
15966,0.0
15967,0.0
15968,0.0
15969,0.0
15970,0.0
15971,0.0
15972,0.0
15973,0.0
15974,0.0
15975,3646.67
15976,16029.76
15977,0.0
15978,0.0
15979,0.0
15980,0.0
15981,0.0
15982,0.0
15983,0.0
15984,0.0
15985,0.0
15986,0.0
15987,0.0
15988,0.0
15989,0.0
15990,0.0
15991,0.0
15992,0.0
15993,0.0
15994,0.0
15995,0.0
15996,0.0
15997,0.0
15998,0.0
15999,0.0
16000,0.0
16001,0.0
16002,0.0
16003,0.0
16004,11240.62
16005,0.0
16006,0.0
16007,0.0
16008,0.0
16009,0.0
16010,0.0
16011,0.0
16012,0.0
16013,0.0
16014,0.0
16015,0.0
16016,0.0
16017,0.0
16018,0.0
16019,0.0
16020,0.0
16021,0.0
16022,0.0
16023,0.0
16024,0.0
16025,0.0
16026,0.0
16027,0.0
16028,0.0
16029,0.0
16030,0.0
16031,0.0
16032,0.0
16033,0.0
16034,0.0
16035,0.0
16036,0.0
16037,0.0
16038,0.0
16039,0.0
16040,0.0
16041,0.0
16042,0.0
16043,0.0
16044,0.0
16045,0.0
16046,0.0
16047,0.0
16048,0.0
16049,0.0
16050,0.0
16051,0.0
16052,0.0
16053,0.0
16054,0.0
16055,0.0
16056,0.0
16057,0.0
16058,0.0
16059,0.0
16060,0.0
16061,0.0
16062,0.0
16063,0.0
16064,0.0
16065,0.0
16066,0.0
16067,0.0
16068,0.0
16069,0.0
16070,0.0
16071,0.0
16072,0.0
16073,0.0
16074,2607.0
16075,0.0
16076,0.0
16077,0.0
16078,2586.51
16079,0.0
16080,0.0
16081,0.0
16082,0.0
16083,0.0
16084,0.0
16085,0.0
16086,0.0
16087,0.0
16088,0.0
16089,0.0
16090,0.0
16091,0.0
16092,0.0
16093,0.0
16094,0.0
16095,0.0
16096,0.0
16097,0.0
16098,0.0
16099,0.0
16100,0.0
16101,0.0
16102,0.0
16103,0.0
16104,0.0
16105,0.0
16106,0.0
16107,0.0
16108,0.0
16109,0.0
16110,0.0
16111,0.0
16112,0.0
16113,0.0
16114,0.0
16115,0.0
16116,0.0
16117,0.0
16118,0.0
16119,0.0
16120,0.0
16121,0.0
16122,0.0
16123,0.0
16124,0.0
16125,0.0
16126,0.0
16127,0.0
16128,0.0
16129,2438.39
16130,0.0
16131,0.0
16132,0.0
16133,0.0
16134,0.0
16135,0.0
16136,0.0
16137,0.0
16138,0.0
16139,0.0
16140,0.0
16141,0.0
16142,0.0
16143,0.0
16144,10983.16
16145,0.0
16146,0.0
16147,0.0
16148,0.0
16149,0.0
16150,0.0
16151,0.0
16152,0.0
16153,0.0
16154,0.0
16155,0.0
16156,0.0
16157,0.0
16158,0.0
16159,0.0
16160,0.0
16161,0.0
16162,0.0
16163,0.0
16164,0.0
16165,0.0
16166,0.0
16167,0.0
16168,0.0
16169,0.0
16170,0.0
16171,0.0
16172,0.0
16173,0.0
16174,0.0
16175,0.0
16176,0.0
16177,0.0
16178,0.0
16179,0.0
16180,0.0
16181,0.0
16182,0.0
16183,0.0
16184,0.0
16185,0.0
16186,0.0
16187,0.0
16188,0.0
16189,0.0
16190,0.0
16191,0.0
16192,0.0
16193,0.0
16194,0.0
16195,0.0
16196,0.0
16197,0.0
16198,0.0
16199,0.0
16200,0.0
16201,0.0
16202,0.0
16203,0.0
16204,0.0
16205,0.0
16206,0.0
16207,0.0
16208,5011.51
16209,0.0
16210,0.0
16211,0.0
16212,0.0
16213,0.0
16214,0.0
16215,0.0
16216,0.0
16217,0.0
16218,0.0
16219,0.0
16220,0.0
16221,0.0
16222,0.0
16223,0.0
16224,0.0
16225,0.0
16226,0.0
16227,0.0
16228,0.0
16229,0.0
16230,0.0
16231,0.0
16232,0.0
16233,0.0
16234,0.0
16235,0.0
16236,0.0
16237,0.0
16238,0.0
16239,0.0
16240,0.0
16241,0.0
16242,0.0
16243,0.0
16244,0.0
16245,0.0
16246,0.0
16247,0.0
16248,0.0
16249,12234.16
16250,5833.91
16251,0.0
16252,0.0
16253,0.0
16254,0.0
16255,0.0
16256,0.0
16257,0.0
16258,0.0
16259,0.0
16260,0.0
16261,0.0
16262,0.0
16263,0.0
16264,0.0
16265,4794.31
16266,4856.33
16267,6526.24
16268,3066.26
16269,5992.592443181818
16270,4636.7
16271,6280.182443181819
16272,6406.692443181819
16273,4432.81
16274,3871.03
16275,6327.92
16276,4778.901818181818
16277,4477.869818181818
16278,5526.36
16279,5502.39
16280,2939.8
16281,4633.41
16282,7948.1
16283,9284.36
16284,7841.41
16285,6950.363166666666
16286,4545.19
16287,5519.870666666667
16288,2410.94
16289,8286.4265625
16290,7725.505666666667
16291,9181.701911764707
16292,6308.75
16293,3196.43
16294,5256.85
16295,5914.350666666666
16296,8586.5425
16297,4971.71
16298,5769.6
16299,5241.58
16300,5856.2935
16301,2859.36
16302,7252.289333333332
16303,4100.91
16304,6992.1215
16305,7617.2593333333325
16306,4113.353999999999
16307,7723.658666666666
16308,5921.494000000001
16309,4806.954
16310,3983.31
16311,7499.21
16312,9231.896666666666
16313,5942.39
16314,5348.82411111111
16315,8799.666558441559
16316,7995.396666666667
16317,5907.734285714287
16318,6593.64
16319,2504.2
16320,2991.135
16321,4787.75
16322,6122.651666666668
16323,7805.156666666668
16324,7656.836666666667
16325,3940.9
16326,7636.46
16327,7522.4
16328,5718.06
16329,3075.39
16330,10011.336666666666
16331,3886.6
16332,4406.401818181818
16333,7718.93
16334,5137.96
16335,5615.87
16336,3237.6
16337,5364.46
16338,4781.565
16339,5013.54
16340,6344.41
16341,6979.96
16342,7360.78
16343,3285.1314285714284
16344,7090.707111111111
16345,10165.35
16346,5395.073857142857
16347,3507.694099018733
16348,7096.624151515151
16349,5735.501111111112
16350,7466.145532467532
16351,8802.095818181819
16352,2440.515
16353,7936.719508658009
16354,4829.587344632769
16355,6508.01
16356,6955.633865137864
16357,3319.51
16358,6537.91903726708
16359,5890.162608695652
16360,7236.205996837675
16361,8237.80755952381
16362,4647.325
16363,4575.095
16364,6796.934330171009
16365,6610.180681818181
16366,5130.365865900383
16367,6253.744023340591
16368,4067.878831801716
16369,6605.130870503323
16370,4800.416818181819
16371,3535.6830657616897
16372,5633.737832358675
16373,6225.639918122371
16374,7744.367814993225
16375,6887.303607948788
16376,7728.106084139265
16377,4547.320294117647
16378,7667.227972027971
16379,3505.9613413340353
16380,3901.815796497775
16381,7416.507325757575
16382,7189.655085784314
16383,7180.396332615125
16384,8969.722
16385,6524.661085784313
16386,5432.797518202836
16387,6531.639675039367
16388,7228.30239390831
16389,4172.495027554616
16390,3557.959469272847
16391,5799.623141577061
16392,4747.77966874502
16393,6862.081419117648
16394,4427.957082621684
16395,5737.6659468838825
16396,6383.258376229314
16397,6130.531096176291
16398,6354.77
16399,2993.8182380400854
16400,6886.3006415770615
16401,7509.6023749999995
16402,3686.417696249035
16403,5595.254781257407
16404,3028.42401812611
16405,5665.928846383456
16406,3125.9412711613886
16407,4459.509984848485
16408,4736.41682051282
16409,7537.616811594203
16410,6007.500113637202
16411,6835.013886725225
16412,8427.850002370535
16413,3906.217390555411
16414,5092.986052542143
16415,9711.0725
16416,5502.13
16417,7078.9104833490655
16418,6589.466249818236
16419,5512.322373737374
16420,6262.815514172364
16421,4645.2124186636365
16422,5627.772976190476
16423,8628.732484710175
16424,5620.456309523809
16425,3555.03
16426,4441.7425
16427,6787.627461055999
16428,9510.2
16429,6216.96
16430,6428.358333333333
16431,4352.8533333333335
16432,3082.9125
16433,2302.6585238796924
16434,3491.045469003164
16435,5594.906306823573
16436,6470.528901846685
16437,5239.522383771342
16438,4486.787798270453
16439,7470.9921092645145
16440,7266.345754598151
16441,7087.092372750114
16442,5379.950632822483
16443,8220.926640350335
16444,10044.55
16445,4312.487843207531
16446,5784.840763164751
16447,5554.132787691076
16448,6137.6400359321515
16449,3553.92
16450,4978.891321689949
16451,5391.77
16452,8190.2425
16453,6276.73
16454,6903.599619967281
16455,7681.2825
16456,4930.916552192218
16457,7559.303333333332
16458,16819.82
16459,8213.244261204483
16460,5159.57
16461,3521.1476666666667
16462,6184.839630637897
16463,9331.613275862068
16464,4314.609167434667
16465,9477.81
16466,18084.49
16467,4473.053275862069
16468,2671.277178030303
16469,10931.74
16470,3597.821086182336
16471,6988.0703591954025
16472,4222.23625
16473,5867.098368475301
16474,3249.81
16475,6439.8770302058265
16476,5988.4035076569835
16477,5291.5695224781775
16478,8278.473310173307
16479,6187.118005670549
16480,5960.144172337215
16481,6818.20625
16482,5278.14738911879
16483,6050.022215909091
16484,9176.56
16485,4740.986041397067
16486,5782.770074076806
16487,4422.776875899835
16488,3551.6873595906163
16489,5116.608486363636
16490,5184.110153030303
16491,5116.405153030303
16492,7396.243780076628
16493,7557.792468522454
16494,7331.457009949238
16495,4759.576150709444
16496,3953.7532152560084
16497,5051.38681969697
16498,6128.909153030303
16499,5445.6122849890535
16500,3014.4576
16501,7431.828
16502,5355.2643070607555
16503,8117.120352785146
16504,6227.82465681445
16505,4599.478
16506,3651.57
16507,3038.0927996715927
16508,8323.28
16509,6123.97
16510,6552.084942528737
16511,11831.913275862069
16512,6794.208371971468
16513,4950.0189829327755
16514,5170.77
16515,3015.19
16516,4254.07
16517,4891.304516594516
16518,4245.824516594516
16519,8087.073961038961
16520,4953.579100790514
16521,9626.6
16522,11757.08
16523,5316.080396825397
16524,5869.263627481714
16525,4781.791621930248
16526,5164.4074847574975
16527,5001.91
16528,9959.6875
16529,5824.302
16530,6587.906813161924
16531,3692.63
16532,5151.986495331759
16533,5340.753922387928
16534,9110.48
16535,7566.0019999999995
16536,5864.62
16537,6826.157936499172
16538,4311.55
16539,7711.667566154647
16540,6586.159858588617
16541,6060.507106189276
16542,9637.09
16543,6841.710070958036
16544,7572.70315151515
16545,3641.6835181345714
16546,5640.95
16547,4873.836318491824
16548,7940.506794682301
16549,7307.261315846321
16550,7823.17
16551,6313.368975778981
16552,7631.438026048759
16553,5018.964976190476
16554,6865.973782828284
16555,6533.934755050505
16556,3326.41
16557,13128.345714285713
16558,16235.796151515153
16559,7349.11
16560,6810.460243817879
16561,8988.93
16562,8333.06
16563,7632.431701515152
16564,3711.8935750915743
16565,4585.7765
16566,5945.419030633914
16567,8225.22
16568,2908.4228571428566
16569,4227.162428826076
16570,5583.851943181817
16571,5300.904666666666
16572,5049.958333333333
16573,3083.182297873695
16574,3210.228293650794
16575,6223.706365842748
16576,3177.4050000000007
16577,4554.64
16578,6334.260631471726
16579,5163.34
16580,9164.402250289184
16581,9893.489302486987
16582,5097.061222943723
16583,6854.872331791017
16584,6298.956687490872
16585,9952.980714285715
16586,5760.1149308805225
16587,3218.3165714285715
16588,5713.522570885255
16589,12731.935
16590,4780.621780109837
16591,6970.724356599541
16592,2818.3419160401
16593,3473.31538961039
16594,6181.600207461588
16595,6351.66
16596,5502.7326938178785
16597,7877.287666040102
16598,8124.180416040102
16599,8402.807666666666
16600,4279.845647220168
16601,9946.466
16602,2180.474
16603,3761.607285714285
16604,6517.533810035842
16605,4758.62
16606,10432.932625
16607,3211.441166666667
16608,5246.457952532201
16609,5980.166564737362
16610,9695.826130952382
16611,10281.99
16612,5526.093500000001
16613,4143.3189464285715
16614,8210.931446322305
16615,7869.718125788217
16616,5457.188477135951
16617,5053.64142539139
16618,9217.29
16619,6260.432
16620,5057.129532534247
16621,3819.5886666666665
16622,6954.373000025089
16623,4703.162547399461
16624,12757.933333333332
16625,8476.73
16626,15958.053333333333
16627,6324.111999999999
16628,5131.51
16629,2191.3507843137254
16630,6093.489476190476
16631,5589.446999999999
16632,4499.14
16633,7983.684730576441
16634,5819.46
16635,3106.652142857143
16636,6772.636666666666
16637,3656.9054786324787
16638,8597.169
16639,6944.963000000001
16640,6720.049
16641,7858.024090909091
16642,4374.19
16643,8346.237299007938
16644,7284.279
16645,5008.105
16646,6031.3275
16647,4318.784220225579
16648,10523.719
16649,6403.901666666667
16650,3650.7181481481484
16651,5624.008148148148
16652,7896.839313330681
16653,5882.16239875118
16654,4938.756148148148
16655,5223.970078156623
16656,5484.954814814816
16657,4411.02
16658,5384.973333333333
16659,9550.615
16660,4828.677026307165
16661,3778.2892987012983
16662,7152.635
16663,6073.6
16664,3398.437566715228
16665,4777.67
16666,9370.355
16667,7632.052246640327
16668,10082.125
16669,8992.31870965888
16670,7440.43
16671,5935.894838725716
16672,4493.8124896863665
16673,9322.348714285714
16674,7138.629051769618
16675,7572.14
16676,5533.608148148149
16677,6316.787923926768
16678,5144.288148148148
16679,2585.208148148148
16680,11240.698148148149
16681,6721.09
16682,5851.210841613701
16683,5134.998148148148
16684,1862.86
16685,7557.770198412698
16686,6790.15
16687,6735.48
16688,3926.69
16689,6475.55
16690,5418.24
16691,4623.73
16692,9851.87
16693,4691.23
16694,4681.84
16695,3638.91
16696,2727.41
16697,5303.64
16698,14406.97
16699,6587.1
16700,5357.89
16701,5199.36
16702,3845.36
16703,3713.53
16704,5694.75
16705,3306.5022222222224
16706,8671.37
16707,5791.97
16708,2987.8772222222224
16709,8520.22
16710,2835.505
16711,4915.765
16712,8970.46
16713,8642.145
16714,10253.7
16715,2804.9393333333337
16716,5137.44
16717,4776.42
16718,5372.3
16719,15619.7
16720,9727.76
16721,5480.58
16722,3107.58
16723,5440.62
16724,4267.6075
16725,2649.05
16726,7387.0675
16727,4678.14
16728,5642.195595813205
16729,7533.79
16730,5586.56
16731,5062.88
16732,5527.44
16733,7229.53
16734,6738.52
16735,2767.285
16736,5242.1433696069425
16737,7814.03
16738,8061.18
16739,5700.394
16740,6962.09
16741,3278.3135777541506
16742,8128.71
16743,4676.337606336578
16744,3078.27
16745,5115.634196657487
16746,4179.88
16747,4616.36598324771
16748,6401.65
16749,4426.31
16750,7763.12
16751,5239.42
16752,6597.040837382488
16753,8160.93
16754,5664.335
16755,7144.88
16756,5792.12
16757,3141.4453725843673
16758,9930.88
16759,4056.1
16760,3705.12
16761,6684.48584713635
16762,9309.21
16763,9016.20585199985
16764,4546.115415720679
16765,4790.78
16766,5969.321143531888
16767,6205.271063202996
16768,4513.41
16769,8167.2
16770,3458.0433333333335
16771,5096.46
16772,4110.45
16773,3635.902
16774,3663.391938034072
16775,6609.7425
16776,6908.233095238096
16777,4958.9
16778,4670.199141303474
16779,6978.75
16780,7504.3375
16781,4465.895
16782,5054.809974636807
16783,5238.79
16784,6394.3325
16785,5194.8187491466115
16786,3195.860272332851
16787,6144.36
16788,7460.016944444445
16789,5960.785714285714
16790,5891.347142857143
16791,3107.68
16792,8356.965714285714
16793,3399.1891825743596
16794,8403.325714285713
16795,5702.66303030303
16796,4444.028234653421
16797,8156.965
16798,4139.20172712963
16799,5084.27
16800,7709.96
16801,3533.806681470038
16802,6107.491999999999
16803,11140.99
16804,7150.410362393249
16805,2873.8720000000003
16806,5050.73625
16807,3674.234340715046
16808,2977.2908057685663
16809,4884.013741918246
16810,6001.12
16811,5260.5275
16812,4856.7357142857145
16813,6269.13
16814,4928.773283854008
16815,10838.01
16816,4755.437142857143
16817,6203.42
16818,4534.502142857143
16819,6123.737408122993
16820,6315.281516483516
16821,6280.215
16822,7739.09
16823,8238.314968475821
16824,7273.348183150183
16825,5468.0585385878485
16826,5414.30591954023
16827,3962.304069575011
16828,5998.474
16829,8180.48
16830,6183.6276419331725
16831,6747.147777777777
16832,15092.28
16833,4024.0440112777064
16834,5464.927142857143
16835,4901.424536259236
16836,8139.122333333334
16837,8710.283333333333
16838,6366.31
16839,7167.760416666666
16840,7381.8966666666665
16841,6644.001741336013
16842,5865.907476190477
16843,5563.69
16844,2929.00692707254
16845,5055.8725
16846,3523.647845675632
16847,3412.210138639391
16848,7275.677004662005
16849,18369.5
16850,5306.72
16851,3193.73
16852,4741.379144679683
16853,3967.6075
16854,5811.813181818183
16855,2379.958181818182
16856,5850.638181818183
16857,5723.291356421356
16858,3825.588181818182
16859,10374.93
16860,11014.92
16861,4756.477
16862,5198.947792486733
16863,4020.9115238095237
16864,4646.814007234311
16865,4368.387
16866,7600.397472222222
16867,4225.423333333333
16868,4204.313583333334
16869,4736.536275416878
16870,4989.71
16871,5881.143109377436
16872,6790.548522727273
16873,3559.21
16874,7831.3
16875,5957.152461529482
16876,5211.065
16877,4232.118166666666
16878,4283.854166666666
16879,4834.66
16880,4317.705314064991
16881,9220.735
16882,4673.563
16883,4394.842000000001
16884,6615.781999999999
16885,6189.935684981685
16886,5640.758000000001
16887,5766.56
16888,5744.41
16889,10367.537419846816
16890,6810.554751546647
16891,5778.67
16892,4235.267559972632
16893,4631.135554732092
16894,8727.008659582529
16895,4491.951666666667
16896,4376.150877192982
16897,6202.471666666666
16898,11184.51
16899,7658.06
16900,5174.12
16901,5467.676949354039
16902,4686.98774169698
16903,6816.55
16904,5566.33
16905,9493.891071089372
16906,6494.2
16907,4860.346666666667
16908,4210.546197472038
16909,2544.66
16910,4794.833046218457
16911,16704.28
16912,2431.2920011332467
16913,5353.24
16914,7172.548157894737
16915,7401.301157894737
16916,7272.988157894737
16917,7850.8611578947375
16918,4808.04
16919,7118.431047619047
16920,3507.39
16921,6993.819734293139
16922,4197.814531413473
16923,6020.60925813739
16924,8272.797636363637
16925,3808.3545966880592
16926,8071.86
16927,5955.297333333333
16928,3376.1365
16929,6982.712333333333
16930,6686.432333333333
16931,3237.3375436569645
16932,7391.079815789474
16933,6146.615
16934,5353.120732456141
16935,9275.37179596719
16936,7699.244948203843
16937,7381.608125
16938,4088.9553965579753
16939,3569.2331666666664
16940,5362.013125
16941,3066.9469696969695
16942,5685.797125
16943,2922.8096513534665
16944,5464.737657439745
16945,3478.0675479758715
16946,4951.006932330827
16947,4831.51304314013
16948,4778.04
16949,5852.573159722222
16950,8630.4109375
16951,4820.285633632183
16952,9104.232
16953,5433.377798110333
16954,5857.795803041337
16955,8211.032
16956,7036.027999999999
16957,3690.953963659148
16958,4807.177283589205
16959,5749.736666666668
16960,5101.6679334013825
16961,10518.268095238094
16962,6489.866957983193
16963,7093.6732858387495
16964,9178.460424430246
16965,6357.46243371212
16966,3251.2642605989236
16967,8347.795767045454
16968,8368.775767045454
16969,6313.257606914736
16970,7483.235722527311
16971,6970.212655934344
16972,7441.319990769037
16973,4949.036808105335
16974,4693.324831023784
16975,4064.913964444991
16976,5199.737244808585
16977,7833.863993055556
16978,3942.37126443006
16979,7763.993189816397
16980,7107.601937163213
16981,4968.867345379117
16982,7193.162127639401
16983,4323.1
16984,7500.325635518684
16985,3842.45
16986,5416.5625069434545
16987,5000.9
16988,3783.82
16989,6280.871996674687
16990,7113.089449604403
16991,7668.568156361094
16992,6157.9944934640525
16993,4480.50255580391
16994,5652.557959840551
16995,6479.6759250069235
16996,7846.954482683983
16997,2676.37
16998,3366.0551957959487
16999,8607.0674997322
17000,5823.65
17001,0.0
17002,7368.540373917752
17003,7205.26230844156
17004,6555.196172957737
17005,4917.252394257703
17006,2777.9764333147864
17007,5575.884444444444
17008,5923.307367673993
17009,5194.544657503245
17010,8375.102380103852
17011,6023.03
17012,3707.5173793133476
17013,6169.9
17014,3515.35
17015,1665.149546703297
17016,5708.132211824883
17017,8081.513420755446
17018,5916.28
17019,4743.717626496749
17020,3951.94893749539
17021,5632.415658072237
17022,8351.678289630358
17023,5911.397936170213
17024,8497.616049833885
17025,4841.422673404797
17026,5132.466236480099
17027,3939.960941521679
17028,6167.879950025259
17029,3874.106195975421
17030,3215.5010227591033
17031,4495.2752173645395
17032,3834.3504923065125
17033,6821.32
17034,5309.608904237193
17035,4679.008918470043
17036,5742.697191769378
17037,7755.962647435898
17038,5130.59
17039,4137.481726763433
17040,9435.967142857144
17041,8389.47
17042,7151.030753084422
17043,2665.0274215686277
17044,6298.5
17045,5024.934408053942
17046,4271.421153846154
17047,9268.836969488604
17048,10011.24980952381
17049,6983.52
17050,6780.39
17051,6301.461809523808
17052,7686.21
17053,10996.65
17054,3536.5301666666664
17055,3952.42
17056,5027.376421021174
17057,6504.46
17058,6026.24
17059,9596.35
17060,6876.036053763441
17061,6612.74
17062,3285.5466166982924
17063,6812.75
17064,7041.55
17065,3440.2603767455457
17066,6139.867169949801
17067,3499.4369118332647
17068,6576.810426711537
17069,7012.905
17070,5111.66
17071,6594.66373713759
17072,4172.43
17073,4903.679021614351
17074,6584.164040940766
17075,5320.94
17076,8131.74
17077,5914.66
17078,7615.734125208125
17079,5650.12
17080,3967.03
17081,7586.81
17082,3545.8344759358283
17083,10328.382666666666
17084,4940.150950824775
17085,4593.644702147526
17086,6456.7075476190485
17087,5007.419666666667
17088,3700.77
17089,5808.85
17090,3679.27
17091,3349.8393333333333
17092,5355.528326977056
17093,6949.966666666666
17094,8843.463333333333
17095,5354.792936227454
17096,6177.6866666666665
17097,4481.852499999999
17098,5892.540244024092
17099,3381.43
17100,10298.27
17101,6806.26
17102,11671.34
17103,5361.33
17104,5297.98
17105,7227.81
17106,7620.48
17107,3872.4
17108,7928.72
17109,6807.83
17110,5043.47
17111,6247.8
17112,4347.88
17113,2967.0
17114,5293.91
17115,3466.82
17116,3054.6
17117,8051.89
17118,5927.72
17119,22504.04
17120,7540.96
17121,4949.3
17122,6695.91
17123,9444.08
17124,5038.17
17125,6026.26
17126,5201.61
17127,7995.32
17128,6582.75
17129,4573.88
17130,5011.07
17131,7241.4925
17132,7017.12
17133,6794.95
17134,6175.73
17135,4956.75
17136,4944.51
17137,5308.01
17138,9434.02
17139,10584.97
17140,8448.74
17141,6598.9366666666665
17142,4713.07
17143,6438.246666666666
17144,4096.51
17145,8122.79
17146,8510.13
17147,9146.51
17148,5282.72
17149,4349.75
17150,4219.82
17151,6876.25
17152,9614.79
17153,6157.83
17154,5042.83
17155,5696.82
17156,6801.14
17157,3820.69
17158,6730.57
17159,3998.62
17160,6490.485
17161,7042.276923076923
17162,5589.755
17163,7371.116923076923
17164,5610.68
17165,4511.71
17166,6067.25
17167,7664.35
17168,9626.46
17169,6059.4
17170,6574.35
17171,7201.84
17172,8706.14
17173,6633.12
17174,7733.74
17175,5631.89
17176,4937.78
17177,5747.82
17178,6994.594285714286
17179,8205.334285714287
17180,7083.670025359256
17181,5078.83
17182,6602.29
17183,6845.23
17184,7759.07
17185,4731.39
17186,11037.69
17187,4404.376666666667
17188,6502.01
17189,7519.026999999999
17190,5496.23
17191,5460.18
17192,6946.245833333333
17193,6405.170025359256
17194,5584.954489644971
17195,4936.90573964497
17196,7535.08
17197,6785.08698964497
17198,8003.828571428571
17199,4289.16
17200,7725.346363636363
17201,9408.30823964497
17202,6303.0
17203,5045.8133333333335
17204,6875.853261793365
17205,5841.477954545454
17206,7465.733261793365
17207,7286.808095126698
17208,4263.830833333333
17209,7385.078095126698
17210,5898.064666666667
17211,6572.844166666666
17212,7282.353
17213,6691.691666666667
17214,6626.2488095238095
17215,6086.341688311689
17216,6607.694095126698
17217,8395.16168831169
17218,5404.91
17219,5110.84
17220,6373.774095126698
17221,5699.611688311688
17222,5397.82
17223,7213.201688311689
17224,6673.491688311689
17225,6906.346849769584
17226,5868.59573964497
17227,5178.061688311688
17228,5932.951688311689
17229,7608.86313548387
17230,8422.211282296652
17231,7766.0124284600315
17232,7907.642428460032
17233,6103.490428571428
17234,7758.785739644971
17235,5484.670034565581
17236,6079.923034565581
17237,7960.890761793364
17238,6655.308636904761
17239,8335.639090029325
17240,7395.247428460031
17241,6996.601636904762
17242,5700.409095126698
17243,6665.001780645161
17244,6705.718095126698
17245,6416.282957642505
17246,5270.265456911509
17247,5367.721135483871
17248,7140.579028340081
17249,7025.970256410256
17250,5562.121336032388
17251,6820.531336032389
17252,6260.571336032389
17253,5914.891336032389
17254,5378.906923076923
17255,5061.161336032389
17256,6356.856468817204
17257,6984.67108974359
17258,6082.811891587945
17259,5676.573095126698
17260,4733.420363247863
17261,6615.753095126698
17262,3792.630363247864
17263,6431.07063548387
17264,5177.543333333333
17265,7459.1208333333325
17266,6065.537863247862
17267,6095.737863247862
17268,6897.538809412413
17269,4650.5478632478635
17270,5560.8214063116375
17271,9208.83313548387
17272,5966.085833333333
17273,6864.700644406874
17274,7339.173974358975
17275,5764.716904761905
17276,5705.498311073543
17277,5908.982545787545
17278,6846.500635483871
17279,8394.672307692308
17280,6531.066492626727
17281,4322.195
17282,5256.0745
17283,7127.435977740209
17284,8388.975
17285,6471.375
17286,6568.9
17287,5396.46
17288,4861.705
17289,3375.34
17290,3970.85
17291,6703.262227740209
17292,6471.507322978304
17293,6166.182222222223
17294,5825.832222222222
17295,7692.834882502112
17296,8371.030382502113
17297,8307.050382502113
17298,5836.068239644971
17299,8168.497222222222
17300,9701.39
17301,6195.2172222222225
17302,6703.25826388889
17303,5001.59573964497
17304,6213.252882502113
17305,4088.985
17306,5751.32326388889
17307,4942.875
17308,8241.681916666666
17309,7523.485833333334
17310,7240.352882502113
17311,8340.48525
17312,6241.375739644971
17313,5584.805
17314,15142.204
17315,8912.465739644971
17316,5208.289000000001
17317,3475.825
17318,5614.405739644971
17319,9564.154
17320,5892.253263888889
17321,11757.88
17322,20016.43
17323,3689.033360323887
17324,5033.92
17325,8790.26
17326,5633.522
17327,8184.077044534413
17328,6420.190595238095
17329,6633.002574837444
17330,3905.59
17331,6381.785
17332,6530.6411682164
17333,7381.312805299965
17334,7060.161168216399
17335,6396.969739644971
17336,6388.616406311636
17337,5428.5903267973845
17338,4863.167777777778
17339,4869.030326797385
17340,7514.09
17341,5279.792777777778
17342,5486.570777777778
17343,6431.536993464051
17344,5289.64592044287
17345,4981.85092044287
17346,5987.055142182
17347,6037.665142182
17348,7311.007777777778
17349,6469.481572978304
17350,7307.423099672259
17351,5733.6097888953145
17352,4306.341572978304
17353,5782.5173644042225
17354,6865.195697737556
17355,4861.1457396449705
17356,4163.087997737556
17357,6979.154615384615
17358,5909.245
17359,9477.985304768332
17360,6477.572526990552
17361,5610.513333333333
17362,5279.1851282051275
17363,4922.502360323886
17364,7741.25
17365,6006.95
17366,9032.887646038173
17367,13577.31
17368,6688.0189698037
17369,5882.275
17370,5048.57
17371,4821.37
17372,6716.41
17373,3914.4175
17374,5118.988611111111
17375,8735.607777777777
17376,5406.833825864305
17377,13352.43
17378,10828.66
17379,5125.653825864307
17380,6011.775560308972
17381,5658.607381737543
17382,6267.498124411536
17383,5339.18
17384,7754.855644046124
17385,6735.78
17386,7332.360711596282
17387,5123.65
17388,6663.505181521093
17389,5612.558382141363
17390,5826.62
17391,6864.23
17392,5749.1
17393,7262.764672184653
17394,5662.4
17395,7632.501061073543
17396,9410.945680438843
17397,6191.863172184652
17398,9401.63
17399,6597.702946694456
17400,7221.748458599219
17401,5307.085321750322
17402,6200.72
17403,5286.429586304846
17404,7251.943348209609
17405,6672.587514876275
17406,7862.49
17407,6516.61807043183
17408,7510.544059609319
17409,5311.991559609319
17410,8974.155191622103
17411,6481.278462298794
17412,5706.08
17413,11807.04
17414,15286.991176470588
17415,7284.61
17416,7087.959859414089
17417,8316.97
17418,8772.01
17419,9302.620588235293
17420,6725.66
17421,6513.48
17422,6370.922954652186
17423,7533.87
17424,4936.47
17425,5334.99245860225
17426,5839.945335604567
17427,6466.18
17428,6672.24
17429,4697.5333351627805
17430,4266.27
17431,5543.716287985519
17432,4312.62
17433,4339.54
17434,5648.566287985519
17435,5369.63
17436,8047.943192747424
17437,8050.273192747424
17438,6539.577104334767
17439,6354.963192747424
17440,6347.613192747423
17441,9083.384064747042
17442,6636.021779967159
17443,5054.84
17444,5614.762557826788
17445,9742.851818181818
17446,4661.687119252873
17447,6868.676818181819
17448,4688.7
17449,5036.65
17450,6698.544913056294
17451,5864.52
17452,6676.852666666666
17453,8214.012666666666
17454,8712.862666666666
17455,9428.75
17456,5798.119239451475
17457,8160.02
17458,4383.88
17459,5569.822784552845
17460,6485.092784552846
17461,5553.706
17462,7561.257083333333
17463,5554.1335
17464,5605.070250963439
17465,8115.5736
17466,10179.844457808858
17467,7578.815
17468,5366.9335
17469,5651.497701010101
17470,9351.822894763485
17471,6283.102666666666
17472,5781.315887241673
17473,5168.912666666667
17474,7745.932
17475,6977.2945
17476,5008.589333333333
17477,5201.7058157894735
17478,6029.8893333333335
17479,7286.109504761905
17480,11451.140500000001
17481,7313.027666666666
17482,13592.92
17483,5994.634499999999
17484,6845.331935483871
17485,4274.8925
17486,5394.3645
17487,5988.0244999999995
17488,5240.948935483871
17489,7641.3532000000005
17490,5995.618935483871
17491,4786.566666666667
17492,7079.168935483871
17493,3928.986359649123
17494,7036.123958333334
17495,6663.338935483871
17496,7182.9939583333335
17497,8097.5289354838715
17498,5045.41
17499,7053.821818181817
17500,6347.8919583333345
17501,5032.628935483871
17502,5335.2789354838715
17503,5323.37278518076
17504,8684.17094117647
17505,6831.968935483871
17506,5198.7605
17507,6713.1293953488375
17508,7730.037366499817
17509,6844.611554265716
17510,5761.779395348837
17511,8146.5131722234355
17512,6102.009395348837
17513,5843.52
17514,6103.378935483871
17515,8416.598935483871
17516,5310.227972578911
17517,5309.2966882289575
17518,7062.928935483871
17519,6170.328935483871
17520,4308.927660602039
17521,6300.102
17522,9237.741935483871
17523,8085.605158220776
17524,10642.021935483872
17525,9929.888650793651
17526,8691.031935483872
17527,6304.937372877707
17528,5189.385577654975
17529,9642.918213468623
17530,9062.702738577727
17531,6824.546666666666
17532,6789.812352941176
17533,9022.493532695376
17534,5692.77
17535,3863.705
17536,7390.12
17537,4799.491935483871
17538,6297.686470424312
17539,6629.83
17540,3849.06
17541,8828.168532695376
17542,5228.411935483871
17543,4651.961935483871
17544,4796.808532695375
17545,5263.2119354838715
17546,7429.260199362043
17547,6889.71
17548,6647.36
17549,5306.731935483872
17550,5509.57
17551,3871.17
17552,3608.69
17553,6845.769
17554,16464.9
17555,5330.764027777777
17556,5493.221935483872
17557,5893.382320574162
17558,4978.254027777777
17559,5890.645666666666
17560,5117.841935483871
17561,4458.920694444444
17562,7329.935555555555
17563,6384.713935483871
17564,4421.624027777778
17565,7687.035555555555
17566,4768.744027777778
17567,5556.645684210528
17568,8286.545555555555
17569,7180.325555555555
17570,9975.600350877194
17571,4839.764027777777
17572,5689.362777777777
17573,5251.985555555555
17574,7049.253935483871
17575,11407.556219924812
17576,7813.703935483871
17577,6783.993935483871
17578,4593.56574770259
17579,5337.081935483871
17580,6128.456714513557
17581,4250.802777777778
17582,8757.396679409772
17583,4642.542777777778
17584,4926.41
17585,7819.937368421053
17586,5767.49
17587,5859.954000000001
17588,5805.810833333334
17589,6915.454864864865
17590,6630.204864864865
17591,4141.798
17592,4939.41
17593,7232.666780185758
17594,7813.565183046684
17595,8171.396190704034
17596,6887.621780185759
17597,5038.252424242424
17598,6999.111780185759
17599,5572.008424242424
17600,4613.81612865497
17601,7568.477363104732
17602,6396.142475974318
17603,6318.7090625145465
17604,5865.607368421053
17605,6680.872684210526
17606,7454.4823335843175
17607,6256.299446852426
17608,6284.223633943117
17609,7584.464384967718
17610,6034.298380016381
17611,8671.096780185759
17612,6054.245884967718
17613,5287.986633943119
17614,10191.459411764707
17615,5370.438128654971
17616,4353.12
17617,8353.844650537634
17618,8358.288674388674
17619,8799.388650537634
17620,6309.134650537635
17621,5742.315255639097
17622,5414.251531490016
17623,6370.401531490015
17624,5848.547328431372
17625,7413.655434491979
17626,3932.7211148648653
17627,6276.98
17628,6201.573738063407
17629,4667.3113354531
17630,4519.52418487395
17631,6344.395404730074
17632,6514.671769626771
17633,4939.194579509672
17634,4143.247535714286
17635,5871.755
17636,7584.36604978355
17637,5474.450198198198
17638,6189.543047619048
17639,5686.748406432748
17640,6692.060925851926
17641,8062.909714285714
17642,5156.994142857143
17643,7968.92
17644,6967.208480684074
17645,7676.665734430082
17646,6139.686845541193
17647,3525.2386842105266
17648,7011.510925851926
17649,6215.478830104923
17650,7561.274557886558
17651,6016.599626769627
17652,4885.3316428571425
17653,8471.171181818181
17654,5723.181642857143
17655,5926.216293436293
17656,7016.043684210527
17657,5580.5191428571425
17658,6989.413684210527
17659,11291.084864864864
17660,8069.952714285714
17661,4268.87
17662,5291.124095634096
17663,3947.236945054945
17664,3265.983714285714
17665,7089.4492229220505
17666,5815.354516027656
17667,9259.553455988456
17668,6000.794061482202
17669,6505.944087456227
17670,7130.680294350622
17671,9483.02179788741
17672,4671.569181818181
17673,6358.898087456228
17674,5275.413181818181
17675,7470.3692229220505
17676,6226.568181818181
17677,7320.647188589189
17678,7884.925379065378
17679,9066.965577088718
17680,6364.160584415584
17681,6836.1055844155835
17682,6596.610584415584
17683,5076.555815183954
17684,5619.964516027656
17685,9284.535584415584
17686,7181.708023517288
17687,7492.00678932179
17688,15596.47
17689,6115.231618755383
17690,6625.002161699213
17691,6173.081618755383
17692,7964.888304556354
17693,8382.729554556356
17694,5931.22902616279
17695,7343.446221223022
17696,7747.856221223022
17697,6611.153830876595
17698,6392.217221223022
17699,5949.360503435518
17700,5673.284308149323
17701,4804.265105708245
17702,3679.7079238900637
17703,4365.221923890063
17704,8616.384304556355
17705,14685.879090909091
17706,5719.948019480519
17707,4252.948019480519
17708,6711.648272019058
17709,4290.441171223022
17710,6050.890615667466
17711,4234.21551948052
17712,8164.93491530245
17713,6063.210615667465
17714,6687.6302651701735
17715,11672.684960446672
17716,12049.45
17717,6524.554489376524
17718,6350.616523665962
17719,4384.535615667466
17720,5879.567745888185
17721,5766.140902074936
17722,7130.235615667466
17723,4975.050454545454
17724,4563.705615667466
17725,5775.1844125548505
17726,6108.3406156674655
17727,8022.699905999488
17728,6485.868716677567
17729,4865.0301877892225
17730,7297.648716677567
17731,6697.197577052118
17732,6291.864196617336
17733,5099.86052995067
17734,4449.038196617336
17735,6900.656679086546
17736,5241.838827052119
17737,9139.909312513711
17738,5064.2131966173365
17739,5437.893196617336
17740,6524.878380742825
17741,5536.213196617336
17742,4630.316171223022
17743,5782.85652995067
17744,6059.826529950669
17745,8409.825549274341
17746,7829.565549274342
17747,6044.360456937307
17748,4874.077549274341
17749,5375.481263560056
17750,12379.87933715313
17751,5302.839006937307
17752,7430.357651162792
17753,6646.995380742826
17754,10642.749638495845
17755,7087.211775858949
17756,5996.750445173344
17757,6026.752448264239
17758,5141.077114930907
17759,8600.774248206591
17760,5454.4425
17761,10547.780924454717
17762,6151.323511125196
17763,5753.169006937307
17764,5338.069641559979
17765,4291.08730181277
17766,6552.277085169002
17767,13567.274026778578
17768,4771.149964759282
17769,5603.7257266640445
17770,9866.613741045983
17771,7235.228193445244
17772,12030.53950988585
17773,7532.638193445244
17774,5855.754059997378
17775,6794.12736011191
17776,4952.648246753247
17777,7600.108705500024
17778,5794.820538833356
17779,5939.636538833356
17780,6269.814645502645
17781,4902.9640388333555
17782,6360.681931216931
17783,5464.798193445244
17784,4259.691526778577
17785,9198.881727094278
17786,9199.4471023553
17787,4328.034038833356
17788,6670.045693445244
17789,5899.255218445411
17790,5472.269026778577
17791,8023.721526778578
17792,6302.487890414941
17793,8764.536079156276
17794,4700.5671708263635
17795,5124.8571708263635
17796,6288.076138919478
17797,4588.524811981504
17798,6689.225654708855
17799,4768.160601455189
17800,5672.07210145519
17801,4872.586189690483
17802,6248.852334859385
17803,4840.466189690483
17804,6320.943248835134
17805,6491.768589759283
17806,7826.683151162791
17807,6030.177278871769
17808,8302.615891261938
17809,6553.891690636475
17810,7630.544940636476
17811,7897.795161297645
17812,6852.436969334099
17813,4514.365971223022
17814,5922.165726350761
17815,6780.503537424857
17816,5467.2782263507615
17817,8933.482334859385
17818,6630.568280805331
17819,7990.836991854636
17820,9874.361991854637
17821,6401.012373770559
17822,5648.902658521303
17823,8878.390668414919
17824,9576.217591491843
17825,5987.485971223022
17826,6919.95963768797
17827,8661.23597122302
17828,6706.970413672463
17829,5542.560857834349
17830,6453.9744094459365
17831,5961.624409445936
17832,6117.0544094459365
17833,7316.855979166667
17834,4936.709163433756
17835,6231.033790760869
17836,7218.511413672462
17837,5936.915241694626
17838,7388.061413672463
17839,6158.823043414919
17840,6713.445942993327
17841,4759.750127650127
17842,7691.120038231422
17843,7026.685362859363
17844,6765.387168414919
17845,6588.351942993327
17846,6649.66023123706
17847,8434.5065196567
17848,6171.646409855831
17849,5474.177484809286
17850,6241.519687481987
17851,6619.933020815321
17852,7142.029261363637
17853,4682.166999108735
17854,4929.173318142619
17855,6744.876413380715
17856,6842.56
17857,5611.755437044881
17858,7630.225830339129
17859,7167.923925577226
17860,5980.077103711548
17861,5237.795478607529
17862,4832.895283991585
17863,5863.554015675937
17864,6759.296478607529
17865,6875.639261363636
17866,7223.392972048627
17867,7771.219754154445
17868,4905.934048301349
17869,8309.182035575535
17870,3538.3686027777785
17871,3626.223496282716
17872,7394.786478607528
17873,7354.065371282716
17874,7322.613409873368
17875,6395.41773636208
17876,5860.100785202129
17877,6344.668618535464
17878,7751.751832821178
17879,5685.715500679875
17880,8055.058637889689
17881,5898.722396546667
17882,5194.7202217007125
17883,5229.637757932596
17884,5601.152424599263
17885,5699.35909126593
17886,4590.483856316097
17887,5513.5992792792795
17888,4305.4150842572735
17889,6276.994547435469
17890,6107.159667590608
17891,5369.448285714286
17892,5731.51550092394
17893,7052.607333333334
17894,5176.482118061449
17895,4898.653292590608
17896,8923.003333333332
17897,7128.23464756205
17898,7405.043333333332
17899,4411.969681479496
17900,13187.876071428573
17901,6235.7733333333335
17902,6373.593333333334
17903,8914.27
17904,7765.498746031746
17905,7020.242939035729
17906,7295.79
17907,6829.518746031747
17908,8092.634761904762
17909,11352.028561812527
17910,4847.840317460318
17911,4935.335555555555
17912,5646.37625
17913,6116.551515355561
17914,6267.440555555555
17915,6872.119048749283
17916,7552.666984126983
17917,6514.714761904762
17918,5266.130317460317
17919,6572.537142857143
17920,8818.802626559309
17921,4951.502698412699
17922,7211.61625
17923,5278.624222222222
17924,7118.67625
17925,8546.598666666667
17926,6652.068099029347
17927,8746.008666666667
17928,5990.935557357168
17929,5021.91
17930,6598.62
17931,7099.556208640763
17932,7826.628666666667
17933,7241.404958640762
17934,6666.52
17935,6447.71
17936,4160.345119335886
17937,8777.999460184554
17938,5485.638666666667
17939,9573.718666666668
17940,5306.73
17941,4558.39
17942,6446.68
17943,6383.598571428572
17944,5936.493347934547
17945,6663.819541847783
17946,3727.61
17947,4955.9685714285715
17948,5722.24
17949,7639.903571428572
17950,7776.063571428572
17951,4903.27
17952,6315.528571428572
17953,6162.43
17954,6177.35
17955,5353.5
17956,9109.57
17957,7699.88
17958,8587.11
17959,4780.74
17960,5672.56
17961,8069.74
17962,7653.15
17963,4897.82
17964,8470.44
17965,5536.33
17966,4578.21
17967,5294.23
17968,4046.95
17969,4964.54
17970,5203.34
17971,4816.52
17972,4622.78
17973,8443.22
17974,6472.74
17975,19933.31
17976,5926.38
17977,3320.05
17978,5345.32
17979,8442.41
17980,4900.155
17981,5306.1
17982,4404.345499999999
17983,7741.5830000000005
17984,5829.150897556391
17985,3396.59
17986,4494.034166666667
17987,5859.11
17988,5935.024619047618
17989,5801.096
17990,7872.7
17991,3876.09
17992,3756.58
17993,3887.52
17994,7383.5175
17995,8584.84
17996,6758.29
17997,5390.0380000000005
17998,3895.82
17999,5080.787666666667
18000,3362.63
18001,6584.774642857144
18002,6887.545238095239
18003,7972.83
18004,3999.34
18005,3561.87
18006,4154.67
18007,4848.949393939394
18008,8090.69
18009,5043.44
18010,4205.2
18011,3689.42
18012,6138.38
18013,3051.27
18014,5577.250512633509
18015,2978.73
18016,5520.28
18017,5623.259798347794
18018,4823.155
18019,5925.181400036954
18020,5022.27
18021,4276.326666666666
18022,5329.16
18023,5798.65
18024,8111.29
18025,4942.74
18026,6080.455869565218
18027,6778.38920289855
18028,7802.03
18029,5015.86132170326
18030,6709.45
18031,3503.63
18032,4659.0
18033,4831.0
18034,5467.775414256769
18035,6807.306859645066
18036,5657.12775590515
18037,4065.57
18038,5786.26
18039,5483.79
18040,7410.47
18041,2987.88
18042,10700.979333333333
18043,3311.04
18044,5348.0012941176465
18045,6481.074914596274
18046,4952.75
18047,4422.174
18048,4719.428833333333
18049,5406.341434667564
18050,4200.205993030747
18051,4036.466342171095
18052,6691.88
18053,6792.819131946179
18054,4783.261764705882
18055,3500.8476515151515
18056,5601.142894736841
18057,8533.253166676179
18058,6107.206923076923
18059,5090.209964568284
18060,5013.834892408475
18061,5146.996830601092
18062,5309.82851009806
18063,5943.429340127552
18064,3061.9440000000004
18065,5702.906439152885
18066,4863.111180916306
18067,5242.79
18068,6992.131577380953
18069,3581.6896078431373
18070,4274.479230322523
18071,3472.7154810073657
18072,5659.28546427553
18073,7895.047392857144
18074,4149.54
18075,3464.62
18076,5352.357474954965
18077,4182.096826657166
18078,4365.4440476190475
18079,7383.87967405953
18080,5205.43671806304
18081,6447.29513759563
18082,4315.175295855308
18083,3809.966595375493
18084,4523.829417753624
18085,7241.628424242424
18086,4700.8281066602185
18087,5808.775619634312
18088,5938.734986290108
18089,4665.7020555555555
18090,7422.791728984233
18091,4043.7804516916167
18092,5501.914040650171
18093,6562.476622277177
18094,5219.559310344828
18095,7870.295917636223
18096,6333.693467052283
18097,4913.998845826688
18098,4684.677407388271
18099,5420.916422222222
18100,5212.328108777726
18101,4820.527051800051
18102,3433.7911538461544
18103,4650.187579831932
18104,5903.984817599068
18105,4395.57
18106,3774.265
18107,6442.361666666668
18108,5175.44
18109,5207.96
18110,4323.98
18111,4275.400186781609
18112,5496.3788476351965
18113,5539.67
18114,5487.989833333334
18115,4454.289928676927
18116,4167.1466666666665
18117,5133.397115583547
18118,2690.62
18119,5550.184815832231
18120,3094.37
18121,6675.32
18122,5862.026666666667
18123,5145.97
18124,5734.271719105928
18125,3974.79
18126,4108.186745080744
18127,7793.461046195652
18128,4723.75
18129,5571.106204319459
18130,6280.2375
18131,4232.4
18132,4963.607018515696
18133,4958.62
18134,6663.113043291473
18135,8497.777549019607
18136,6571.337106188222
18137,2293.41
18138,4063.7729999999997
18139,6080.709076783388
18140,6291.24
18141,4353.560635531135
18142,5272.509481792717
18143,4046.4890909090914
18144,4826.089
18145,3036.32
18146,3782.4234285714283
18147,5186.956428348997
18148,5109.460595827533
18149,5359.9849722222225
18150,3438.6481098901104
18151,6243.8258183874705
18152,6657.792014307955
18153,6748.636158267297
18154,4030.710177747546
18155,7625.129470899472
18156,7458.713357142858
18157,4233.445393258179
18158,5422.63697632931
18159,3818.4931126321067
18160,5218.288477117735
18161,2663.9466666666667
18162,5564.415871125178
18163,3635.5976522482897
18164,7512.995460317461
18165,5656.475
18166,6011.587953021604
18167,7075.439722222222
18168,5154.9163962865605
18169,5860.71
18170,14880.91
18171,7325.28689096423
18172,3579.438666666667
18173,1914.6246428571428
18174,4748.21346831041
18175,7803.78388888889
18176,5235.038635850233
18177,10600.92
18178,16588.38
18179,2764.475
18180,3675.6749396825394
18181,8109.5
18182,3278.14701010101
18183,6750.978443813131
18184,4969.609736842105
18185,5309.766853251324
18186,3050.75
18187,4992.57
18188,5212.6592318062985
18189,6535.997921240049
18190,5829.619441190053
18191,5117.19698404905
18192,4883.036439054671
18193,5750.241251397725
18194,3581.654673669468
18195,3739.9918823149737
18196,6204.29
18197,4458.527615853659
18198,4237.5405
18199,5223.720964899042
18200,5006.009292256058
18201,4448.0142690406565
18202,5527.859109844413
18203,5295.180359746083
18204,6984.306833333332
18205,7069.001365814241
18206,6093.757537629797
18207,5274.045274543464
18208,2973.7113840069023
18209,4741.211611027177
18210,5430.081805916305
18211,4215.502585051998
18212,3749.0744690561633
18213,6640.389949134199
18214,5147.764523809524
18215,9177.819518165252
18216,5806.228372655122
18217,4181.628589743589
18218,4268.024880738576
18219,4480.089
18220,7208.1
18221,4201.36
18222,7706.5225
18223,13004.473999999998
18224,5790.44731825366
18225,6490.291
18226,3809.66
18227,3876.956926146062
18228,5347.029681386897
18229,3169.631028966132
18230,4496.011583333333
18231,8452.396268819004
18232,4551.8698415089475
18233,11424.84
18234,11272.85
18235,4232.570157544982
18236,5055.377382014875
18237,5632.823453384318
18238,5912.338290180408
18239,4044.919910714286
18240,7279.509481323762
18241,5382.313636363637
18242,6530.43422107036
18243,4045.535625
18244,6000.735805131869
18245,4418.993710901073
18246,6577.53
18247,5099.931289872408
18248,4303.155681818182
18249,5414.688785922002
18250,4912.34
18251,5471.200979803421
18252,9137.7767186462
18253,4921.127413583544
18254,7223.148682539683
18255,5265.0296067499285
18256,6893.172170854189
18257,4072.933506059917
18258,4045.13
18259,4762.756968770866
18260,5683.405324583765
18261,5240.525305532379
18262,6273.398551178381
18263,5087.199999976821
18264,6116.842604110576
18265,4105.497211682406
18266,8702.605581824188
18267,5593.792150587397
18268,3093.643
18269,11033.255411764705
18270,15034.12
18271,5454.605714285714
18272,5207.710318909007
18273,6394.54
18274,7849.914000000001
18275,9150.53651451636
18276,4521.958665783372
18277,5890.544077685696
18278,4609.224160423132
18279,5847.458230366364
18280,3433.8550225691706
18281,4282.958606060605
18282,4446.398857952352
18283,4761.27920024079
18284,6006.149215018315
18285,4044.638487641117
18286,3096.6598646370376
18287,4777.446044063867
18288,3116.6636905167747
18289,3035.73
18290,4595.551260163229
18291,4357.278
18292,6306.437576886602
18293,6407.1793149818395
18294,5911.530847832921
18295,5011.126183732666
18296,5003.722017065998
18297,9421.136977606979
18298,5581.920208953799
18299,3782.7523061770853
18300,4097.483835647235
18301,7532.741741332615
18302,4277.084703747601
18303,5465.545531744374
18304,3137.9278782221886
18305,3774.1029224537033
18306,5262.202879746601
18307,5400.615799498747
18308,4733.393106429236
18309,6800.516218317406
18310,7780.299145806584
18311,10040.55
18312,5238.330634494353
18313,8309.983530377667
18314,2733.813666666667
18315,4180.848070727586
18316,4643.557424952651
18317,2973.84
18318,6883.485884108507
18319,3991.062388601972
18320,4480.784585727826
18321,6876.66673972387
18322,9139.20493268398
18323,7653.89
18324,4150.189368137521
18325,4931.90649776144
18326,9917.207186893116
18327,5833.97941869497
18328,4697.127580845737
18329,3975.9276874477855
18330,5389.922
18331,7123.027100877193
18332,3822.614499742751
18333,4894.6845933660925
18334,5288.449499904951
18335,6090.55984325498
18336,11238.736788175876
18337,4835.802218118798
18338,13372.723999999998
18339,5887.485201278561
18340,4284.026497795784
18341,2745.1348094770037
18342,4628.71952477486
18343,4985.262403764504
18344,3990.35331685964
18345,6252.9453752390145
18346,4645.051623513418
18347,3903.7917272727273
18348,5492.4437695041615
18349,2979.532611730116
18350,6794.251339381049
18351,5243.669833789878
18352,6062.8553548312975
18353,6222.179643703563
18354,3838.7035943223436
18355,7483.536214028473
18356,5822.290604831297
18357,3999.123551263409
18358,4769.177317922254
18359,3950.786369612267
18360,8298.484884615384
18361,4965.69291566983
18362,3483.5105358554492
18363,5701.184996887643
18364,6405.025634197602
18365,5297.2591184975745
18366,4308.139387937135
18367,6226.077995838669
18368,4398.428650875522
18369,5025.43
18370,4857.676358250754
18371,6891.443203463204
18372,4616.861980747835
18373,4716.596871405464
18374,5265.260476190476
18375,5027.995555555555
18376,3760.4023017785207
18377,4058.4300863858357
18378,7218.111666666668
18379,8459.36350076418
18380,8262.651666666667
18381,7918.3765812743
18382,6767.141666666667
18383,6840.784577527632
18384,4705.5865620843215
18385,8420.370518768588
18386,7508.313417695416
18387,5399.242150252524
18388,6683.604
18389,6511.57636415934
18390,4561.1875
18391,2988.5
18392,9067.206666666667
18393,4983.7833119501465
18394,5091.476083327988
18395,5481.59
18396,1773.32
18397,8242.031285769363
18398,5144.167811950147
18399,4605.458296272584
18400,4022.5768320438783
18401,4918.7039870107965
18402,5776.1201906850465
18403,5583.46
18404,5501.96
18405,4838.53261904762
18406,4016.0333333333338
18407,2873.07
18408,2438.815
18409,5253.149166666667
18410,14152.56
18411,4505.976166666667
18412,4707.093921449067
18413,4983.006833806368
18414,3949.5444184981684
18415,3967.54
18416,3853.2774792429786
18417,3242.7799401415577
18418,5251.922272727273
18419,5381.89529959901
18420,3145.663643939394
18421,6655.579583333334
18422,4018.5933333333337
18423,4337.993812770563
18424,8153.948952380952
18425,5934.93
18426,9601.854096638655
18427,3991.6073693693693
18428,5555.611532608696
18429,3527.358529411765
18430,4930.641772131085
18431,11738.994214285714
18432,7300.061388888888
18433,6028.859722222222
18434,3527.7112771190164
18435,3640.1964153846147
18436,4326.488620959595
18437,4518.234743589744
18438,9889.262897954331
18439,4160.63125263158
18440,4907.05
18441,5837.072409085086
18442,3570.353529411765
18443,5183.811
18444,5159.481666666667
18445,6863.5052380952375
18446,5082.570625
18447,3161.61693939394
18448,4528.866904761905
18449,5532.929381307309
18450,7068.56
18451,6861.400081341861
18452,5337.519244555172
18453,3260.7220198412706
18454,6200.560882082233
18455,4477.686411326555
18456,3917.4144711193467
18457,5760.168083853482
18458,6180.729592347787
18459,5094.0698230366015
18460,4673.354350476701
18461,4499.366420761919
18462,7030.218333333334
18463,4896.572919968331
18464,5262.63471305185
18465,5811.665540540541
18466,3785.235833333333
18467,8036.4015045110045
18468,4921.805
18469,3648.3303444784688
18470,8320.691704514596
18471,4996.544904811237
18472,3096.9832904886493
18473,6174.469599512468
18474,7303.71
18475,7463.0904043602595
18476,4338.007831770082
18477,5224.0511635272815
18478,5047.175945010156
18479,5585.230745844026
18480,4623.9639107040975
18481,5874.242893893895
18482,2626.513333333334
18483,4559.35987242024
18484,5015.126647369373
18485,3920.038
18486,3957.9063021284273
18487,5272.532960954007
18488,5331.616334033613
18489,4467.734530150424
18490,6191.501557119569
18491,4781.674506980941
18492,6355.317398359184
18493,4272.1775
18494,5133.887568920845
18495,4906.199992248407
18496,5629.644844946134
18497,6292.633747740907
18498,4384.011428571428
18499,6745.5
18500,6414.925
18501,5696.4789206349205
18502,3590.005333333333
18503,2945.5560042735037
18504,5701.4266364422965
18505,4675.651794584188
18506,6549.458515858485
18507,5261.4829411764695
18508,4325.213334757835
18509,6469.240860979269
18510,4975.642538739038
18511,4313.81
18512,6392.0113909279125
18513,4189.32
18514,6730.395020923522
18515,8440.61
18516,5910.342407407408
18517,3277.5493333333334
18518,4340.986736111111
18519,3516.94
18520,2496.9722836021506
18521,5962.914880952381
18522,4619.940666666667
18523,6877.589686353765
18524,3620.3925
18525,6107.4
18526,5406.582182912576
18527,8237.495203135088
18528,3559.3829287759545
18529,4464.674263188609
18530,4119.272511549932
18531,6309.538386534518
18532,4659.6379054553945
18533,6001.559376191331
18534,6899.626228910718
18535,8193.033988095236
18536,5613.785301596609
18537,5830.661669542299
18538,5332.722164043355
18539,3697.1366699550445
18540,4134.0236462857965
18541,7577.06733850492
18542,7080.859969849702
18543,7547.971643910464
18544,14145.93
18545,4614.217581623328
18546,4665.516867759476
18547,4747.119543220555
18548,6440.685699564984
18549,6512.358010892545
18550,4783.8327904456655
18551,5891.0706180052475
18552,5813.577397799935
18553,5895.08924634503
18554,4623.634834559285
18555,4192.28377997003
18556,3921.2535476190474
18557,3811.5766666666664
18558,3112.237254901961
18559,3852.8008901043904
18560,6466.453727865354
18561,12926.66134188034
18562,5037.737115489875
18563,3875.257002587992
18564,5211.6791031746025
18565,3098.4464380859254
18566,5697.408279856127
18567,3462.7245000000003
18568,7464.153564907425
18569,5490.669946522794
18570,6011.235814879201
18571,10953.802358272567
18572,10208.34
18573,5689.710271834654
18574,5918.431660749999
18575,3509.511268430568
18576,4805.771914983986
18577,4897.712901246644
18578,6968.544530968929
18579,3595.06
18580,3381.7877157082257
18581,4620.319010525149
18582,4716.328911727023
18583,6628.481348484849
18584,4949.981717944209
18585,3166.5880543924454
18586,5485.861634644637
18587,6107.966083333334
18588,5198.44
18589,2950.900683760684
18590,2888.198111111111
18591,6215.918274508416
18592,3534.82
18593,7584.4622605916675
18594,3553.4359999999997
18595,3942.91
18596,5216.14499918152
18597,8503.140545454547
18598,3743.75465704077
18599,8598.610545454547
18600,8485.95
18601,7624.990454545454
18602,6699.394712355212
18603,4842.474355597717
18604,3556.207396159396
18605,4577.408333333333
18606,5499.37
18607,3968.3347780410295
18608,4471.335365591398
18609,5703.149363781192
18610,9688.635729452893
18611,6271.8921286527875
18612,5586.828946480184
18613,6620.7875
18614,3254.97
18615,7204.060583299965
18616,4417.156666666666
18617,10307.811
18618,4671.926211745244
18619,4237.70011446772
18620,3088.2915225570428
18621,3342.0265270530117
18622,6632.4537494225715
18623,14022.861282195672
18624,3197.7150323269616
18625,4069.943333333333
18626,8313.980872109114
18627,5562.625101293841
18628,14398.363820944314
18629,6127.870432622486
18630,4602.907729020979
18631,5280.078727238558
18632,3864.544166666666
18633,7281.580272506614
18634,4364.097765993459
18635,5518.214976832768
18636,6130.147130322752
18637,4160.398782970553
18638,6353.299119982928
18639,4488.6681792108675
18640,3190.411560727125
18641,8224.988849207137
18642,8109.749765873803
18643,3405.152755508755
18644,5387.13089428761
18645,5055.598481481482
18646,4603.14946195679
18647,6435.585165251029
18648,5007.348028535039
18649,7599.111926605903
18650,3489.3063301517004
18651,3414.847860750361
18652,5930.21941925681
18653,2919.966321428572
18654,6331.508705277777
18655,3121.0322437405725
18656,4762.957284462588
18657,4007.227144994646
18658,4970.300004634802
18659,5493.2576784494695
18660,5450.833321660382
18661,5078.904107142856
18662,6487.420249999999
18663,4970.3920572634115
18664,6461.0249724221285
18665,5450.148513812402
18666,6039.968094239397
18667,7052.165015479484
18668,6560.723176811328
18669,2750.5613191945276
18670,4788.772858789601
18671,6506.3494357506725
18672,4278.543167910926
18673,8770.450744003298
18674,5084.734738126149
18675,5427.565061876685
18676,8570.06597547615
18677,5383.599765094798
18678,2804.3633529909885
18679,8589.974196961492
18680,9017.041286705082
18681,5125.995065446888
18682,6163.779023801651
18683,8546.761881223183
18684,5179.250175755768
18685,3949.7415379042686
18686,5096.515995494033
18687,4320.921092012472
18688,4355.303862869903
18689,5753.127563950726
18690,3889.2243062195835
18691,5528.261761933265
18692,5457.828520313782
18693,4831.741602806359
18694,5472.298855507889
18695,5564.125916320296
18696,5188.545716582941
18697,4886.647271721207
18698,6167.94806520897
18699,5214.122480855633
18700,6217.1019654681695
18701,5238.853585171266
18702,4610.6759031659885
18703,7249.414341236057
18704,4320.031451023487
18705,4308.462146041351
18706,4999.425872216116
18707,5626.003334305435
18708,5857.700123100954
18709,4153.928408925946
18710,3284.3114366783066
18711,6204.462835263937
18712,5739.15
18713,4481.228579354013
18714,5768.722330205006
18715,5569.271617475882
18716,4988.308939686516
18717,4465.128649561713
18718,3227.3633591608755
18719,4425.535658008658
18720,5271.975120068045
18721,4580.365522905223
18722,7670.91873170931
18723,6349.7184814769
18724,4067.630796767607
18725,7850.476185078116
18726,3114.0883533498168
18727,2686.6893087301582
18728,5777.617594583646
18729,8707.61
18730,6587.333110714993
18731,5371.7450087886255
18732,3296.8211058201064
18733,5403.607807961493
18734,6542.217575155369
18735,4149.695336422738
18736,5932.5632663806855
18737,4027.8196733898217
18738,4264.42829935378
18739,4431.874850433924
18740,4172.536568228524
18741,4439.728438025253
18742,3271.9477869119187
18743,3691.94997299163
18744,3183.8493375350135
18745,5422.973443560366
18746,5196.227418173631
18747,3716.6803201389503
18748,5200.064713193341
18749,5411.086818011701
18750,4435.960410615192
18751,5037.533571428572
18752,6383.0969625007865
18753,6464.544955675292
18754,5239.021421480935
18755,3222.338214285714
18756,10155.802298847804
18757,4906.075427730822
18758,3924.8622521645025
18759,7378.120539320079
18760,6297.2918452380945
18761,5432.905637009282
18762,5267.770421707179
18763,5328.132
18764,6443.33
18765,9759.993786895946
18766,3505.280166666666
18767,3327.5533333333337
18768,4167.888751464143
18769,5669.0484750045825
18770,4430.75
18771,6632.713063069473
18772,7163.18182034632
18773,4713.16870899471
18774,2989.3290439560437
18775,4975.654833333333
18776,8667.421264168499
18777,3465.837135198135
18778,5430.589188098684
18779,3607.287682539683
18780,5599.802579124325
18781,8125.186833333333
18782,5826.939635069453
18783,6707.996970213997
18784,5473.877158936941
18785,3417.6548483574447
18786,5521.731552211401
18787,5288.741056362475
18788,6351.320833333334
18789,5663.4751358809535
18790,5660.63298078283
18791,4548.397272727273
18792,3457.7522791074416
18793,7224.444382875685
18794,3812.573650793651
18795,9180.323676470587
18796,4684.94
18797,3202.2533333333336
18798,4935.56
18799,4934.790333333333
18800,5652.750942948881
18801,6106.766900676281
18802,3150.55
18803,3611.159772408964
18804,4969.2266666666665
18805,6049.106717948717
18806,8102.866920690764
18807,4036.0159999999996
18808,5130.935181713691
18809,4412.6950443505775
18810,4649.309015151515
18811,4301.560954761905
18812,7921.66
18813,6592.55
18814,9199.4725
18815,3236.38
18816,4129.06
18817,7463.83
18818,7979.81
18819,3673.25
18820,8697.19
18821,5704.46
18822,3737.1
18823,4308.86
18824,3362.7
18825,4865.16
18826,4208.83
18827,4047.37
18828,3607.19
18829,6637.11
18830,6367.02
18831,18477.36
18832,4994.02
18833,3324.5
18834,5320.46
18835,8609.38
18836,4175.488333333334
18837,4993.491666666666
18838,4301.302833333333
18839,8197.814285714287
18840,5714.257735685582
18841,3313.03
18842,4418.405
18843,5710.835
18844,5764.262119047618
18845,5215.106
18846,7022.91
18847,3558.63
18848,3302.67
18849,3780.42
18850,7191.94036111111
18851,7922.03
18852,6856.95
18853,5417.509333333333
18854,3285.45
18855,4734.82
18856,3472.04
18857,6077.343531746031
18858,6710.211904761904
18859,7847.196666666667
18860,3994.1625
18861,3551.83
18862,3902.76
18863,4656.116496503496
18864,8261.417777777777
18865,4949.6
18866,3385.58
18867,3496.94
18868,6155.3640000000005
18869,2967.48
18870,5566.085955404702
18871,2879.27
18872,5362.11
18873,5488.634233182479
18874,5166.83875
18875,5414.074038867079
18876,4924.64
18877,3993.67
18878,5290.51
18879,5558.25076923077
18880,7550.70076923077
18881,4704.91
18882,5899.749679089026
18883,6740.02551242236
18884,7436.55
18885,4562.760022741604
18886,6526.54
18887,3389.69
18888,4022.1551960784313
18889,4880.01
18890,5116.527666628394
18891,6852.336368646543
18892,5057.100543986978
18893,3931.32
18894,4934.85
18895,5498.75
18896,6626.21
18897,3290.75
18898,10985.382000000001
18899,3467.7733333333335
18900,5274.836627450981
18901,6507.8515217391305
18902,5038.75
18903,4265.47
18904,4638.760833333334
18905,5215.5580732157905
18906,3919.9567156432167
18907,3805.301745666341
18908,6504.62
18909,6630.464923226146
18910,5038.194375
18911,3502.022651515151
18912,5529.553728070176
18913,8361.74407732979
18914,6071.4769230769225
18915,5357.308853457172
18916,4850.003177181825
18917,5129.972282982046
18918,5277.099756623108
18919,5989.381005966946
18920,2997.2625
18921,5653.079153958663
18922,5339.657630496138
18923,4947.07
18924,7387.135863095238
18925,3590.728888888889
18926,4194.003039846332
18927,3520.9677587851434
18928,5648.1380755167465
18929,7867.602642857144
18930,4118.94
18931,3357.7866666666664
18932,5310.4286839005645
18933,4005.9675437993374
18934,4477.436047619048
18935,7239.800114922836
18936,5218.710807409781
18937,5745.455218594297
18938,4058.06225265148
18939,3880.8586522451496
18940,4287.975572515528
18941,6962.394791474063
18942,5572.261776745057
18943,5733.901576892814
18944,5837.074076710477
18945,4540.871626984127
18946,7238.132731068904
18947,4187.650005300725
18948,5318.4615721493665
18949,6213.622520788574
18950,4996.753543794305
18951,7490.2189750478965
18952,6370.596909575225
18953,4708.845161616162
18954,4493.08617960477
18955,5571.908076698014
18956,5092.587357355613
18957,4536.682259111258
18958,3477.0028205128206
18959,4414.358746082349
18960,6015.351315323566
18961,4259.64
18962,3936.86
18963,6148.3537308802315
18964,5463.747071428571
18965,5388.575
18966,4133.433
18967,3899.7906716300945
18968,4940.86364534823
18969,5275.639868421053
18970,5302.976500000001
18971,4290.448172070983
18972,4238.155
18973,4919.9105316570085
18974,2535.5185714285717
18975,4823.542759101463
18976,3227.599
18977,6549.642
18978,5713.03
18979,5091.39
18980,6128.651207729988
18981,4373.03
18982,3969.8524446787833
18983,7877.567859921143
18984,5048.77
18985,5389.072455769132
18986,6076.0
18987,3955.4725
18988,4858.899236415362
18989,4999.5675
18990,5508.508965643829
18991,8335.287
18992,6262.690834995535
18993,2402.916
18994,4280.811535353536
18995,6074.9370465643715
18996,6271.378461538461
18997,4123.71107142857
18998,5498.070877397114
18999,3652.9543479689264
19000,4260.78215909091
19001,2841.74
19002,3758.045714285714
19003,5012.274182324575
19004,5018.35973875594
19005,5038.503805555556
19006,4035.323061188811
19007,6064.154729907797
19008,6171.769157757464
19009,6314.608368850079
19010,3400.523255852112
19011,7074.132756613759
19012,7147.749958333332
19013,4064.458436806845
19014,6176.652384113064
19015,3344.385717227737
19016,4956.444307968954
19017,2448.620833333333
19018,5503.841094600557
19019,3481.6912777061643
19020,7203.536571428571
19021,5517.076666666668
19022,5920.330561046187
19023,7026.448222222222
19024,4950.607523719952
19025,5913.06
19026,14716.852222222222
19027,7259.936008244416
19028,3584.311333333333
19029,2203.0381666666667
19030,4477.680275340208
19031,7300.138099415204
19032,4936.871598118265
19033,10990.02
19034,16143.09
19035,2934.810222222222
19036,3739.828225396825
19037,5837.52
19038,3870.1996237373737
19039,6192.094054924242
19040,4448.343005199048
19041,5048.914807915593
19042,3037.7
19043,5720.231363636363
19044,5164.258583595086
19045,6178.318016694597
19046,5951.856992484948
19047,5011.76047566238
19048,4723.664992775576
19049,5702.996255087505
19050,3721.3170977698774
19051,3650.7895929376846
19052,5994.54
19053,3914.5861893939395
19054,4003.7125
19055,5397.506356531928
19056,4851.157473858658
19057,4773.895671879046
19058,5250.776959051998
19059,5108.460830568324
19060,6708.507150793651
19061,7549.209910485752
19062,5765.996952348412
19063,5502.460218072158
19064,2663.381616680592
19065,4775.598831226059
19066,5080.884132228882
19067,3953.066258381073
19068,3888.884260270241
19069,6520.988103896104
19070,4894.23297985348
19071,9045.373634440448
19072,5045.334269127323
19073,3757.829285714286
19074,3929.548134274691
19075,4459.525666666666
19076,6221.34875
19077,3792.61
19078,7660.255820512821
19079,11315.244499999999
19080,5547.273133029238
19081,4799.037571428572
19082,3221.2025
19083,3724.457010577506
19084,5390.640826710174
19085,3153.1171274509807
19086,4321.5181111111115
19087,7795.844463263447
19088,4333.404218685344
19089,11052.9
19090,10032.59
19091,4077.2218347190565
19092,5178.655063333556
19093,5318.051281223145
19094,5952.581956277752
19095,3900.795625
19096,7626.055770679286
19097,4955.621805194805
19098,6157.885721326777
19099,3823.618958333333
19100,5958.7683686133205
19101,4199.644615388736
19102,7157.65
19103,4644.7056212121215
19104,4310.954407308378
19105,5224.4076777984665
19106,4873.41
19107,5393.104421978499
19108,8221.474387621505
19109,4819.3293062458115
19110,7412.601522714832
19111,5009.8021319516865
19112,6668.015676797406
19113,4209.998774967479
19114,3829.64
19115,4585.416505822697
19116,5566.672525078951
19117,5014.249520478066
19118,5276.721845788554
19119,4995.706103811399
19120,5972.657826200368
19121,3966.9249929055372
19122,8581.784989638594
19123,5141.539644817024
19124,2709.5798333333328
19125,11535.114
19126,13097.73
19127,4994.005261904762
19128,4994.61580440378
19129,6568.86
19130,7617.974
19131,8390.796532967033
19132,4400.526662734488
19133,5788.964204669823
19134,4362.039796056708
19135,5564.8620077264295
19136,3604.2744783633757
19137,4137.007512543132
19138,4389.170478243189
19139,4421.707548725638
19140,5946.90108947719
19141,4087.4679203931273
19142,3021.66842263102
19143,4562.895825317269
19144,3091.765954615927
19145,3515.28
19146,4355.463794663384
19147,4990.665555555555
19148,6026.7413374262605
19149,6044.2988817732385
19150,5732.363599526525
19151,4759.072347939076
19152,4777.277347939076
19153,8856.082525495523
19154,5572.719179982262
19155,3740.4940680818477
19156,4112.568379426514
19157,6836.675027546756
19158,4377.729084407155
19159,5271.541464755084
19160,2906.9813561331894
19161,3764.4230176917995
19162,5363.59059862108
19163,4971.128496468445
19164,4214.8790744129665
19165,6452.991281365968
19166,6530.809242727704
19167,9689.336132867133
19168,4957.787381246247
19169,7785.424260536399
19170,2491.952596736597
19171,4081.2095097065317
19172,4499.534807214488
19173,2689.755
19174,6558.594695206462
19175,3727.7664813600913
19176,4589.577053082024
19177,6730.82905419128
19178,8373.044400505267
19179,6720.920749999999
19180,3799.173325296485
19181,4891.445383475726
19182,10941.81733049759
19183,5746.525888832157
19184,4684.909553102713
19185,4005.2500190332557
19186,5167.975095238095
19187,6542.3774112481715
19188,3978.1493900166083
19189,4947.5728129428135
19190,5167.361235046675
19191,5931.911314444648
19192,10244.1515
19193,4549.8925054155125
19194,13159.038607843137
19195,5206.088008860128
19196,4030.597749996161
19197,2378.689010081223
19198,4674.810911043003
19199,4644.168618020593
19200,3853.0480486033503
19201,5966.93083874054
19202,4690.8984653438465
19203,3333.3269824561407
19204,5334.259654181666
19205,3266.74344059774
19206,6986.602106351022
19207,5070.703750725445
19208,5932.719628455713
19209,5991.064056780007
19210,3475.465920955003
19211,7320.309722629521
19212,5979.178937979524
19213,3906.575907523475
19214,4733.97978397424
19215,4770.453744646438
19216,7785.401819139192
19217,4841.562920174841
19218,3522.7825975690976
19219,5728.631579736576
19220,6099.478192106633
19221,5028.382934270048
19222,4256.8499228396495
19223,6615.585815903884
19224,4403.306747154047
19225,4588.34
19226,4827.518963794624
19227,6456.876512605043
19228,4111.917734171921
19229,4350.05279358601
19230,4719.127941176471
19231,4877.05794117647
19232,4023.8814782252616
19233,3476.7260334051703
19234,6468.96
19235,7969.29400311675
19236,8310.57
19237,7829.121640401528
19238,6902.4856666666665
19239,6914.407074382978
19240,4588.924160470009
19241,8805.528223106217
19242,7450.649155641192
19243,5098.669661250513
19244,6304.394
19245,6319.583208854623
19246,4338.6325
19247,2853.02
19248,8897.426666666666
19249,4718.228757044673
19250,4976.2387859245755
19251,5360.51
19252,1931.64
19253,7943.220868880029
19254,4730.427979266896
19255,3856.9566429183365
19256,4111.705128747175
19257,4613.741756816722
19258,5370.207406427536
19259,5546.94
19260,5168.59
19261,4890.062777777777
19262,3748.596583333334
19263,3393.2725
19264,2407.81
19265,4982.8035
19266,14036.74
19267,4308.506864864865
19268,4191.79085415855
19269,5063.7871191832455
19270,3871.774644688645
19271,3831.4
19272,3597.884727030175
19273,2897.201183760684
19274,5322.177772727274
19275,5060.403098905271
19276,3145.4171872294373
19277,6789.370404761904
19278,3959.686142857143
19279,4176.651689247436
19280,8057.068952380952
19281,5773.58
19282,9405.67831092437
19283,3921.667888147771
19284,4925.70194257703
19285,3458.9451960784313
19286,4866.797229211542
19287,12649.737714285713
19288,7824.490100298351
19289,5850.781014301016
19290,3375.5249748102137
19291,3572.818292063491
19292,4354.81931468254
19293,3587.983081580279
19294,8064.822869178347
19295,4045.654174358974
19296,4507.99
19297,5442.83169925584
19298,3541.094756684492
19299,4797.735166666666
19300,4761.488
19301,5960.314285714287
19302,4827.4151249999995
19303,3019.213939393939
19304,4433.436071428572
19305,5345.097570063776
19306,6764.34
19307,6168.613302037831
19308,5194.309945087446
19309,3398.781365495616
19310,6013.790987017345
19311,4375.397619733013
19312,4215.996863116238
19313,5518.989359755346
19314,5493.980063942978
19315,5029.629164721249
19316,3990.5254523285525
19317,4478.226847522293
19318,6957.491041666666
19319,4551.147873758247
19320,5183.366267623896
19321,5907.780540540541
19322,3658.3548333333333
19323,7483.09278535885
19324,4808.653636363637
19325,3610.0171262245
19326,8265.753982109858
19327,4530.62245682314
19328,2895.6637138027277
19329,5471.332770635464
19330,6735.430833333334
19331,7410.628130550736
19332,4176.063167267917
19333,4761.901353497718
19334,4999.190278824491
19335,5937.360629684728
19336,4474.5596277174445
19337,5759.5484115480585
19338,2722.6133333333337
19339,4389.082168447902
19340,4964.660236350806
19341,3814.691333333333
19342,3465.0513625541125
19343,5319.40445377224
19344,5300.253427441152
19345,4314.55627027212
19346,6171.7825214052855
19347,4573.7315075918295
19348,6339.06656690096
19349,4096.9675
19350,5119.842886172307
19351,4969.268807411314
19352,5443.271214593554
19353,6174.699478593388
19354,2542.7170833333334
19355,6711.72
19356,6304.703
19357,5115.346361938715
19358,3676.115
19359,3057.021448717949
19360,5406.427649459502
19361,4579.219673258146
19362,6338.185280102104
19363,5267.326666666666
19364,4167.073168091168
19365,5921.757066303213
19366,4682.939305555556
19367,4019.1975
19368,6262.402958388229
19369,3706.729598506069
19370,6614.071475260119
19371,7950.3
19372,5995.274907407408
19373,3202.1679999999997
19374,4046.070625
19375,3150.5528571428567
19376,2543.6500942998437
19377,5715.149405032466
19378,4121.253578214578
19379,6327.14763612814
19380,3402.2525
19381,6283.553000000001
19382,5049.469772774326
19383,8291.806180849277
19384,3537.441373442636
19385,4462.407963796909
19386,3677.1066048249445
19387,6175.4641422004215
19388,4378.1958291038645
19389,5924.6667628077375
19390,6865.086346732436
19391,8093.609172572596
19392,5384.526582910892
19393,5513.503498907572
19394,5109.135781817834
19395,3528.0798195636057
19396,3755.9615667060907
19397,7597.0834291479005
19398,6780.441005745895
19399,7746.624977243798
19400,13805.89
19401,4177.698756194903
19402,3866.2897284958253
19403,4364.071729885085
19404,6368.14647536601
19405,6488.891465265
19406,4628.9333737789975
19407,5613.841799840479
19408,5568.387668407506
19409,5812.2987303193895
19410,4623.192366653538
19411,3966.0643369667373
19412,3902.1498273809534
19413,3792.695722222222
19414,3103.748404761905
19415,3442.325688678119
19416,5827.358209981039
19417,12543.797939282937
19418,5066.987153846153
19419,3735.3415536338225
19420,5321.376162665905
19421,2809.5463096709586
19422,5707.141077584299
19423,3111.1041764705883
19424,7368.783031803834
19425,5416.982029965251
19426,5949.629189261194
19427,10935.436906275638
19428,10584.3
19429,5177.01789352476
19430,5742.394478210315
19431,3091.9209296123336
19432,4950.956071160809
19433,4779.558414084597
19434,6643.334609823963
19435,3947.43
19436,3354.7711712501496
19437,4646.456256386988
19438,4214.4237741397965
19439,6609.797683518862
19440,4645.25516375685
19441,3140.144976190475
19442,5384.306430227037
19443,5501.638845238096
19444,4956.025
19445,2975.813668831169
19446,2904.139007936508
19447,5705.423355709162
19448,3783.245307692308
19449,7622.513164804198
19450,2883.5
19451,3476.884
19452,5066.096493026902
19453,4934.754545454546
19454,3712.0360451585047
19455,5180.833656565656
19456,5397.081111111112
19457,7433.150311688311
19458,6812.777172062172
19459,4624.788296827081
19460,3212.41296031746
19461,4457.373555555556
19462,5857.985
19463,3750.6423834044654
19464,4337.370213397187
19465,5684.35687873229
19466,9879.696632544334
19467,6194.104820577791
19468,5573.410186780162
19469,6624.3935
19470,3200.47
19471,7066.742615602046
19472,4192.9825
19473,9745.155999999999
19474,4290.47155550245
19475,4044.192229759775
19476,3364.7442403015075
19477,3161.41902517156
19478,6266.093382891379
19479,14547.11262539307
19480,3410.638140669172
19481,3796.7545051353877
19482,7407.386618000527
19483,5309.11438944612
19484,13253.595293643995
19485,5738.220344113183
19486,4571.985275197025
19487,5010.159585975024
19488,3666.6491111111113
19489,7311.6010747740675
19490,4238.959385302818
19491,5481.246103441767
19492,6134.982029938657
19493,3998.3284123180097
19494,6378.563513922321
19495,4395.145610740517
19496,3147.3323647782886
19497,7746.017718904313
19498,7661.183635570979
19499,3443.677511117968
19500,4946.055934109179
19501,4647.937524883172
19502,4446.668418424893
19503,6510.216708266305
19504,4928.651596574958
19505,7337.966408221575
19506,3468.0804642953344
19507,3218.4623426382045
19508,5968.605612096082
19509,2560.041697368421
19510,6235.62134165252
19511,3467.372955116234
19512,4482.146483569037
19513,3979.8548123828136
19514,4663.761741835197
19515,5376.896602000334
19516,5415.735295909213
19517,4731.923583333333
19518,5978.35125
19519,4661.62525567611
19520,6361.1049364139335
19521,5563.534155201214
19522,6284.588704797736
19523,7016.980567912036
19524,6674.341549146617
19525,2880.8031459765743
19526,4655.3295396154945
19527,6536.423651867426
19528,4717.780571454475
19529,8585.735795528835
19530,4552.304290440841
19531,5073.1575142576385
19532,7936.39064676903
19533,5036.585662878396
19534,2867.6903005018107
19535,8598.69074777766
19536,8990.955050066503
19537,4637.932344414559
19538,6043.253407545231
19539,7596.275287589578
19540,4646.807759232011
19541,4089.404625589567
19542,5072.799016026448
19543,4383.81340838964
19544,4477.989558604274
19545,5645.249873474536
19546,3819.7721318852373
19547,5456.937678720739
19548,5303.06755937179
19549,4782.814992145448
19550,5333.924300983009
19551,5442.697450283882
19552,5098.070399803233
19553,4416.768620927557
19554,6201.069159015892
19555,5102.381172043189
19556,6100.3489681136725
19557,5372.824175866612
19558,4558.8895051195905
19559,6931.993972209076
19560,4001.4437249665625
19561,4114.920594691403
19562,4801.659791024565
19563,5535.914136250101
19564,5590.091858365693
19565,4427.8383767946
19566,3077.124766794087
19567,7252.973469716555
19568,5809.7
19569,4369.222396265808
19570,5584.195286965445
19571,5429.043530927368
19572,5589.477429828496
19573,4217.611567907552
19574,2948.7738648697623
19575,4584.6603799533805
19576,5128.349517111976
19577,4283.643874720074
19578,7371.1728866515905
19579,6749.812157635925
19580,4023.0664015196094
19581,6127.515699980727
19582,3017.907170935775
19583,2736.7104999999997
19584,5611.877283658599
19585,10746.24388888889
19586,5775.7923542853705
19587,5507.80589857939
19588,3329.801772486773
19589,5318.198447741787
19590,6467.377146997851
19591,4187.821447533849
19592,5436.180445822578
19593,4219.449594024741
19594,4127.9708719028
19595,4187.9158208623185
19596,3755.7822333767417
19597,4254.5716923330365
19598,3164.777156747799
19599,3481.432966517987
19600,3156.539421656859
19601,5406.014943560366
19602,5182.729631313132
19603,3964.1669368795874
19604,5064.6482042271455
19605,5477.455008394029
19606,4262.492805250611
19607,5000.771904761905
19608,6089.850255178262
19609,6453.615304357206
19610,4743.674467502706
19611,3191.330448275862
19612,9606.450207252814
19613,4693.292990606242
19614,3510.3122016594516
19615,7306.984539320078
19616,6646.375192807193
19617,5233.174062144532
19618,5060.47899313575
19619,5426.0419999999995
19620,6703.7400659340665
19621,9669.273074138266
19622,3333.9793333333337
19623,3280.266666666667
19624,3590.8477906798294
19625,5251.608264128567
19626,4351.29375
19627,7188.308799787569
19628,6602.224286647992
19629,4753.735357142858
19630,2991.838984432235
19631,5041.420508971703
19632,8639.902829247865
19633,3553.5792518518515
19634,5257.094757706527
19635,3198.6524444444444
19636,5388.750305559002
19637,6231.601594987468
19638,5699.334539215762
19639,6648.46783150183
19640,5272.143964413428
19641,3438.324848357445
19642,5752.599885544734
19643,5653.335866817339
19644,6228.276956293706
19645,5761.55817011496
19646,5530.5829807828295
19647,4263.007272727273
19648,3391.1972581513273
19649,7187.2399661412755
19650,3492.4393888888885
19651,8764.175333333333
19652,4761.93
19653,3380.933333333334
19654,4834.54
19655,4802.178723961573
19656,5838.596308211169
19657,6052.15908255351
19658,2957.48
19659,3332.3577499999997
19660,4915.8835714285715
19661,5873.279301282051
19662,8121.311838368925
19663,3785.526
19664,4803.533748410882
19665,4249.619774509308
19666,4162.617863247863
19667,4156.850113399779
19668,7683.33
19669,7261.47
19670,9758.09
19671,3542.51
19672,4158.95
19673,7097.73
19674,7931.97
19675,3569.07
19676,8482.72
19677,5530.52
19678,3337.22
19679,4181.21
19680,3247.03
19681,4651.9
19682,4280.7
19683,3780.8
19684,3601.41
19685,6079.38
19686,6567.58
19687,17518.41
19688,4237.48
19689,3360.94
19690,5479.17
19691,9915.51
19692,4214.422119047619
19693,5197.411666666667
19694,4526.5429523809535
19695,7548.415926523298
19696,5672.243410288756
19697,3263.86
19698,4409.659833333333
19699,5175.115833333333
19700,5978.342119047618
19701,5443.20625
19702,7143.51
19703,3398.26
19704,3534.03
19705,3696.71
19706,6495.000555555555
19707,8071.78
19708,7151.56
19709,5318.863333333333
19710,3741.53
19711,4598.66
19712,3467.72
19713,6126.293690476189
19714,7034.736666666667
19715,7433.733333333333
19716,3861.0625
19717,3493.83
19718,4347.09
19719,4697.255727272727
19720,7581.166666666666
19721,4749.16
19722,3256.71
19723,3595.34
19724,6023.98
19725,3080.08
19726,5598.042565873181
19727,2663.25
19728,5179.08
19729,5472.37675634937
19730,5018.8475
19731,5741.491296160954
19732,4887.743571428571
19733,3875.916666666666
19734,5519.7
19735,4915.67
19736,7714.9175
19737,4675.89
19738,6024.955512422361
19739,6575.641562842528
19740,7518.793333333334
19741,4778.651830233528
19742,6634.38
19743,3448.09
19744,4370.53880952381
19745,4442.87
19746,5362.299079507182
19747,6880.974021604696
19748,5085.107838768988
19749,4009.38
19750,4842.39
19751,5349.54
19752,6508.66
19753,3013.76
19754,9845.006416666665
19755,3321.3
19756,5223.1913503947035
19757,6104.667632850241
19758,5165.54
19759,4028.59
19760,4546.312166666667
19761,5270.898939578997
19762,3885.2704667254675
19763,4075.517019191061
19764,6964.96
19765,6094.784505672938
19766,4823.519375
19767,3529.903303689064
19768,5769.361549019609
19769,8676.126339234552
19770,6316.798721927497
19771,5612.671520123839
19772,4910.374859721507
19773,5260.477247267759
19774,5158.9173597977115
19775,5980.680549545589
19776,2862.87625
19777,5715.925249998004
19778,5545.468986111111
19779,5101.0
19780,7718.925863095238
19781,3679.8625245098037
19782,4010.082187067835
19783,3388.24580657069
19784,5768.959135461462
19785,7205.237916666668
19786,4065.0
19787,3410.4966666666664
19788,5181.889723583103
19789,4052.052654451403
19790,4546.529619047619
19791,7219.992020512344
19792,5607.544090400889
19793,5409.523968696047
19794,4215.4431439160135
19795,3707.4869634263746
19796,4249.393541539805
19797,7144.893296037297
19798,6000.885146230858
19799,5744.516031477916
19800,5786.926319895868
19801,4605.296452991453
19802,6770.971821252285
19803,4101.155652816884
19804,5245.299701170586
19805,6266.658876527963
19806,4694.008543794305
19807,7479.703284583001
19808,6102.775032991382
19809,4834.487956937799
19810,4511.067203894225
19811,5563.60387066883
19812,5096.63494822071
19813,4525.607187682687
19814,3630.0811201298698
19815,4400.61228926629
19816,5784.406637473638
19817,4301.03
19818,3648.637
19819,6414.91096031746
19820,5676.055365546217
19821,5255.205
19822,4281.124666666667
19823,3867.358931818182
19824,5220.763680465492
19825,5322.559868421053
19826,5414.717547619047
19827,4190.868503967844
19828,4266.318333333334
19829,4896.787880058023
19830,2738.09
19831,6650.203952384805
19832,3299.889
19833,6509.075
19834,5771.251666666667
19835,5179.936
19836,6155.996187679862
19837,4042.693333333333
19838,3941.1522627472395
19839,7860.984526587809
19840,4872.383333333333
19841,5577.996971008542
19842,6045.62
19843,3916.83375
19844,5056.042549356392
19845,5061.3341666666665
19846,5573.257299616121
19847,8283.173333333334
19848,6514.887820473936
19849,2238.59
19850,4047.493
19851,6172.016571209134
19852,6362.07
19853,4145.2152380952375
19854,5534.9662162249515
19855,3586.7493479689256
19856,4634.002866666667
19857,2740.4154285714285
19858,3723.4004
19859,4725.451010219232
19860,5146.466016320896
19861,5367.662055555556
19862,4241.92498437347
19863,6099.313168853679
19864,6095.326222548261
19865,5917.919024203155
19866,3359.3713959505762
19867,7087.59565954416
19868,6983.353005952381
19869,4190.656717171966
19870,6555.541179678181
19871,3347.0622967201407
19872,4864.332321372217
19873,2509.779393939394
19874,5532.209952148273
19875,3474.182571428572
19876,6798.429904761906
19877,5554.129
19878,5910.913651233777
19879,7404.112222222222
19880,4331.686039790613
19881,5563.42
19882,15231.062222222223
19883,7103.0538394078785
19884,3573.4992857142856
19885,2215.1935
19886,4368.094959115528
19887,7104.026398026315
19888,5007.893629968434
19889,10899.67
19890,16893.52
19891,2847.1102222222216
19892,3621.1548444444447
19893,5772.85
19894,3329.442398989899
19895,6243.177534722223
19896,4485.784140119685
19897,5165.543837843998
19898,3100.84
19899,5660.904696969697
19900,5090.966973205475
19901,6380.340504212632
19902,5821.635286857244
19903,4998.09636618852
19904,4584.137308193553
19905,5847.117334859586
19906,3792.7222693385042
19907,3719.772112418205
19908,6071.55
19909,4422.720472996516
19910,3837.275
19911,5364.943071797856
19912,5110.581757150082
19913,4520.362529021903
19914,5350.406813938658
19915,5230.1246397313835
19916,6579.826428571429
19917,7662.6055096921
19918,5809.474764375274
19919,5451.013966823407
19920,2539.733447096092
19921,4953.018379190173
19922,5217.474786990786
19923,3971.6673997119638
19924,3878.572561776849
19925,6613.60169047619
19926,4906.4421108058605
19927,8423.270345271043
19928,5159.715294579211
19929,3862.4909230769235
19930,4076.881145831785
19931,4499.493583333333
19932,7050.06375
19933,3732.46
19934,7359.605333333333
19935,12717.998695652173
19936,5506.375212001735
19937,4714.154166666667
19938,3199.265
19939,3582.001910063478
19940,4967.4414071852525
19941,2892.941068181818
19942,4389.2470277777775
19943,7821.832709295193
19944,4290.917154039286
19945,11227.43
19946,10016.34
19947,4066.35207230263
19948,5072.720275454769
19949,5063.974043127908
19950,6022.359550772843
19951,3914.3067361111107
19952,7514.514770679287
19953,4872.257944805196
19954,6196.101511455549
19955,3898.185625
19956,5800.030744920019
19957,4290.342413007784
19958,7578.16
19959,4295.076732323232
19960,4297.632348484849
19961,5215.056614598382
19962,4813.43
19963,5413.91527601069
19964,9174.73108725993
19965,4865.617869640173
19966,7381.285251930062
19967,4976.570961303494
19968,6758.490060801596
19969,4430.320236749234
19970,3784.96
19971,4536.422062028385
19972,5557.688517069479
19973,4950.694337709446
19974,5356.523808505424
19975,4938.390623423732
19976,5870.7771850829295
19977,3974.3996006748102
19978,9264.014466585108
19979,5202.483655940684
19980,2618.958333333333
19981,10984.935
19982,13095.63
19983,5247.546428571427
19984,5112.1113807926695
19985,6765.91
19986,7844.174
19987,8828.849402322998
19988,4648.0957283596845
19989,5891.441315780933
19990,4335.287423572338
19991,5652.593588933236
19992,3251.8153519790394
19993,4278.943695625095
19994,4293.030888039578
19995,4417.802455204216
19996,6052.367085148186
19997,4166.800248824499
19998,3068.6587305682833
19999,4521.529348675855
20000,3136.1270471861476
20001,3604.15
20002,4438.531417811069
20003,4313.563253968254
20004,6061.66810200931
20005,6029.675921492658
20006,5915.941304895716
20007,4769.66063045683
20008,4777.351047123498
20009,8984.553167894788
20010,5478.62572555073
20011,3620.881135236915
20012,4028.249805743253
20013,6586.507762343361
20014,3892.60014529674
20015,5239.369361580481
20016,2925.388393651227
20017,3618.8789502314817
20018,5265.288027345134
20019,5255.033234563682
20020,4233.923582959975
20021,6670.863856762794
20022,6670.707353838816
20023,9706.53119047619
20024,5280.391759674729
20025,7893.943784345923
20026,2384.7319123931625
20027,4029.811653800808
20028,4481.047067268539
20029,2719.7375
20030,6549.778631419242
20031,3804.070855542733
20032,4551.516096164221
20033,6669.294535683679
20034,8734.43665623144
20035,6556.586666666666
20036,3879.4871766395386
20037,4974.884798241665
20038,11033.196590068084
20039,5616.449714961508
20040,4680.010060083628
20041,3954.560147022279
20042,4878.77
20043,6852.392241648035
20044,3782.2568914961766
20045,4971.145290576291
20046,5322.594566929249
20047,5814.178005486068
20048,10979.375252993223
20049,4432.591259994267
20050,12622.904501253133
20051,5155.835307505448
20052,3925.3515323788115
20053,2547.1366840117403
20054,4708.9376677605715
20055,4540.287633065295
20056,3862.9474460653664
20057,5827.6116082659855
20058,4593.34183835972
20059,3168.1047083333333
20060,5156.6218594615375
20061,3556.1349855542667
20062,7302.520627510793
20063,4966.711926826979
20064,6125.440146292253
20065,6053.216334557785
20066,3389.5603515935304
20067,7231.079543972093
20068,5988.4354320065395
20069,3896.2829716521574
20070,4713.085533974239
20071,4016.455334387281
20072,7596.1099010989
20073,4888.703883137804
20074,3533.187383383739
20075,5614.664187363835
20076,6023.790692801809
20077,5063.842310692977
20078,4469.436284168071
20079,6527.211338313892
20080,4604.46210887802
20081,4835.88
20082,4864.41813046129
20083,6345.466512605042
20084,4461.1371009343575
20085,4505.07827610417
20086,4168.9879411764705
20087,4133.97794117647
20088,4070.6911448919286
20089,3460.1086266200105
20090,6370.99
20091,8202.277672046783
20092,8409.71
20093,8027.985687209928
20094,6851.987333333334
20095,7227.139669621072
20096,4531.728017612865
20097,8934.4865553573
20098,7621.984321465256
20099,4928.612839953174
20100,6136.64
20101,6755.796557204239
20102,4278.9383333333335
20103,3264.49
20104,9143.646666666666
20105,4622.009275984066
20106,4945.878756238789
20107,5278.35
20108,1849.82
20109,8034.865689570381
20110,5008.861149776238
20111,3893.603091205457
20112,4029.5151956247414
20113,4632.715986849875
20114,5986.681383898945
20115,5107.85
20116,4998.87
20117,5444.4375
20118,3627.560988095238
20119,2765.65
20120,2633.03
20121,5208.661833333334
20122,14108.33
20123,4476.254531531532
20124,4201.989143233511
20125,4960.788347594061
20126,3952.381394688645
20127,4092.5
20128,3561.2323985988014
20129,2969.293769478887
20130,5340.320166666666
20131,5090.165273203195
20132,3167.6209408924415
20133,6697.499583333332
20134,3756.8424761904766
20135,4518.061321171582
20136,8590.547841269841
20137,5660.93
20138,9432.093318860878
20139,3915.1686119465326
20140,5351.686756069094
20141,3408.1426960784315
20142,4268.838862771219
20143,12088.877686935377
20144,7824.529266965018
20145,5460.052111323155
20146,3586.8145229362626
20147,3678.9167104718804
20148,4379.9606642001245
20149,3516.262856262081
20150,8711.947881675564
20151,4186.847807692308
20152,4670.77
20153,5414.824351281299
20154,3244.1525294117646
20155,4989.629333333333
20156,5143.359153846153
20157,6080.494285714286
20158,4706.179124999999
20159,2924.0061616161615
20160,4401.197675324675
20161,5275.507793517807
20162,6539.185
20163,6237.87033073136
20164,5266.681040534591
20165,3484.0133893051393
20166,6063.4693203506795
20167,4307.214996536764
20168,3926.345869565709
20169,5546.320573738476
20170,5605.5432620470765
20171,5023.731613630577
20172,4031.4249904733792
20173,4569.132028341473
20174,7123.827708333334
20175,4560.356665759812
20176,5299.28846000356
20177,5303.137207207207
20178,3724.4071190476197
20179,7567.4442432343085
20180,4604.6336363636365
20181,3525.5681153162905
20182,8350.389532226407
20183,4750.635644748093
20184,2798.495569460142
20185,6467.365875829289
20186,6773.765833333334
20187,7565.831948621552
20188,4306.358188912939
20189,5053.164139450569
20190,5007.899286688848
20191,5815.3709347181175
20192,4620.167187923444
20193,5701.198969046117
20194,2631.165
20195,4265.946724003457
20196,4910.998118649666
20197,4005.3633333333332
20198,3566.0406996475754
20199,5322.657954192673
20200,5045.38687815126
20201,4501.603617239257
20202,6295.723534392297
20203,4518.982840925163
20204,6413.2053041631825
20205,4165.71
20206,5274.799558069855
20207,4806.082492248407
20208,5489.770294394696
20209,5786.208326384486
20210,2645.4222222222224
20211,6709.29
20212,6505.468000000001
20213,5279.2544364336645
20214,3614.138417582418
20215,3269.2121709401713
20216,5451.315172869668
20217,4657.698514455837
20218,6224.193060783327
20219,5162.618582202111
20220,4304.898992488993
20221,5844.132080798612
20222,4819.821591750842
20223,3827.4
20224,6240.1806996163
20225,3711.6477012012015
20226,6708.945967418546
20227,7782.55
20228,5916.549669312169
20229,3495.812583333333
20230,4163.431180555555
20231,3339.1736363636364
20232,2512.7931808383046
20233,5743.921031712804
20234,4340.212951230451
20235,6865.512510964993
20236,3292.1325
20237,5830.513000000001
20238,5364.3947464830635
20239,7321.622174484523
20240,3612.1453444904673
20241,4402.952126495321
20242,3735.3851527081188
20243,6532.666212121213
20244,4488.083674268567
20245,5329.1922106193915
20246,6332.570252462671
20247,8289.683121290545
20248,5247.656136491299
20249,5525.335508311384
20250,4920.092044300195
20251,3342.9749452851065
20252,4123.304710481304
20253,7649.836332810904
20254,6795.041986273764
20255,8336.981643910463
20256,13744.45
20257,4546.791688101418
20258,3980.639194891867
20259,4452.013910554666
20260,6578.489426440028
20261,6609.7537283048305
20262,4718.690906622136
20263,5683.159515152945
20264,5604.335350336689
20265,5801.368912827253
20266,4505.583473491144
20267,4018.833435089375
20268,3991.740569358178
20269,3801.931702380952
20270,2997.847183473389
20271,3452.2270777899994
20272,6057.742697820871
20273,12592.127218614718
20274,4755.985095093603
20275,3867.619410719169
20276,4831.484743473988
20277,2887.412661778995
20278,5164.529262969938
20279,3185.121619832781
20280,7814.545150194263
20281,5036.234977255652
20282,6246.270468962727
20283,10371.005476846241
20284,10049.433333333334
20285,5100.039497055383
20286,5853.877628344095
20287,3059.1808042990497
20288,4847.58087786521
20289,4593.040638850682
20290,6752.581859823964
20291,3922.0
20292,3295.1457314916624
20293,4719.237086530728
20294,4251.6082453177405
20295,6824.4652714309495
20296,4672.725930106651
20297,3308.7665908070117
20298,5337.57836901881
20299,5587.176011904762
20300,4904.6425
20301,3101.6305656565655
20302,2861.5394444444446
20303,6243.151875491615
20304,3748.395307692308
20305,7662.690595611668
20306,3052.76
20307,3584.29
20308,5024.636054362988
20309,4842.889402597403
20310,3754.1787735896714
20311,5046.104601010101
20312,5094.8966666666665
20313,7214.9785774225775
20314,6715.352278971029
20315,4555.255148954485
20316,3546.2780906038406
20317,4474.324430555555
20318,5650.89
20319,3722.469458155979
20320,4255.34083641306
20321,5822.782391275303
20322,9939.220140464797
20323,6122.2961744520035
20324,5831.88859884668
20325,6347.4766666666665
20326,3319.08
20327,7188.782827931588
20328,4317.089166666667
20329,9858.153333333334
20330,4244.101745978641
20331,3947.323092420412
20332,3493.120168179185
20333,3115.2782024103344
20334,6467.042703856574
20335,15117.737720631165
20336,2986.5477780961774
20337,3855.122277777777
20338,7726.349723682842
20339,5167.746554268014
20340,10636.203018019009
20341,5774.068637763978
20342,4590.190349065186
20343,5137.693252641692
20344,3723.8955588235294
20345,7872.97943640692
20346,4393.540322090139
20347,5546.475400131722
20348,6210.037028072881
20349,4231.22144952426
20350,6716.802483201581
20351,4579.481458640982
20352,3177.069113460893
20353,8314.851918640923
20354,8296.381168640923
20355,3564.0315532159666
20356,4967.871294138038
20357,4539.328687363835
20358,4031.2863661140764
20359,6476.039717038236
20360,4845.272105121966
20361,7477.131868220138
20362,3419.491545736116
20363,3338.0737315270935
20364,6010.545306409642
20365,2828.82812593985
20366,6327.387179486573
20367,2877.795705787785
20368,4640.567766100231
20369,4072.2675387120394
20370,4684.684816149771
20371,5289.876872580631
20372,5524.025119489014
20373,4724.215016233766
20374,6140.705795454547
20375,4574.634652501507
20376,6335.255894403658
20377,5379.309754632259
20378,5978.203731380036
20379,7074.690655194037
20380,6595.864094956536
20381,2857.7070488335216
20382,4927.828048974708
20383,6557.187006559643
20384,4625.751720083623
20385,8937.464361944874
20386,4478.611490440842
20387,5017.082942829067
20388,7678.244656718145
20389,5259.3265076871485
20390,2842.7275175653936
20391,8646.623072714978
20392,8804.386939661383
20393,4692.412511081227
20394,6009.224009323794
20395,8140.655592968068
20396,4633.352768755821
20397,4103.530159971737
20398,5004.708148378186
20399,4376.105050951631
20400,4361.070774631176
20401,5539.816242731011
20402,3820.490239853199
20403,6104.357672984061
20404,5287.150618842729
20405,4787.095606416078
20406,5317.295782114099
20407,5236.469504527364
20408,5061.96392961482
20409,4520.606737089172
20410,6217.61792072845
20411,5017.120715635256
20412,5837.019951957673
20413,5232.021957193698
20414,4754.9861234457085
20415,7527.716211840598
20416,4119.442790900628
20417,4168.593867806664
20418,4827.639702591884
20419,5506.95907286991
20420,5716.564340124272
20421,4440.675582688019
20422,3284.764091215785
20423,6271.421656875658
20424,5652.73
20425,4447.073449051137
20426,5594.5973450732445
20427,5456.928718658809
20428,4793.403193913938
20429,4174.945388399281
20430,3050.042481761029
20431,4560.561821511821
20432,5098.646846039714
20433,5281.121142371474
20434,7682.186741267145
20435,6499.157839576756
20436,4005.5032197214114
20437,6402.781165348694
20438,3009.0601070998523
20439,2760.475642063492
20440,5523.1247467708645
20441,10160.21388888889
20442,5818.030725100776
20443,5595.431557129174
20444,3329.0047724867727
20445,5447.141407012789
20446,6318.882798257411
20447,4319.362194647845
20448,5891.920973857756
20449,3891.2832448183913
20450,4082.1768719028
20451,4243.214978981977
20452,3773.622328614837
20453,4094.0826014239456
20454,3140.9857281763702
20455,3543.8811374581583
20456,3387.072003646376
20457,5284.039772379284
20458,5300.425218290017
20459,3761.9496944553457
20460,5403.156955526591
20461,5293.221438264161
20462,4211.147468726023
20463,5034.9669047619045
20464,5933.901573512103
20465,6404.243450048724
20466,4670.942351540451
20467,3063.064698275862
20468,10767.383962925798
20469,4564.283465900216
20470,3396.551761240222
20471,7105.0018120473505
20472,6097.916153846154
20473,5292.527124688268
20474,4719.93274313575
20475,5545.81
20476,6851.899285714287
20477,9256.427103275795
20478,3493.9105555555557
20479,3361.978888888889
20480,3536.493504965543
20481,5308.807614674425
20482,4267.93
20483,7297.999984772769
20484,6592.70033390629
20485,4747.537320827321
20486,2896.8349844322347
20487,5116.298839419035
20488,8782.125097501834
20489,3326.0361092722096
20490,5117.4091339676925
20491,3260.8426587301587
20492,5366.2152442036895
20493,5737.139899932523
20494,5762.116863540012
20495,6622.41301389254
20496,5667.51701407572
20497,3425.324848357445
20498,5497.317688575038
20499,5877.7090511361785
20500,6353.661310522812
20501,5736.113340571889
20502,5261.621552211402
20503,4256.62
20504,3422.7541350836227
20505,7025.097715037975
20506,3583.524222222222
20507,9054.432838960876
20508,4633.04
20509,3395.29
20510,4957.97
20511,5013.949019230769
20512,5789.1929595152915
20513,6210.328035107684
20514,2790.58
20515,3464.8914174306083
20516,5046.788571428571
20517,5853.594634615384
20518,8026.453522831866
20519,3895.284285714286
20520,4705.088177954292
20521,4191.743591491842
20522,4458.3687373737375
20523,4034.8949018291855
20524,7398.53
20525,7167.2
20526,9742.47
20527,3476.36
20528,4100.26
20529,7435.24
20530,7916.19
20531,3714.99
20532,8076.91
20533,5622.06
20534,3740.87
20535,3890.7
20536,3173.12
20537,5014.32
20538,4339.01
20539,4021.45
20540,3906.8520000000003
20541,5892.44
20542,6462.42
20543,17989.2
20544,4298.85
20545,3631.51
20546,5228.32
20547,10631.48
20548,4813.165
20549,5808.417940860216
20550,4855.017
20551,7449.459226678928
20552,6690.930331837659
20553,3512.05
20554,4993.498
20555,5622.600236556064
20556,6679.631260409087
20557,5702.1055794567055
20558,7753.36
20559,3989.536666666667
20560,3667.1
20561,4113.71
20562,7331.046934782609
20563,9809.51
20564,7247.73
20565,5901.691236556064
20566,3667.96
20567,5158.1337932330825
20568,3531.03
20569,6933.713101449276
20570,7896.2882558139545
20571,8513.122101449275
20572,4230.1
20573,3615.63
20574,4406.48
20575,5328.387467935167
20576,8630.542101449275
20577,5425.59
20578,4139.97
20579,3927.62
20580,6924.199508474576
20581,3575.21
20582,5901.9001916901125
20583,3015.37
20584,5741.405508474576
20585,5822.425334547256
20586,4963.4764251412425
20587,5933.221224698771
20588,5267.5844939818235
20589,4269.858008474576
20590,6097.5
20591,5387.236527777777
20592,8122.993612956811
20593,5046.52
20594,6409.015494884753
20595,7668.794780599038
20596,7714.778166666667
20597,5551.708016676434
20598,6917.98
20599,3472.68
20600,4569.096459797034
20601,4991.35
20602,6289.772473043776
20603,7425.858332892261
20604,6027.298552169023
20605,4559.99
20606,5598.45
20607,6125.74
20608,6875.13
20609,3406.86
20610,9447.285507416082
20611,3706.07
20612,5717.6861666666655
20613,6620.049177222536
20614,5565.32
20615,4281.852222222223
20616,4791.118674603174
20617,5583.147923381146
20618,4595.122260505977
20619,4462.948219057385
20620,7473.05
20621,6341.12652035446
20622,5342.264375
20623,4187.002241841076
20624,6205.908666666667
20625,8978.449177841232
20626,6402.0308007721505
20627,6116.281932301825
20628,5414.140958021338
20629,5734.061818181819
20630,6100.735030044044
20631,6528.961959859724
20632,3637.3531111111115
20633,6567.73056567983
20634,5673.994053869627
20635,6293.91
20636,9402.308810987508
20637,4121.106024509803
20638,4282.170362506431
20639,3676.5014833383675
20640,6264.373418949367
20641,8009.827053113554
20642,4653.84
20643,3905.84
20644,5964.529930443619
20645,4510.4801544191105
20646,4979.7079478922715
20647,7244.632857551155
20648,5833.574917999691
20649,6483.045073153975
20650,4578.400391024308
20651,4293.159532616249
20652,5004.773917753624
20653,7456.276645167823
20654,6418.519480722079
20655,6167.528210032446
20656,6388.831374792795
20657,5096.70561965812
20658,7236.431333309992
20659,4267.793265547611
20660,5336.548828409893
20661,7795.340699534918
20662,5228.9564009371625
20663,8282.33395710166
20664,6987.5071757253945
20665,5441.990272727274
20666,4579.685732699426
20667,6365.0620390905715
20668,5540.3991803605
20669,4697.465533442191
20670,3462.296440642691
20671,4464.217797870724
20672,6142.873470085469
20673,5077.26
20674,3722.03
20675,7263.715
20676,6286.43
20677,5571.15
20678,4528.465
20679,4167.706671630094
20680,5596.289377150461
20681,6006.38
20682,5562.88775
20683,4608.161948076917
20684,5045.577619047619
20685,5417.533267651925
20686,3037.03
20687,6516.997168347023
20688,3566.195
20689,6876.49
20690,5871.2
20691,5509.19
20692,6450.937364217003
20693,4535.686296296297
20694,4555.271569208328
20695,8994.841298701298
20696,5243.56
20697,6182.4881658254135
20698,6708.63
20699,4091.28875
20700,5365.364086975132
20701,5311.61
20702,6047.557537350608
20703,9515.511882352941
20704,8073.905653085769
20705,2498.50725
20706,4417.082563492063
20707,6488.369694013731
20708,6920.47
20709,4447.694517857143
20710,5986.305974025973
20711,3685.1864369408377
20712,4737.739594383394
20713,3153.974
20714,4006.3003999999996
20715,5310.078171631449
20716,5560.411083745354
20717,5705.980416666667
20718,5393.399006895064
20719,6601.470354802144
20720,6866.042413503676
20721,6961.617105033783
20722,4078.4353689940162
20723,7496.854815437287
20724,7785.814166666666
20725,4493.584227661779
20726,7071.7914959956715
20727,4131.702547204694
20728,5406.311217661107
20729,2830.8768939393944
20730,5641.697680006333
20731,3611.713015801404
20732,7928.330111111111
20733,6171.946
20734,6710.793422565695
20735,7981.844555555555
20736,5133.078720760038
20737,6437.89
20738,16162.31
20739,7858.907005006397
20740,4259.983690476191
20741,2255.5133333333333
20742,5202.465993674721
20743,7305.897648026315
20744,4982.858129155125
20745,11205.37
20746,18100.04
20747,3125.7291111111113
20748,3876.3836698412697
20749,7264.61
20750,3868.912845959596
20751,7022.9565625
20752,4866.011466279335
20753,5903.799962453244
20754,3155.37
20755,6107.345
20756,5422.990219366686
20757,7009.764741399817
20758,5904.37815176762
20759,5501.945705061675
20760,5022.597368692193
20761,6057.994526862027
20762,3962.5160595238094
20763,4253.0101709401715
20764,7367.81
20765,4432.672025974026
20766,4674.818
20767,5795.806017037256
20768,5466.580141525141
20769,4707.8333749625135
20770,6226.182020720452
20771,5908.524700179132
20772,8246.071333333333
20773,9347.26872052067
20774,6077.85388663889
20775,4854.294598404357
20776,3304.6433795200824
20777,4877.828277348776
20778,5731.721169774671
20779,4492.049550584525
20780,4115.299316614421
20781,6968.704258658008
20782,5137.750595238095
20783,8779.089863331728
20784,5968.392092508294
20785,4328.437161172161
20786,4333.984898580225
20787,5440.772621212121
20788,7672.88
20789,4189.41
20790,7299.858811688311
20791,13852.46
20792,5953.560113532947
20793,5172.622539682539
20794,3859.640833333333
20795,4062.3685156014626
20796,5546.196980386917
20797,3314.663028966132
20798,4866.691613636363
20799,8868.099698318076
20800,4713.00303538729
20801,11551.1
20802,10934.15
20803,4416.079993481444
20804,5625.706700758223
20805,5546.689851525392
20806,5777.338771234411
20807,4502.05375
20808,7455.260169659042
20809,5278.229023809524
20810,6794.463224979275
20811,4206.27
20812,6286.604726286758
20813,4688.767156463316
20814,7507.991666666666
20815,4865.248666666667
20816,4641.808573975045
20817,5852.3755670724895
20818,5103.7
20819,5908.378689201852
20820,8883.50144570495
20821,5118.306855469115
20822,7781.918916666667
20823,5513.78331469804
20824,8329.420170559433
20825,4481.374095572802
20826,4089.53
20827,4541.5078096197185
20828,6306.526055971917
20829,5491.832737377059
20830,6086.603912698412
20831,5483.598792932615
20832,6707.921612042603
20833,4220.048722793057
20834,8297.192012832722
20835,5416.211459589415
20836,3126.231619047619
20837,11382.855
20838,15422.99
20839,5607.727428571428
20840,5591.502742282281
20841,6529.56
20842,8686.474285714286
20843,10091.293512520158
20844,4965.287596491553
20845,6013.339133169934
20846,4648.994675264628
20847,5988.178581610879
20848,3559.940334671635
20849,4361.645744091558
20850,4886.858624634285
20851,4580.449103018565
20852,6542.643048319326
20853,4162.7940086388335
20854,3253.3687455894183
20855,4769.999869935492
20856,3133.742491382576
20857,3656.94
20858,4459.3551363116285
20859,4771.1241269841275
20860,6858.862586987703
20861,7134.63667428929
20862,6538.056855398999
20863,5605.489475164912
20864,5423.293137502574
20865,9716.08007211228
20866,5899.923489661655
20867,4036.9051955125483
20868,4806.534356692484
20869,8453.163758555542
20870,4467.592545488795
20871,5794.657480347955
20872,3441.490259381684
20873,4154.194044252044
20874,6016.658433445401
20875,5742.414895382395
20876,4960.8681537040275
20877,7414.735498215453
20878,7799.498137104341
20879,10903.199166666665
20880,5489.916356604675
20881,8491.326285714285
20882,3140.4978333333333
20883,4121.1898631824015
20884,4718.0154041399965
20885,2765.3014285714285
20886,6945.845787994409
20887,4072.434810366787
20888,5366.586672011964
20889,7123.535380571975
20890,9674.351681399103
20891,6759.7225
20892,4547.2959670942455
20893,5103.358226431741
20894,12177.004553078832
20895,6039.575635884037
20896,4997.138581330321
20897,4482.953763657352
20898,5746.2035
20899,6952.012775982057
20900,4213.798836727959
20901,5503.2197857142855
20902,5674.783452222509
20903,5929.55345118158
20904,10843.668931818182
20905,5354.991661491459
20906,12436.943573093573
20907,5866.64367354747
20908,4664.694516931656
20909,2606.128214129631
20910,5349.910460317461
20911,5024.419689382909
20912,4237.153259605649
20913,6244.456935251696
20914,5149.423750722604
20915,3598.215840356057
20916,5700.131883923637
20917,3847.3967141371963
20918,7698.249765873016
20919,5677.096257002599
20920,6454.741696160919
20921,6267.866336976552
20922,3843.1818687091895
20923,7620.530240596705
20924,6544.575276226278
20925,4543.927829912649
20926,5094.105214198044
20927,4103.775914660906
20928,9006.961833333333
20929,5542.334573710519
20930,3795.123630136986
20931,5971.387040116283
20932,6469.470898453919
20933,5355.688511143843
20934,4823.456971924472
20935,6981.425403814738
20936,4890.379327985079
20937,4939.35
20938,5213.329973042509
20939,7245.828027052927
20940,4477.30041774278
20941,4827.807426244367
20942,4726.78674509804
20943,4814.302078431373
20944,4538.6713855571
20945,3854.9932673289272
20946,7039.01774509804
20947,8564.603842692224
20948,9619.94012605042
20949,8435.497770724542
20950,6877.117239350913
20951,7776.828120079526
20952,5022.210399748231
20953,10041.716363247864
20954,8461.634726674258
20955,5212.933411769732
20956,6729.21
20957,6812.197813733106
20958,4579.793333333334
20959,3933.884
20960,9343.42
20961,4692.886941731866
20962,5403.8860098151235
20963,5562.04
20964,1922.07
20965,8118.512471834958
20966,5028.339322684246
20967,4105.169798874722
20968,4461.701875
20969,4921.114322684247
20970,6443.389499124405
20971,5554.38
20972,5883.64
20973,5243.730661764706
20974,3887.147238095238
20975,3259.62
20976,2970.07
20977,5483.272450937951
20978,14616.95
20979,4506.1009047619045
20980,4642.5388056563825
20981,5461.524427442744
20982,4333.717504578755
20983,4724.61
20984,4118.622055656383
20985,3183.1436260112446
20986,6082.64703030303
20987,5417.185763989715
20988,3172.0510065767567
20989,7274.84
20990,3976.32
20991,5051.435506264267
20992,10076.414285714287
20993,6243.3
20994,10767.324952380954
20995,4166.156666666666
20996,5475.180810386473
20997,3549.408696078431
20998,5441.859442561145
20999,12614.847631379822
21000,8080.9521568349155
21001,6012.292168739677
21002,4062.6411152380174
21003,4441.466039951799
21004,5172.007030781879
21005,3744.53246884094
21006,9074.831448026931
21007,4631.865833333333
21008,5450.21
21009,6004.870484471292
21010,3808.180256684492
21011,5154.456666666667
21012,5120.06082051282
21013,6655.103571428572
21014,4865.055630494505
21015,3174.8925
21016,4831.367821428572
21017,5656.059786058593
21018,7431.416666666666
21019,6477.44070874155
21020,5731.854378049935
21021,3448.853323809524
21022,6496.927803179312
21023,4775.576074185625
21024,4515.058455034986
21025,5912.007621853009
21026,5924.5317103323205
21027,5303.722149977719
21028,4651.43942857143
21029,5276.206396839183
21030,8239.7
21031,5399.974326988836
21032,6094.3749541644065
21033,5737.686373873873
21034,3653.957202380953
21035,7592.59810262986
21036,4941.33
21037,3570.7249904991518
21038,9008.946293106052
21039,4827.481405121281
21040,2859.306973484848
21041,6623.6186109667005
21042,7499.71
21043,7645.537952380952
21044,4556.351883082707
21045,5529.887654723823
21046,5472.791955770107
21047,6684.906044887624
21048,4823.647168694946
21049,6639.906025209909
21050,2743.7733333333335
21051,4792.097113754103
21052,5357.526640741912
21053,4334.8213888888895
21054,3826.9833358585856
21055,5722.390418125411
21056,5657.468292053663
21057,5081.574857560615
21058,6606.207280996782
21059,4874.304528890651
21060,7297.271548830912
21061,3983.18
21062,5703.800841269841
21063,5198.9675850780795
21064,6077.3089690005745
21065,6854.3351675324675
21066,2683.765214285714
21067,7026.16
21068,6968.328
21069,5842.547054473305
21070,4034.8634652014653
21071,3270.391837606838
21072,5967.918352035927
21073,4746.859776669441
21074,6681.070066143053
21075,5829.769607843137
21076,4775.648548951049
21077,6352.042903384791
21078,5085.536250000001
21079,4139.1275
21080,7152.280571428572
21081,3949.1565100247312
21082,7528.382667388169
21083,8259.56
21084,6337.6322619047605
21085,3538.172583333333
21086,4352.472847222222
21087,3359.2598863636363
21088,2670.8417097551574
21089,6669.255785714285
21090,4794.8812777777775
21091,6870.469864090771
21092,3275.3502857142857
21093,5944.39
21094,5403.860118279443
21095,7957.492879194323
21096,4136.68694002974
21097,4639.061592712842
21098,4258.840166151572
21099,6895.604334586467
21100,5294.286119659652
21101,5877.518643771568
21102,6555.380076634432
21103,8064.6439707792215
21104,5794.571087071921
21105,6015.915003686255
21106,5572.677869877677
21107,3851.9201239177473
21108,4330.069836471405
21109,8502.486790876914
21110,7135.405225270663
21111,10450.387612830433
21112,14102.07
21113,4539.682398192311
21114,4672.719799167499
21115,4841.73114694635
21116,6791.583442305463
21117,7060.717745335765
21118,5003.350696304676
21119,6095.046852911942
21120,6252.844495769086
21121,6063.402744360903
21122,4778.681469260926
21123,4026.4422660362056
21124,4647.305944358177
21125,4009.5751626984124
21126,3027.057612044818
21127,3748.055155992383
21128,6664.991121183194
21129,13245.328037878784
21130,5411.7323333333325
21131,4241.993939393939
21132,5301.34222128784
21133,3409.950383838383
21134,5520.205195193695
21135,3292.7060706515704
21136,8215.676108112128
21137,5271.810528527028
21138,6199.079924410747
21139,11742.338089073293
21140,10479.04
21141,5235.603880116693
21142,5950.185969963273
21143,3539.5135297040124
21144,5068.8577202742135
21145,5725.965827380953
21146,7296.527020202021
21147,4009.74
21148,3574.7321021394537
21149,4900.090213447833
21150,4980.854748740685
21151,6973.812819049997
21152,4946.746211616597
21153,3477.3090008210183
21154,5823.354909686235
21155,5968.623023809524
21156,5201.7475
21157,3318.9895726495724
21158,2874.781603174603
21159,6333.904640531393
21160,3724.495307692308
21161,7877.553372235783
21162,3673.988
21163,4617.554
21164,5164.34268506814
21165,5079.761212121212
21166,4062.1644423259145
21167,5411.156212121212
21168,5448.226666666667
21169,8482.462857142857
21170,6988.405353479852
21171,4771.331954797794
21172,4015.56125
21173,5510.733333333333
21174,6621.64
21175,4200.296360234208
21176,4870.334796296296
21177,5502.92424373196
21178,10808.759172040978
21179,6340.002299532846
21180,5000.937177238685
21181,6589.5675
21182,3361.73
21183,7745.760820824342
21184,4762.54
21185,10109.97
21186,4777.572974867725
21187,4290.152128679213
21188,4031.8782407074254
21189,3175.768712159693
21190,7049.841557358512
21191,15101.718554161524
21192,3438.041211040792
21193,4232.053029765929
21194,7633.234023179321
21195,5721.304172470793
21196,9612.371172778196
21197,6471.045312483268
21198,5035.711056080393
21199,5697.975163375141
21200,4005.542328664799
21201,8126.7017315793755
21202,4494.381442385112
21203,6047.798153663781
21204,6472.670882457997
21205,4511.018584228627
21206,7388.845277210885
21207,4824.023339222988
21208,3149.200853369229
21209,8542.47218311745
21210,8405.678730736498
21211,3743.197376204688
21212,5865.798349069393
21213,5601.976814814815
21214,4685.829985954575
21215,7774.722280639564
21216,5178.2876733485955
21217,7860.781372354544
21218,4066.422096230004
21219,3582.1196081504704
21220,6159.765260046085
21221,3109.6413759398497
21222,6628.6959102888595
21223,3338.8158669229456
21224,5257.240108049996
21225,4289.457883464988
21226,5225.815619929998
21227,5822.827176838449
21228,5592.706810756675
21229,5054.364833333333
21230,6998.033212121213
21231,4661.077543554898
21232,6724.096643521701
21233,5334.952665504298
21234,5967.763646933205
21235,7813.375870016629
21236,6783.283717812575
21237,3305.7682313182427
21238,5234.890824428651
21239,6955.483733526417
21240,6309.311380797944
21241,9877.379195123522
21242,5077.962449261737
21243,5626.424381318681
21244,9512.149115404523
21245,5261.3247032893305
21246,3181.729802774628
21247,9157.997909837799
21248,9125.014548726687
21249,5356.483757400554
21250,6289.9732406522835
21251,8203.431962242663
21252,5222.16994540369
21253,4404.650497727305
21254,5294.94839506555
21255,4724.617258990265
21256,4689.0746921056
21257,5861.772880850633
21258,4037.235419477006
21259,5515.555078679389
21260,5721.327521022822
21261,5174.432170266553
21262,5660.4005323096535
21263,5568.955306795171
21264,5371.934475887546
21265,4893.485998993934
21266,6350.521515490321
21267,5477.961896838102
21268,5412.286223793085
21269,5561.171075177775
21270,5168.058172718658
21271,8251.109952514049
21272,4551.871536630037
21273,4193.507656094341
21274,5254.050930375047
21275,5667.280715316396
21276,6109.580418812202
21277,4335.624962411861
21278,3540.163362695307
21279,6334.01313476215
21280,6129.93
21281,4698.73972279484
21282,5780.710732653682
21283,5748.7324666333025
21284,4910.8887842800805
21285,4452.031503553969
21286,3238.955109192665
21287,5021.700184065933
21288,5467.421438109766
21289,5198.806849548284
21290,8124.185331376586
21291,6807.849037960146
21292,4668.474261802354
21293,7377.090408723561
21294,3178.6050354166327
21295,2842.8973674733274
21296,5917.503783179169
21297,10333.706451713395
21298,5859.376500207312
21299,5616.402520927705
21300,3391.152314458494
21301,5639.944460515005
21302,6622.593050031857
21303,4595.117565913913
21304,6236.429268216236
21305,4108.346919475513
21306,5539.684803115886
21307,5275.394759159843
21308,4690.319462499236
21309,5138.653303380229
21310,3278.4932539761635
21311,4291.440716336898
21312,3625.350667379985
21313,5464.166519094558
21314,5333.524877883645
21315,4547.9537777466085
21316,5372.3779312261395
21317,5830.859373525741
21318,4258.444830484451
21319,5083.336904761904
21320,7014.974628785247
21321,6683.411135058159
21322,5875.240427706537
21323,3558.1190316091956
21324,10272.77638605289
21325,5381.371599784197
21326,3924.9368219148823
21327,7181.987918649198
21328,7427.420999999999
21329,5562.711988587998
21330,5103.4447480285535
21331,6158.266666666667
21332,6664.575698412698
21333,9835.38611559075
21334,3402.3895079365084
21335,3899.065
21336,3939.3448947558877
21337,5572.449612858989
21338,4492.54575
21339,7564.113436987221
21340,6680.251891281282
21341,4980.0270238095245
21342,3471.005
21343,5490.412333333334
21344,9971.534995362506
21345,3816.9822968253966
21346,5618.780646138067
21347,3637.697047619047
21348,5950.152471651215
21349,6045.758455304928
21350,6007.510510193609
21351,6900.005500683528
21352,5741.360209838333
21353,3621.4726923403705
21354,5417.149359007038
21355,6098.940094334965
21356,6959.929751082249
21357,6030.663992327082
21358,6285.085692340371
21359,4361.976166666666
21360,4013.906001787497
21361,7959.289841906886
21362,3812.5935555555557
21363,10264.255611111112
21364,4597.16
21365,3656.405
21366,5277.055
21367,5630.43425
21368,6031.735390242426
21369,6459.4714593334675
21370,3616.38
21371,3597.36623885918
21372,5218.35625
21373,6302.3707326546
21374,8936.873333333333
21375,4327.098181818182
21376,5311.545866854638
21377,4374.023793823327
21378,4910.282348484849
21379,3954.4297482878305
21380,7696.13
21381,8195.958
21382,9967.16
21383,3881.65
21384,4690.73
21385,7632.21
21386,9587.44
21387,3841.9
21388,8541.13
21389,5983.53
21390,3681.85
21391,4226.52
21392,3381.08
21393,5470.11
21394,4225.44
21395,4093.86
21396,4094.4120000000003
21397,6939.39
21398,6097.39
21399,19238.55
21400,4989.7
21401,0.0
21402,0.0
21403,0.0
21404,0.0
21405,0.0
21406,0.0
21407,0.0
21408,0.0
21409,0.0
21410,0.0
21411,0.0
21412,0.0
21413,0.0
21414,0.0
21415,0.0
21416,0.0
21417,0.0
21418,0.0
21419,0.0
21420,0.0
21421,0.0
21422,0.0
21423,0.0
21424,0.0
21425,0.0
21426,0.0
21427,0.0
21428,0.0
21429,0.0
21430,0.0
21431,0.0
21432,0.0
21433,0.0
21434,0.0
21435,0.0
21436,0.0
21437,0.0
21438,0.0
21439,0.0
21440,0.0
21441,0.0
21442,0.0
21443,0.0
21444,0.0
21445,0.0
21446,0.0
21447,0.0
21448,0.0
21449,0.0
21450,0.0
21451,0.0
21452,0.0
21453,0.0
21454,0.0
21455,0.0
21456,0.0
21457,0.0
21458,0.0
21459,0.0
21460,0.0
21461,0.0
21462,0.0
21463,0.0
21464,0.0
21465,0.0
21466,0.0
21467,0.0
21468,0.0
21469,0.0
21470,0.0
21471,0.0
21472,0.0
21473,0.0
21474,0.0
21475,0.0
21476,0.0
21477,0.0
21478,0.0
21479,0.0
21480,0.0
21481,0.0
21482,0.0
21483,0.0
21484,0.0
21485,0.0
21486,0.0
21487,0.0
21488,0.0
21489,0.0
21490,0.0
21491,0.0
21492,3687.82
21493,0.0
21494,0.0
21495,0.0
21496,0.0
21497,0.0
21498,0.0
21499,0.0
21500,0.0
21501,0.0
21502,0.0
21503,0.0
21504,0.0
21505,0.0
21506,0.0
21507,0.0
21508,0.0
21509,0.0
21510,0.0
21511,0.0
21512,0.0
21513,0.0
21514,0.0
21515,0.0
21516,0.0
21517,0.0
21518,0.0
21519,0.0
21520,0.0
21521,0.0
21522,0.0
21523,0.0
21524,0.0
21525,0.0
21526,0.0
21527,0.0
21528,0.0
21529,0.0
21530,0.0
21531,0.0
21532,0.0
21533,0.0
21534,0.0
21535,0.0
21536,0.0
21537,0.0
21538,0.0
21539,0.0
21540,0.0
21541,0.0
21542,0.0
21543,0.0
21544,0.0
21545,0.0
21546,0.0
21547,0.0
21548,0.0
21549,0.0
21550,0.0
21551,0.0
21552,0.0
21553,0.0
21554,0.0
21555,0.0
21556,0.0
21557,0.0
21558,0.0
21559,0.0
21560,2629.09
21561,0.0
21562,0.0
21563,0.0
21564,0.0
21565,0.0
21566,0.0
21567,0.0
21568,0.0
21569,0.0
21570,0.0
21571,0.0
21572,0.0
21573,0.0
21574,0.0
21575,0.0
21576,0.0
21577,0.0
21578,0.0
21579,0.0
21580,0.0
21581,0.0
21582,0.0
21583,0.0
21584,0.0
21585,0.0
21586,0.0
21587,0.0
21588,0.0
21589,0.0
21590,0.0
21591,0.0
21592,0.0
21593,0.0
21594,0.0
21595,0.0
21596,0.0
21597,0.0
21598,0.0
21599,0.0
21600,0.0
21601,15682.74
21602,29348.1
21603,0.0
21604,0.0
21605,0.0
21606,0.0
21607,0.0
21608,0.0
21609,0.0
21610,6746.27
21611,0.0
21612,0.0
21613,0.0
21614,0.0
21615,0.0
21616,0.0
21617,0.0
21618,0.0
21619,0.0
21620,0.0
21621,0.0
21622,0.0
21623,0.0
21624,0.0
21625,0.0
21626,0.0
21627,0.0
21628,0.0
21629,4826.66
21630,0.0
21631,0.0
21632,0.0
21633,0.0
21634,0.0
21635,0.0
21636,0.0
21637,0.0
21638,0.0
21639,3007.86
21640,0.0
21641,0.0
21642,0.0
21643,0.0
21644,0.0
21645,0.0
21646,0.0
21647,0.0
21648,0.0
21649,0.0
21650,0.0
21651,0.0
21652,0.0
21653,0.0
21654,0.0
21655,0.0
21656,0.0
21657,7129.31
21658,0.0
21659,0.0
21660,0.0
21661,0.0
21662,0.0
21663,0.0
21664,0.0
21665,0.0
21666,0.0
21667,0.0
21668,0.0
21669,0.0
21670,0.0
21671,0.0
21672,0.0
21673,0.0
21674,7806.27
21675,0.0
21676,0.0
21677,0.0
21678,0.0
21679,0.0
21680,0.0
21681,0.0
21682,0.0
21683,0.0
21684,0.0
21685,0.0
21686,0.0
21687,0.0
21688,0.0
21689,0.0
21690,0.0
21691,0.0
21692,0.0
21693,0.0
21694,0.0
21695,0.0
21696,0.0
21697,0.0
21698,0.0
21699,0.0
21700,0.0
21701,0.0
21702,0.0
21703,0.0
21704,0.0
21705,0.0
21706,0.0
21707,0.0
21708,0.0
21709,0.0
21710,0.0
21711,0.0
21712,0.0
21713,0.0
21714,0.0
21715,0.0
21716,0.0
21717,0.0
21718,0.0
21719,0.0
21720,0.0
21721,0.0
21722,0.0
21723,0.0
21724,0.0
21725,0.0
21726,0.0
21727,0.0
21728,0.0
21729,0.0
21730,0.0
21731,0.0
21732,0.0
21733,0.0
21734,0.0
21735,0.0
21736,1488.86
21737,0.0
21738,0.0
21739,0.0
21740,0.0
21741,0.0
21742,0.0
21743,0.0
21744,0.0
21745,0.0
21746,0.0
21747,0.0
21748,0.0
21749,0.0
21750,5591.14
21751,0.0
21752,0.0
21753,0.0
21754,0.0
21755,0.0
21756,0.0
21757,0.0
21758,0.0
21759,0.0
21760,0.0
21761,0.0
21762,0.0
21763,0.0
21764,0.0
21765,0.0
21766,0.0
21767,0.0
21768,0.0
21769,0.0
21770,0.0
21771,0.0
21772,0.0
21773,0.0
21774,0.0
21775,0.0
21776,0.0
21777,0.0
21778,0.0
21779,0.0
21780,0.0
21781,0.0
21782,0.0
21783,0.0
21784,0.0
21785,0.0
21786,0.0
21787,0.0
21788,0.0
21789,0.0
21790,0.0
21791,0.0
21792,0.0
21793,6316.35
21794,0.0
21795,0.0
21796,0.0
21797,0.0
21798,0.0
21799,0.0
21800,0.0
21801,0.0
21802,0.0
21803,2458.87
21804,0.0
21805,0.0
21806,0.0
21807,5449.69
21808,0.0
21809,0.0
21810,0.0
21811,0.0
21812,0.0
21813,0.0
21814,0.0
21815,0.0
21816,0.0
21817,0.0
21818,0.0
21819,0.0
21820,0.0
21821,0.0
21822,0.0
21823,0.0
21824,0.0
21825,0.0
21826,0.0
21827,0.0
21828,0.0
21829,0.0
21830,0.0
21831,0.0
21832,0.0
21833,0.0
21834,18398.3
21835,0.0
21836,0.0
21837,0.0
21838,0.0
21839,0.0
21840,0.0
21841,0.0
21842,0.0
21843,0.0
21844,0.0
21845,0.0
21846,0.0
21847,0.0
21848,6041.22
21849,0.0
21850,0.0
21851,0.0
21852,0.0
21853,0.0
21854,0.0
21855,0.0
21856,0.0
21857,0.0
21858,0.0
21859,0.0
21860,0.0
21861,0.0
21862,0.0
21863,0.0
21864,0.0
21865,0.0
21866,0.0
21867,0.0
21868,0.0
21869,0.0
21870,0.0
21871,0.0
21872,0.0
21873,0.0
21874,0.0
21875,0.0
21876,0.0
21877,0.0
21878,0.0
21879,0.0
21880,0.0
21881,0.0
21882,0.0
21883,0.0
21884,0.0
21885,0.0
21886,0.0
21887,0.0
21888,0.0
21889,0.0
21890,0.0
21891,0.0
21892,0.0
21893,0.0
21894,0.0
21895,0.0
21896,0.0
21897,0.0
21898,0.0
21899,0.0
21900,0.0
21901,0.0
21902,0.0
21903,0.0
21904,0.0
21905,0.0
21906,0.0
21907,0.0
21908,0.0
21909,0.0
21910,0.0
21911,0.0
21912,0.0
21913,0.0
21914,0.0
21915,0.0
21916,0.0
21917,0.0
21918,0.0
21919,0.0
21920,0.0
21921,0.0
21922,0.0
21923,11842.34
21924,0.0
21925,0.0
21926,0.0
21927,0.0
21928,0.0
21929,0.0
21930,0.0
21931,0.0
21932,0.0
21933,0.0
21934,0.0
21935,0.0
21936,0.0
21937,0.0
21938,0.0
21939,0.0
21940,0.0
21941,0.0
21942,0.0
21943,0.0
21944,0.0
21945,0.0
21946,0.0
21947,0.0
21948,0.0
21949,0.0
21950,0.0
21951,0.0
21952,0.0
21953,0.0
21954,0.0
21955,0.0
21956,0.0
21957,0.0
21958,0.0
21959,0.0
21960,0.0
21961,0.0
21962,0.0
21963,0.0
21964,0.0
21965,0.0
21966,0.0
21967,4240.86
21968,15233.67
21969,0.0
21970,0.0
21971,0.0
21972,0.0
21973,0.0
21974,0.0
21975,0.0
21976,0.0
21977,0.0
21978,0.0
21979,0.0
21980,0.0
21981,0.0
21982,0.0
21983,0.0
21984,0.0
21985,0.0
21986,0.0
21987,0.0
21988,0.0
21989,0.0
21990,0.0
21991,0.0
21992,0.0
21993,0.0
21994,0.0
21995,0.0
21996,10671.413333333336
21997,0.0
21998,0.0
21999,0.0
22000,0.0
22001,0.0
22002,0.0
22003,0.0
22004,0.0
22005,0.0
22006,0.0
22007,0.0
22008,0.0
22009,0.0
22010,0.0
22011,0.0
22012,0.0
22013,0.0
22014,0.0
22015,0.0
22016,0.0
22017,0.0
22018,0.0
22019,0.0
22020,0.0
22021,0.0
22022,0.0
22023,0.0
22024,0.0
22025,0.0
22026,0.0
22027,0.0
22028,0.0
22029,0.0
22030,0.0
22031,0.0
22032,0.0
22033,0.0
22034,0.0
22035,0.0
22036,0.0
22037,0.0
22038,0.0
22039,0.0
22040,0.0
22041,0.0
22042,0.0
22043,0.0
22044,0.0
22045,0.0
22046,0.0
22047,0.0
22048,0.0
22049,0.0
22050,0.0
22051,0.0
22052,0.0
22053,0.0
22054,0.0
22055,0.0
22056,0.0
22057,0.0
22058,0.0
22059,0.0
22060,0.0
22061,0.0
22062,0.0
22063,0.0
22064,0.0
22065,0.0
22066,2686.57
22067,0.0
22068,0.0
22069,0.0
22070,2503.24
22071,0.0
22072,0.0
22073,0.0
22074,0.0
22075,0.0
22076,0.0
22077,0.0
22078,0.0
22079,0.0
22080,0.0
22081,0.0
22082,0.0
22083,0.0
22084,0.0
22085,0.0
22086,0.0
22087,0.0
22088,0.0
22089,0.0
22090,0.0
22091,0.0
22092,0.0
22093,0.0
22094,0.0
22095,0.0
22096,0.0
22097,0.0
22098,0.0
22099,0.0
22100,0.0
22101,0.0
22102,0.0
22103,0.0
22104,0.0
22105,0.0
22106,0.0
22107,0.0
22108,0.0
22109,0.0
22110,0.0
22111,0.0
22112,0.0
22113,0.0
22114,0.0
22115,0.0
22116,0.0
22117,0.0
22118,0.0
22119,0.0
22120,0.0
22121,3134.42
22122,0.0
22123,0.0
22124,0.0
22125,0.0
22126,0.0
22127,0.0
22128,0.0
22129,0.0
22130,0.0
22131,0.0
22132,0.0
22133,0.0
22134,0.0
22135,0.0
22136,9385.14
22137,0.0
22138,0.0
22139,0.0
22140,0.0
22141,0.0
22142,0.0
22143,0.0
22144,0.0
22145,0.0
22146,0.0
22147,0.0
22148,0.0
22149,0.0
22150,0.0
22151,0.0
22152,0.0
22153,0.0
22154,0.0
22155,0.0
22156,0.0
22157,0.0
22158,0.0
22159,0.0
22160,0.0
22161,0.0
22162,0.0
22163,0.0
22164,0.0
22165,0.0
22166,0.0
22167,0.0
22168,0.0
22169,0.0
22170,0.0
22171,0.0
22172,0.0
22173,0.0
22174,0.0
22175,0.0
22176,0.0
22177,0.0
22178,0.0
22179,0.0
22180,0.0
22181,0.0
22182,0.0
22183,0.0
22184,0.0
22185,0.0
22186,0.0
22187,0.0
22188,0.0
22189,0.0
22190,0.0
22191,0.0
22192,0.0
22193,0.0
22194,0.0
22195,0.0
22196,0.0
22197,0.0
22198,0.0
22199,0.0
22200,4471.66
22201,0.0
22202,0.0
22203,0.0
22204,0.0
22205,0.0
22206,0.0
22207,0.0
22208,0.0
22209,0.0
22210,0.0
22211,0.0
22212,0.0
22213,0.0
22214,0.0
22215,0.0
22216,0.0
22217,0.0
22218,0.0
22219,0.0
22220,0.0
22221,0.0
22222,0.0
22223,0.0
22224,0.0
22225,0.0
22226,0.0
22227,0.0
22228,0.0
22229,0.0
22230,0.0
22231,0.0
22232,0.0
22233,0.0
22234,0.0
22235,0.0
22236,0.0
22237,0.0
22238,0.0
22239,0.0
22240,0.0
22241,11490.41
22242,5451.16
22243,0.0
22244,0.0
22245,0.0
22246,0.0
22247,0.0
22248,0.0
22249,0.0
22250,0.0
22251,0.0
22252,0.0
22253,0.0
22254,0.0
22255,0.0
22256,0.0
22257,3979.8
22258,3588.03
22259,6131.768529411764
22260,2716.78
22261,5977.675625
22262,4246.34
22263,5965.5813457207205
22264,5878.496217515592
22265,3959.18
22266,3636.89
22267,5674.76
22268,4506.8175
22269,3807.6666363636364
22270,5221.7
22271,4631.29
22272,3338.26
22273,4299.09
22274,6469.524682274247
22275,8086.28
22276,6756.14
22277,6824.860500000001
22278,4073.67
22279,5206.593833333333
22280,2283.24
22281,7531.6128125
22282,7437.423333333334
22283,8624.315522875817
22284,5659.04
22285,2957.48
22286,5381.75
22287,5664.58
22288,8001.543110465116
22289,4260.47
22290,4997.2
22291,4434.59
22292,5071.642608695652
22293,2731.6
22294,6280.4
22295,3560.94
22296,7487.2625
22297,6628.638666666667
22298,3454.9189285714283
22299,6883.118023809523
22300,5973.983272727272
22301,4514.59133974359
22302,3697.5714285714284
22303,6932.21
22304,9457.49
22305,5356.79
22306,4475.765009416196
22307,8113.22584965035
22308,6972.7575
22309,5169.472952380953
22310,5360.82
22311,2113.82
22312,2371.0511965811966
22313,4727.01
22314,5856.566666666667
22315,7738.353333333333
22316,6960.816666666667
22317,3897.329
22318,7041.95
22319,7259.46
22320,4841.346
22321,2851.616666666667
22322,10303.540416666667
22323,3582.9017777777776
22324,4132.52
22325,6395.357111111111
22326,4702.2
22327,5444.57
22328,2657.1614285714286
22329,5248.962994505495
22330,4637.71416991342
22331,4712.49
22332,7978.23
22333,7161.141333333333
22334,5321.3765
22335,3001.9278174603173
22336,6345.9596666666675
22337,10828.0
22338,4767.56922051495
22339,3465.617587390826
22340,6107.82871399086
22341,5623.951837398374
22342,6541.842440476191
22343,8642.492273809525
22344,2252.2736363636363
22345,7325.679373441205
22346,4452.548287959817
22347,4636.152888888889
22348,6959.875728385728
22349,2413.2177142857145
22350,4664.237608388546
22351,4496.951153304741
22352,6600.103302548346
22353,7506.838162698413
22354,3754.48
22355,4198.12
22356,6325.1224854854045
22357,5842.790536763632
22358,5307.37487200539
22359,6403.244190481547
22360,4209.366293685506
22361,5455.362123342562
22362,3686.0809890729233
22363,2985.419516851789
22364,4976.96709320038
22365,5692.603370805079
22366,6031.96143434704
22367,6265.239625836281
22368,7049.239172717818
22369,3985.2548047619043
22370,7557.213491508492
22371,2948.2817792597884
22372,3953.8464401388997
22373,7057.903677917044
22374,6341.443182359308
22375,6957.659612459522
22376,8899.522833333333
22377,6136.469244047618
22378,4704.819639910203
22379,6057.368773565082
22380,6428.749404483937
22381,3793.6446113104034
22382,2789.3984830516433
22383,4978.507277900725
22384,4283.8822918971055
22385,6530.040220238094
22386,3726.676992874268
22387,5432.989843599903
22388,5977.288772425661
22389,5989.375358276025
22390,5136.05
22391,2826.9057133739425
22392,6137.908298452638
22393,6238.399720522899
22394,3496.7524230588956
22395,5182.0300136141395
22396,2957.9970951527475
22397,5160.151328641193
22398,3149.327765156276
22399,4148.60702776898
22400,4098.749065823065
22401,6654.972487094947
22402,5847.277073428134
22403,6327.793335237961
22404,8997.043498772231
22405,3724.374560365337
22406,4549.511024836558
22407,9759.56229270729
22408,4594.9975
22409,6628.796710084767
22410,6113.786638157387
22411,4766.670001443003
22412,6060.576243833449
22413,4300.006620449343
22414,4342.073407407406
22415,7456.862263654961
22416,5136.408280112045
22417,2785.6645238095243
22418,3335.087083333334
22419,6795.531270433286
22420,9199.345333333333
22421,5691.308377192982
22422,6588.765833333333
22423,3635.8336841161117
22424,2216.4225
22425,1904.32881144458
22426,3466.609537457174
22427,5401.594373872827
22428,6243.802816789403
22429,5080.275807618397
22430,4310.765462086683
22431,7240.44036500437
22432,6809.036842559721
22433,6620.252309914637
22434,4866.20792463793
22435,7457.876700941718
22436,8508.58
22437,3845.7742778558923
22438,5294.567332637114
22439,4898.641736563834
22440,6186.189180555841
22441,2714.6020000000003
22442,5019.768573191322
22443,4455.484995115995
22444,7640.206363636364
22445,5453.598000000001
22446,6565.503095634989
22447,6582.826363636364
22448,4458.788788310675
22449,7168.597081585083
22450,16250.355
22451,8182.880800830574
22452,3262.132
22453,3129.834774891775
22454,5613.754369329477
22455,8287.006666666666
22456,4344.151219899401
22457,8635.9
22458,16537.64
22459,4169.03
22460,2318.2123399122806
22461,9537.62
22462,2954.385707210533
22463,6742.7854706959715
22464,3151.1724857227005
22465,5299.4983072357845
22466,3152.69
22467,6547.944520764119
22468,4831.572754513937
22469,4901.689954320663
22470,8648.06285664731
22471,5369.836483925282
22472,5544.061240973788
22473,7051.821891414142
22474,4790.163539689324
22475,6007.110898569023
22476,8504.06
22477,4723.270972673999
22478,5439.42978868006
22479,3877.02512517507
22480,3170.1433459472423
22481,4656.863126579553
22482,4457.752745627173
22483,4429.16441229384
22484,7975.615726495726
22485,8537.00485587409
22486,6793.313505750365
22487,4371.894998735563
22488,3540.78554274019
22489,4392.059488466152
22490,4936.985519615192
22491,5548.075498544974
22492,2577.8015384615383
22493,6703.902666666666
22494,5250.754642002734
22495,7191.354354888166
22496,5052.578204852365
22497,3829.975
22498,3248.147
22499,2401.7563379120875
22500,8089.72
22501,5348.26
22502,5766.777662698413
22503,11355.696666666665
22504,6658.932488446792
22505,4386.3147222222215
22506,4808.12
22507,2312.7549999999997
22508,4145.37
22509,4191.1638095238095
22510,3278.1204761904755
22511,8056.834511904762
22512,4235.593067002229
22513,7965.42
22514,9909.25
22515,4719.178429252322
22516,5120.738000048306
22517,4588.918702292804
22518,4758.233846554038
22519,4423.321785714285
22520,9959.317181818182
22521,5480.546666666667
22522,6407.2964561694525
22523,3455.41
22524,4983.7965873160365
22525,4871.125909090909
22526,6288.76
22527,6383.191666666667
22528,5367.155
22529,6332.471592803465
22530,4273.02
22531,7713.424347194553
22532,6208.404595625064
22533,5410.970480852695
22534,8606.13
22535,6465.196761575743
22536,7370.109718152219
22537,3081.592593700604
22538,4957.08
22539,4380.101071428571
22540,7320.421391148325
22541,6753.006571583629
22542,6606.677219155844
22543,5686.368754844027
22544,7356.8585182836505
22545,4247.959666666667
22546,6706.197146825397
22547,6214.385746031746
22548,2659.34
22549,12380.45
22550,15633.24
22551,6770.42
22552,5979.597717639727
22553,6905.41
22554,7564.2
22555,7513.894583333334
22556,2892.7668945360197
22557,4147.409577922078
22558,5436.953938080239
22559,6913.905897435898
22560,2377.236951012589
22561,4074.3765555555556
22562,5135.021131105006
22563,4613.43818226601
22564,4617.9223168498165
22565,2687.213322344322
22566,2655.274210753626
22567,6068.268072250864
22568,3120.071686620671
22569,4197.17
22570,4971.240836934307
22571,4582.788571428571
22572,8239.181921550671
22573,9678.734981684982
22574,4043.306625
22575,5908.315537240538
22576,5585.5782183372185
22577,10311.16414069264
22578,4985.874813071747
22579,2628.609396103896
22580,4555.146535797536
22581,11712.52
22582,4127.707051873527
22583,6619.933845321346
22584,2043.8748571428569
22585,3516.8921515151515
22586,5495.532400522464
22587,6112.31
22588,4622.816111111111
22589,8339.954718253968
22590,8115.582134920634
22591,7451.266
22592,3751.145135442836
22593,10443.265
22594,1922.81
22595,3023.578277472527
22596,5792.76265852069
22597,4181.76
22598,9756.030209967319
22599,2496.819122025872
22600,4729.456964051674
22601,5332.040589417097
22602,7595.411097747341
22603,8222.93
22604,4520.397962566844
22605,3440.111304487179
22606,8669.050529045136
22607,7865.66930039139
22608,4319.384525735787
22609,4661.99417728925
22610,8093.745
22611,5599.182333333333
22612,4418.371099908299
22613,3515.913613636363
22614,6616.86666125275
22615,3903.1577727278363
22616,12453.884603174603
22617,7054.10013888889
22618,15452.104365079365
22619,6104.833098901098
22620,4187.27
22621,1903.5134509803922
22622,5947.416897721454
22623,5548.850333333333
22624,4204.43
22625,8974.792643274854
22626,5615.67
22627,2526.78
22628,6748.327706460208
22629,3333.2527542735047
22630,8287.28
22631,6484.852852564102
22632,6567.7880000000005
22633,7295.153
22634,4113.225896825397
22635,6796.618423256919
22636,7196.07
22637,4138.09
22638,5632.573333333333
22639,3912.8880841345463
22640,8654.659
22641,5240.47
22642,3452.96
22643,4959.66
22644,7492.705047156158
22645,5266.176992135837
22646,3805.975833333333
22647,4938.082582525365
22648,4832.61
22649,4303.92
22650,4768.69
22651,9175.2
22652,4556.206063551756
22653,3072.286908046962
22654,5955.53
22655,5033.446
22656,3239.7002193019925
22657,4524.574166666666
22658,7604.224285714286
22659,7125.93664034009
22660,9917.75
22661,7979.451142719457
22662,6852.33
22663,6194.1499464723665
22664,4117.5401334117305
22665,9153.230450525129
22666,6499.86112870349
22667,6726.0675
22668,5362.37
22669,5168.808882734236
22670,4287.63
22671,2009.66
22672,10956.12
22673,6783.04
22674,5212.435541993802
22675,4274.38
22676,1238.21
22677,7322.439399481798
22678,7049.56
22679,7885.68
22680,3479.2925
22681,6139.34
22682,4541.935888888889
22683,3700.06
22684,9008.75
22685,4642.43
22686,4220.65
22687,3539.7066666666665
22688,2442.66
22689,4320.83
22690,12415.4
22691,4980.41
22692,5098.43
22693,4835.049999999999
22694,3432.31775
22695,3158.01
22696,5354.68
22697,2687.0522301587307
22698,8456.31
22699,5478.08
22700,2652.304616161616
22701,7379.82
22702,2382.88
22703,3800.699583333333
22704,8848.82
22705,7517.376333333333
22706,9093.07
22707,2286.963333333333
22708,4749.1
22709,3690.55
22710,3958.31
22711,16512.73
22712,9739.18
22713,4587.79
22714,2923.25
22715,5022.04
22716,3708.47
22717,2285.5991666666664
22718,7419.95
22719,4292.78
22720,5264.301846895455
22721,6927.5
22722,4468.78
22723,4309.12
22724,5015.21
22725,6369.83
22726,6161.02
22727,2453.91
22728,4914.9672218067835
22729,6667.65
22730,7405.06
22731,5048.36
22732,6647.55
22733,3391.01753116071
22734,8020.55
22735,4523.423256255903
22736,2933.86
22737,4322.259466455442
22738,4257.17
22739,4397.355361026884
22740,6167.67
22741,3696.28
22742,7473.55
22743,4592.96
22744,6144.30683042249
22745,7281.83
22746,4157.595669628617
22747,6695.58
22748,6219.184615384615
22749,3034.2968849020226
22750,10251.48
22751,3647.52
22752,3169.11
22753,5925.603289622626
22754,9301.66
22755,7870.585478083063
22756,4292.702681179635
22757,4544.72
22758,5766.167642365527
22759,5937.322382653501
22760,4175.31
22761,8245.95
22762,2582.419166666667
22763,4378.580416666667
22764,3846.8386796536797
22765,2836.002
22766,4026.053983935988
22767,6734.64
22768,5924.332796536797
22769,4642.53
22770,4760.420768348256
22771,6219.024
22772,7149.978781512606
22773,4288.87
22774,4799.123914357133
22775,4426.83
22776,5817.533333333333
22777,4790.906855533603
22778,2805.4661349705802
22779,5369.48
22780,7402.924206349207
22781,5272.292520808978
22782,5221.203965253422
22783,2671.8
22784,8303.825238095238
22785,2952.95307377924
22786,8294.841904761905
22787,4969.79656060606
22788,4208.933237073017
22789,7169.939238095238
22790,3700.9764177090583
22791,3758.975
22792,7506.88
22793,2758.516867247015
22794,6019.95
22795,8911.342857142858
22796,6448.776676062477
22797,2354.5
22798,4455.82625
22799,3666.5944306606125
22800,3149.714064630365
22801,4437.891326189816
22802,5778.3325
22803,4209.98
22804,3946.781714285714
22805,5043.929614718615
22806,4478.569849506574
22807,10020.65
22808,4559.76
22809,5573.197511904764
22810,4183.675
22811,5784.471244709596
22812,6021.738833333333
22813,5701.948333333333
22814,7472.53
22815,7197.177102269078
22816,6938.710456140351
22817,4703.2737831765935
22818,5407.166427320738
22819,3832.642880488623
22820,4948.463089285715
22821,8064.970476190476
22822,5785.478215512787
22823,7081.87
22824,13963.01
22825,3455.5159803141105
22826,4370.09
22827,4081.3043721502
22828,7454.752750000001
22829,8373.945
22830,6613.516666666666
22831,6469.928295454546
22832,6693.424777777777
22833,6417.778911399313
22834,5180.534690476191
22835,4804.479805555556
22836,2720.351867215459
22837,4560.814192291412
22838,3447.8184410122426
22839,3236.0765517395157
22840,6534.408806249305
22841,17157.85
22842,4472.07
22843,2570.7
22844,4342.1180827479875
22845,3476.3875000000007
22846,6068.446666666668
22847,1763.02
22848,5476.37
22849,6152.647507936507
22850,3489.63
22851,10538.64
22852,10785.25
22853,4347.93
22854,5069.15073173315
22855,3735.6745238095236
22856,4077.9788114206413
22857,3833.27
22858,8309.406222222222
22859,3458.888804855276
22860,3921.373833333333
22861,4589.232861591064
22862,4531.897222222223
22863,5702.120980107393
22864,6266.546272727273
22865,2609.64
22866,7561.4
22867,6043.833174359215
22868,4631.479198773493
22869,3761.9131083604902
22870,3700.892523892622
22871,4486.8
22872,4563.345386871122
22873,8896.79
22874,3888.644323529412
22875,3405.053649745064
22876,6407.3
22877,5379.524241131418
22878,4982.795999999999
22879,5682.764607843137
22880,5792.960999999999
22881,9607.702700648959
22882,6176.593895258607
22883,5185.489228070175
22884,3601.2124047480074
22885,4204.958846789653
22886,6880.3724215187485
22887,3845.65
22888,4105.457127192982
22889,4793.02
22890,11387.33
22891,7135.49
22892,4348.93
22893,5194.883901439157
22894,4169.684095691945
22895,6114.79
22896,4772.655047619048
22897,8735.766488315956
22898,6036.62
22899,4357.461666666667
22900,3755.794509591333
22901,1854.17
22902,3810.2025604967644
22903,17717.62
22904,1895.580028420306
22905,4233.91625
22906,6741.08
22907,6964.605166666666
22908,5573.0441666666675
22909,6934.271
22910,5245.820833916085
22911,6579.827380952381
22912,2312.8614750957854
22913,7047.456158085937
22914,3743.945313766066
22915,5697.430814462877
22916,8133.668971861471
22917,3692.869797268161
22918,7870.007547619047
22919,5661.876666666667
22920,2945.036077586207
22921,6248.033833333333
22922,6132.7863333333335
22923,2727.552505835205
22924,7901.322188652721
22925,6162.826826330533
22926,4465.38129197995
22927,8411.051781681477
22928,7036.913614382108
22929,7441.82
22930,3951.317672954601
22931,3367.0118333333335
22932,4947.4383333333335
22933,3074.2529824561407
22934,5118.4
22935,2552.5477575657646
22936,5472.197891501509
22937,3089.8149076545874
22938,4936.460759917034
22939,4783.151360203251
22940,4229.92
22941,4800.2482222222225
22942,7473.932857142856
22943,4694.517372649158
22944,7382.47
22945,5200.2576591157385
22946,5519.899103195545
22947,7635.38
22948,6770.38
22949,3366.0965708020044
22950,4759.972134549307
22951,4930.7725
22952,4772.325615913755
22953,11124.654095238093
22954,5270.354789682539
22955,5754.588272103615
22956,8461.18980127066
22957,6314.71
22958,2086.6021282891998
22959,7988.45
22960,8065.38
22961,6625.21669358935
22962,6888.385604022724
22963,6892.512325942291
22964,7136.716586450776
22965,4843.126504095586
22966,4288.79122557593
22967,3773.6246062473824
22968,5222.91755419017
22969,7256.015944444445
22970,3417.5570330888295
22971,7563.0009879426125
22972,6430.873526044388
22973,4763.582219881398
22974,6544.251822374212
22975,4408.83
22976,6656.635435356685
22977,4113.21
22978,5072.666980298727
22979,4351.64
22980,3359.72
22981,6147.868749419085
22982,6103.908472222222
22983,7194.7501698918395
22984,5863.359166666667
22985,4103.356843872202
22986,5198.750439157655
22987,6064.674589704355
22988,7514.859613270062
22989,2765.47
22990,2860.1927398237003
22991,8361.493275868264
22992,5274.41
22993,3748.975631842173
22994,6977.5564513278005
22995,7094.2299919109155
22996,6050.175025389228
22997,4582.316690378248
22998,2183.361157397926
22999,5518.0
23000,5461.264568048381
23001,4582.64065901154
23002,8127.395458396058
23003,6470.05
23004,3597.4393010954377
23005,5598.69
23006,2641.9
23007,1188.3434615384615
23008,5535.163751534107
23009,8286.369189906585
23010,5021.76
23011,4361.585827284756
23012,3087.505881019402
23013,5154.528537546637
23014,7749.1892849771075
23015,5147.340547260103
23016,7716.089672128259
23017,4292.416155743667
23018,4416.211951009067
23019,3174.5870190079045
23020,5673.478573696142
23021,3221.945915143352
23022,2213.3603788889504
23023,3695.8425249594043
23024,3296.928892772476
23025,7059.6
23026,3992.8697511858877
23027,4074.814721583595
23028,4965.448330063002
23029,7539.321997002999
23030,4655.25
23031,3760.8314448606952
23032,9084.573943501675
23033,8002.24
23034,6457.745017318378
23035,2022.5312847824691
23036,5356.28
23037,4381.087526530375
23038,3225.255237179487
23039,8599.428386155272
23040,8764.66588731444
23041,6141.71
23042,5772.075670939699
23043,5291.124351712614
23044,7181.288222222222
23045,9872.43
23046,2786.6763586956517
23047,3693.9266666666663
23048,4658.2454498505995
23049,5454.4
23050,5339.156666666668
23051,12042.82
23052,6238.816024001537
23053,5701.95
23054,2513.558692710515
23055,5696.571
23056,7220.22
23057,3090.3809616100275
23058,5581.214760161825
23059,2965.6704441045063
23060,6266.437881080698
23061,5032.622867647058
23062,5181.55
23063,5779.595445380734
23064,3531.14
23065,4637.115875149703
23066,6481.519771460247
23067,4547.11
23068,7728.18
23069,5219.02
23070,7269.014855977355
23071,4884.018571428572
23072,3398.57
23073,7386.49
23074,2458.4229254079255
23075,9910.787142857143
23076,4998.68689285376
23077,4083.425213620956
23078,6048.839900560224
23079,4599.372376676986
23080,3877.69
23081,5596.18
23082,2736.47
23083,2928.2749896480327
23084,4967.396231738961
23085,5674.456233333333
23086,9861.689987179485
23087,4945.208781215801
23088,5234.776324575807
23089,3472.8802777777773
23090,5186.9735605825335
23091,3056.9919999999997
23092,8883.95
23093,6643.73
23094,11437.73
23095,5046.02
23096,4449.48
23097,6230.51
23098,7401.03
23099,3027.98
23100,8157.1
23101,7047.11
23102,4500.06
23103,5391.39
23104,4116.56
23105,2821.72
23106,4605.66
23107,3178.12
23108,2631.19
23109,7658.9
23110,5638.31
23111,20687.05
23112,6169.48
23113,4196.92
23114,6887.64
23115,10594.95
23116,5140.62
23117,7005.75
23118,5135.39
23119,8092.57
23120,7960.51
23121,6488.83
23122,5903.4575
23123,7269.09
23124,7913.12
23125,7281.58
23126,7823.41
23127,5820.2
23128,5722.72
23129,5912.54
23130,10004.52
23131,10136.04
23132,9657.75
23133,7368.82
23134,4481.35
23135,6428.03
23136,4819.93
23137,8046.21
23138,10171.14
23139,8964.94
23140,6061.38
23141,4800.23
23142,5139.66
23143,5628.94
23144,10808.9
23145,7291.51
23146,5259.96
23147,6575.39
23148,7811.89
23149,3977.18
23150,7439.98
23151,4520.93
23152,9070.97
23153,8309.52
23154,5566.58
23155,7537.65
23156,7769.06
23157,5547.57
23158,6465.94
23159,8090.71
23160,11195.13
23161,6223.72
23162,7127.51
23163,7629.83
23164,9543.22
23165,6420.30513939296
23166,8766.08
23167,5177.86
23168,4811.79
23169,5812.92
23170,6602.687215756503
23171,8350.780131522024
23172,7536.282299544157
23173,5405.44
23174,7229.39
23175,7639.56
23176,9481.3
23177,4332.2
23178,12835.14
23179,4835.306666666667
23180,6583.535661683278
23181,8269.750261279769
23182,6247.7
23183,6052.62
23184,7239.002489867303
23185,7222.290233887589
23186,5821.20801565942
23187,5197.990238132457
23188,8994.669998158273
23189,8091.466118762493
23190,7329.856803533173
23191,4531.29
23192,6819.126649775227
23193,9981.234512014778
23194,6654.85
23195,4842.19
23196,7365.170765424747
23197,6042.086205154046
23198,7535.861515424749
23199,7899.982269803798
23200,4114.679350331042
23201,7986.544716817884
23202,6011.72
23203,7243.364523809523
23204,8213.94
23205,4831.09
23206,6471.405412912913
23207,6343.2276212121205
23208,7835.225236425728
23209,10199.622277777778
23210,4636.8
23211,4533.89
23212,7306.756145139371
23213,6038.7357669552675
23214,7745.58
23215,10442.440285714283
23216,7783.374606320788
23217,6918.399285714287
23218,5327.566246302391
23219,4594.164358294931
23220,6267.302568542568
23221,9301.18
23222,8032.522666666666
23223,8400.447595589607
23224,8148.4759487642095
23225,6353.403428571428
23226,9593.431032016677
23227,5793.513224025974
23228,8080.578732142857
23229,8266.625418394018
23230,7979.029155483407
23231,9943.4
23232,8295.817137469876
23233,9065.338548711383
23234,6699.8760231324995
23235,7599.03
23236,7705.267231394529
23237,7009.591329365079
23238,4592.64
23239,5297.834166666667
23240,7962.265333333333
23241,6668.92625
23242,5117.1
23243,9124.607
23244,6890.11375
23245,6331.226109307359
23246,6067.709192640693
23247,5343.9979448051945
23248,6585.22
23249,6877.289342105263
23250,7499.972403846154
23251,6354.464360728243
23252,5707.865737179487
23253,6787.883274943024
23254,4139.133403846154
23255,6977.205555555555
23256,5146.77701754386
23257,8527.476710526316
23258,7784.517979288881
23259,7078.933722878624
23260,7305.785327060373
23261,5204.141905652989
23262,5953.779875293412
23263,10968.06
23264,7737.822196209196
23265,7767.029774585194
23266,7833.143791208791
23267,5837.85852056277
23268,6643.687896956897
23269,6401.021603896104
23270,7449.746
23271,10809.369285714287
23272,7133.81
23273,3914.045714285714
23274,5058.27
23275,8509.871040795675
23276,9480.14
23277,7575.31
23278,7399.98
23279,4439.335
23280,5444.11
23281,3369.5325
23282,4991.797321428571
23283,6765.4890089147575
23284,7368.381294765614
23285,6510.878000000001
23286,9652.636666666665
23287,8371.593795787561
23288,8550.127882327355
23289,7513.984231450043
23290,5994.1008646774935
23291,8926.216666666667
23292,11166.78
23293,6623.01771846439
23294,8047.997590307615
23295,5767.186890978399
23296,7060.771734982666
23297,4448.186283094098
23298,7616.346010269039
23299,5454.193412810085
23300,8390.56
23301,6925.344285714286
23302,8276.842925458857
23303,7820.97
23304,6120.442743772303
23305,9016.451595238095
23306,18144.23
23307,10560.024701444263
23308,5373.94
23309,3538.688333333333
23310,6576.903453414352
23311,9404.64
23312,5658.082237859058
23313,11409.85
23314,20349.7
23315,4234.74
23316,5042.921032052349
23317,8963.145
23318,5005.756914168581
23319,9284.39
23320,6837.385327044026
23321,7467.001666666666
23322,3872.32
23323,8599.78869282891
23324,6831.7822404053
23325,7560.365333333333
23326,9063.822240405301
23327,6538.5176200510605
23328,6810.79687508856
23329,7672.629456553404
23330,5870.050872350526
23331,5591.123403487028
23332,8930.37
23333,5948.2802621093615
23334,5909.619990990219
23335,7438.260448854549
23336,5722.703344561017
23337,5628.3461673917645
23338,6584.381634337885
23339,6842.136293290043
23340,10279.08888630891
23341,7492.491030478868
23342,7902.492666666666
23343,6347.323333333333
23344,4164.288537583323
23345,5903.479702906395
23346,6567.523647727273
23347,5499.739388033655
23348,5231.463039215686
23349,8653.379642857144
23350,7817.514481178398
23351,10421.132333333335
23352,5892.73
23353,5766.957843137256
23354,5276.0861904761905
23355,4869.63
23356,10666.5
23357,6642.81
23358,8688.57
23359,14294.94
23360,7545.4877715239945
23361,6895.458571428571
23362,5346.87
23363,4767.32
23364,7819.2
23365,4731.04
23366,5143.943023809524
23367,10077.086302840435
23368,5874.9264193753015
23369,14757.36
23370,13202.36
23371,5518.584400768501
23372,7367.155929596719
23373,6726.696283327782
23374,6809.351165040137
23375,5407.345
23376,8288.677912934334
23377,7825.64
23378,8640.189994227992
23379,5527.88
23380,6972.568729566487
23381,5437.262923635095
23382,10163.51846153846
23383,7574.617857142857
23384,6378.7600779220775
23385,7214.15678579502
23386,5372.31
23387,8363.784672537906
23388,9141.174613439922
23389,6414.906612180606
23390,10608.953863636363
23391,6525.0170264915805
23392,7794.800246748122
23393,5229.869126040627
23394,5818.61
23395,5886.726951490162
23396,9672.704694041935
23397,7137.043624975218
23398,8282.016233333334
23399,7016.619624975217
23400,8410.36352775841
23401,5581.110669962493
23402,10118.704
23403,6462.97
23404,4039.65
23405,14431.71
23406,16679.71
23407,9063.18
23408,7810.125803009457
23409,9006.17888888889
23410,10159.252857142857
23411,10758.326666666666
23412,6268.19
23413,7931.2715
23414,6187.295582530239
23415,9072.79
23416,4211.5375
23417,5584.169787893696
23418,6420.263887543369
23419,6170.67
23420,7480.92
23421,4650.322323529412
23422,4826.806904761906
23423,6313.563673338856
23424,4560.08
23425,4644.61
23426,6297.329235069607
23427,6873.237916666668
23428,8978.601721474013
23429,8927.763435759729
23430,7662.346007936507
23431,6577.017204759298
23432,6649.462992638087
23433,11212.228723405455
23434,7662.165394083695
23435,5974.891666666666
23436,6028.911925648667
23437,9682.026685263316
23438,5109.009271886116
23439,6495.66380902902
23440,3948.716224702969
23441,4818.764357142857
23442,8385.811983624219
23443,8808.4
23444,6777.453063876584
23445,8763.419496649582
23446,9161.197712677456
23447,11400.375454545454
23448,6220.630535747666
23449,12480.760909090908
23450,2965.461818181818
23451,5017.876220382395
23452,6867.808809523809
23453,4668.25
23454,8198.158778667299
23455,5311.72693862265
23456,5066.595822819396
23457,8777.338302951113
23458,10733.399304645392
23459,8099.929666666667
23460,5422.186688850683
23461,6772.278623617096
23462,10459.572327600812
23463,7346.840561479963
23464,5591.527058592292
23465,6282.1040601283485
23466,7669.556
23467,8816.60824509804
23468,5301.202434524484
23469,5693.796585470084
23470,7471.130622374631
23471,9143.133462537464
23472,12478.834428571428
23473,7198.223027105112
23474,16092.783333333335
23475,8402.796168320927
23476,5553.747099570202
23477,3667.030664781297
23478,6379.751776143791
23479,7526.205599545689
23480,5471.885380271959
23481,9350.012389978088
23482,6505.063955836879
23483,4482.398454545455
23484,7679.096955045073
23485,3819.5513174603175
23486,8107.188999825003
23487,7297.607411394281
23488,8223.186170820674
23489,8539.054614647235
23490,5781.629829236553
23491,9769.34460839161
23492,7423.210679691654
23493,5163.866339370282
23494,6408.504341024096
23495,5993.00756439394
23496,9408.61556641604
23497,5670.763997590073
23498,4288.521086391538
23499,7472.405773931512
23500,8959.184790813848
23501,6965.683373730458
23502,6356.984031009467
23503,8775.137896354772
23504,5319.714995520826
23505,5532.54
23506,6557.794605760282
23507,9866.204290110787
23508,5828.145850714998
23509,6202.357839992385
23510,7856.492864184863
23511,6386.141307440953
23512,4600.695654361136
23513,6025.4
23514,9826.409962247815
23515,8552.928691952118
23516,11064.405499710649
23517,11887.75638888889
23518,8617.603499710649
23519,7103.217023809524
23520,5390.408862745098
23521,10070.693857142858
23522,9884.923714285715
23523,8872.381666666666
23524,8430.001666666667
23525,9124.863291316526
23526,5472.963333333334
23527,3336.95
23528,11730.6625
23529,6060.546728985077
23530,6324.170666666667
23531,7438.16
23532,3164.86
23533,11108.657777777778
23534,5807.9742289850765
23535,5638.374228985077
23536,5545.73
23537,6183.924288508887
23538,5939.558000000001
23539,7958.34
23540,7036.786666666668
23541,4533.736684895834
23542,6475.84
23543,3995.43
23544,3147.65
23545,7251.77
23546,16314.07
23547,5187.321666666667
23548,5599.237121295371
23549,6798.177991324465
23550,5257.376666666667
23551,5362.276666666668
23552,5244.838454628705
23553,4008.0677777777773
23554,9352.832
23555,7415.729367759335
23556,4864.95
23557,8974.812
23558,5538.725
23559,5039.872083333334
23560,10297.45
23561,8417.7
23562,9158.780666666667
23563,5183.495
23564,7068.6
23565,4897.49
23566,6535.762951092669
23567,14610.49
23568,8465.071083745102
23569,7104.117984178005
23570,5415.97218487395
23571,4903.664583051355
23572,6502.18
23573,4336.617
23574,8662.005486842105
23575,5165.221666666667
23576,6296.17
23577,8082.005855043011
23578,5447.91
23579,6381.255
23580,6447.165
23581,9737.75
23582,7954.85
23583,4278.035
23584,6044.0
23585,7472.625648460379
23586,9076.890114718613
23587,9256.344670587865
23588,7231.254815127045
23589,5116.786767335003
23590,7348.340092904823
23591,6165.753321266967
23592,5174.81375
23593,7287.043225609355
23594,7325.005333333332
23595,6565.547470269557
23596,6138.357881458014
23597,5733.352297008548
23598,10837.433436147185
23599,5908.780572108179
23600,6571.0459342327995
23601,9034.50880952381
23602,6313.391776939023
23603,9731.423455930206
23604,7292.233007407407
23605,5265.6575
23606,11030.910801555332
23607,6333.18153943279
23608,3957.5137292152294
23609,8359.818000000001
23610,10894.246000000001
23611,10039.023000000001
23612,5652.406
23613,6511.732861111112
23614,7476.262857142857
23615,7837.6725
23616,6588.318609686367
23617,8299.30347057215
23618,3938.93
23619,6220.303416736507
23620,6909.357921136702
23621,4833.67
23622,5367.953333333333
23623,6750.706589177122
23624,8259.609800724638
23625,5282.056
23626,7989.2639673913045
23627,7210.285826227536
23628,8529.430812589177
23629,6149.336428571429
23630,7536.239275043835
23631,6234.730555555555
23632,7970.263700432692
23633,9048.541351378373
23634,3984.950153968255
23635,7272.04
23636,9909.95559765906
23637,7353.337312348935
23638,4775.462661782698
23639,3591.47
23640,8178.440027311364
23641,6179.137524731445
23642,8679.687337725823
23643,7663.275015849742
23644,5610.643157263245
23645,8912.189928045178
23646,6378.499945114809
23647,7137.429942804014
23648,8780.54
23649,5883.915769282308
23650,8682.37
23651,11279.413869047621
23652,7560.45375
23653,4256.45
23654,7309.44
23655,5546.194971916972
23656,3413.84325
23657,8141.691947598697
23658,6821.206111111112
23659,8541.345920321637
23660,5743.653958333332
23661,9092.65893897365
23662,8007.480618226676
23663,10280.292083333334
23664,5605.5128684236415
23665,7682.612153594772
23666,6147.047160282368
23667,7922.156579853501
23668,6357.074659393808
23669,7386.520989010989
23670,8638.61511111111
23671,9532.838241679367
23672,7291.709278767164
23673,6897.426442290885
23674,6552.001200871691
23675,4932.584194805195
23676,5386.558846153846
23677,10759.716903954803
23678,9193.374
23679,8734.581666666667
23680,15577.56
23681,6172.771481490652
23682,6684.831695746694
23683,5937.482331162245
23684,8508.21556027929
23685,9179.292956905652
23686,7325.508434123122
23687,7102.769330181989
23688,7931.07757138115
23689,8016.556445488203
23690,6762.159203740313
23691,6153.8838944511235
23692,6051.895871607782
23693,6435.6892600225865
23694,3519.0932656248274
23695,5492.584062051971
23696,8604.986122648745
23697,16534.72
23698,6059.305
23699,4641.17
23700,7592.886791672486
23701,4205.339085470086
23702,6600.515553363303
23703,4095.072
23704,8711.638
23705,6765.355553363303
23706,7391.63880952381
23707,14347.051307189542
23708,11853.32
23709,7408.605333333333
23710,8454.255076747737
23711,3903.1106208236206
23712,5780.141425724965
23713,5418.611662910618
23714,8208.615968024915
23715,5078.733861445783
23716,4565.559729929678
23717,6141.639506575863
23718,5717.736069444443
23719,9315.058315899763
23720,6956.118920975422
23721,3264.4933333333333
23722,7596.695994540745
23723,7507.74299482127
23724,8123.7165
23725,5438.367796296296
23726,4973.401051198257
23727,7756.627920820103
23728,5777.086666666666
23729,9673.743994258686
23730,4566.173827796234
23731,5342.434526208933
23732,7094.004953449947
23733,5986.905126041849
23734,4504.285222222222
23735,6547.2073293811445
23736,7780.784697802198
23737,9659.092690476191
23738,9574.633928571428
23739,6380.562696134473
23740,3943.0492857142854
23741,5601.747261904762
23742,8032.448
23743,4724.688555555555
23744,6604.1665
23745,6647.84555430205
23746,12967.556192445485
23747,8673.416873349852
23748,6590.707590400033
23749,7063.135
23750,4787.778888888889
23751,9192.597683040625
23752,5746.1325
23753,12320.716999999999
23754,6932.391305555555
23755,5654.678448822646
23756,6736.834837759892
23757,4711.712166666667
23758,6850.970690140845
23759,16055.638403792847
23760,4614.803228418356
23761,5561.748263366935
23762,11011.897085858584
23763,6906.231152014652
23764,6544.7320432196375
23765,8221.117279304031
23766,6454.88204789644
23767,7147.420354059548
23768,4431.229514563107
23769,9100.515072493787
23770,6080.007735185889
23771,6705.895522197677
23772,7454.38903837263
23773,4550.687145493395
23774,8362.579514563107
23775,6477.400307593306
23776,3820.900212355212
23777,8492.825652460264
23778,9666.809073649301
23779,4304.47007996633
23780,7473.943246916689
23781,7403.516762426353
23782,5876.298307404449
23783,8743.48915251203
23784,6991.954293114242
23785,9779.488794017094
23786,4597.547634920635
23787,5450.478051948053
23788,6215.566861954638
23789,4598.35625
23790,7618.080694462901
23791,4105.877159090909
23792,6369.20820012912
23793,4850.610680507917
23794,7257.618384919844
23795,6098.462249361977
23796,7080.846380490557
23797,7019.128781608031
23798,8511.485976646654
23799,7187.410509213759
23800,7285.43544960187
23801,6706.911244656421
23802,9498.329334971335
23803,9267.345503787137
23804,6909.537483246634
23805,3576.887712355212
23806,5807.514333047334
23807,7473.253933614154
23808,5095.729736486486
23809,9744.842682471051
23810,6582.364739888951
23811,6706.797079079079
23812,10140.057343629345
23813,6654.244733110227
23814,4740.308566061419
23815,11828.509699521492
23816,10434.567824834892
23817,5981.488402831402
23818,8652.025302761409
23819,9944.46463876214
23820,7546.245158605735
23821,5706.371008083341
23822,7192.989326196603
23823,6225.125067764252
23824,6265.822789177219
23825,7823.354442366706
23826,5657.973890507241
23827,7217.75114275991
23828,7740.108697483777
23829,6691.429892778273
23830,7957.591788143118
23831,5688.36456472334
23832,6736.157459978612
23833,4909.283286402102
23834,7893.821811814048
23835,7397.480586660506
23836,6021.331253770639
23837,7071.993806406722
23838,7501.974270486859
23839,8990.899515710871
23840,6561.499904999738
23841,5297.054093216167
23842,7077.610202433316
23843,7203.498747414178
23844,7436.479783792398
23845,4562.701733710521
23846,4335.485895654386
23847,7769.709962691803
23848,6406.64
23849,6063.143975956098
23850,7937.3901928076275
23851,7211.02975625082
23852,6722.126587357751
23853,6141.933644336598
23854,3840.7805141846848
23855,7249.145164866409
23856,6928.099240575361
23857,7175.867835988865
23858,9589.134302823199
23859,8629.013150169974
23860,4933.456312706501
23861,8498.596665885647
23862,3735.1103979580967
23863,3165.894926822168
23864,7195.697304110591
23865,11560.02472062091
23866,7971.619681581744
23867,7453.984488550848
23868,5343.5945076240705
23869,7381.631633613351
23870,8445.034775090937
23871,5694.21601150283
23872,8506.67686744004
23873,6314.349977845553
23874,4688.699047409818
23875,6167.188375078265
23876,6036.156344157774
23877,5783.794778951191
23878,5000.903874085633
23879,5739.70945332095
23880,3906.2066985165766
23881,7381.117795476037
23882,8009.9700264286275
23883,5864.7768278297735
23884,6200.20877097032
23885,7798.746599079597
23886,5663.238908228332
23887,5385.718939393941
23888,8821.048921985617
23889,8491.312932038329
23890,7142.3889347043805
23891,4237.532282967033
23892,13779.866524169529
23893,6533.754290096537
23894,5916.876309630486
23895,9658.37427337976
23896,8200.548666666666
23897,7662.253668824976
23898,6552.459313725491
23899,6871.4545
23900,10792.59
23901,13967.112299883629
23902,5675.894047619048
23903,4981.88
23904,5918.068726285153
23905,6918.098699004619
23906,6654.2425
23907,9069.588616103425
23908,9076.11351082251
23909,6800.185
23910,4031.0462433862435
23911,6694.152148351648
23912,8745.567649570701
23913,5191.143378787879
23914,7390.43219129237
23915,4663.247662337662
23916,8001.578857959035
23917,7471.55303030303
23918,8008.501139293026
23919,8201.497678571428
23920,6589.1744245422315
23921,5335.782497480297
23922,7345.302699500499
23923,7882.487337618344
23924,8090.59123873874
23925,7644.048319580828
23926,7864.439852675103
23927,6699.72
23928,4513.484958880002
23929,9614.444540350038
23930,5341.013142857143
23931,10703.25316666667
23932,6503.464288461539
23933,4751.706666666666
23934,6571.304
23935,6277.096523809524
23936,7342.645237423395
23937,7184.910791797164
23938,3874.5
23939,4901.554945887446
23940,7306.854
23941,8066.85
23942,9774.4
23943,5447.169666666667
23944,6000.642970238096
23945,6499.874666666667
23946,6026.132047619047
23947,5855.897777777777
23948,10383.12
23949,9438.02
23950,12207.44
23951,5002.05
23952,5952.85
23953,8195.99
23954,8787.4
23955,6002.9
23956,10414.51
23957,7157.33
23958,5127.44
23959,7624.93
23960,4796.57
23961,5249.78
23962,6972.13
23963,5632.74
23964,5250.33
23965,9264.34
23966,7130.39
23967,21549.13
23968,7102.84
23969,4287.41
23970,7371.24
23971,10392.25
23972,6259.8
23973,6862.58
23974,5155.071666666667
23975,8152.26
23976,8233.15
23977,5281.27
23978,5833.3975
23979,6863.44
23980,8118.79
23981,7278.46
23982,8904.33
23983,5884.27
23984,4464.52
23985,5775.75
23986,8651.6
23987,10531.46
23988,10340.66
23989,7557.78
23990,5464.07
23991,5919.39
23992,4950.24
23993,8115.07
23994,10200.38
23995,8680.39
23996,5543.55
23997,5324.99
23998,5631.48
23999,5320.91
24000,10877.1
24001,7336.73
24002,5203.13
24003,6048.36
24004,8086.23
24005,3732.29
24006,6963.33
24007,4390.77
24008,6917.61
24009,7952.98
24010,5177.25
24011,7618.96
24012,7649.96
24013,5277.18
24014,6402.3
24015,7790.49
24016,11572.74
24017,5979.83
24018,7830.49
24019,7563.77
24020,9900.28
24021,6307.903556596638
24022,8565.07
24023,5249.59
24024,5071.67
24025,6637.02
24026,6245.544621397004
24027,8345.373840108847
24028,7458.627058079112
24029,5689.15
24030,7227.448787878788
24031,6837.568787878788
24032,9722.58
24033,3840.6784615384613
24034,12866.34
24035,5003.758461538461
24036,5853.64520970696
24037,8337.164791957424
24038,6390.55
24039,6119.53
24040,6217.644057150905
24041,7180.161614224807
24042,5233.208639265875
24043,5041.313835037046
24044,8639.216310651846
24045,7971.990347541661
24046,7904.351178078254
24047,4574.4
24048,6624.85179372163
24049,9480.661391004847
24050,5883.1
24051,5234.23
24052,6804.913532036368
24053,5758.391449561977
24054,6646.998881621231
24055,7121.857084825966
24056,3877.8206471861467
24057,8026.83080780744
24058,6196.3
24059,7233.430407593504
24060,8553.53
24061,3736.6412777777773
24062,5637.113476232444
24063,5079.589607843137
24064,7614.61813305572
24065,9503.771772727274
24066,4790.77
24067,4857.31
24068,7198.253669901177
24069,5718.217842372483
24070,8168.35
24071,7981.007475729138
24072,6976.108446651388
24073,7191.494000000001
24074,5432.182787960292
24075,4357.148957806531
24076,6743.342990969604
24077,9018.53
24078,8230.6015
24079,8251.912624987448
24080,8154.1640044135775
24081,5617.963547619048
24082,8904.926551910601
24083,5409.045015692641
24084,8407.87861729503
24085,8360.622941892632
24086,6804.455050459482
24087,10163.03
24088,7851.515656834854
24089,8059.032075971893
24090,6099.785335857566
24091,7676.17
24092,7496.969029096632
24093,6549.242481818182
24094,4063.0268
24095,5468.038214285713
24096,7363.489648148147
24097,5855.972314814815
24098,5029.0829814814815
24099,8716.687314814815
24100,6904.128981481481
24101,5688.708910742036
24102,5509.744306485182
24103,5371.565159090908
24104,7672.2575
24105,7105.555175438595
24106,7710.612403846154
24107,5711.211809656908
24108,5040.854903846153
24109,6690.080765295519
24110,3517.0579752747253
24111,6173.875259740261
24112,5083.171779448621
24113,8839.1585
24114,6413.372198892376
24115,6470.49553222571
24116,6823.490105313302
24117,5213.4748952450245
24118,5369.463400389092
24119,10582.64
24120,6351.7192247101075
24121,7474.198607832585
24122,7260.818632478633
24123,5715.695432539683
24124,6444.090049267691
24125,5165.047333333333
24126,8284.15
24127,11257.739285714286
24128,7422.36
24129,3304.545
24130,4841.21
24131,7876.104833376588
24132,8227.640833333333
24133,6444.895
24134,7439.1275
24135,4716.767666666667
24136,5449.8
24137,3252.7175
24138,4923.860508241758
24139,6335.145928754813
24140,6932.2728392991285
24141,6866.9
24142,10764.61
24143,7478.243894125772
24144,8763.786113362601
24145,7148.086854374311
24146,5727.551924233237
24147,8764.043333333333
24148,9967.438333333334
24149,6520.231495464203
24150,8039.912513735096
24151,5893.855507490257
24152,6524.880005789575
24153,3840.2170098858255
24154,7409.937280109498
24155,5062.173943083324
24156,8537.78
24157,7035.6635
24158,8443.692533567355
24159,8819.39
24160,5335.823167498719
24161,8688.807744588743
24162,18820.69
24163,10433.372399641577
24164,5577.24
24165,2929.9174599567104
24166,6002.083635531136
24167,10492.72
24168,5232.248279975119
24169,11559.49
24170,19499.93
24171,3527.09
24172,5165.923293405609
24173,9139.851999999999
24174,5018.360063655499
24175,9277.23
24176,7069.2668270440245
24177,7781.763333333333
24178,3222.51
24179,6739.5277380952375
24180,5726.038486762788
24181,7561.516
24182,8551.165986762791
24183,5969.046832000884
24184,6073.854553775079
24185,6835.959820550518
24186,4627.106866666667
24187,4744.000439372352
24188,7400.6425
24189,5782.595375113488
24190,5720.57914685768
24191,6547.748718622292
24192,5893.340347134131
24193,5959.669310406598
24194,6842.478735886368
24195,6931.6621394272715
24196,8124.56888118139
24197,7759.141430552188
24198,7762.465999999999
24199,5816.369446428573
24200,3457.9063886639674
24201,6490.132071261601
24202,6890.024464495177
24203,5457.3646664417465
24204,4826.769125358009
24205,8736.776789605525
24206,8138.500740397642
24207,10068.720833333333
24208,6189.28
24209,5645.05526261291
24210,5249.709359951846
24211,4530.2
24212,9283.914419475655
24213,5303.477764705883
24214,8158.941999999999
24215,14651.15
24216,7071.882576454012
24217,8494.87
24218,5005.627764705882
24219,4401.497764705882
24220,7414.007764705882
24221,4890.263333333333
24222,5443.790357142857
24223,10501.589195861448
24224,5654.306336833629
24225,15705.54
24226,13825.58
24227,4717.307219947737
24228,7343.76992093871
24229,6861.981601053918
24230,6669.2418594645815
24231,5623.995
24232,8242.576687280642
24233,7035.8242424242435
24234,9623.42292115085
24235,5313.26
24236,7018.850394272694
24237,5200.819481633683
24238,9205.07
24239,6770.075757575758
24240,5997.368888888889
24241,6663.032627937071
24242,5203.58
24243,7549.0870081864505
24244,10041.750515037593
24245,5703.444182076654
24246,9013.5475
24247,6546.490188530309
24248,8373.823477053278
24249,5329.418673659674
24250,5503.29
24251,5817.665717668381
24252,9461.295777305317
24253,6877.932444893378
24254,7724.554652173913
24255,6770.038806365239
24256,8225.90169748167
24257,4623.363667637101
24258,9319.68773015873
24259,7253.652042124541
24260,3879.177272727273
24261,13657.6
24262,17571.66
24263,7394.544137931034
24264,7194.920028815989
24265,9445.263333333334
24266,10170.61
24267,10951.304166666665
24268,6128.83
24269,7372.717999999999
24270,5823.450973105088
24271,8129.298637931036
24272,3914.9040000000005
24273,5978.906888389502
24274,5834.404238221535
24275,5742.57
24276,7515.84
24277,4955.452450802139
24278,4994.7185714285715
24279,6283.3847444300245
24280,3698.73875
24281,4477.49
24282,5894.1232639815535
24283,6065.66
24284,8693.231298815555
24285,8204.727259854517
24286,7902.377972222222
24287,6032.710686041963
24288,5979.369110645136
24289,12648.331437517276
24290,8370.10919090909
24291,5003.290726190477
24292,5551.091373740574
24293,8920.84652412481
24294,4457.213676886512
24295,7036.070429894122
24296,3818.1302188142167
24297,4900.8534682539685
24298,8674.606771503006
24299,7833.5669543147205
24300,6378.594502188137
24301,8315.061775823979
24302,9433.424372804233
24303,11836.115454545454
24304,6033.031216700048
24305,8477.305
24306,3035.19
24307,4902.038492013134
24308,6295.262789632181
24309,4511.026666666667
24310,8405.257064885025
24311,5316.697631574436
24312,5009.842890624779
24313,8008.971592989379
24314,11023.132586417967
24315,10233.503333333332
24316,5334.835754762841
24317,6779.490888739361
24318,11144.167296656824
24319,7568.962980080657
24320,6338.840002153539
24321,5725.923360289079
24322,6523.057777777777
24323,9883.415535444949
24324,5039.180943622413
24325,6216.0578078898225
24326,7273.474213424737
24327,7930.955078477078
24328,13293.757964285714
24329,6163.769995098726
24330,14683.588666666667
24331,6457.165521903047
24332,5323.944097427902
24333,4019.9729175579323
24334,6525.396053921569
24335,6850.795050041575
24336,5245.533663843945
24337,7455.498199559699
24338,5964.028183472334
24339,4549.396612554113
24340,7415.484208468897
24341,3389.8496428571434
24342,8020.804832415739
24343,7003.079064085503
24344,7701.4202321271405
24345,7872.563000331418
24346,5310.820996921237
24347,9438.60554954305
24348,6910.448735247209
24349,5099.385434001115
24350,6222.757883098766
24351,5663.768560093502
24352,10353.049447368421
24353,5842.065597381489
24354,4565.976550179212
24355,7049.724465003849
24356,9177.249045257267
24357,7507.302600360534
24358,6421.163722187759
24359,8582.689585132064
24360,4987.156776369688
24361,5205.88
24362,6257.43854405299
24363,8452.647049449894
24364,6734.8469770299425
24365,6470.80520762654
24366,6276.577861111111
24367,5873.340811688311
24368,4368.780043250025
24369,5544.528287648054
24370,8765.444523809525
24371,9319.667051791936
24372,10539.19369047619
24373,11817.88888888889
24374,8153.0585
24375,7410.835714285715
24376,5621.988862745098
24377,9918.592428571428
24378,9290.791277777776
24379,7869.638287648055
24380,8961.83
24381,8730.806944444445
24382,5200.906666666667
24383,3648.552
24384,11145.995
24385,5935.011491341991
24386,7017.7
24387,6660.035
24388,3196.6
24389,12092.23111111111
24390,5884.803491341991
24391,5392.2847792207795
24392,4558.745
24393,5763.431088744588
24394,6114.54357142857
24395,8619.07
24396,6726.17
24397,4938.953333333333
24398,5800.660287648054
24399,4218.66
24400,3291.71
24401,6729.986954314721
24402,16285.2
24403,5505.66
24404,5739.094278091474
24405,6237.162997734722
24406,5142.986666666667
24407,5181.06
24408,4450.890888481084
24409,4046.38
24410,7081.46695431472
24411,7382.969760061
24412,3910.61
24413,8554.61
24414,5505.08
24415,4714.626969696969
24416,9745.74
24417,8476.19
24418,9888.298416666667
24419,5319.01
24420,7495.46
24421,4575.61
24422,5571.994329946179
24423,15405.75
24424,8271.408198264697
24425,6601.2811003209745
24426,5817.756470588235
24427,4383.962918470418
24428,5201.14
24429,5109.483333333334
24430,11595.722258386055
24431,5114.73
24432,5688.93
24433,7183.204999360325
24434,4397.93
24435,6340.99
24436,6819.455
24437,8954.16
24438,6762.45
24439,4039.32
24440,5595.94
24441,6874.006849821458
24442,8795.269
24443,8599.178944444444
24444,6733.434535604204
24445,4879.864833333333
24446,6875.053078423478
24447,6269.061623263217
24448,4608.876666666667
24449,7139.506948947375
24450,7428.8259761904765
24451,6313.034117288951
24452,5744.7274960647155
24453,6014.31026984127
24454,7077.84
24455,5508.92364786968
24456,6509.833041708878
24457,7175.308904761905
24458,6216.417182855008
24459,10037.539184951354
24460,6417.34625
24461,4836.770935897436
24462,11558.840515676955
24463,6864.962698412697
24464,3624.0725158036407
24465,7993.126952380952
24466,8863.054333333333
24467,10530.2375
24468,5695.555
24469,6087.3678080808095
24470,6094.443771929824
24471,6979.955681818181
24472,6230.727633137389
24473,8217.254541856231
24474,3643.8
24475,6481.197713538234
24476,6740.200849779958
24477,5425.77
24478,5047.08
24479,6701.261320054156
24480,8012.4125
24481,5337.0723333333335
24482,7992.3525
24483,6448.84593558301
24484,8560.16467752372
24485,5552.55
24486,6441.970565476192
24487,5825.864999999999
24488,7516.6073214374455
24489,8023.635736751405
24490,5717.39025
24491,7245.99
24492,8742.345830553322
24493,7552.452741897163
24494,4429.521486111111
24495,3896.13
24496,7699.646940999044
24497,6353.982023136177
24498,8766.267508646371
24499,7625.656651897123
24500,5849.727604300611
24501,8871.80981633868
24502,7018.59402818733
24503,7162.600994491016
24504,8568.75
24505,5526.349975961049
24506,8623.752
24507,10480.851845238096
24508,7611.85375
24509,4849.24
24510,7143.0925
24511,4352.555835164835
24512,3411.4971638521056
24513,8514.286338383838
24514,6364.19
24515,8762.984487781954
24516,5932.803333333333
24517,8920.526978021979
24518,6661.794512792794
24519,11186.57891025641
24520,4360.556627299046
24521,5361.357243589744
24522,6861.3138051733495
24523,7871.060917346397
24524,6887.6516244299155
24525,7077.256893939394
24526,7552.052598845599
24527,9724.498519244253
24528,7274.131322657451
24529,7270.366410882907
24530,5758.038903477777
24531,4806.790334415586
24532,5139.135305555555
24533,10082.47363003663
24534,9456.829
24535,8620.838333333333
24536,15172.97
24537,6431.259468965549
24538,6164.4960537518045
24539,6351.155892539382
24540,8424.730961085428
24541,9734.810663594688
24542,6644.224669545597
24543,7328.6941710841575
24544,7563.525782413188
24545,6652.26175
24546,6383.802538960882
24547,5767.61360616479
24548,5694.381701624886
24549,6118.338904761905
24550,4216.52514624144
24551,5595.557944444444
24552,8905.635125412682
24553,17365.54
24554,6214.481
24555,4952.0
24556,7209.859313301353
24557,4097.3015625
24558,6661.986191071428
24559,4223.15
24560,8787.790666666668
24561,6541.426191071428
24562,6517.416534313725
24563,13726.295520753756
24564,10132.97
24565,7366.623555555556
24566,7816.944406826054
24567,3822.2420958333328
24568,5657.1860519355605
24569,5354.346060457516
24570,8464.421093455565
24571,5017.617277777777
24572,4606.452426788897
24573,6228.766788658059
24574,5646.812261904762
24575,8632.985573870574
24576,6968.604205055997
24577,3242.75875
24578,7026.411163930456
24579,7837.599404761904
24580,7978.85
24581,4797.477
24582,4351.350357142856
24583,8129.233763281954
24584,5509.05
24585,9534.107343331376
24586,4693.018
24587,5224.746523809524
24588,6901.206284368059
24589,6582.801666666667
24590,4927.710032085562
24591,6770.205
24592,7123.78
24593,8936.27
24594,8964.75
24595,5530.029273487565
24596,4076.64
24597,5521.49
24598,7640.19
24599,5240.4446554621845
24600,6733.744000000001
24601,6273.608357742266
24602,12129.764194444446
24603,8178.511643946706
24604,6291.893913067731
24605,7551.8
24606,4149.31
24607,9425.869096513276
24608,6238.86
24609,13396.93
24610,5825.547588001867
24611,5364.320965795987
24612,6896.635214026915
24613,4210.177547619048
24614,7388.075156862745
24615,15040.180416469584
24616,4054.483333333333
24617,4780.876904761904
24618,11184.905711904761
24619,6899.452767355832
24620,7139.639947275162
24621,7680.478246376812
24622,5968.5011904761905
24623,6328.952331565355
24624,4711.68
24625,9408.86081818182
24626,5683.547820572674
24627,6800.63144664105
24628,6736.491516676307
24629,4332.397320572673
24630,6966.635133807369
24631,6017.291637123745
24632,3737.5442677708766
24633,8738.739062934292
24634,8542.91126511073
24635,4346.414022953626
24636,7347.11558756892
24637,7027.780814019315
24638,5308.4338781672095
24639,8026.7656113638
24640,5857.5177863971
24641,9460.802233058932
24642,4316.468281762097
24643,5075.3925
24644,6181.900341729144
24645,4827.055
24646,7598.672902541439
24647,4454.051131646132
24648,5911.872408239319
24649,4898.915930507917
24650,6538.550264905846
24651,6131.679380314358
24652,7351.761159822851
24653,7248.63082920585
24654,7648.23485145436
24655,6179.197402597401
24656,7491.0524033903275
24657,6806.968738760151
24658,8846.827032467532
24659,8943.606641839353
24660,6762.40888463541
24661,3356.865708374363
24662,5556.156666666668
24663,7462.62134109443
24664,5336.326857142857
24665,9166.21221676536
24666,5912.934575711968
24667,6955.264021164022
24668,10458.01096153846
24669,6845.375423154932
24670,4503.663868562171
24671,10968.625197775656
24672,10332.70988199804
24673,5963.839832472488
24674,9315.056122038952
24675,10722.373740140172
24676,6791.273870342319
24677,5366.412889996532
24678,6775.759731179468
24679,6115.446665084647
24680,6120.674286958266
24681,6819.863139285709
24682,5659.338207884824
24683,6693.065493180515
24684,7559.680708336898
24685,6699.755851848046
24686,7899.402822596735
24687,5485.918837035053
24688,6776.875538369675
24689,5271.664058500617
24690,7676.899566724162
24691,6886.660990566523
24692,6074.904612159921
24693,7059.2475908826345
24694,6973.431063109571
24695,8949.878294355596
24696,5685.811293214882
24697,5300.114978132174
24698,6899.676694339668
24699,7210.199681430707
24700,7305.378872061568
24701,4474.311300093419
24702,4383.896468926629
24703,7811.674720100448
24704,6327.93
24705,5976.483172616876
24706,7760.90297274973
24707,7360.409504991191
24708,6842.373418906174
24709,6642.862385979936
24710,3988.0043107328024
24711,6791.424815977365
24712,7036.339228395362
24713,6444.784412173209
24714,10128.39761277691
24715,9271.8306256377
24716,4581.24792793381
24717,9346.228055565034
24718,3989.428043570826
24719,3452.1899488285476
24720,7321.009212735662
24721,10829.330952380953
24722,8293.262964253861
24723,7252.881916237595
24724,5205.641111346176
24725,6719.108558654677
24726,9213.159656047652
24727,5747.909374732488
24728,7500.5734512047275
24729,6158.5292270019245
24730,5109.837853505541
24731,5295.289381045346
24732,5282.721391348308
24733,5621.763502553121
24734,4406.933785571932
24735,5775.597603700312
24736,3634.757192932068
24737,7483.33779035051
24738,7484.246658952159
24739,6007.692325682642
24740,6683.503429308826
24741,7568.918885071537
24742,5782.657165939187
24743,5262.7895
24744,8501.410103190763
24745,8620.624333803262
24746,7084.486630486682
24747,4006.127380952381
24748,13748.677142074068
24749,6575.956104289839
24750,5493.471825140207
24751,9603.694983591966
24752,8203.358333333332
24753,7953.04200737535
24754,6285.136804891937
24755,7080.634166666667
24756,9029.753166666667
24757,14887.295079308422
24758,4961.045
24759,4869.36
24760,5149.157350101053
24761,7368.008052986457
24762,5780.8054999999995
24763,9306.81597786182
24764,8843.710571428572
24765,5754.041
24766,4171.828131868132
24767,6860.078076923078
24768,9006.433177995761
24769,4570.531666666667
24770,7044.671154313509
24771,4354.808571428572
24772,7206.833654313507
24773,7344.068
24774,8084.481404966441
24775,8653.507678571428
24776,6418.448686797923
24777,4674.383312554112
24778,6563.024754861805
24779,7495.638262486609
24780,8016.956357786357
24781,7515.43437910418
24782,7172.763966450217
24783,6841.868
24784,4506.295649264898
24785,9761.10556055792
24786,4602.105375
24787,10625.815111111111
24788,5855.408775252526
24789,4096.9424260461765
24790,6560.962357503607
24791,6501.97462987013
24792,7277.204216771359
24793,7240.392816865774
24794,4139.2
24795,4365.712636363637
24796,7503.637337662338
24797,8687.95
24798,8758.67
24799,5047.140281385282
24800,6439.299065476191
24801,6971.520666666666
24802,5968.327090909091
24803,5945.841666666667
24804,9568.399238095239
24805,8543.51
24806,10999.2
24807,4399.43
24808,5531.78
24809,8109.87
24810,9434.36
24811,5579.54
24812,10198.01
24813,6909.81
24814,4840.51
24815,5468.1
24816,5137.66
24817,5017.15
24818,6643.34
24819,4852.72
24820,5222.66
24821,9117.35
24822,7201.85
24823,21379.58
24824,6603.83
24825,4269.07
24826,7922.94
24827,10088.79
24828,5792.79625
24829,7571.34
24830,5467.145555555555
24831,8625.76
24832,8248.93
24833,5887.4
24834,6088.125
24835,7062.71
24836,8165.58
24837,7413.92
24838,8227.05
24839,6136.23
24840,4434.48
24841,5732.302
24842,9669.78
24843,10536.52
24844,10585.59
24845,7848.01
24846,5358.998181818181
24847,5934.97
24848,5106.43
24849,8500.03
24850,10321.98
24851,8731.14
24852,6244.84
24853,5650.46
24854,5468.56
24855,5387.62
24856,12226.83
24857,7567.51
24858,4863.45
24859,6435.3
24860,8758.52
24861,3741.87
24862,7371.77
24863,4417.61
24864,7054.36
24865,8019.71
24866,5589.18
24867,7486.92
24868,7777.77
24869,5124.32
24870,6575.52
24871,7602.39
24872,10996.16
24873,5873.44
24874,8060.37
24875,7942.1
24876,9822.58
24877,6476.05437636061
24878,9212.01
24879,5414.0
24880,4882.48
24881,6898.18
24882,6078.420501767036
24883,8378.724651034434
24884,7574.958792400476
24885,5518.98
24886,7005.355
24887,7287.7475
24888,9613.73
24889,4122.546666666667
24890,14844.45
24891,5148.102
24892,5980.568597222222
24893,8606.968682285305
24894,6423.9
24895,6508.18
24896,6388.509316155788
24897,7338.006091516435
24898,5545.417706377271
24899,5593.497333605873
24900,9716.195525075414
24901,8312.222978741745
24902,8349.00600334035
24903,4671.62
24904,6699.951402395412
24905,9873.414685666468
24906,6001.03
24907,5362.2
24908,7135.1622296082505
24909,5978.57136095935
24910,7462.8552415380755
24911,7429.196902618269
24912,4210.371824945888
24913,8112.014069434306
24914,6405.47
24915,7257.960068307791
24916,9154.21
24917,4059.5921111111106
24918,6244.615008151009
24919,6233.718454545455
24920,7911.040324336267
24921,9360.078833333335
24922,5193.68
24923,4682.29
24924,7026.130707119712
24925,5754.416401010099
24926,8419.04
24927,7973.999713824375
24928,7143.988141918363
24929,7276.304
24930,5637.354939657038
24931,4634.365612568435
24932,6675.59223700135
24933,7127.52
24934,8568.4635
24935,8568.26090391095
24936,8716.955070577615
24937,6473.22473015873
24938,9029.370297522692
24939,6774.449333333334
24940,8598.073973658695
24941,8382.129973913281
24942,7053.015423665223
24943,10604.55
24944,8168.337983924813
24945,8399.912849088509
24946,6274.673091396013
24947,7806.975
24948,7783.087562200347
24949,6911.731038961039
24950,4643.63
24951,5468.357666666666
24952,8048.985
24953,6401.545
24954,5224.042
24955,9175.957
24956,7138.903571428572
24957,6173.946896312023
24958,5730.369343642469
24959,5503.3634379509385
24960,7905.490833333332
24961,7349.577675438595
24962,7743.762403846154
24963,5682.737568704128
24964,5524.438237179487
24965,6988.600709971093
24966,3641.7710705128206
24967,6217.353926406927
24968,5018.972850877192
24969,9057.1385
24970,7446.001889063316
24971,6896.490965986394
24972,6878.776381860221
24973,7279.723870748299
24974,5678.236115175101
24975,11030.7
24976,7170.6257535048435
24977,7479.74017023066
24978,8162.388315018316
24979,5067.973416666667
24980,6552.13393573059
24981,5578.363666666667
24982,7755.642
24983,11908.155
24984,7481.01
24985,3350.415
24986,5746.95
24987,8624.359587046598
24988,8920.858333333332
24989,7177.1675
24990,7605.84
24991,5144.25
24992,5602.65
24993,3497.19
24994,5183.433809523809
24995,6453.797450747259
24996,7096.312709809567
24997,7182.41
24998,12284.91
24999,7851.206292680967
25000,8455.52536012514
25001,7515.021421483172
25002,5928.276254795387
25003,9292.88
25004,11630.62
25005,6373.223515530583
25006,8349.89975580878
25007,5832.145171385742
25008,7012.742559040802
25009,3798.7429411027565
25010,7347.944008937262
25011,5665.374862729447
25012,9017.28
25013,7009.449285714287
25014,8350.803801104295
25015,8796.15
25016,5228.34955548384
25017,9127.140917415916
25018,18873.78
25019,10549.510216198127
25020,6219.0
25021,3073.4984902597407
25022,6438.56291564318
25023,10104.12
25024,5323.648248527261
25025,11949.73
25026,19734.29
25027,3872.98
25028,5352.331315616294
25029,8177.382
25030,5324.304238712677
25031,10500.01
25032,6841.585446091646
25033,8102.21
25034,3218.1
25035,7802.755032114624
25036,6096.429121525283
25037,7353.1275
25038,9038.756621525283
25039,6089.431727874489
25040,6091.410894541154
25041,7437.888136207084
25042,6239.744426190476
25043,5353.33188495966
25044,8032.0
25045,6320.8467940817945
25046,5913.036864841514
25047,7494.520559604912
25048,5953.7357636179495
25049,6236.515307118937
25050,6887.929220571095
25051,6972.872223845599
25052,8252.518291070814
25053,7603.482197571459
25054,7173.480833333334
25055,5865.264446428573
25056,4118.669277547038
25057,6978.555215278007
25058,6920.917509305237
25059,5654.453587492704
25060,4626.809705882353
25061,9140.627142857144
25062,7458.544481178396
25063,10317.549
25064,6638.62
25065,5555.3342717086825
25066,5358.34894047619
25067,4645.88
25068,9932.19
25069,5436.96
25070,8350.462
25071,14063.93
25072,7090.711013856093
25073,6984.283333333333
25074,4519.77
25075,4609.9
25076,7459.3
25077,4857.0858181818185
25078,5277.813380952381
25079,9998.898512406016
25080,5792.070379991853
25081,16103.5
25082,13474.27
25083,5046.705559908015
25084,7339.086659451659
25085,6553.704419235735
25086,6704.334299577432
25087,5902.43
25088,8302.742375280135
25089,6950.713333333332
25090,9547.665209020377
25091,5375.49
25092,7421.362228367115
25093,5260.264494194579
25094,9744.59
25095,6651.077943722945
25096,6021.328888888889
25097,6697.2560102330335
25098,4994.88
25099,7867.458189480803
25100,9697.73157170199
25101,6103.401356469449
25102,10589.780808080808
25103,6406.01098688815
25104,8422.619202581827
25105,5299.208580586081
25106,6304.32
25107,5836.705668158837
25108,10125.96132780995
25109,7141.066006068008
25110,7382.310652173915
25111,6966.516201720184
25112,8494.323643871207
25113,5018.349858359315
25114,8863.168181547619
25115,7230.507494505494
25116,4021.45
25117,15165.82
25118,15690.65
25119,8155.7
25120,7982.05659192894
25121,9251.573333333334
25122,10529.01
25123,11327.96
25124,6358.86
25125,7816.05
25126,5936.911369775384
25127,8445.345976190478
25128,4031.2990000000004
25129,5896.5438465834795
25130,6075.9355832552465
25131,5709.783333333333
25132,7785.225
25133,5312.101793939394
25134,4962.61
25135,6306.816683976347
25136,3651.61
25137,4614.946666666667
25138,5650.83553686121
25139,7507.16
25140,8414.02279463633
25141,8294.08979680083
25142,7675.272757936507
25143,5883.340881259517
25144,6017.091305862691
25145,11997.677671117872
25146,9165.394652447552
25147,5585.436666666667
25148,5668.024722994911
25149,8914.618458012836
25150,4623.643170854794
25151,7004.30383109651
25152,3932.1610540191045
25153,5672.548916666666
25154,8703.653071869308
25155,7720.29
25156,6566.586737953248
25157,8616.127880393176
25158,9580.30522737343
25159,12029.5375
25160,5976.442788574907
25161,8921.782857142856
25162,3336.7618181818184
25163,5384.006418202054
25164,6419.047582696915
25165,4445.59
25166,8800.062837108859
25167,5719.439058451905
25168,5083.441300930168
25169,8943.033346013315
25170,11603.73367657781
25171,8321.088333333333
25172,5554.945392013271
25173,6273.710888739361
25174,12699.129145863175
25175,7540.200341082445
25176,6263.024359296397
25177,5934.87899723263
25178,7204.142777777777
25179,9399.997245098039
25180,5460.655108343741
25181,6346.533337804352
25182,7272.013472994083
25183,9466.270435205319
25184,12612.537142857142
25185,6283.837607842677
25186,15307.716666666667
25187,6815.6399312246895
25188,5712.238725755683
25189,3773.2969810499953
25190,6731.241720588235
25191,6706.488426613359
25192,5604.99165265627
25193,7275.806895072519
25194,6188.204716658414
25195,4429.119112554112
25196,7463.294839816246
25197,3615.1773836996344
25198,7963.090372904628
25199,7126.1721400861525
25200,7793.027105949361
25201,8260.58791836655
25202,5293.671780701755
25203,9681.430637496762
25204,7204.252457469432
25205,5460.032786570056
25206,6288.796098141819
25207,6377.095715219421
25208,10779.23156641604
25209,6160.220661974516
25210,4589.267295793247
25211,8699.542971411236
25212,9350.136719093302
25213,7366.523246802249
25214,6701.666900244806
25215,9052.933105859396
25216,5351.953840758922
25217,5028.23
25218,6445.345726167385
25219,9188.715819630794
25220,6508.358891626325
25221,6245.723780953081
25222,6904.125025928777
25223,5878.9603706016205
25224,4379.748777377009
25225,4661.901333333333
25226,8852.608670634922
25227,8734.06734301192
25228,11304.536170634921
25229,11736.678416666668
25230,7909.982646825398
25231,7420.82015873016
25232,5132.992984600296
25233,10304.34919047619
25234,9387.221995726497
25235,8254.908000000001
25236,9032.92
25237,9095.374777777779
25238,5160.123333333334
25239,3578.815
25240,11481.726666666666
25241,7280.766571650572
25242,7294.105
25243,6594.91
25244,3508.99
25245,12078.55
25246,7136.2565716505715
25247,7036.526571650571
25248,4528.895333333333
25249,6472.035571650572
25250,5997.469047619048
25251,9075.43
25252,6764.551666666667
25253,4800.27373015873
25254,6014.983333333333
25255,5037.16
25256,2879.63
25257,6765.64
25258,16769.01
25259,5479.836666666667
25260,5890.425042929293
25261,7642.0686904761915
25262,5287.054166666666
25263,5779.1
25264,4486.088034271284
25265,4462.2575
25266,7020.29
25267,7366.827543250034
25268,4771.55
25269,8715.878333333334
25270,5776.845
25271,4746.811191919192
25272,10110.11
25273,8503.23
25274,9790.738000000001
25275,5795.035
25276,7340.35
25277,4884.67
25278,5529.231113135214
25279,17629.885
25280,7799.168314787064
25281,6344.413300176676
25282,5851.709523809524
25283,4717.7692492785
25284,5443.395
25285,4658.418
25286,9433.417486531986
25287,5373.72
25288,5985.2
25289,7221.680790374627
25290,4691.35
25291,6531.27
25292,6998.55
25293,8686.66
25294,6892.43
25295,4328.941666666667
25296,5859.3
25297,6972.214843216712
25298,8863.049090909091
25299,8847.10892063492
25300,6883.243189282412
25301,5264.700112573099
25302,7044.857032308722
25303,6279.809761687873
25304,4393.883333333333
25305,7221.297446936498
25306,7438.212263347764
25307,6739.279355674954
25308,6178.737864663775
25309,6210.775
25310,7597.049015151515
25311,5722.741290097428
25312,6546.639235520623
25313,7289.856036796537
25314,6343.500760738238
25315,9865.57164818595
25316,6823.103683333334
25317,5101.752666666666
25318,11666.195460596535
25319,6747.04821861472
25320,4419.91560554723
25321,7803.032095238095
25322,8900.919
25323,10300.358
25324,5648.75
25325,5792.451696969697
25326,6731.56
25327,7851.919523809524
25328,6299.293109490752
25329,8156.811158356484
25330,3329.4
25331,6750.633047231162
25332,6847.847602517468
25333,6207.998888888888
25334,5107.414000000001
25335,6931.276203022548
25336,8709.098333333333
25337,5537.8875
25338,8675.3175
25339,6961.418889462389
25340,8729.72089371092
25341,5586.866666666668
25342,7702.612790556101
25343,5979.489561403508
25344,7404.677685912033
25345,8920.337306405057
25346,4007.0727253968257
25347,7477.11
25348,9175.987872922065
25349,7457.720143268015
25350,4638.14574511603
25351,4214.8859999999995
25352,7718.571721900435
25353,6977.644517966967
25354,8916.45766787102
25355,7485.300524889721
25356,6144.984953394617
25357,8822.51375761461
25358,7114.896539387206
25359,7262.7470438141145
25360,8701.33
25361,5552.3653445479795
25362,8641.196666666667
25363,11142.127261904761
25364,7729.296666666667
25365,4823.65
25366,7420.091333333333
25367,4910.958168498169
25368,3239.5009237588656
25369,8613.489425925927
25370,6659.761047008547
25371,8993.448577067667
25372,6024.0535
25373,9245.219415164125
25374,6804.537119705883
25375,13237.105333333333
25376,4734.587197933967
25377,6087.220557364614
25378,6926.712064385501
25379,7959.348967962416
25380,7080.2650716762555
25381,7852.202012820513
25382,7806.644071206571
25383,10100.373968992477
25384,7256.98211154634
25385,7255.870199771797
25386,5856.7318262664785
25387,4799.293294011545
25388,4684.926246947496
25389,10948.952792735045
25390,10153.022888888889
25391,9241.455
25392,16328.53
25393,6209.149157517288
25394,6427.529800505052
25395,6445.6154675459975
25396,8555.812782514
25397,9669.762985023259
25398,6915.510551309316
25399,7638.782866606331
25400,7961.042817221078
25401,7658.271725430485
25402,6639.008794372137
25403,5676.18086726432
25404,5782.68483635816
25405,6423.115959529974
25406,4220.129652879728
25407,5799.523710861495
25408,9090.874865927519
25409,17272.95
25410,6214.481
25411,4865.08
25412,7903.63859722804
25413,3783.9715625
25414,6443.630762500001
25415,3945.3720000000003
25416,8657.098
25417,6520.080762500001
25418,6308.999546845054
25419,13345.922520753758
25420,10675.1
25421,7219.890333333335
25422,7571.401236445062
25423,3900.8904291666668
25424,5844.881514654208
25425,5405.099210526316
25426,7995.791093455565
25427,5180.05211111111
25428,4556.227426788898
25429,6383.009260576289
25430,5981.462261904762
25431,9135.412452705767
25432,6980.35805853585
25433,3179.9766666666665
25434,6900.276239632531
25435,7990.289798850575
25436,8075.13226923077
25437,5077.626962962963
25438,4838.441296296296
25439,8211.49547648542
25440,5793.341666666666
25441,9820.54498802002
25442,4590.276666666667
25443,5334.425177318295
25444,6901.417885470858
25445,6756.667631578947
25446,4870.854448051948
25447,6983.847631578948
25448,8702.44
25449,9388.474761904763
25450,9745.318333333335
25451,5779.708555538848
25452,3860.92
25453,5850.15
25454,7853.21
25455,5393.850285714285
25456,6821.42
25457,6345.056015401995
25458,13249.462608251903
25459,8495.944672649783
25460,6162.528082738578
25461,7506.24
25462,4371.74
25463,9522.657345186539
25464,5766.46
25465,14435.13
25466,5827.4249213352
25467,5651.430660545681
25468,6706.484391666667
25469,3874.779761904762
25470,7917.513311965811
25471,15506.34935478127
25472,5018.998744626719
25473,4567.016976076555
25474,11093.633866666665
25475,7407.753130992196
25476,7296.184853109606
25477,8066.849301932368
25478,6084.996390476191
25479,7005.321838058863
25480,4705.4825
25481,9713.654833333332
25482,5775.4177359880905
25483,7126.621348590952
25484,7527.183373819163
25485,4936.891051443655
25486,8198.16096153846
25487,6122.197113314221
25488,3957.3888868184954
25489,8709.588853638032
25490,8508.55880201875
25491,4790.1186067402095
25492,7375.982260729094
25493,6869.215026473526
25494,5227.09746799405
25495,8275.057043477142
25496,5803.056922722896
25497,9496.195283740944
25498,4591.24351375233
25499,5157.901194805195
25500,7267.835468366274
25501,4271.201
25502,7576.526445809412
25503,5211.677547619049
25504,6105.299610009771
25505,4794.53223036982
25506,6750.515919241409
25507,6353.055241425471
25508,7357.926034384995
25509,6983.6269093887395
25510,7340.772754619821
25511,6288.988295454546
25512,7524.6621276249825
25513,6985.456334967321
25514,9631.525562770563
25515,9124.156781632659
25516,6662.047129777269
25517,3764.4385417076965
25518,5859.8476190476185
25519,7508.335869345565
25520,6288.665466666666
25521,9652.535810994363
25522,5910.39258660764
25523,7095.642354497354
25524,10505.53346153846
25525,6504.555993741753
25526,4546.757100189592
25527,12881.34002729758
25528,10417.360931306896
25529,5870.441082472488
25530,9263.741476324683
25531,9531.41119999078
25532,6658.931985292848
25533,5691.611817736237
25534,6907.464229554195
25535,6234.688007351615
25536,6213.8161733206725
25537,6890.693729782265
25538,5707.002729223048
25539,6712.843746823814
25540,7479.53620678293
25541,6766.048883832549
25542,8074.653509867102
25543,5699.13119913288
25544,6824.109165996019
25545,4941.675710349755
25546,7662.672387024671
25547,7511.98710350143
25548,5764.431540201759
25549,7120.833282942406
25550,7126.750238629635
25551,8907.279562734582
25552,5778.896030875184
25553,5535.715779263957
25554,6908.447983484553
25555,7246.7583875475075
25556,7619.92449426685
25557,4633.078527937705
25558,4455.093778936723
25559,8682.884758219674
25560,6482.59
25561,6045.272924717833
25562,7859.2317205332
25563,7513.944496894834
25564,7578.326385932151
25565,6641.471307098941
25566,4167.072138520806
25567,7224.442867702102
25568,7034.585840198613
25569,6841.521299854516
25570,9957.678691794517
25571,9529.465365350503
25572,4942.262468237221
25573,9210.643353959385
25574,4069.604660071041
25575,3414.833680270034
25576,7281.865578659793
25577,11821.044959484958
25578,7818.615541937787
25579,7734.623407908698
25580,5620.794673665265
25581,7354.1658649155215
25582,9556.408901723933
25583,6511.85446963087
25584,7527.97648704909
25585,6631.140303780694
25586,4997.01830894544
25587,5419.792214858778
25588,5375.891463925411
25589,5913.127115240786
25590,4924.39782673281
25591,5794.572982002502
25592,4270.333891157642
25593,7539.502398440021
25594,7985.791104259269
25595,6283.7760672875875
25596,6126.431383017021
25597,7400.160746293067
25598,5843.176154210901
25599,5197.317571428572
25600,8677.785995315098
25601,8621.688031010668
25602,6959.981161521127
25603,4479.307555555556
25604,13788.631496169577
25605,6401.976460222428
25606,5784.936289425921
25607,9981.081631319239
25608,8743.687792207791
25609,7903.605580112452
25610,6306.488169402426
25611,7141.279166666666
25612,9554.77
25613,14597.23469492063
25614,5394.563047619047
25615,4983.968
25616,5051.259164494993
25617,7205.826322604689
25618,5855.764666666667
25619,9406.168083319528
25620,9049.375083333332
25621,5990.971
25622,4273.589285714286
25623,6605.2730769230775
25624,9045.845045358232
25625,4707.255238095238
25626,7286.446185094002
25627,4320.897662337663
25628,7052.636685094002
25629,7502.548000000001
25630,8105.3767162574895
25631,10089.882833333333
25632,6617.87061118018
25633,4714.315374178763
25634,6445.791816486456
25635,7599.757695924527
25636,8323.061833976833
25637,7604.967320315222
25638,7125.258028074866
25639,6712.44
25640,4461.268867767674
25641,9599.58456212069
25642,4565.967375
25643,10867.1355
25644,6102.257584776335
25645,4727.816235569986
25646,7008.560214646464
25647,6306.244629870131
25648,7632.755118558933
25649,7692.823764563856
25650,4024.45
25651,4840.274242424242
25652,7724.5786471861475
25653,9553.3781950729
25654,10004.22
25655,5200.561590909091
25656,5718.84941468254
25657,7314.197166666667
25658,6143.998733766234
25659,5768.377777777778
25660,9584.165238095238
25661,8940.89
25662,11447.93
25663,4560.88
25664,5951.21
25665,8214.39
25666,9074.0
25667,5853.14
25668,9904.81
25669,7197.12
25670,5089.68
25671,5352.12
25672,4969.71
25673,5003.9
25674,6764.86
25675,5466.9
25676,5527.91
25677,9641.78
25678,6572.86
25679,21093.64
25680,6429.88
25681,6098.351428571428
25682,8824.29
25683,11583.02
25684,6706.72
25685,7984.44
25686,5953.23
25687,9282.94
25688,9377.61
25689,6506.905124999999
25690,6563.82
25691,8016.574523809523
25692,8564.846666666666
25693,7921.84
25694,8095.206791666667
25695,7395.6059166666655
25696,4583.15
25697,6584.848458333333
25698,11392.06
25699,11273.922916666668
25700,10837.93
25701,8382.261523809524
25702,6899.1
25703,7390.959857142856
25704,5433.85
25705,9766.72
25706,10946.461523809523
25707,9738.96
25708,7302.4854281045755
25709,5377.24
25710,5276.69
25711,7939.839499999999
25712,11594.88
25713,7657.757705882353
25714,5672.460916666667
25715,6456.26875
25716,8610.42
25717,4323.92
25718,7813.363677753141
25719,4894.08870940171
25720,6576.95
25721,7714.120344419807
25722,6056.76
25723,8213.430344419809
25724,6321.64
25725,5580.44
25726,7831.7
25727,8036.610857046071
25728,11168.734543554008
25729,6415.630227272727
25730,9178.94
25731,7564.55
25732,9874.223079268291
25733,7888.3879126016245
25734,10787.42
25735,6157.34
25736,6358.54
25737,7480.42
25738,6747.634104149145
25739,8506.60334577422
25740,7951.754266409141
25741,6349.43
25742,7449.757718680368
25743,6455.65
25744,10692.18
25745,4571.66
25746,15562.99
25747,5484.99
25748,6700.74
25749,8919.515
25750,7051.4011666666665
25751,6734.211273809524
25752,7008.505
25753,8151.991452096134
25754,6527.642306184327
25755,6630.981700183325
25756,7631.325980686756
25757,8003.213412267787
25758,7962.87
25759,5658.71
25760,7244.73
25761,8124.285894639582
25762,7238.99
25763,5877.6
25764,7305.685080507476
25765,6147.91
25766,7506.25389369429
25767,8302.495853681063
25768,4638.0
25769,8874.301353681063
25770,7330.75
25771,7504.305639773039
25772,8651.25
25773,5269.03
25774,7264.68929128819
25775,6611.530829625164
25776,8265.600425775945
25777,10457.22
25778,5425.1373965201465
25779,5533.191896520147
25780,7768.231052760072
25781,6380.622496291831
25782,8334.91
25783,8484.38
25784,7303.4
25785,8040.48875
25786,7021.185907723992
25787,4847.73
25788,7313.303630157965
25789,8021.12875
25790,9949.82
25791,8891.863988568892
25792,9359.191988568893
25793,7042.4966825706115
25794,9220.729781379905
25795,6766.06
25796,9430.018333333333
25797,9195.486883762347
25798,7342.866900703388
25799,11795.1475
25800,8374.662538827237
25801,7799.773470420163
25802,7118.847491208189
25803,8343.891111111112
25804,8171.047081411295
25805,7049.18
25806,4857.81
25807,7171.8711111111115
25808,8595.75
25809,7601.091893956602
25810,5487.55
25811,10027.74
25812,6857.43
25813,6202.95
25814,6803.034225524475
25815,6099.6
25816,9035.84090909091
25817,7806.040539250964
25818,8212.16
25819,6830.132876566546
25820,5767.5
25821,7659.749810568216
25822,4133.8
25823,8474.40090909091
25824,6506.334299686353
25825,8741.066307831716
25826,7866.03
25827,6930.1322222222225
25828,6819.769779640341
25829,6672.772222222223
25830,5810.804041406943
25831,12468.41
25832,7058.697023504274
25833,7677.926394477117
25834,7809.13375
25835,5756.95961206936
25836,7242.317833480554
25837,5889.28
25838,8826.55
25839,13509.57
25840,7672.89
25841,4723.032157523906
25842,6452.63
25843,9015.905246876657
25844,9061.520845489662
25845,7947.872518920398
25846,7300.595051282052
25847,5377.742162393161
25848,6673.74
25849,3515.3
25850,5771.92
25851,6739.633469400811
25852,7210.982978558321
25853,10434.14
25854,14989.42
25855,8716.641041058321
25856,8801.093823109602
25857,8245.902220707876
25858,6687.283104622208
25859,10436.795
25860,11356.478917383849
25861,7106.180792857144
25862,8175.2947368421055
25863,6435.496722842617
25864,7313.675460937856
25865,5149.572238090918
25866,8126.485857142858
25867,6175.749432535363
25868,9384.69
25869,7762.245111111111
25870,9196.581183160079
25871,9541.74
25872,6795.846960937854
25873,9553.13929833623
25874,18801.23
25875,12238.07060786004
25876,8194.18
25877,5337.688941193372
25878,7837.503166666666
25879,11898.64
25880,5768.421329670329
25881,12124.46
25882,19666.31
25883,4794.6
25884,5612.466666666666
25885,8867.211965367966
25886,5440.623333333333
25887,12419.24
25888,7734.889166666668
25889,9582.695
25890,3591.67
25891,8054.1825449413855
25892,7593.642683558477
25893,8252.67
25894,8448.05995628575
25895,6567.817933166358
25896,6534.483933166356
25897,7024.03
25898,6711.834286307509
25899,4940.63
25900,8411.625666666667
25901,6734.499206942428
25902,6921.675012803234
25903,8445.94
25904,7271.86275
25905,6370.945714285714
25906,8071.049866666667
25907,7743.944866666667
25908,8452.095138270086
25909,7294.664377610801
25910,8060.41
25911,6631.436666666667
25912,4993.460877610802
25913,7398.858666666667
25914,7933.671785714287
25915,6382.877645943097
25916,5008.27
25917,10141.65
25918,8414.531610492308
25919,10607.59
25920,7740.2
25921,6987.144574778024
25922,5738.63530952381
25923,5405.65
25924,10500.309723587548
25925,7623.328199778025
25926,8797.58
25927,15830.23
25928,7066.624403941333
25929,7563.04
25930,5208.792652158977
25931,5295.515
25932,7780.69
25933,5514.06
25934,6362.903333333333
25935,10807.299415584415
25936,5921.308725138274
25937,14657.49
25938,15841.55
25939,4943.953725138274
25940,7275.738272727272
25941,6875.109199999999
25942,7376.793199999999
25943,6335.58
25944,8636.257739082663
25945,7763.599225657943
25946,10557.728617216117
25947,5829.69
25948,8603.899656177156
25949,5574.577290669964
25950,8546.12
25951,7574.467892324609
25952,6134.24
25953,7154.579290669965
25954,5367.82
25955,8837.5556240033
25956,10162.778322843824
25957,6213.16763590806
25958,11045.6
25959,6482.595375256431
25960,9453.974432267883
25961,6637.153333333333
25962,7206.592615079365
25963,6671.23426414532
25964,10360.610337928261
25965,7466.509508563184
25966,7472.50941216588
25967,7910.561794277469
25968,9064.556199039373
25969,5115.205525863944
25970,10281.19
25971,8368.61
25972,4923.078591736694
25973,15430.63
25974,16462.72
25975,7625.853698863636
25976,8833.64542268934
25977,10575.419636363637
25978,10931.13
25979,12551.42
25980,6541.27
25981,8596.5125
25982,7221.397543419565
25983,8521.973615530302
25984,4295.5125
25985,7802.235
25986,6537.963921634488
25987,6000.8533333333335
25988,8592.87
25989,6521.25
25990,5273.606
25991,6773.8876267528985
25992,3727.06
25993,5255.4129696969685
25994,7102.414960086233
25995,6872.4529696969685
25996,8583.430176536449
25997,8491.673509869783
25998,9187.93
25999,6540.825091066363
26000,6667.865091066363
26001,12737.7
26002,10029.2775
26003,5861.07
26004,6429.543727190043
26005,8985.115504967824
26006,5512.964
26007,7519.521227190042
26008,4872.140125657476
26009,5911.03
26010,8157.915
26011,6306.1836155303035
26012,7708.53095899081
26013,9170.553958990811
26014,9966.708125657477
26015,12648.15
26016,6639.10746031746
26017,8876.293333333333
26018,3560.6333333333337
26019,6081.600327984516
26020,6651.964613698802
26021,5155.835191919192
26022,7338.943241758242
26023,5894.780921052631
26024,6010.099682539683
26025,9645.573157894738
26026,10585.454666666668
26027,8460.82988122216
26028,5838.815171052632
26029,7305.679410256411
26030,10748.084523809524
26031,6459.725606487757
26032,8541.374523809523
26033,6022.9234416525915
26034,7756.763214555493
26035,11639.29
26036,5835.968997208148
26037,6674.28
26038,8049.30465899081
26039,10350.411666666667
26040,14843.07
26041,7553.67965899081
26042,14396.94
26043,7570.404885705742
26044,6624.218230419381
26045,4022.81
26046,6510.12
26047,6685.874829516318
26048,6207.212546208855
26049,7039.172333333334
26050,7123.0984985898085
26051,4682.11
26052,7819.916405022557
26053,4821.039000000001
26054,8325.48
26055,8091.393071689224
26056,8251.9
26057,9495.971264607417
26058,6174.2154215909095
26059,8537.572166666667
26060,6959.91
26061,5856.316325657477
26062,6835.750770101921
26063,6687.312055555555
26064,10311.33
26065,6685.826325657477
26066,5102.21
26067,8746.0
26068,9809.685215423944
26069,8658.928048757278
26070,7352.86
26071,8983.697448593073
26072,5749.05
26073,5354.62
26074,7269.216325657477
26075,8823.686325657478
26076,7683.910314296814
26077,7319.436454545454
26078,8163.531125657477
26079,7438.021125657477
26080,5317.109621212122
26081,6051.918888257575
26082,9559.676125657477
26083,9194.4365
26084,12217.359543378996
26085,12702.518999999998
26086,9319.051765601218
26087,7670.975666666666
26088,6849.987000000001
26089,10741.141857142858
26090,10312.18661904762
26091,7496.518837752525
26092,8929.41
26093,10349.760428571428
26094,6351.17
26095,4377.2
26096,11408.99
26097,8570.771765601217
26098,9297.885666666667
26099,7021.76
26100,4608.863525252525
26101,12340.059
26102,8891.491765601219
26103,9026.091765601219
26104,5396.071999999999
26105,7366.391765601218
26106,7353.951999999999
26107,10097.82
26108,6906.798525252525
26109,7195.331765601219
26110,7197.438004419191
26111,4738.0
26112,3567.33
26113,8092.121358585859
26114,17645.5
26115,5948.11
26116,6536.587876712329
26117,7784.411999999999
26118,5898.51
26119,6635.659636363636
26120,5425.297876712329
26121,4744.45
26122,8524.391838744588
26123,7853.135079093281
26124,4846.06
26125,9339.205172077922
26126,6627.0
26127,6069.451999999999
26128,10148.885172077922
26129,10085.634041125542
26130,10761.284375
26131,6873.75
26132,8410.28
26133,5940.063800649351
26134,6617.53462984516
26135,16016.774375
26136,7662.925034607067
26137,6920.986875516158
26138,6465.824375
26139,5386.583094130876
26140,6271.224375
26141,5361.85
26142,10670.714375
26143,5719.17
26144,6332.388136363637
26145,7674.501352788884
26146,5766.41146969697
26147,6986.09
26148,7643.07
26149,8094.793953300575
26150,7779.808672024071
26151,5058.41
26152,5584.74
26153,7343.948359209552
26154,10280.425848988221
26155,9693.804375
26156,7149.507309182427
26157,5349.025
26158,7290.859847061215
26159,6556.44630952381
26160,4928.84
26161,7655.781433475116
26162,7715.77
26163,7547.658899423641
26164,7389.744863146438
26165,7291.61
26166,8536.194205857055
26167,7005.4460166295685
26168,7167.512897759105
26169,8149.033848369133
26170,7635.10443076876
26171,9978.381228152535
26172,8074.991684737013
26173,5655.96
26174,12504.168894819202
26175,8395.34
26176,6245.1694424382495
26177,9158.068461538462
26178,7970.11009277704
26179,11156.291666666664
26180,5510.945
26181,6846.99
26182,7458.289430555555
26183,8054.431030663781
26184,8233.418921906848
26185,9976.823783017959
26186,4482.319588484019
26187,7693.817880691811
26188,7562.741759776781
26189,6102.5642056642255
26190,5504.154376373625
26191,7285.768855014875
26192,9137.583412013431
26193,5431.65
26194,9674.937954545454
26195,7947.035831672203
26196,9390.372069767442
26197,6435.360991845364
26198,7876.808461538461
26199,6141.63
26200,7741.517920342155
26201,8717.064206349205
26202,4607.543333333333
26203,7965.46
26204,8197.225223372458
26205,7561.200651943886
26206,5992.6637061310785
26207,4866.64
26208,9065.87673643411
26209,7410.0
26210,9921.382153100776
26211,8125.251372797746
26212,6213.265714285713
26213,10111.052819767441
26214,8187.44
26215,9291.14296969697
26216,8869.73
26217,6223.62
26218,9093.105
26219,10926.729636363636
26220,8666.54
26221,6055.56
26222,8637.979636363636
26223,4786.63
26224,3758.68
26225,8535.063333333334
26226,7430.629636363637
26227,10098.7
26228,6341.849636363636
26229,7584.799636363637
26230,7609.752611111111
26231,12312.7
26232,5124.61
26233,6482.389636363636
26234,7032.19625
26235,8714.257777777777
26236,7545.023333333333
26237,7895.36
26238,8065.44
26239,10645.407904761907
26240,7284.457916666667
26241,7513.337916666666
26242,6722.75625
26243,4858.51
26244,5867.089636363637
26245,12036.34
26246,10189.983333333334
26247,9113.4
26248,15990.28
26249,7450.6196
26250,7933.778
26251,6715.879599999999
26252,9520.875892857142
26253,10048.265892857144
26254,7167.166303030303
26255,8920.427559523809
26256,8955.264226190477
26257,7866.4511999999995
26258,7681.473333333332
26259,6544.579636363636
26260,6790.395882352941
26261,6245.679636363636
26262,4541.803333333333
26263,5962.305
26264,9823.1075
26265,15164.29
26266,7509.27
26267,5254.15
26268,7858.684890612075
26269,4984.57
26270,6995.33
26271,4737.31
26272,9444.37
26273,6759.4
26274,7512.365
26275,13775.7
26276,10898.75
26277,8506.86
26278,6724.169686773861
26279,4370.532142857142
26280,5939.798243050917
26281,6276.133333333334
26282,7109.094642857143
26283,5717.95
26284,5210.037976190476
26285,6546.707721198157
26286,6325.7425
26287,9508.41
26288,7838.838642857143
26289,5085.91
26290,7468.198642857144
26291,8808.89
26292,8612.09
26293,6431.786666666666
26294,5685.866666666666
26295,9290.818666449806
26296,4401.87
26297,10757.416088018434
26298,5551.8909523809525
26299,5980.339285714286
26300,8274.764260240658
26301,8982.114823529411
26302,5614.12
26303,7958.080379084967
26304,8438.990379084968
26305,9878.28
26306,11148.82
26307,6857.983424603175
26308,4324.67
26309,6124.1
26310,9330.4
26311,6192.475555555555
26312,7681.065555555555
26313,7503.5364269073225
26314,11409.679017316017
26315,9084.394264430013
26316,7756.042677045176
26317,8244.34
26318,4732.11
26319,11190.46482936508
26320,7138.232222222223
26321,15621.03
26322,6764.138222222222
26323,6363.712888888889
26324,9354.02
26325,5220.342857142857
26326,8415.29
26327,12890.434565079366
26328,4684.85
26329,5135.719365079365
26330,12130.145714285714
26331,8160.347422222223
26332,8770.130972222221
26333,8774.547422222222
26334,6460.744865079366
26335,7341.295834310135
26336,5731.877722222223
26337,10370.48
26338,6302.82
26339,7876.62
26340,7961.089865079366
26341,5045.73
26342,7575.989865079366
26343,6492.877422222223
26344,4780.977422222222
26345,10782.506949048222
26346,10938.86174858202
26347,4683.48
26348,7745.031191452992
26349,6880.495448412699
26350,5917.390342857141
26351,8890.383057142857
26352,5929.84502142857
26353,11053.212581915352
26354,4719.13
26355,5938.935777777778
26356,7992.915105185388
26357,5298.7905
26358,8327.47569854295
26359,4745.81
26360,6494.53
26361,5349.59
26362,7352.625735714287
26363,5786.47
26364,7992.58268572244
26365,7889.082575757576
26366,7929.922575757576
26367,6023.22
26368,8717.121280960533
26369,7320.820952380952
26370,12111.43
26371,9064.349122804966
26372,7885.057319292868
26373,4667.410533333334
26374,6656.55
26375,8346.837053419851
26376,5434.45
26377,8779.118533333334
26378,6717.9168666666665
26379,7608.85
26380,11227.99
26381,7296.850571428571
26382,4866.680454545454
26383,11217.38
26384,10505.31
26385,6774.871866666666
26386,10655.252121212121
26387,11093.678533333332
26388,7570.221260606061
26389,5566.361667910706
26390,7864.432187427032
26391,6967.00746935956
26392,6137.317357838834
26393,7857.246
26394,5363.080350196201
26395,7501.716111111111
26396,8412.47937965368
26397,6510.050689440251
26398,9244.13167940948
26399,6241.558014705882
26400,7654.358470719428
26401,5048.076666666667
26402,8066.3848850622435
26403,7844.4
26404,6490.815
26405,7888.242444502804
26406,7922.880166666667
26407,10220.783265231341
26408,6802.3075
26409,6377.292251099229
26410,7055.700765656566
26411,7547.140932323232
26412,8675.944166666666
26413,5078.76
26414,4795.602777518888
26415,8104.461553626091
26416,6565.33
26417,6777.6509656905255
26418,8736.038177272727
26419,8044.198677272728
26420,7667.652571675035
26421,6908.42276060606
26422,4436.433333333333
26423,8082.6564285714285
26424,8223.972731849104
26425,8407.800714285715
26426,10085.5
26427,10519.673
26428,5313.81
26429,10083.428333333333
26430,5021.39
26431,3942.14
26432,8540.178761260868
26433,12329.02
26434,8655.017675438596
26435,8208.485
26436,6115.4333333333325
26437,8390.86
26438,10286.233333333332
26439,7938.465773809523
26440,8352.15525890538
26441,4087.555
26442,5229.363818181819
26443,5986.633623188404
26444,5591.07195652174
26445,6553.130714285714
26446,5050.555714285714
26447,6228.132542657342
26448,4772.5675
26449,7850.956969696969
26450,9374.67
26451,6835.649815384615
26452,6465.46076923077
26453,8136.219815384615
26454,7122.776
26455,5493.570909090909
26456,8866.436482051282
26457,9302.3335
26458,7657.699815384615
26459,4826.38
26460,14879.742727272727
26461,6982.588115384616
26462,7748.788115384615
26463,9896.0275
26464,9423.2475
26465,9842.563636363637
26466,7229.629318181819
26467,7888.177307692307
26468,11497.9
26469,13396.61
26470,6248.26025
26471,6791.52
26472,6637.838571428571
26473,8967.186679738563
26474,6538.247857142856
26475,11704.305895424837
26476,10362.35
26477,7295.577857142856
26478,4642.23576923077
26479,7752.635833333333
26480,10946.898395424836
26481,5213.32
26482,8257.911228070176
26483,4263.675
26484,7760.116228070176
26485,8591.877894736843
26486,9242.735950980392
26487,11111.295
26488,8086.2110625000005
26489,5744.395
26490,6894.69
26491,9524.0310625
26492,8983.241428571428
26493,9023.9610625
26494,7366.139166666668
26495,7523.266666666667
26496,6593.0825
26497,11385.57
26498,4696.04
26499,12580.495
26500,5786.91
26501,5261.58
26502,7983.976666666667
26503,7200.958147058824
26504,8254.621842650104
26505,8207.391842650102
26506,4634.89
26507,5029.432380952381
26508,7590.28
26509,11058.053882850243
26510,10310.906249999998
26511,5770.7185714285715
26512,6576.407143707548
26513,8003.951679782584
26514,6386.316
26515,5974.66190647256
26516,9837.44
26517,9890.79
26518,11618.579569892474
26519,6797.74
26520,6656.71
26521,8624.45
26522,9073.8
26523,6857.312014336917
26524,10867.56
26525,7896.6459638318665
26526,5866.93
26527,5719.07
26528,5812.17
26529,5823.62
26530,7618.534440022343
26531,6197.41
26532,5827.729569892474
26533,11552.92
26534,7251.0
26535,22638.61
26536,6706.31
26537,5678.9275
26538,9425.351428571428
26539,12893.73
26540,7718.041875
26541,9275.36
26542,7008.351538461538
26543,9451.28
26544,10065.62
26545,7217.350714285715
26546,7969.650769230769
26547,9086.935
26548,9588.18
26549,9604.45
26550,9453.120714285715
26551,8334.726666666667
26552,5903.62
26553,8322.920714285714
26554,14071.87
26555,13762.4
26556,13515.01
26557,12078.12
26558,7115.196666666667
26559,7599.59
26560,5939.925
26561,10984.57
26562,15118.52
26563,10914.59
26564,9627.945333333333
26565,7279.53
26566,6052.472
26567,7841.27
26568,13206.37
26569,9746.675333333333
26570,6515.154375
26571,8233.278571428571
26572,9077.91
26573,5019.48
26574,10203.55
26575,5985.811041666668
26576,8477.07
26577,10168.24
26578,7077.45
26579,9555.37
26580,9932.5
26581,6027.22
26582,8935.01129587156
26583,9966.99
26584,14648.02
26585,7497.76504587156
26586,11298.99
26587,7684.73
26588,11831.32
26589,9341.685
26590,13923.20504587156
26591,7759.6998820754725
26592,6119.96
26593,8749.692382075473
26594,7790.085
26595,11796.901230769232
26596,10865.294564102565
26597,8252.152263027852
26598,10079.223026491985
26599,8238.795225212727
26600,13161.92043354606
26601,5103.106862025346
26602,17739.64
26603,6776.615748477588
26604,7833.9211296004105
26605,11052.29773206967
26606,8546.891769230768
26607,8709.77576923077
26608,8578.88889688956
26609,10580.901865689866
26610,7387.115059598059
26611,7395.8375
26612,9728.17068716432
26613,9625.143551661551
26614,10495.817415213953
26615,6920.56
26616,8828.333819406942
26617,12195.01654773071
26618,8354.16
26619,6328.18
26620,8992.600271540234
26621,7234.781387991409
26622,8870.010938206902
26623,9021.093960429123
26624,5490.633477490375
26625,12283.565764450535
26626,8774.7
26627,9570.446112414998
26628,10462.2
26629,5102.36244047619
26630,9095.869882889172
26631,7991.667393868531
26632,10793.476377600671
26633,11452.66002688172
26634,6253.281153846154
26635,6069.014487179486
26636,8968.210218180382
26637,7596.743843177287
26638,10306.95
26639,9886.937063492063
26640,8418.421785714285
26641,9301.97
26642,7784.234
26643,6117.187427849928
26644,9453.43266408826
26645,9248.09
26646,10392.52282142857
26647,11647.505813418475
26648,11753.230692206356
26649,8117.5726720247685
26650,11984.70692857143
26651,8327.023945134575
26652,11387.822216613575
26653,12433.08014968815
26654,9508.922673895664
26655,14694.54
26656,8645.20425048992
26657,10957.835095955847
26658,8393.072277962448
26659,8684.85
26660,11594.099629115763
26661,8728.318012820513
26662,5312.8325
26663,7486.35
26664,11146.750272727273
26665,9400.284904892405
26666,6625.156
26667,12321.407777777778
26668,7766.909722222223
26669,7037.91
26670,7245.028181818181
26671,8376.03
26672,10547.24
26673,9058.903517503772
26674,9929.47
26675,7647.59971179671
26676,7384.88
26677,10002.501303549641
26678,4759.46
26679,8874.59
26680,7263.660679378936
26681,10529.969642144893
26682,9280.7115
26683,8647.016666666668
26684,9607.289763769128
26685,8857.12
26686,6720.731595897868
26687,14757.45
26688,7962.352348484848
26689,11099.678772853264
26690,9065.60625
26691,6582.317987382989
26692,8518.083060704303
26693,6916.125954545455
26694,9709.86
26695,16865.195
26696,8632.8
26697,4790.965091880342
26698,6302.23
26699,11496.416831868324
26700,12364.597455516709
26701,8901.864253611888
26702,10047.836428571429
26703,5748.695
26704,6724.4
26705,4327.9
26706,6398.374333333333
26707,7918.015024519974
26708,8966.653681846108
26709,10141.803833333333
26710,14621.90404761905
26711,9797.598911537985
26712,10826.424648511891
26713,9461.324434836677
26714,6669.01146351884
26715,11691.72276190476
26716,16687.641947963428
26717,9908.487904040405
26718,9978.134166666667
26719,7231.705997955504
26720,8770.858450591104
26721,7441.156311594794
26722,10108.880942307693
26723,8404.923728072235
26724,10730.89
26725,8560.718475136446
26726,12339.190809113301
26727,10112.46
26728,7297.603142446634
26729,11530.407203894616
26730,22809.96
26731,16096.23242816092
26732,9752.12
26733,4323.413426116839
26734,8538.473678160919
26735,14895.9
26736,6883.079916000419
26737,12299.01
26738,20674.99
26739,4101.0
26740,7682.650769679685
26741,11071.37337633329
26742,6914.5222413933925
26743,14737.45
26744,10130.629414141415
26745,11153.07
26746,3767.38
26747,9773.752115871528
26748,8479.84486863711
26749,9412.305
26750,13818.054035303776
26751,7662.323563365001
26752,7457.277230031668
26753,8683.967500360752
26754,7749.230941656855
26755,6095.219191770187
26756,10509.412300242715
26757,8622.859216909379
26758,8933.240917889772
26759,10983.557838744586
26760,7953.776238479262
26761,7351.2007738095235
26762,9305.008220899472
26763,9606.883970899471
26764,10690.759621627829
26765,8699.282562047607
26766,8248.08
26767,7171.715999999999
26768,5760.721187047605
26769,8401.967307310337
26770,9164.36356236084
26771,7855.731383986381
26772,6059.92
26773,12232.263333333332
26774,11082.449761839467
26775,14106.28
26776,8051.088571428571
26777,8810.588844865662
26778,7257.026833333333
26779,5773.94
26780,14273.468101275916
26781,7492.811766194332
26782,9965.33
26783,18660.73
26784,9191.277067787023
26785,8501.72
26786,6602.037065914221
26787,6482.275
26788,10106.83
26789,6249.15
26790,7271.781666666668
26791,12256.914571428571
26792,7542.484476603068
26793,20357.86
26794,17545.75
26795,6180.167520206522
26796,8511.0125
26797,7216.2390000000005
26798,9143.832851731602
26799,7502.73
26800,10485.048899105403
26801,10684.481890609823
26802,12965.024333333333
26803,6793.85551724138
26804,8610.420833333334
26805,6150.4442939164255
26806,11796.41551724138
26807,9524.67631653575
26808,8657.40551724138
26809,8361.50234894673
26810,5692.05
26811,10570.079953064835
26812,11833.026666666667
26813,7225.867292725174
26814,14803.181428571428
26815,7885.931264173592
26816,11126.730882889993
26817,5853.53
26818,7926.303812576312
26819,8490.24034959604
26820,14133.052033607697
26821,8845.65788795758
26822,10102.748446082427
26823,10045.363602243295
26824,11568.854063291748
26825,6269.597762347079
26826,10139.18
26827,8873.88
26828,5770.375833902939
26829,18759.09
26830,19746.24
26831,10183.054286283892
26832,11356.690532051514
26833,13373.83
26834,14988.7
26835,13089.99
26836,8579.47
26837,11559.6
26838,8636.338805678803
26839,10305.329008506114
26840,4971.303333333333
26841,8472.11620074224
26842,8059.808817081292
26843,6987.68
26844,9135.16
26845,6705.653205128205
26846,7785.32
26847,8357.53516282166
26848,4708.27
26849,6432.621666666666
26850,7348.825809674807
26851,9614.38211111111
26852,11780.955298295383
26853,10000.472744237859
26854,9370.668324175824
26855,8064.70013303308
26856,8309.109633033082
26857,15258.173895604396
26858,10791.039538461539
26859,8211.328333333333
26860,7066.216683042178
26861,11708.153517881918
26862,5378.366538461539
26863,9082.739247236757
26864,4930.597419053381
26865,7587.288333333333
26866,10995.61853846154
26867,8058.857681305537
26868,7548.422175463637
26869,10615.978454652544
26870,11378.55928798588
26871,14383.289285714287
26872,7670.632927350427
26873,10768.78
26874,4394.93
26875,6738.614978489833
26876,7640.972621346977
26877,6263.134098290599
26878,9798.520699300698
26879,7707.193776068376
26880,6762.0993003663
26881,11391.271044955043
26882,14992.254152097903
26883,10358.01141052836
26884,6904.198582417583
26885,8250.164290986791
26886,13685.203269592726
26887,7780.632133713602
26888,9295.902706127208
26889,6901.689671811127
26890,9718.028862909312
26891,12741.931153846155
26892,6299.417782200737
26893,8703.416153846154
26894,10278.936327655283
26895,11448.409829394743
26896,16662.636000000002
26897,8403.845138282479
26898,16522.134347826086
26899,8810.999582071438
26900,7491.308214992656
26901,4953.53
26902,9136.85
26903,8501.89876388962
26904,8170.90838859462
26905,8911.945357142857
26906,8274.274597498432
26907,6542.991212121212
26908,9804.06262184908
26909,5169.404852941177
26910,9700.590545454546
26911,9977.85439224535
26912,10185.250545454546
26913,12016.339828423377
26914,7579.179136905492
26915,10730.68942620681
26916,7892.454545454546
26917,6373.470602955299
26918,7495.052024371868
26919,6720.428862998922
26920,14366.195
26921,8131.211114233493
26922,6366.185
26923,11468.283000000001
26924,12896.301915286502
26925,10597.776994281574
26926,9189.030238095238
26927,11683.399341966688
26928,6364.58
26929,5610.78
26930,8407.376054709684
26931,10781.387047960896
26932,9163.355818247828
26933,9285.661828348837
26934,10061.06011758636
26935,8057.975656866805
26936,5498.132472954229
26937,6619.823950036806
26938,10184.80518659221
26939,11126.90441343042
26940,13273.682897395003
26941,16652.75475
26942,11154.146230728335
26943,8425.935571428572
26944,6360.184571428571
26945,12853.585041790524
26946,12386.686875123856
26947,10516.639738664846
26948,11807.91
26949,11709.25316666667
26950,6671.02
26951,5198.49
26952,13021.08
26953,11844.152619617225
26954,10424.14
26955,8578.28
26956,4940.005444444445
26957,15751.6325
26958,10274.526369099625
26959,10354.82501195677
26960,5256.87
26961,9084.306011956769
26962,7742.64757894737
26963,14130.6
26964,7612.65608974359
26965,6522.451611111112
26966,7580.490827553734
26967,6503.19
26968,4084.43
26969,9634.32262871156
26970,19565.37
26971,6911.36
26972,7512.306917236273
26973,9675.661616161617
26974,5962.684
26975,7671.760721179905
26976,6315.817583902939
26977,6464.42
26978,9835.154834593912
26979,10268.100106054837
26980,5816.69
26981,11656.18178628389
26982,9798.02
26983,6834.51125
26984,12459.92178628389
26985,12202.431611111111
26986,12358.61
26987,8135.59
26988,9109.68
26989,6210.47413476874
26990,7513.9167727215045
26991,18468.25
26992,10563.342844150076
26993,7409.454446547677
26994,8579.373571428572
26995,6411.695664496397
26996,6844.1069747899155
26997,5999.515
26998,11493.984814814814
26999,6128.7266666666665
27000,6823.332944444444
27001,9804.170385636367
27002,6048.151772727272
27003,8666.983333333332
27004,8786.393333333333
27005,9894.803359068896
27006,9101.459863329545
27007,6905.4725
27008,7240.7725
27009,9411.131851229242
27010,12560.145819747107
27011,10836.62401785714
27012,9027.219510228579
27013,6549.815671641792
27014,9172.809275796342
27015,7669.670671641792
27016,6047.57
27017,9510.33502998177
27018,10323.936666666666
27019,9511.472681496924
27020,8967.386647932817
27021,8568.652222222223
27022,10848.631290959229
27023,7644.427529374434
27024,8240.255436842739
27025,8578.536002146731
27026,10135.900524041872
27027,11267.876358739515
27028,8057.219953014759
27029,7100.4449460493925
27030,15248.793469850625
27031,9770.727222222222
27032,5142.639277777777
27033,10125.167098673373
27034,9813.887679559804
27035,13131.892327158888
27036,6264.281263096189
27037,8457.757575757576
27038,8096.419292688008
27039,10211.301125497073
27040,8587.461821917808
27041,12551.170238584476
27042,4887.456038331122
27043,9486.08853404847
27044,9413.912420257046
27045,7799.615448105557
27046,7154.026248050654
27047,8671.380980863107
27048,12633.16801253133
27049,6508.911666666668
27050,10878.725059361672
27051,10363.388659080298
27052,12609.744227124182
27053,6438.374712070874
27054,9417.775750735374
27055,6976.281999999999
27056,10372.220052793371
27057,11696.96191846052
27058,6323.595679578298
27059,7673.67
27060,10988.168838507656
27061,9306.964171803582
27062,6013.705615538889
27063,4964.9975
27064,11110.579908182812
27065,9558.783727197348
27066,11140.947090722495
27067,10784.601666666667
27068,7656.118528784648
27069,11586.65825
27070,10710.195909737029
27071,12327.848333333333
27072,9763.862857142856
27073,8566.6363810435
27074,9971.032857142856
27075,13878.733333333332
27076,9263.209004975124
27077,6871.66
27078,9510.736387096775
27079,5374.475671641791
27080,4485.002338308458
27081,10972.644243070363
27082,7899.2483870967735
27083,11715.54638888889
27084,7006.838053763441
27085,10062.383387096774
27086,9090.883135927506
27087,14660.997777777777
27088,6593.066
27089,6913.514387096774
27090,8682.563222222223
27091,10110.974798132947
27092,7904.19
27093,9773.3525026455
27094,8730.515
27095,12237.011791771662
27096,8888.529888888888
27097,8964.863222222222
27098,7374.835999999999
27099,6198.520504975125
27100,6277.655053763441
27101,15024.62
27102,13353.95233830846
27103,10988.72
27104,15937.34
27105,9121.150507421748
27106,7754.088000000001
27107,8682.891446815687
27108,11400.618777777776
27109,12648.758777777775
27110,9782.4200713073
27111,10888.884607142858
27112,11853.92094047619
27113,9301.043341563201
27114,9273.844444444443
27115,8350.513387096775
27116,8233.948087700386
27117,7335.578387096774
27118,5485.458973440376
27119,8852.577741613119
27120,12016.428333333333
27121,20673.2
27122,8595.18888888889
27123,6545.33
27124,10036.933696839944
27125,5447.525
27126,8229.11
27127,4733.2425
27128,11277.274782608696
27129,8355.83
27130,8745.229696969698
27131,19383.25788888889
27132,11560.03
27133,10438.53055882353
27134,8988.291349984309
27135,4706.25
27136,6830.862581345834
27137,6999.161515151515
27138,9389.775
27139,7221.330671641792
27140,5536.075
27141,7587.041207497461
27142,7277.68
27143,11859.873031473951
27144,10167.23271264368
27145,3625.52
27146,9460.859379310345
27147,11380.765979334097
27148,11181.219637096774
27149,8725.548387096773
27150,6913.408387096774
27151,10884.878921752232
27152,6158.955671641792
27153,12683.137097281658
27154,6906.618387096774
27155,7662.783387096774
27156,9279.675185370557
27157,11383.490833333333
27158,5359.15
27159,11121.3875
27160,11272.9925
27161,11689.148620689655
27162,14440.918620689656
27163,7862.1912007389155
27164,5193.827777777778
27165,6871.49
27166,10802.603333333333
27167,6796.21
27168,10307.390119047619
27169,8326.699823309382
27170,15010.741735294117
27171,12290.82769118384
27172,8030.275231020615
27173,9036.926666666668
27174,5961.482
27175,12546.195068627452
27176,7558.614444444445
27177,18011.79
27178,8825.124484126984
27179,7871.4526293103445
27180,11377.004857142856
27181,6014.936280875987
27182,9414.612857142856
27183,18419.32704225352
27184,6302.476888888888
27185,6010.31
27186,14252.562911086085
27187,9650.805
27188,8515.947332716065
27189,10667.356000000002
27190,9292.116793478262
27191,8467.897042253522
27192,6648.063599033816
27193,11870.418043478261
27194,8056.448876811594
27195,8803.168281573498
27196,9440.58060300207
27197,6391.482060606062
27198,9298.063977272726
27199,6976.87
27200,4754.8
27201,10453.467832032195
27202,10690.345255109116
27203,5307.692870129871
27204,9622.753042253522
27205,9475.158893939393
27206,6941.8940422535225
27207,11167.158436192914
27208,7697.396436192915
27209,11988.144503381842
27210,5887.670857142857
27211,7369.896750000001
27212,8131.315250502195
27213,5853.255749999999
27214,9720.534366992271
27215,6731.892
27216,7743.274047619047
27217,6884.405625
27218,8826.436504228343
27219,6774.134375
27220,9248.802060373453
27221,9767.36675
27222,9556.582555555555
27223,8299.539047619048
27224,10389.239547123183
27225,8147.093333333334
27226,15072.121166666668
27227,11894.828979678474
27228,8483.599584581405
27229,4846.96
27230,7420.54
27231,10218.685464456667
27232,7012.165
27233,12388.655276955613
27234,8444.020377559236
27235,10315.794736842106
27236,12937.746666666668
27237,7853.486650326797
27238,7031.019782678173
27239,14171.782857142856
27240,12757.243523809524
27241,6612.047857142857
27242,11954.049862043252
27243,12026.024
27244,7862.875855825242
27245,6551.257204358253
27246,9520.957378919924
27247,8042.382015926804
27248,7057.225982838438
27249,9409.770270749665
27250,7216.275345172645
27251,7666.323179901944
27252,10650.008204564736
27253,9814.030408098623
27254,12187.30213710442
27255,7358.533537095089
27256,9458.130170057351
27257,5751.6325
27258,9351.092133340511
27259,10065.542837662337
27260,7940.670568144498
27261,9055.72809260455
27262,9130.51463260274
27263,12916.982339581997
27264,8637.414029004844
27265,7253.808839173199
27266,9108.414620748339
27267,9496.274698425565
27268,9813.163264353929
27269,5371.808452688173
27270,5771.641202563066
27271,9116.159955596591
27272,6781.72
27273,8407.487729976545
27274,10636.612484815101
27275,8791.249147131948
27276,10541.020695881325
27277,8150.10612790118
27278,5448.337230071358
27279,9658.583492211113
27280,9075.017011182463
27281,10491.27828143889
27282,12762.651736141375
27283,12946.295183760682
27284,6140.425258868649
27285,11990.377235042735
27286,4688.139880952381
27287,4740.668473154362
27288,9956.540897881969
27289,13092.68116751269
27290,10225.17207501115
27291,10594.714691322213
27292,8988.99259608412
27293,10929.52916751269
27294,13263.33116751269
27295,8652.381333333333
27296,10000.133205360053
27297,7535.177417512689
27298,5698.6358341793575
27299,7089.546878297004
27300,7341.507852655978
27301,7451.900844131361
27302,6882.4205787445735
27303,8584.719182587784
27304,4618.18616751269
27305,9360.32108904965
27306,10664.429500846025
27307,8131.850920214045
27308,7768.635734612259
27309,10086.247916666667
27310,7754.854738095238
27311,6573.467691322214
27312,12410.218950433826
27313,12131.662916666664
27314,9065.852735690236
27315,6689.231834179356
27316,20065.005416666667
27317,8548.433735690236
27318,9535.207916666666
27319,14452.175249999998
27320,10454.006881798407
27321,11765.254309523809
27322,8114.56125
27323,8781.632834179356
27324,13109.005064102565
27325,19830.373333333333
27326,7712.826250846024
27327,8686.62473076923
27328,6660.02
27329,9901.766854131376
27330,8229.915064102564
27331,12590.081716017115
27332,13242.77770597423
27333,8019.44673076923
27334,5343.496405607929
27335,9074.223360639362
27336,12176.752554400955
27337,6817.3171803332025
27338,10180.672751633987
27339,5028.695929417452
27340,10251.425751633986
27341,9250.8496354722
27342,10878.227087589985
27343,12377.379806401581
27344,9374.736416505115
27345,6071.277222222223
27346,8337.917222222222
27347,10939.58023093748
27348,10265.898894702705
27349,10461.637497315323
27350,9643.667222222222
27351,8941.036578808447
27352,6068.055242063491
27353,12718.197394993413
27354,5596.389705524386
27355,14060.48103764256
27356,7434.84
27357,5686.85
27358,9890.49
27359,7811.089738941261
27360,10125.614407463736
27361,9510.675876053689
27362,4924.435
27363,6691.001881098125
27364,10453.73
27365,12679.13613316379
27366,12671.711847449506
27367,6584.12
27368,7380.655473204639
27369,11611.379055555555
27370,8164.18
27371,7566.633278499278
27372,12882.46
27373,12266.948333333336
27374,13732.73
27375,6329.64
27376,8189.634
27377,9535.93
27378,11560.811862745099
27379,8587.593454545455
27380,14476.06
27381,8657.298
27382,6996.82
27383,6818.6
27384,7825.74
27385,6454.008000000001
27386,9858.52
27387,7546.19
27388,7526.96
27389,15452.12
27390,7481.34
27391,23042.76
27392,8624.04
27393,0.0
27394,0.0
27395,0.0
27396,0.0
27397,0.0
27398,0.0
27399,0.0
27400,0.0
27401,0.0
27402,0.0
27403,0.0
27404,0.0
27405,0.0
27406,0.0
27407,0.0
27408,0.0
27409,0.0
27410,0.0
27411,0.0
27412,0.0
27413,0.0
27414,0.0
27415,0.0
27416,0.0
27417,0.0
27418,0.0
27419,0.0
27420,0.0
27421,0.0
27422,0.0
27423,0.0
27424,0.0
27425,0.0
27426,0.0
27427,0.0
27428,0.0
27429,0.0
27430,0.0
27431,0.0
27432,0.0
27433,0.0
27434,0.0
27435,0.0
27436,0.0
27437,0.0
27438,0.0
27439,0.0
27440,0.0
27441,0.0
27442,0.0
27443,0.0
27444,0.0
27445,0.0
27446,0.0
27447,0.0
27448,0.0
27449,0.0
27450,0.0
27451,0.0
27452,0.0
27453,0.0
27454,0.0
27455,0.0
27456,0.0
27457,0.0
27458,0.0
27459,0.0
27460,0.0
27461,0.0
27462,0.0
27463,0.0
27464,0.0
27465,0.0
27466,0.0
27467,0.0
27468,0.0
27469,0.0
27470,0.0
27471,0.0
27472,0.0
27473,0.0
27474,0.0
27475,0.0
27476,0.0
27477,0.0
27478,0.0
27479,0.0
27480,0.0
27481,0.0
27482,0.0
27483,0.0
27484,4614.52
27485,0.0
27486,0.0
27487,0.0
27488,0.0
27489,0.0
27490,0.0
27491,0.0
27492,0.0
27493,0.0
27494,0.0
27495,0.0
27496,0.0
27497,0.0
27498,0.0
27499,0.0
27500,0.0
27501,0.0
27502,0.0
27503,0.0
27504,0.0
27505,0.0
27506,0.0
27507,0.0
27508,0.0
27509,0.0
27510,0.0
27511,0.0
27512,0.0
27513,0.0
27514,0.0
27515,0.0
27516,0.0
27517,0.0
27518,0.0
27519,0.0
27520,0.0
27521,0.0
27522,0.0
27523,0.0
27524,0.0
27525,0.0
27526,0.0
27527,0.0
27528,0.0
27529,0.0
27530,0.0
27531,0.0
27532,0.0
27533,0.0
27534,0.0
27535,0.0
27536,0.0
27537,0.0
27538,0.0
27539,0.0
27540,0.0
27541,0.0
27542,0.0
27543,0.0
27544,0.0
27545,0.0
27546,0.0
27547,0.0
27548,0.0
27549,0.0
27550,0.0
27551,0.0
27552,3087.36
27553,0.0
27554,0.0
27555,0.0
27556,0.0
27557,0.0
27558,0.0
27559,0.0
27560,0.0
27561,0.0
27562,0.0
27563,0.0
27564,0.0
27565,0.0
27566,0.0
27567,0.0
27568,0.0
27569,0.0
27570,0.0
27571,0.0
27572,0.0
27573,0.0
27574,0.0
27575,0.0
27576,0.0
27577,0.0
27578,0.0
27579,0.0
27580,0.0
27581,0.0
27582,0.0
27583,0.0
27584,0.0
27585,0.0
27586,0.0
27587,0.0
27588,0.0
27589,0.0
27590,0.0
27591,0.0
27592,0.0
27593,16217.88
27594,28775.76
27595,0.0
27596,0.0
27597,0.0
27598,0.0
27599,0.0
27600,0.0
27601,0.0
27602,7018.14
27603,0.0
27604,0.0
27605,0.0
27606,0.0
27607,0.0
27608,0.0
27609,0.0
27610,0.0
27611,0.0
27612,0.0
27613,0.0
27614,0.0
27615,0.0
27616,0.0
27617,0.0
27618,0.0
27619,0.0
27620,0.0
27621,5644.57
27622,0.0
27623,0.0
27624,0.0
27625,0.0
27626,0.0
27627,0.0
27628,0.0
27629,0.0
27630,0.0
27631,2908.38
27632,0.0
27633,0.0
27634,0.0
27635,0.0
27636,0.0
27637,0.0
27638,0.0
27639,0.0
27640,0.0
27641,0.0
27642,0.0
27643,0.0
27644,0.0
27645,0.0
27646,0.0
27647,0.0
27648,0.0
27649,7865.15
27650,0.0
27651,0.0
27652,0.0
27653,0.0
27654,0.0
27655,0.0
27656,0.0
27657,0.0
27658,0.0
27659,0.0
27660,0.0
27661,0.0
27662,0.0
27663,0.0
27664,0.0
27665,0.0
27666,7501.39
27667,0.0
27668,0.0
27669,0.0
27670,0.0
27671,0.0
27672,0.0
27673,0.0
27674,0.0
27675,0.0
27676,0.0
27677,0.0
27678,0.0
27679,0.0
27680,0.0
27681,0.0
27682,0.0
27683,0.0
27684,0.0
27685,0.0
27686,0.0
27687,0.0
27688,0.0
27689,0.0
27690,0.0
27691,0.0
27692,0.0
27693,0.0
27694,0.0
27695,0.0
27696,0.0
27697,0.0
27698,0.0
27699,0.0
27700,0.0
27701,0.0
27702,0.0
27703,0.0
27704,0.0
27705,0.0
27706,0.0
27707,0.0
27708,0.0
27709,0.0
27710,0.0
27711,0.0
27712,0.0
27713,0.0
27714,0.0
27715,0.0
27716,0.0
27717,0.0
27718,0.0
27719,0.0
27720,0.0
27721,0.0
27722,0.0
27723,0.0
27724,0.0
27725,0.0
27726,0.0
27727,0.0
27728,1629.2
27729,0.0
27730,0.0
27731,0.0
27732,0.0
27733,0.0
27734,0.0
27735,0.0
27736,0.0
27737,0.0
27738,0.0
27739,0.0
27740,0.0
27741,0.0
27742,6055.77
27743,0.0
27744,0.0
27745,0.0
27746,0.0
27747,0.0
27748,0.0
27749,0.0
27750,0.0
27751,0.0
27752,0.0
27753,0.0
27754,0.0
27755,0.0
27756,0.0
27757,0.0
27758,0.0
27759,0.0
27760,0.0
27761,0.0
27762,0.0
27763,0.0
27764,0.0
27765,0.0
27766,0.0
27767,0.0
27768,0.0
27769,0.0
27770,0.0
27771,0.0
27772,0.0
27773,0.0
27774,0.0
27775,0.0
27776,0.0
27777,0.0
27778,0.0
27779,0.0
27780,0.0
27781,0.0
27782,0.0
27783,0.0
27784,0.0
27785,6471.82
27786,0.0
27787,0.0
27788,0.0
27789,0.0
27790,0.0
27791,0.0
27792,0.0
27793,0.0
27794,0.0
27795,1928.68
27796,0.0
27797,0.0
27798,0.0
27799,5693.12
27800,0.0
27801,0.0
27802,0.0
27803,0.0
27804,0.0
27805,0.0
27806,0.0
27807,0.0
27808,0.0
27809,0.0
27810,0.0
27811,0.0
27812,0.0
27813,0.0
27814,0.0
27815,0.0
27816,0.0
27817,0.0
27818,0.0
27819,0.0
27820,0.0
27821,0.0
27822,0.0
27823,0.0
27824,0.0
27825,0.0
27826,18647.51
27827,0.0
27828,0.0
27829,0.0
27830,0.0
27831,0.0
27832,0.0
27833,0.0
27834,0.0
27835,0.0
27836,0.0
27837,0.0
27838,0.0
27839,0.0
27840,5959.09
27841,0.0
27842,0.0
27843,0.0
27844,0.0
27845,0.0
27846,0.0
27847,0.0
27848,0.0
27849,0.0
27850,0.0
27851,0.0
27852,0.0
27853,0.0
27854,0.0
27855,0.0
27856,0.0
27857,0.0
27858,0.0
27859,0.0
27860,0.0
27861,0.0
27862,0.0
27863,0.0
27864,0.0
27865,0.0
27866,0.0
27867,0.0
27868,0.0
27869,0.0
27870,0.0
27871,0.0
27872,0.0
27873,0.0
27874,0.0
27875,0.0
27876,0.0
27877,0.0
27878,0.0
27879,0.0
27880,0.0
27881,0.0
27882,0.0
27883,0.0
27884,0.0
27885,0.0
27886,0.0
27887,0.0
27888,0.0
27889,0.0
27890,0.0
27891,0.0
27892,0.0
27893,0.0
27894,0.0
27895,0.0
27896,0.0
27897,0.0
27898,0.0
27899,0.0
27900,0.0
27901,0.0
27902,0.0
27903,0.0
27904,0.0
27905,0.0
27906,0.0
27907,0.0
27908,0.0
27909,0.0
27910,0.0
27911,0.0
27912,0.0
27913,0.0
27914,0.0
27915,12133.56
27916,0.0
27917,0.0
27918,0.0
27919,0.0
27920,0.0
27921,0.0
27922,0.0
27923,0.0
27924,0.0
27925,0.0
27926,0.0
27927,0.0
27928,0.0
27929,0.0
27930,0.0
27931,0.0
27932,0.0
27933,0.0
27934,0.0
27935,0.0
27936,0.0
27937,0.0
27938,0.0
27939,0.0
27940,0.0
27941,0.0
27942,0.0
27943,0.0
27944,0.0
27945,0.0
27946,0.0
27947,0.0
27948,0.0
27949,0.0
27950,0.0
27951,0.0
27952,0.0
27953,0.0
27954,0.0
27955,0.0
27956,0.0
27957,0.0
27958,0.0
27959,5116.76
27960,16157.15
27961,0.0
27962,0.0
27963,0.0
27964,0.0
27965,0.0
27966,0.0
27967,0.0
27968,0.0
27969,0.0
27970,0.0
27971,0.0
27972,0.0
27973,0.0
27974,0.0
27975,0.0
27976,0.0
27977,0.0
27978,0.0
27979,0.0
27980,0.0
27981,0.0
27982,0.0
27983,0.0
27984,0.0
27985,0.0
27986,0.0
27987,0.0
27988,10730.1
27989,0.0
27990,0.0
27991,0.0
27992,0.0
27993,0.0
27994,0.0
27995,0.0
27996,0.0
27997,0.0
27998,0.0
27999,0.0
28000,0.0
28001,0.0
28002,0.0
28003,0.0
28004,0.0
28005,0.0
28006,0.0
28007,0.0
28008,0.0
28009,0.0
28010,0.0
28011,0.0
28012,0.0
28013,0.0
28014,0.0
28015,0.0
28016,0.0
28017,0.0
28018,0.0
28019,0.0
28020,0.0
28021,0.0
28022,0.0
28023,0.0
28024,0.0
28025,0.0
28026,0.0
28027,0.0
28028,0.0
28029,0.0
28030,0.0
28031,0.0
28032,0.0
28033,0.0
28034,0.0
28035,0.0
28036,0.0
28037,0.0
28038,0.0
28039,0.0
28040,0.0
28041,0.0
28042,0.0
28043,0.0
28044,0.0
28045,0.0
28046,0.0
28047,0.0
28048,0.0
28049,0.0
28050,0.0
28051,0.0
28052,0.0
28053,0.0
28054,0.0
28055,0.0
28056,0.0
28057,0.0
28058,2640.74
28059,0.0
28060,0.0
28061,0.0
28062,2421.72
28063,0.0
28064,0.0
28065,0.0
28066,0.0
28067,0.0
28068,0.0
28069,0.0
28070,0.0
28071,0.0
28072,0.0
28073,0.0
28074,0.0
28075,0.0
28076,0.0
28077,0.0
28078,0.0
28079,0.0
28080,0.0
28081,0.0
28082,0.0
28083,0.0
28084,0.0
28085,0.0
28086,0.0
28087,0.0
28088,0.0
28089,0.0
28090,0.0
28091,0.0
28092,0.0
28093,0.0
28094,0.0
28095,0.0
28096,0.0
28097,0.0
28098,0.0
28099,0.0
28100,0.0
28101,0.0
28102,0.0
28103,0.0
28104,0.0
28105,0.0
28106,0.0
28107,0.0
28108,0.0
28109,0.0
28110,0.0
28111,0.0
28112,0.0
28113,2734.05
28114,0.0
28115,0.0
28116,0.0
28117,0.0
28118,0.0
28119,0.0
28120,0.0
28121,0.0
28122,0.0
28123,0.0
28124,0.0
28125,0.0
28126,0.0
28127,0.0
28128,9926.72
28129,0.0
28130,0.0
28131,0.0
28132,0.0
28133,0.0
28134,0.0
28135,0.0
28136,0.0
28137,0.0
28138,0.0
28139,0.0
28140,0.0
28141,0.0
28142,0.0
28143,0.0
28144,0.0
28145,0.0
28146,0.0
28147,0.0
28148,0.0
28149,0.0
28150,0.0
28151,0.0
28152,0.0
28153,0.0
28154,0.0
28155,0.0
28156,0.0
28157,0.0
28158,0.0
28159,0.0
28160,0.0
28161,0.0
28162,0.0
28163,0.0
28164,0.0
28165,0.0
28166,0.0
28167,0.0
28168,0.0
28169,0.0
28170,0.0
28171,0.0
28172,0.0
28173,0.0
28174,0.0
28175,0.0
28176,0.0
28177,0.0
28178,0.0
28179,0.0
28180,0.0
28181,0.0
28182,0.0
28183,0.0
28184,0.0
28185,0.0
28186,0.0
28187,0.0
28188,0.0
28189,0.0
28190,0.0
28191,0.0
28192,4600.8
28193,0.0
28194,0.0
28195,0.0
28196,0.0
28197,0.0
28198,0.0
28199,0.0
28200,0.0
28201,0.0
28202,0.0
28203,0.0
28204,0.0
28205,0.0
28206,0.0
28207,0.0
28208,0.0
28209,0.0
28210,0.0
28211,0.0
28212,0.0
28213,0.0
28214,0.0
28215,0.0
28216,0.0
28217,0.0
28218,0.0
28219,0.0
28220,0.0
28221,0.0
28222,0.0
28223,0.0
28224,0.0
28225,0.0
28226,0.0
28227,0.0
28228,0.0
28229,0.0
28230,0.0
28231,0.0
28232,0.0
28233,11982.0
28234,5441.52
28235,0.0
28236,0.0
28237,0.0
28238,0.0
28239,0.0
28240,0.0
28241,0.0
28242,0.0
28243,0.0
28244,0.0
28245,0.0
28246,0.0
28247,0.0
28248,0.0
28249,4382.31
28250,3396.1
28251,6916.568529411764
28252,2427.43
28253,6474.275625
28254,4539.46
28255,5665.034679054054
28256,5578.819679054054
28257,0.0
28258,3425.72
28259,5761.72
28260,4974.243666666667
28261,4112.07
28262,0.0
28263,4652.11
28264,0.0
28265,4361.18
28266,6804.45326923077
28267,8053.5
28268,6849.48
28269,6436.29
28270,3948.18
28271,5233.7275
28272,0.0
28273,7497.267812499998
28274,7655.083333333334
28275,0.0
28276,5748.82
28277,2879.98
28278,5328.43
28279,0.0
28280,7960.973110465116
28281,4322.02
28282,5160.65
28283,0.0
28284,5440.735942028984
28285,2138.285
28286,7151.7266666666665
28287,3954.04
28288,0.0
28289,0.0
28290,3620.6697115384613
28291,7410.52
28292,6045.293272727273
28293,4652.918673076923
28294,3716.962840909091
28295,7026.03
28296,10198.84
28297,5551.24
28298,4710.395009416196
28299,7921.009182983684
28300,7566.88
28301,5143.134666666667
28302,6734.41
28303,2219.99
28304,2243.4761965811967
28305,4715.01
28306,5808.881666666667
28307,8307.256523809523
28308,7115.385833333333
28309,4015.855
28310,7558.95
28311,0.0
28312,4346.77
28313,2847.816666666667
28314,10622.455
28315,3353.69118419489
28316,0.0
28317,7449.393333333333
28318,5345.86
28319,5784.24
28320,2915.1714285714284
28321,5498.3519230769225
28322,4935.146482259571
28323,0.0
28324,0.0
28325,6961.630999999999
28326,5911.666363636364
28327,2842.8989285714283
28328,6976.81
28329,0.0
28330,4823.03934551495
28331,3208.637587390826
28332,6247.3363665882625
28333,5336.616004065041
28334,0.0
28335,0.0
28336,2245.63195970696
28337,7505.87612005716
28338,4447.666454626483
28339,3299.1603888888894
28340,7541.566287826288
28341,2492.9934285714285
28342,4895.326179775209
28343,4688.541255702877
28344,7316.385494080497
28345,0.0
28346,4255.66
28347,4339.1
28348,0.0
28349,6110.512355868089
28350,0.0
28351,0.0
28352,0.0
28353,5715.191762675186
28354,3968.616586956522
28355,2960.567824571847
28356,4877.373851230618
28357,0.0
28358,0.0
28359,6835.619629749034
28360,7663.878491116089
28361,0.0
28362,7564.0470000000005
28363,3104.5299264149203
28364,4000.836145300381
28365,7674.906750955119
28366,7029.598714231373
28367,7174.05953309444
28368,8649.940833333332
28369,6778.936359253018
28370,4967.2590099194385
28371,6541.989583088892
28372,6928.78094113784
28373,3826.5141842441744
28374,0.0
28375,5055.547043773741
28376,4362.420791226669
28377,7328.983763099173
28378,3729.410450167538
28379,5500.382759292269
28380,0.0
28381,0.0
28382,5432.05
28383,2886.2722160012
28384,6456.303517640314
28385,6401.269960983462
28386,3430.333294964768
28387,5254.536051752986
28388,0.0
28389,5289.203711105649
28390,0.0
28391,4030.4391309435823
28392,4202.661141580642
28393,6917.253475874368
28394,0.0
28395,0.0
28396,0.0
28397,3792.5430877977938
28398,4703.411899447738
28399,9832.481816516816
28400,5013.8075
28401,6868.76203110689
28402,6358.53666952393
28403,4873.146562770563
28404,6145.824280784845
28405,0.0
28406,4227.535867724868
28407,7398.675576386523
28408,5088.253280112045
28409,2931.3904603174597
28410,3248.6659999999997
28411,6843.141604714805
28412,9231.354051282053
28413,0.0
28414,6413.5886666666665
28415,3783.415809295967
28416,0.0
28417,1886.5366404489087
28418,3455.341599327742
28419,5379.6399033621165
28420,6419.290753279799
28421,5097.944724285063
28422,4328.491516385528
28423,7312.8865644481475
28424,7061.835314909716
28425,6712.6179060891045
28426,0.0
28427,7448.123908373175
28428,9148.895
28429,3886.3307736849583
28430,5340.06990154871
28431,5257.297581340607
28432,6402.106756348262
28433,3078.512916666667
28434,5042.190575876421
28435,4663.860658239421
28436,8206.151363636363
28437,5534.724875000001
28438,6925.51694505838
28439,6838.113363636363
28440,4458.737858557779
28441,7630.693077256076
28442,16451.4
28443,8652.19217274004
28444,3387.015
28445,3015.0387629870133
28446,6029.607794181198
28447,8876.562857142857
28448,0.0
28449,8450.91
28450,16885.04
28451,0.0
28452,2184.40922880117
28453,9674.17
28454,3029.3087735581644
28455,6696.936434565435
28456,3129.309819056033
28457,5719.938540454835
28458,3290.75
28459,0.0
28460,0.0
28461,5029.33884461538
28462,8637.46203073969
28463,5442.707064246763
28464,5448.740780336229
28465,0.0
28466,0.0
28467,6453.62477032227
28468,0.0
28469,0.0
28470,5566.556505367612
28471,4046.5346850596297
28472,3144.977278904636
28473,4830.676969706135
28474,4580.4126204997865
28475,4747.900864089531
28476,0.0
28477,8987.220453088281
28478,7009.591594730829
28479,4393.306949200432
28480,3850.7976055107533
28481,4783.359336514425
28482,4987.324955241886
28483,5410.6059235089
28484,0.0
28485,6939.254095238096
28486,5518.269500061342
28487,7342.019746257359
28488,5179.340988699238
28489,3918.31
28490,3288.0
28491,2628.504476190476
28492,8139.62
28493,0.0
28494,5553.920376984127
28495,11174.51
28496,7111.828218824746
28497,4185.4039523809515
28498,5165.727833333333
28499,2360.04
28500,3548.08
28501,4327.301785714287
28502,3415.3829761904763
28503,8181.23103508772
28504,4490.044655244904
28505,8033.78
28506,10140.37
28507,4862.804015577437
28508,4928.363988270868
28509,4776.202229491483
28510,4671.948625275315
28511,4649.31
28512,0.0
28513,5663.460833333333
28514,6280.618583791827
28515,0.0
28516,5122.665081183883
28517,4860.377605283606
28518,0.0
28519,6542.040833333333
28520,5453.834333333333
28521,6160.727763602707
28522,4413.41
28523,7776.787242768398
28524,6317.653364649408
28525,5677.80060659775
28526,8802.504285714287
28527,6466.15643153199
28528,7814.913904761905
28529,3215.488999200075
28530,0.0
28531,4488.709421717172
28532,7867.082189849624
28533,7095.056691713501
28534,7071.954746519245
28535,5829.886499603654
28536,7752.005426819558
28537,4656.36451754386
28538,6334.131841880343
28539,6117.61765842491
28540,2588.33
28541,11954.11
28542,16458.45
28543,0.0
28544,6207.555097777509
28545,7057.53
28546,8023.04
28547,7419.94
28548,2894.5682913614164
28549,4358.186813216195
28550,5439.46648677863
28551,7852.504714285715
28552,2477.9777062018443
28553,4170.182598484849
28554,4946.295047591298
28555,0.0
28556,4478.267947802197
28557,2739.8429917582425
28558,2858.702041182116
28559,6195.8555528966535
28560,0.0
28561,3934.1
28562,5494.686702051165
28563,4388.341428571428
28564,8803.126246503496
28565,0.0
28566,0.0
28567,6415.827847222223
28568,6102.406547397047
28569,9752.290324675323
28570,5411.163893129332
28571,2468.6598246753247
28572,0.0
28573,11336.532121212122
28574,4149.163370416095
28575,7047.325935064935
28576,2044.1090238095237
28577,3585.9635297202794
28578,5637.885053446898
28579,0.0
28580,0.0
28581,0.0
28582,8271.953424242423
28583,7186.5025
28584,3534.2902911498204
28585,0.0
28586,1904.35
28587,3239.261862953223
28588,6458.703773239306
28589,4562.06
28590,9959.319376633986
28591,2536.676955359205
28592,4521.060004965113
28593,5010.284994624652
28594,7678.649345317279
28595,9400.466666666667
28596,4883.085512887326
28597,3063.5752628205137
28598,8745.951377416066
28599,8384.024467058054
28600,4402.857007072819
28601,0.0
28602,8758.565
28603,5553.980388888889
28604,4695.001213089803
28605,3627.779891025641
28606,7075.501842571434
28607,3972.46320172014
28608,11964.8225
28609,7466.95125
28610,13145.326025641025
28611,0.0
28612,4172.59
28613,1914.0366176470588
28614,6192.571024705581
28615,0.0
28616,4871.87
28617,8725.65361111111
28618,0.0
28619,2512.644507936508
28620,6403.154318181819
28621,3222.66726001776
28622,0.0
28623,6579.917083333333
28624,6445.408
28625,7784.549450549451
28626,4024.783166666667
28627,7325.743435890477
28628,0.0
28629,4601.6
28630,0.0
28631,0.0
28632,9038.384785714286
28633,5570.0
28634,3235.69
28635,5135.455
28636,8223.99367817438
28637,5331.011314070865
28638,3683.088333333333
28639,5007.623705090191
28640,4837.308
28641,9109.33
28642,0.0
28643,9533.23
28644,4532.662745356064
28645,3343.6723901310684
28646,6337.23
28647,4792.505090909091
28648,3192.6564262943452
28649,4641.130916666667
28650,7633.8942857142865
28651,7068.09157418974
28652,9926.14
28653,7982.958552099678
28654,6468.82
28655,6526.406502333171
28656,4070.8546861498426
28657,9168.561832199011
28658,6705.4067202575025
28659,6371.16
28660,4930.935
28661,5296.314640847868
28662,4452.237333333334
28663,2056.89
28664,0.0
28665,0.0
28666,5565.508417366143
28667,0.0
28668,1537.48
28669,7654.723397898304
28670,0.0
28671,8985.05
28672,3283.845714285714
28673,6619.59
28674,5073.890142857143
28675,4036.25
28676,9616.86
28677,4044.14
28678,0.0
28679,3539.6566666666663
28680,2593.58
28681,4596.36
28682,12762.79
28683,4902.32
28684,5229.55
28685,5057.673111111111
28686,3476.55625
28687,3191.48
28688,5629.8225
28689,2634.779748677249
28690,0.0
28691,5868.04
28692,0.0
28693,7806.51
28694,2244.831666666667
28695,3597.18625
28696,9182.13
28697,7682.236000000001
28698,8779.985
28699,2195.1633333333334
28700,4920.43
28701,4198.91
28702,4070.71
28703,16185.24
28704,0.0
28705,4452.38
28706,2852.96
28707,5123.01
28708,3828.28
28709,2367.3166666666666
28710,7535.855
28711,4287.67
28712,0.0
28713,7205.35
28714,4611.32
28715,4488.5
28716,4757.05
28717,0.0
28718,6155.6
28719,2449.31
28720,0.0
28721,7017.2
28722,7651.52
28723,5568.42
28724,7160.8
28725,0.0
28726,0.0
28727,4608.023256255903
28728,2838.23
28729,4307.954628793104
28730,4156.13
28731,4362.15278526931
28732,6698.56
28733,3608.44
28734,0.0
28735,4641.77
28736,6133.842307991145
28737,0.0
28738,4152.300355754583
28739,0.0
28740,0.0
28741,3057.266170616309
28742,10338.1
28743,3697.02
28744,3114.59
28745,5860.435945382351
28746,0.0
28747,8174.318921986384
28748,0.0
28749,4450.03
28750,0.0
28751,5971.675108843978
28752,4042.14
28753,8460.143333333333
28754,2823.39
28755,4408.687083333333
28756,3808.928441558442
28757,3085.817
28758,0.0
28759,6768.82
28760,6236.997371933622
28761,4472.52
28762,4782.49797705998
28763,7352.01
28764,7376.76
28765,0.0
28766,0.0
28767,0.0
28768,6535.764
28769,4803.29739757866
28770,2845.739509859711
28771,5587.16
28772,0.0
28773,5453.933323981574
28774,5290.896963032179
28775,2345.14
28776,0.0
28777,3093.1932058441575
28778,8215.859583333333
28779,5224.895331890331
28780,4232.935782527562
28781,7903.3025
28782,3830.3496359776323
28783,4186.730697691197
28784,0.0
28785,2747.1387460154856
28786,5912.36
28787,9124.739333333333
28788,6623.610138722081
28789,2555.73
28790,0.0
28791,0.0
28792,3147.1895469644614
28793,4420.590417098907
28794,0.0
28795,4669.43
28796,0.0
28797,5271.2728181818175
28798,0.0
28799,11141.36
28800,4287.626666666666
28801,0.0
28802,4057.065
28803,5871.913657744936
28804,0.0
28805,5587.81
28806,6973.38
28807,7306.7605972624115
28808,7537.050003759397
28809,5102.6483333333335
28810,4944.859196092196
28811,3833.220880488623
28812,5100.2019345238095
28813,8524.743333333332
28814,5873.175924986918
28815,7385.01
28816,14626.95
28817,3512.863457150658
28818,0.0
28819,4060.6329081760937
28820,7810.904285714287
28821,0.0
28822,6965.6466666666665
28823,7035.509666666667
28824,6906.010793650794
28825,0.0
28826,6000.402333333334
28827,5051.549756854257
28828,2743.004358371953
28829,0.0
28830,3453.9071033482733
28831,3234.7056047591086
28832,7096.548974358975
28833,17424.7
28834,4459.68
28835,2920.2
28836,4377.003821939352
28837,3549.100833333334
28838,5859.453087301587
28839,1859.49
28840,5938.4
28841,0.0
28842,3259.01
28843,10615.45
28844,10616.61
28845,3983.83
28846,0.0
28847,3418.671666666667
28848,4181.99796182085
28849,3875.62
28850,0.0
28851,3613.7427588235296
28852,3991.7575
28853,0.0
28854,5079.883333333334
28855,5739.634454025143
28856,6517.07
28857,2705.87
28858,7713.906
28859,6287.72661746828
28860,4804.017154900699
28861,3869.403067215961
28862,3466.3715184623793
28863,4484.62
28864,0.0
28865,8965.44
28866,4042.4427759103646
28867,3689.5469653363043
28868,6278.313
28869,6158.083207047853
28870,0.0
28871,0.0
28872,0.0
28873,10039.814603118975
28874,6561.644244630395
28875,5458.5666666666675
28876,3621.6999073289394
28877,4135.596780575767
28878,0.0
28879,3701.91
28880,3908.309877192982
28881,5019.52
28882,0.0
28883,7393.26
28884,4207.2
28885,5298.506365674431
28886,0.0
28887,6146.09
28888,5594.299587301587
28889,9115.518339533995
28890,6377.6320000000005
28891,4766.22
28892,3928.820132867499
28893,1890.99
28894,3858.533162153278
28895,0.0
28896,1980.7408161309233
28897,4476.821083333332
28898,6802.755
28899,7145.279166666667
28900,5119.71
28901,7503.825
28902,5565.435538461539
28903,0.0
28904,2505.932550492611
28905,7011.96241837426
28906,3908.7290552624945
28907,5774.945267154071
28908,8757.949166666665
28909,0.0
28910,0.0
28911,5567.192333333334
28912,2724.230336358137
28913,6103.005380952381
28914,6648.028214285715
28915,2728.056291868107
28916,8183.215829678362
28917,5987.811904761906
28918,4314.985351503759
28919,8857.132822807016
28920,7335.879215752961
28921,7380.745
28922,3997.544720233328
28923,3274.786944444445
28924,4830.841666666666
28925,0.0
28926,5187.13
28927,2612.6246908152225
28928,5502.240732497677
28929,3092.2257044737908
28930,0.0
28931,4802.047473839614
28932,4327.66
28933,5037.635555555555
28934,7984.9259999999995
28935,0.0
28936,7539.26
28937,0.0
28938,5557.985447369828
28939,8063.34
28940,6646.34
28941,4446.313264411027
28942,0.0
28943,4980.315
28944,0.0
28945,0.0
28946,0.0
28947,5738.9730578179015
28948,8598.989413163581
28949,6265.0
28950,2269.555183990933
28951,0.0
28952,7965.82
28953,6244.154497344692
28954,7062.255464908947
28955,6245.236901842154
28956,0.0
28957,4908.161078793247
28958,4278.948495417199
28959,0.0
28960,0.0
28961,7386.157727272727
28962,3424.3308649403707
28963,7432.318830042333
28964,6495.696596915327
28965,4831.031949603107
28966,6618.058198211627
28967,4270.31
28968,6763.463384745242
28969,4296.82
28970,5065.757539285718
28971,4633.07
28972,3557.36
28973,6212.766968844139
28974,6472.678472222223
28975,7256.911890498432
28976,5881.745333333333
28977,0.0
28978,5769.4614441174035
28979,6370.621540195017
28980,7645.607916046787
28981,2920.96
28982,2948.560190216746
28983,8509.495536245571
28984,5129.29
28985,3752.2036069493975
28986,7126.1590779749995
28987,0.0
28988,5947.442792066997
28989,4904.826436369186
28990,2265.2020138959615
28991,6225.1905595238095
28992,5481.130836929436
28993,5021.392414603171
28994,8251.36988284292
28995,6710.31
28996,3446.4753790730156
28997,5743.64
28998,2500.06
28999,1093.9713797313798
29000,5586.464768528593
29001,0.0
29002,5308.26
29003,4445.285394425949
29004,2947.3583435013634
29005,4976.1521499290275
29006,7607.65799148316
29007,5644.675314124438
29008,8008.774211450049
29009,4452.826822764038
29010,4361.276586882181
29011,0.0
29012,5982.015982330265
29013,3357.0888754608113
29014,2154.1410286225505
29015,3948.7108987487127
29016,3374.7404882140713
29017,0.0
29018,4070.9161797573165
29019,0.0
29020,4951.128728359078
29021,7569.792915043291
29022,4567.4
29023,0.0
29024,9337.5080754662
29025,8387.89
29026,0.0
29027,2092.112365079365
29028,5429.37
29029,4736.768071308107
29030,3328.3449157509153
29031,8759.57033631476
29032,9114.827105263157
29033,6352.23
29034,5790.837907485057
29035,5556.937351712615
29036,7478.512857142857
29037,10246.78
29038,2788.429583333333
29039,3596.575
29040,4514.342036855865
29041,5779.45
29042,0.0
29043,13027.74
29044,6916.835675366299
29045,0.0
29046,2523.217951512824
29047,5989.432666666666
29048,7717.29
29049,3206.3730032737008
29050,5826.687585515719
29051,0.0
29052,6613.030572655846
29053,5155.980700980393
29054,5134.35
29055,5832.431358079148
29056,3777.65
29057,4738.5329540970715
29058,6693.747923336149
29059,4537.15
29060,7848.544333333333
29061,5246.93
29062,7643.831596070596
29063,4902.566
29064,3352.78
29065,7950.38
29066,0.0
29067,9757.22
29068,0.0
29069,4431.8863136083855
29070,6648.412554112554
29071,4419.955333333333
29072,4190.83
29073,5268.63
29074,2504.6
29075,2841.367238095238
29076,5188.2267644639705
29077,5888.457560597573
29078,0.0
29079,5543.2491171449155
29080,5241.846880131363
29081,3842.697777777778
29082,5639.690508679308
29083,3031.8016666666663
29084,10002.84
29085,6143.02
29086,0.0
29087,0.0
29088,4945.8
29089,6295.42
29090,7636.92
29091,2985.73
29092,8351.75
29093,0.0
29094,4826.78
29095,0.0
29096,4360.1
29097,2697.56
29098,4914.52
29099,0.0
29100,3028.89
29101,7730.06
29102,5648.79
29103,20852.88
29104,6397.25
29105,3868.48
29106,5691.83
29107,9802.09
29108,4343.34
29109,5811.114765100671
29110,5079.28
29111,6909.189126264491
29112,5914.925446918854
29113,3712.46
29114,4621.78
29115,5652.988691382722
29116,6239.744765100671
29117,5622.274765100671
29118,6315.66
29119,3872.32
29120,4073.19
29121,4938.56
29122,8154.038765100671
29123,9390.62
29124,7571.6
29125,5779.638691382723
29126,3425.44
29127,5224.80687819591
29128,3633.87
29129,6855.726987322893
29130,8111.250241291148
29131,8250.164765100672
29132,4225.47
29133,3613.69
29134,4261.64
29135,5574.726015100671
29136,8236.574765100671
29137,5855.09
29138,4653.07
29139,4269.37
29140,5675.224765100671
29141,3320.34
29142,6695.523245492829
29143,3487.2
29144,6154.879765100672
29145,6855.883245492829
29146,4838.093050814958
29147,6372.885745492829
29148,4827.538765100671
29149,3797.7833365292427
29150,5320.307729468599
29151,6264.243333333334
29152,9373.369947286907
29153,5460.857729468599
29154,6071.337133521724
29155,6672.917133521724
29156,8416.386666666665
29157,5597.20423076923
29158,7486.7877294685995
29159,3846.867729468599
29160,3895.3890832824895
29161,5017.417729468599
29162,5974.101752730715
29163,8142.128254158705
29164,6281.552974292372
29165,4574.6977294685985
29166,6366.107729468599
29167,6136.0343961352655
29168,7442.844396135266
29169,3460.2463008971704
29170,11223.658098434005
29171,3689.640229468599
29172,5619.486329854699
29173,7085.183488584858
29174,4863.049916666667
29175,4725.432138888889
29176,6266.916870258739
29177,5922.671057986454
29178,4489.856072290214
29179,4022.3688888888887
29180,7307.1093294686
29181,6228.022434974418
29182,5247.652477473747
29183,3797.022265100671
29184,6730.293999479519
29185,10574.896465085929
29186,5650.3577183170455
29187,4765.734940539267
29188,6227.7423315308315
29189,5782.344062610832
29190,6800.967180792682
29191,6972.776514126012
29192,3653.185268693396
29193,6697.082764126014
29194,4921.381326686454
29195,5849.767281488801
29196,7889.158194219445
29197,4680.413575556142
29198,5269.627643477106
29199,4278.488921254884
29200,6126.077323955074
29201,7629.664236432844
29202,4190.7877575757575
29203,4002.404900432901
29204,5666.363176226417
29205,5250.525722735166
29206,5239.660971997223
29207,7413.431960140509
29208,5815.496444518449
29209,5918.904193614118
29210,4336.109888888888
29211,4467.733298209802
29212,5289.755829673272
29213,7768.096467876344
29214,6478.741667146058
29215,6845.596054717938
29216,7039.17126683915
29217,5230.19706523796
29218,7422.359642857144
29219,4606.867645036339
29220,5688.082014199464
29221,7541.823124788392
29222,5799.826288397707
29223,8274.023093209344
29224,7750.706624788391
29225,6645.080073407896
29226,5276.706773767477
29227,6501.089703009168
29228,6461.403972901674
29229,5216.078071465983
29230,4106.202616663723
29231,4821.506485311833
29232,6339.778061108168
29233,8907.458951938968
29234,4943.808639142849
29235,6703.168361365071
29236,5878.031567714277
29237,5356.416493038953
29238,4883.099146464647
29239,4233.558078314199
29240,5872.93498600553
29241,6111.192237044356
29242,5420.282633869754
29243,4892.834496736174
29244,4386.977633869754
29245,5737.635297430135
29246,3117.6719013943975
29247,6124.831869693867
29248,4003.491504569001
29249,7526.169837902334
29250,6008.990949013445
29251,5537.490949013445
29252,7372.980337027628
29253,3801.638615680112
29254,4851.346070860359
29255,8789.2674923734
29256,5953.224342560719
29257,6688.349912754913
29258,6734.148171235667
29259,4791.542640932637
29260,5573.224124859148
29261,5040.077402837399
29262,6187.914612020961
29263,8981.864837902334
29264,6292.9380270054335
29265,2636.3956798623067
29266,4268.851771929824
29267,6592.344619366827
29268,8353.275108433734
29269,5440.310744797371
29270,5878.694941767068
29271,4078.419608433735
29272,4493.771771929824
29273,2829.2040781307046
29274,3886.454183597134
29275,5606.240679195148
29276,5645.579776880199
29277,5683.492108433736
29278,6303.945897435898
29279,7179.986561624551
29280,7515.451585628326
29281,6755.034801984433
29282,4171.507863464026
29283,7468.567412587412
29284,8482.724079254078
29285,5419.188579087579
29286,6229.914786033261
29287,4224.708615977852
29288,5948.636295763752
29289,3796.772958133383
29290,5212.564631437856
29291,4198.92715593558
29292,7635.7793969298245
29293,6197.626666666666
29294,6839.395825769693
29295,7204.686499202552
29296,4978.795018840511
29297,6623.60388670481
29298,15460.56
29299,8562.38534484987
29300,4173.351
29301,2753.2248509905253
29302,5323.2399011463995
29303,7543.991666666668
29304,5354.418328948677
29305,11904.47
29306,18443.0
29307,3066.1966666666663
29308,4232.934506124975
29309,7324.692916666666
29310,4033.744852278822
29311,7500.4500654761905
29312,5236.641163950733
29313,5631.474960003901
29314,3805.62
29315,5810.830773989899
29316,5910.218992996271
29317,6472.989495409141
29318,6566.334191408968
29319,5843.171657199883
29320,5865.087323866551
29321,5540.148785268035
29322,4190.579010101011
29323,4296.139402076451
29324,7104.08625
29325,5012.799793422952
29326,5385.70506920857
29327,5945.408032269763
29328,4706.64196791965
29329,4332.120095953902
29330,5745.087027335919
29331,5430.935393285239
29332,7957.163963924963
29333,6711.190788814961
29334,6388.258861404456
29335,5298.4745719638795
29336,3374.173104688569
29337,5572.451926202007
29338,5688.541028098161
29339,4553.44078621445
29340,3981.8888934240363
29341,8023.340111785255
29342,5669.873
29343,7856.662328152854
29344,5367.401068160635
29345,4861.631833333334
29346,4515.592728714078
29347,4272.205511544012
29348,7918.895666666666
29349,4815.409555555556
29350,7584.134539682539
29351,12469.864968253967
29352,6432.178874302779
29353,5260.776165101722
29354,4513.501318007663
29355,4162.412161029001
29356,6305.1970244836675
29357,3616.2819984350554
29358,4561.817269781524
29359,8174.499001457528
29360,4976.273211512988
29361,11349.33
29362,10407.947567567568
29363,4757.9847499745265
29364,5315.881320310103
29365,5642.722336270592
29366,5469.494938239361
29367,4473.12498934259
29368,8923.740850702054
29369,6261.126706805127
29370,6517.6531073217375
29371,4390.004810771162
29372,6243.800492223863
29373,4869.797641683907
29374,12723.88981077116
29375,5962.331706805128
29376,5455.254810771161
29377,6291.670105473222
29378,5575.53
29379,6860.876296670913
29380,8446.175162607744
29381,5565.179013208631
29382,8213.135993203594
29383,6228.6622415088905
29384,6941.145882571687
29385,4763.913672333708
29386,4564.385782374101
29387,4863.222473736242
29388,6769.891462759621
29389,6120.951049635714
29390,6253.862496487666
29391,5846.298327413491
29392,7439.574297408097
29393,4634.328830385921
29394,7204.083211169286
29395,5855.178390199471
29396,3288.5133060114754
29397,11104.946897965498
29398,13727.106666666665
29399,5743.561806011476
29400,6663.51910929853
29401,6579.000782374101
29402,8028.904564632166
29403,9009.170833333334
29404,5513.594564632166
29405,5922.829564632166
29406,5376.800854668199
29407,7478.219814632166
29408,3840.5778979654983
29409,5160.993910864368
29410,5039.149157713365
29411,4919.444564632166
29412,6818.591231298832
29413,3518.706132478264
29414,3448.7185646321655
29415,5793.059281075124
29416,3806.8385646321653
29417,3749.3511990407674
29418,4756.23576118695
29419,4683.364759646828
29420,7697.491019076446
29421,7859.9559476478735
29422,5859.598874860112
29423,5600.080738193676
29424,5582.337877082564
29425,8890.284502974913
29426,6134.074350695492
29427,5049.21427891788
29428,4373.912300507149
29429,8300.672759106084
29430,4161.0664089758275
29431,5635.6796206205045
29432,3205.0418969979296
29433,3931.4435646321654
29434,5749.030559265655
29435,5914.217314632165
29436,5050.265202553485
29437,7649.976218792801
29438,8015.398680331262
29439,9872.828564632166
29440,5346.079941761127
29441,9653.768564632164
29442,2918.1057264039514
29443,4522.947212717984
29444,5328.05591261166
29445,3713.6445323741004
29446,7338.205972613381
29447,4469.322173943912
29448,4735.3806560251
29449,8002.450066434524
29450,8794.537795291482
29451,7119.657032374102
29452,4698.400023166585
29453,4535.510046724079
29454,10236.598836940657
29455,6636.945678749451
29456,4787.2697752617405
29457,5093.294321440823
29458,6282.419949040766
29459,6953.45866272882
29460,5040.184962466464
29461,4599.9276916964745
29462,6228.404183544717
29463,6544.672832537355
29464,11432.606898078528
29465,5675.007301759835
29466,10405.891483243366
29467,6094.842786105444
29468,4525.2235
29469,3191.957642494828
29470,5142.589067947856
29471,5358.664619438776
29472,4511.744047619048
29473,7452.6619999834775
29474,4955.252539098584
29475,3722.9928510192503
29476,6549.086601147645
29477,3124.838889020739
29478,6619.501233008864
29479,5615.085575506619
29480,6179.888875370285
29481,7406.694424755409
29482,4286.173786233011
29483,8232.98240059182
29484,5969.36519968486
29485,4496.760714285714
29486,5183.383997584541
29487,4748.456641481343
29488,8548.654850076824
29489,5743.435111111112
29490,3884.6431012774206
29491,6441.8070802173115
29492,7435.239054755704
29493,6029.940972311608
29494,5117.819239471678
29495,7680.642763209246
29496,5023.260144233582
29497,5704.89
29498,5102.9217777777785
29499,8891.09
29500,4549.160276786143
29501,5141.292937201081
29502,5133.26
29503,4527.91
29504,3664.4250056518936
29505,4595.492916666667
29506,7771.51
29507,7771.432993552071
29508,9677.65
29509,9509.009655114294
29510,7382.56
29511,6796.386181338113
29512,4479.424369932852
29513,9005.460734711367
29514,8276.796018022724
29515,5765.457666666666
29516,6552.830731729056
29517,8165.26793913322
29518,4411.466666666667
29519,3210.6043333333337
29520,8745.87
29521,7285.0
29522,5500.061829712066
29523,5462.33
29524,2058.77
29525,8839.362914565827
29526,8870.467047619046
29527,8628.412047619047
29528,4451.823409340659
29529,6155.530194805195
29530,5660.886249030337
29531,5938.57
29532,6401.39
29533,4418.5
29534,4402.43
29535,2902.61
29536,2795.4
29537,6200.491
29538,15537.42
29539,4632.691868131868
29540,5457.9387570346325
29541,5681.345068748046
29542,4632.7765109890115
29543,4532.965833333334
29544,5314.259007034632
29545,3505.835830963155
29546,6527.415
29547,5982.289451479077
29548,3570.548215183509
29549,7415.746666666666
29550,3987.457745098039
29551,4539.27142764844
29552,8388.07
29553,7032.221666666666
29554,9077.229781746031
29555,4291.411245098039
29556,5703.603316526611
29557,4042.93
29558,5037.414713383838
29559,12601.75908506319
29560,8486.537064393939
29561,5723.43106439394
29562,3828.9184658237064
29563,4728.605012820513
29564,5340.294875541127
29565,3731.433571288516
29566,7950.594191245294
29567,4589.68974509804
29568,4659.846
29569,6313.821047549182
29570,4361.33
29571,4941.828173669468
29572,4894.554649859944
29573,7567.91
29574,6040.32
29575,3354.118300653595
29576,4896.844166666666
29577,5960.3646703562
29578,7742.531865800867
29579,7717.617189535103
29580,5998.92132187135
29581,3847.5328275844818
29582,6856.729053301597
29583,4733.892381737513
29584,4402.018246753247
29585,6500.321599784911
29586,6369.8751762175725
29587,5403.670435224445
29588,4801.983528360528
29589,5427.377732079194
29590,7963.8993845978575
29591,4803.572953993647
29592,5543.928519277647
29593,6770.417847702869
29594,4203.425615610997
29595,8551.284686622132
29596,6035.624100984676
29597,4435.203674954431
29598,9965.930460431653
29599,4822.161164247197
29600,2801.831538461539
29601,6906.0714525898065
29602,7946.493329573935
29603,7758.910166570272
29604,4809.535737411712
29605,5139.682017520558
29606,5786.339031242879
29607,6272.911409602185
29608,5423.485861310104
29609,7046.655288640792
29610,2535.0282500000003
29611,5227.192225944171
29612,5518.1480832935895
29613,4194.453637254902
29614,4130.2497130124775
29615,5741.0930772995835
29616,6613.440041125543
29617,4633.79951914119
29618,6790.38755196523
29619,5320.499797258298
29620,7358.76387293071
29621,4909.113747474748
29622,5788.572492441422
29623,5012.271471306471
29624,6070.236279252566
29625,7713.89097919673
29626,3262.104539442039
29627,7459.28
29628,7154.255014918184
29629,5910.272289929965
29630,4424.765896379616
29631,3491.994
29632,6226.509779252565
29633,5420.876328441264
29634,7114.889106423166
29635,6232.12176923077
29636,4333.338245419818
29637,7232.041120492429
29638,5094.7582510192915
29639,4820.206669851887
29640,6800.974879227052
29641,4205.717068652142
29642,7189.371030020705
29643,8761.5245
29644,6593.453358919687
29645,3948.0943106060604
29646,4458.391436651584
29647,3840.9234225553982
29648,2845.104353425182
29649,6652.087870381835
29650,4998.7264351851845
29651,8082.9054545454555
29652,4065.015063973063
29653,6213.066160967856
29654,6297.185923971521
29655,8558.643494707681
29656,4214.394456349206
29657,5336.982018810993
29658,4354.620845238095
29659,6572.6905421267575
29660,5533.346421568628
29661,6079.735932654161
29662,6841.685976190476
29663,8759.91496209429
29664,5689.003629090733
29665,6045.55449769435
29666,5600.285078499982
29667,4140.330906538735
29668,4857.885680306906
29669,9576.266098155469
29670,7630.957067253021
29671,7979.323257575758
29672,15628.26
29673,4772.332972160907
29674,4555.409219367589
29675,4905.2977578751925
29676,7642.736516313016
29677,7938.91734964635
29678,5782.508282441583
29679,6435.091316801562
29680,7313.366998536496
29681,5960.627219080652
29682,5164.814346671915
29683,4953.068446266265
29684,4683.002077044529
29685,4351.942748713589
29686,3284.1821350470395
29687,4174.6703933785775
29688,7290.068856299543
29689,14012.078333333335
29690,4944.377217948718
29691,4165.922392676768
29692,6231.005685064015
29693,3189.9314444444444
29694,5540.816064207649
29695,3749.3391666666666
29696,7309.487866796675
29697,5431.891397540984
29698,6083.631732142858
29699,10677.588571804794
29700,11184.37
29701,5964.498171576506
29702,5934.45932090255
29703,3441.6898142076498
29704,5247.98213063808
29705,4642.096329098284
29706,8018.888903673739
29707,4389.854329612232
29708,3610.512675318761
29709,4968.504114497055
29710,5186.457355199502
29711,7288.927564659346
29712,5524.616472505262
29713,3333.6947479668456
29714,6666.87982769322
29715,6221.174771257349
29716,6009.334842907093
29717,3821.6319976689974
29718,3401.140926240426
29719,6352.811050264205
29720,4005.682748530077
29721,8700.406252945057
29722,4576.494138361638
29723,4461.68125957376
29724,5972.798450463908
29725,7756.136260537708
29726,4208.662944362063
29727,7119.46059387104
29728,7228.4755938710405
29729,7855.479786408864
29730,7559.398326452153
29731,5260.862910978117
29732,3762.939278833107
29733,4757.884155123484
29734,7706.375915196742
29735,4197.852038379158
29736,4747.484665248738
29737,5906.742670660376
29738,10762.03428017565
29739,6268.12062054873
29740,5344.941669384661
29741,6152.203415145867
29742,3894.2070818125353
29743,7642.908362556877
29744,4452.480665248738
29745,9630.675378108832
29746,5620.337311941008
29747,4531.509796216853
29748,5577.768048605347
29749,4112.425294911557
29750,6386.918422082288
29751,18308.4414794048
29752,3601.70687612771
29753,5071.445512484544
29754,8833.062202853844
29755,5980.702684192407
29756,5437.4659482845755
29757,7102.675803240027
29758,5164.644929151212
29759,5804.699818740845
29760,4009.415969645505
29761,7394.152419273744
29762,5122.061798532963
29763,5759.601022227938
29764,6140.601644045998
29765,4447.313570744375
29766,6662.745761563676
29767,5129.2365232082175
29768,3373.985837602158
29769,7717.5112488729355
29770,8671.955872272862
29771,3687.6252368446508
29772,6443.51840207418
29773,5935.975934002348
29774,4512.860121147503
29775,8152.102093992905
29776,5676.030144075006
29777,8450.391137063627
29778,4243.24342794542
29779,4618.958638609147
29780,6071.960667617977
29781,3655.880593248094
29782,6580.32140578317
29783,3574.6714695196556
29784,5071.490264613451
29785,4355.679264464905
29786,4919.683069845315
29787,4948.18781960275
29788,5860.380432348541
29789,5858.122720702742
29790,7238.387209498261
29791,5225.155569097125
29792,6792.385033367605
29793,5685.852270468619
29794,7411.133327346253
29795,7497.773024866969
29796,6038.479026144088
29797,2992.585133502335
29798,5367.975582601314
29799,6054.1313389451625
29800,4556.367220982377
29801,11055.063177595497
29802,5373.7171590204725
29803,6204.99503550119
29804,8267.735702167858
29805,5631.107471095701
29806,3750.2199507810233
29807,8978.509285982478
29808,8941.988785982478
29809,5143.934106506863
29810,6471.018254575856
29811,7796.1588053300975
29812,5894.432119890007
29813,4777.931894669367
29814,6168.36737171677
29815,5090.542126477498
29816,5333.9369121917825
29817,6500.675905508114
29818,4555.274173348306
29819,5824.896942110904
29820,6151.303182050744
29821,6155.633217237764
29822,6419.3337674264785
29823,4972.259406992549
29824,5565.936136557626
29825,4312.81325773118
29826,6381.035810923744
29827,6441.975579444714
29828,5398.932760019509
29829,5474.061477427881
29830,5285.562227978646
29831,8016.4837824530305
29832,5387.332473555675
29833,4248.749455589461
29834,5720.695097769115
29835,6353.332612129531
29836,5953.046321221898
29837,4282.731054335468
29838,3768.5855682122174
29839,6251.150609407054
29840,6502.91
29841,4814.485690975907
29842,6382.402670173339
29843,6356.004537265311
29844,4981.649770388427
29845,5089.724444047429
29846,3530.0903726410866
29847,5526.145567566336
29848,6178.0035886570395
29849,5487.640742446198
29850,7182.44902762952
29851,7045.478303573627
29852,4378.523625564083
29853,7734.449251459459
29854,2899.503637222054
29855,2791.8808844479004
29856,6138.63366215353
29857,9096.238059953457
29858,6803.871783208735
29859,6068.583423304779
29860,3982.308502475608
29861,5792.855951193556
29862,7237.221053353848
29863,4599.839195040093
29864,7129.586664832497
29865,4664.8553059035
29866,4179.227807113107
29867,4675.056216623347
29868,4893.523970118514
29869,4999.267930574724
29870,3760.633979380038
29871,4362.123448357517
29872,3548.0845659601246
29873,5844.523346831868
29874,5556.881360820957
29875,4255.1562421808
29876,5503.044819049862
29877,5963.29359334933
29878,4249.723503743866
29879,4499.256432135608
29880,7631.631794978959
29881,6893.231455154684
29882,5831.081053409125
29883,3646.4065225072873
29884,12207.935477412075
29885,5536.046799440872
29886,4232.726802085996
29887,7496.683208740494
29888,6602.573010989012
29889,5948.226558095778
29890,5470.399017251131
29891,6163.485285714286
29892,8080.4937222222225
29893,10089.94513498839
29894,3868.5273746031744
29895,3649.4233333333336
29896,4599.7475417322685
29897,5994.632262722818
29898,5685.527619047619
29899,7986.04040348191
29900,7581.805430158731
29901,5686.454669312169
29902,3836.5808190476196
29903,5720.214985569985
29904,8478.86878302905
29905,4299.414086699508
29906,5886.601263954491
29907,3560.495472727273
29908,6528.4556528433795
29909,6102.548140063883
29910,6240.109048290673
29911,6922.868303174603
29912,5533.033926765492
29913,3536.592296118233
29914,5768.650477936416
29915,6551.462047583128
29916,6739.765625152626
29917,6440.307654725987
29918,6617.287144603082
29919,5036.106
29920,3679.9879021555685
29921,8293.8611584662
29922,4498.780509523809
29923,9379.698563408521
29924,5547.429703525641
29925,3839.14
29926,5568.1575
29927,5459.488674519633
29928,6216.523373878125
29929,6441.216254602711
29930,3189.693333333333
29931,4082.736414285714
29932,5195.739333333333
29933,7357.61578373016
29934,8473.362642857144
29935,4831.009
29936,4843.957652014651
29937,4977.521791208791
29938,5572.75
29939,4260.255253607504
29940,8896.76
29941,7119.9
29942,9892.23
29943,4083.52
29944,4700.727142857143
29945,8163.37
29946,8441.251666666667
29947,4459.24
29948,8682.09
29949,5331.66
29950,4030.7
29951,4643.04
29952,3845.72
29953,4396.8125
29954,4696.37
29955,4126.46
29956,4345.82
29957,7513.33
29958,5646.8925
29959,19323.01
29960,5395.53
29961,3726.14
29962,5850.54
29963,8965.31
29964,4900.328095238095
29965,5430.954722222223
29966,4531.758511904762
29967,6713.15555164001
29968,5602.277429769277
29969,3427.28
29970,4626.5925595238095
29971,5387.91375
29972,6407.296914502163
29973,5375.25
29974,8043.19
29975,4089.98
29976,3548.95
29977,4205.65
29978,7283.509636363637
29979,8730.42
29980,6733.26
29981,5552.436
29982,4314.24
29983,4916.57
29984,3503.78
29985,6505.501944444445
29986,7718.1833333333325
29987,8056.26
29988,4119.4766666666665
29989,3732.88
29990,4535.48
29991,4781.732
29992,8242.66
29993,5088.46
29994,4393.424
29995,3897.25
29996,6021.94
29997,2985.57
29998,5807.9264096063325
29999,3208.9
30000,5444.88
30001,5730.646992939667
30002,4599.081916666666
30003,5837.419601525525
30004,4894.606
30005,4053.028
30006,5301.32
30007,5414.188245614036
30008,8853.981578947369
30009,5138.51
30010,5956.057264901383
30011,6649.175315321552
30012,8101.481578947369
30013,5148.725938813361
30014,7222.37
30015,3463.43
30016,3878.732
30017,5215.26
30018,5223.732426694716
30019,7103.156547918658
30020,5885.774900477115
30021,4022.3
30022,5996.81
30023,5391.59
30024,8142.45
30025,2863.59
30026,10475.02819047619
30027,3566.921
30028,4987.635509124862
30029,6925.507228809837
30030,5013.46
30031,4527.833333333333
30032,5020.0175
30033,5666.1060443577435
30034,4346.860101658135
30035,4127.915917788764
30036,6520.065
30037,5579.4835767877685
30038,5240.164510869566
30039,3601.3701515151515
30040,5574.527110423118
30041,8113.385553394524
30042,5560.4680918803415
30043,4896.95438123495
30044,5044.989278171878
30045,5268.6160567915695
30046,5327.349096813966
30047,5842.859692829648
30048,3171.2395068542564
30049,5573.496868304376
30050,4577.557347582972
30051,5355.869000000001
30052,8347.496847222223
30053,3440.4078221288514
30054,4184.601059320581
30055,3633.1599236951124
30056,5710.958591106966
30057,7730.028
30058,4375.08
30059,3561.736301587302
30060,5360.427408531123
30061,4571.775657279159
30062,4650.073333333334
30063,6968.306824049881
30064,5293.569665877137
30065,6160.7660693462
30066,4204.079758919629
30067,3682.007968485871
30068,5008.379025432901
30069,7481.4513899799385
30070,6080.73502830524
30071,6035.882990848783
30072,6027.724143125706
30073,4889.113438940092
30074,7222.237685203847
30075,4009.4716211055365
30076,5583.474827146385
30077,7210.003378296278
30078,5030.234393678161
30079,7957.257760773478
30080,6943.994613404738
30081,5332.145763888889
30082,4793.662677089384
30083,5681.0011934640515
30084,5437.205149256075
30085,4510.886069763569
30086,3314.017222222222
30087,4818.596566036588
30088,6154.647583333333
30089,5051.77
30090,3826.603333333333
30091,6563.220424430641
30092,5626.04
30093,4872.763333333333
30094,4351.6466666666665
30095,4037.10893678161
30096,5432.074227124413
30097,5513.865
30098,5309.0958115079375
30099,4562.244807993651
30100,4404.755999999999
30101,5112.21059196058
30102,2776.28
30103,5133.504181799597
30104,3508.016666666667
30105,7072.7
30106,5665.798333333334
30107,5120.873333333334
30108,5976.253145637788
30109,4013.2562962962966
30110,4217.186855860698
30111,8016.866463815789
30112,4764.32
30113,5934.477742210792
30114,6265.41
30115,4684.8
30116,5192.442618832529
30117,4723.796666666667
30118,6179.004187046093
30119,8943.974772727273
30120,6714.831891902508
30121,2630.62
30122,3910.2944545454543
30123,6178.747541606487
30124,6762.693333333334
30125,4527.297523809524
30126,5748.184357142857
30127,3842.3982438780517
30128,4837.657634920635
30129,2626.36
30130,3923.8724512820504
30131,5183.249894377718
30132,5343.9327628299125
30133,5693.287833333333
30134,4604.334108998844
30135,6296.278305318713
30136,6618.668089135949
30137,6106.7456548617665
30138,3875.5129360423216
30139,7132.599338115588
30140,7856.58669047619
30141,4539.137465665957
30142,6531.286329250574
30143,3866.924019442109
30144,5084.703830111898
30145,3154.7389393939393
30146,5751.771073388184
30147,3527.048344555982
30148,7482.61625
30149,5767.4113333333335
30150,6331.491784321939
30151,7666.552222222223
30152,4455.980861522776
30153,5995.071428571428
30154,15721.07
30155,8192.399696740888
30156,3870.085
30157,2216.122857142857
30158,4774.706961411056
30159,7532.715520833332
30160,5204.801622455941
30161,11257.83
30162,16771.07
30163,2720.6275
30164,4120.335667543859
30165,8961.35
30166,3624.1205714285716
30167,7426.938095238094
30168,5339.361263757219
30169,5591.987850272806
30170,3304.78
30171,5106.64
30172,5126.118651533681
30173,6096.625315383165
30174,5770.035808353149
30175,5104.181620623898
30176,4804.830379579562
30177,5716.449082648174
30178,3660.7996379551823
30179,4161.384953686585
30180,6353.72
30181,4651.874875954669
30182,4875.549190476191
30183,5117.272527728356
30184,5065.667941856457
30185,4541.8184386313005
30186,5788.851929164733
30187,5331.7207417541695
30188,7172.975032258064
30189,7646.926579071449
30190,5931.809448374066
30191,4416.617476250254
30192,3170.680991764033
30193,5590.552096069639
30194,5908.541896825397
30195,4362.299419792927
30196,3926.5833108766224
30197,7346.848440476189
30198,5926.600833333333
30199,7734.656147964469
30200,5345.6666275142225
30201,4772.916390350877
30202,4206.850800717561
30203,4229.6989047619045
30204,7269.435
30205,3838.7816666666663
30206,6448.84347363269
30207,12999.900695652175
30208,6006.71296175991
30209,6432.14
30210,3973.880833333333
30211,3901.1717593256685
30212,5591.596693334788
30213,3437.4621190476196
30214,4611.434119047619
30215,8341.525543158694
30216,4521.204862247635
30217,10804.99
30218,10748.64
30219,4362.528964014783
30220,5242.19550475488
30221,5725.165637120602
30222,5047.490963076843
30223,4243.460564102564
30224,7380.106364632861
30225,5749.802
30226,6464.39666204144
30227,3981.06
30228,5923.767982377263
30229,4380.965307291745
30230,12284.93
30231,5593.855833333332
30232,4369.050681818182
30233,5319.306951749929
30234,5056.71
30235,5436.189573994423
30236,8388.89298531218
30237,4993.199326691299
30238,7912.681658730157
30239,5235.249962002778
30240,7108.892125887335
30241,4550.606036060145
30242,3793.79
30243,4851.524705924799
30244,5637.889392526405
30245,5210.61603149899
30246,6248.273217845048
30247,5139.77665054661
30248,6229.171148101017
30249,4095.3989379113696
30250,7241.179766814849
30251,6050.096350174361
30252,3169.431666666667
30253,10704.2825
30254,15139.916666666664
30255,5363.125263070263
30256,5346.261172985316
30257,6966.535
30258,7542.456153846154
30259,9210.901916407867
30260,4819.891272399986
30261,5773.836989662607
30262,4561.661119080707
30263,6326.770574209782
30264,3422.0085818351067
30265,4624.420489295796
30266,4289.181938328209
30267,4188.116979885057
30268,5938.686017399267
30269,3779.6326711562524
30270,3118.412348789581
30271,4807.76701181817
30272,3093.3196035532997
30273,3348.833333333334
30274,4772.600939503317
30275,4631.565833333333
30276,6550.576556441324
30277,6513.857687467419
30278,6254.200780942417
30279,5161.396314518999
30280,5184.970993090427
30281,9060.186166782283
30282,5797.056591462631
30283,3814.2556996447283
30284,4158.659767941359
30285,7363.235191960619
30286,3598.626042698304
30287,5619.4619232271225
30288,3219.658484792478
30289,3807.088046080077
30290,5623.103668404574
30291,5337.569404761905
30292,4375.016484793221
30293,6842.746442459901
30294,7533.105733357602
30295,10421.32254112554
30296,5276.217074582943
30297,7973.972538314175
30298,2532.4866944444443
30299,4054.65316154134
30300,4764.013143524999
30301,3307.03
30302,6743.09830950927
30303,3872.963734232284
30304,4332.0523980278085
30305,7046.911599913981
30306,9236.420104462208
30307,7723.805
30308,4241.126263448977
30309,4522.572842347477
30310,10975.26636216787
30311,5659.92219325837
30312,4710.184325613754
30313,3969.6370501968113
30314,5528.551378787878
30315,7706.4027756948935
30316,3802.9569974124115
30317,4819.916324206279
30318,5839.323388014162
30319,5963.116697268534
30320,12010.438491449211
30321,5022.976802716902
30322,10154.870134952767
30323,5701.856574182303
30324,4346.867577071
30325,2862.9904232339486
30326,4978.414542663976
30327,4853.197796629327
30328,4536.69253341098
30329,5734.393003339161
30330,4721.799459414134
30331,3516.7095375535964
30332,5411.18318104844
30333,2798.9796869180864
30334,6646.901534454493
30335,5050.300615442804
30336,6120.642735458076
30337,6408.14478855044
30338,3703.1570417810376
30339,7920.106695202682
30340,6016.992858473948
30341,4329.368948595434
30342,4585.333475515087
30343,4181.186218098747
30344,8545.40155685736
30345,5488.325790178129
30346,3633.184794513458
30347,5961.12853127918
30348,6440.869251505418
30349,5418.809431562401
30350,4647.4055008629975
30351,6806.379933176419
30352,4580.865262802384
30353,5090.15
30354,4872.986780519571
30355,7110.395
30356,4870.533661901037
30357,5066.887731421258
30358,4243.1
30359,4062.78
30360,3715.3469633497825
30361,4180.674491018742
30362,6626.13
30363,7659.775114974885
30364,9167.39
30365,8224.3733873249
30366,6877.434181818182
30367,7681.480341674511
30368,4745.974102063875
30369,8866.341221049102
30370,7717.6068393987125
30371,5209.014962472469
30372,6486.621666666666
30373,6857.73645584257
30374,4198.4766666666665
30375,3041.9425
30376,8846.21
30377,7344.227028148279
30378,5400.504855374738
30379,4935.57761904762
30380,1961.62
30381,8634.674122624094
30382,7505.345322575371
30383,7514.772405059879
30384,3727.3194795491504
30385,6033.661030690356
30386,5614.0901658582525
30387,5892.39
30388,5554.88
30389,4658.123333333334
30390,3764.3346547619044
30391,2967.795
30392,2711.25
30393,5889.861762987013
30394,14966.64
30395,4697.0553905058905
30396,4417.0351848435475
30397,5178.589032427259
30398,4079.447984515485
30399,4297.45
30400,4010.0196179160357
30401,3239.329680907328
30402,5731.119227272728
30403,5860.411086539645
30404,3168.0600915750915
30405,6512.735416666667
30406,3887.035
30407,4042.7057902417278
30408,9287.999007936509
30409,6667.74
30410,9126.464051766861
30411,4327.080647283983
30412,5791.893823529412
30413,3856.5424206349207
30414,4167.714620924177
30415,12906.90226550267
30416,7147.291998566748
30417,5318.931206893092
30418,4319.248840421992
30419,3608.3374189921183
30420,3944.1305645021644
30421,4406.265770895771
30422,10079.335180729198
30423,4352.88825858396
30424,4382.42
30425,5547.398403490088
30426,3648.1298323996266
30427,5305.3933333333325
30428,5277.53
30429,6420.10857142857
30430,5679.0615
30431,2985.9472222222225
30432,4565.94081232493
30433,5477.829155124076
30434,7512.507142857143
30435,6754.222648247178
30436,5544.58208628605
30437,3122.8176998557005
30438,6191.374606369873
30439,4645.024766315217
30440,3887.719481114634
30441,5780.741557942899
30442,6260.462451197497
30443,4811.110985583394
30444,4635.901822470358
30445,4946.343428607096
30446,7216.57888888889
30447,4696.9077810555
30448,5203.2336105602635
30449,6072.573623873875
30450,3802.107166666667
30451,8077.9064631467545
30452,5016.343666666667
30453,3858.2281018193094
30454,9361.508198945552
30455,5136.565257074611
30456,2839.8908820637407
30457,6127.624438285093
30458,6943.516666666666
30459,7317.13945353769
30460,4474.542744506468
30461,4757.747684372268
30462,4995.190705012715
30463,5690.294417425091
30464,4816.9024628652705
30465,6169.150828742149
30466,2723.0858333333335
30467,4806.894990718101
30468,5130.785443788942
30469,4300.502142857143
30470,3565.5486992174497
30471,5465.249987168731
30472,5574.729501984127
30473,4419.420313350649
30474,6560.3600401643025
30475,4984.526240441005
30476,6260.076473310044
30477,4080.336875
30478,5140.7561887754055
30479,4746.4246937734615
30480,5859.180463060207
30481,6246.53433379584
30482,4468.784000000001
30483,7032.6
30484,6665.3166666666675
30485,5407.188690476191
30486,3932.168846153846
30487,3309.009801587302
30488,5776.948760492674
30489,4604.615592245677
30490,6629.740892878294
30491,5763.366476190476
30492,4410.342093499094
30493,6294.720133500406
30494,5242.1891150793645
30495,4354.8125
30496,6391.66493670771
30497,4010.597
30498,7105.186322836075
30499,8349.96
30500,5638.966380952381
30501,3725.457544871795
30502,4280.896624999999
30503,3387.1304047619046
30504,2491.4303055555556
30505,6058.537966027268
30506,4428.952785714286
30507,6764.383715721189
30508,3319.096289377289
30509,5956.43
30510,5251.716352092955
30511,8310.681025677954
30512,3764.5024573561373
30513,4177.669670721185
30514,3765.9715492457194
30515,6803.207111178
30516,4594.250426649462
30517,5538.084067486999
30518,5898.311119200686
30519,8292.032902000778
30520,5605.8190974308
30521,5657.454299872538
30522,5001.596629924962
30523,3745.0149008244503
30524,4185.873103015342
30525,8036.829150154742
30526,7375.877311463098
30527,8616.354654011473
30528,14316.38
30529,4270.7588799172845
30530,4235.264237567671
30531,4652.289035247201
30532,6506.50423633495
30533,6587.011543914797
30534,5136.3810466905215
30535,6014.963654351786
30536,5954.940119402396
30537,5790.709792358539
30538,4874.196008657281
30539,4538.264658119658
30540,4107.9673134057975
30541,3911.467666666666
30542,2820.727568627451
30543,3939.456030382581
30544,6428.837179749942
30545,13920.190190821257
30546,4739.710148032647
30547,4004.404206173713
30548,5653.790384270263
30549,2905.176767391016
30550,4922.5472428852845
30551,3647.4138817375433
30552,7792.4622090671655
30553,4892.270671456714
30554,4878.721826329461
30555,10683.29839933212
30556,10574.96
30557,5392.54979145792
30558,5693.572085333846
30559,3182.5716555798735
30560,4972.993927539961
30561,4624.595133383111
30562,6792.6649518174245
30563,3910.5544444444445
30564,3626.857242475524
30565,4514.612423577173
30566,4516.069713332529
30567,6962.046650251404
30568,5080.902419724334
30569,3226.6015329786187
30570,5593.233924577124
30571,6410.346626971068
30572,5856.665
30573,3496.779809523809
30574,2854.2865793650794
30575,6261.438524364693
30576,3700.2090000000003
30577,7906.5228461686265
30578,3763.827
30579,4589.334
30580,5104.56140870423
30581,8520.375476190477
30582,3831.943798977482
30583,8620.016507936507
30584,8698.19125
30585,7253.38674025974
30586,7197.905728228227
30587,4958.7835060619145
30588,3465.176717948718
30589,4498.428345588235
30590,5434.69
30591,4079.1232424226373
30592,4705.33491089466
30593,5268.701381318253
30594,9848.259529118803
30595,5809.782503527767
30596,4970.043632369099
30597,6815.875
30598,3332.65
30599,7375.223628824074
30600,4511.444833333333
30601,10229.43
30602,4889.500328477078
30603,4223.203501573198
30604,3538.2109338931646
30605,3620.940587256552
30606,6380.93263249834
30607,14335.224764004768
30608,3137.8280961610617
30609,4170.184230165911
30610,7697.837829848952
30611,5625.19307556891
30612,5535.507057286783
30613,6281.139083854156
30614,4719.89505084002
30615,5074.276480502757
30616,3892.0956284205995
30617,7467.626702541678
30618,4411.487675172664
30619,5549.86800992069
30620,6306.584316096943
30621,3994.326626963591
30622,6608.028954262885
30623,4452.54133718056
30624,3335.0995195776254
30625,7635.084025530374
30626,7684.966904318252
30627,3282.200524548168
30628,5197.576503789376
30629,5766.953648148149
30630,4332.88656812108
30631,6657.577895217329
30632,5237.578632465028
30633,7554.43861919637
30634,3553.824991725732
30635,3920.720333333333
30636,5863.025117703184
30637,3043.694404761905
30638,6335.290394743013
30639,3354.4224094304386
30640,4803.127549281871
30641,3704.7329052621562
30642,4892.300971950929
30643,5705.098203452287
30644,5482.024539568739
30645,5886.943249999999
30646,6402.473928571429
30647,4836.318860293714
30648,6425.902546862391
30649,5466.373294636149
30650,6113.342763001015
30651,7237.094505797299
30652,5893.715275301598
30653,3272.416914911022
30654,4706.402515292867
30655,5787.125877063999
30656,4447.296134663471
30657,8331.63490100977
30658,4734.593237985057
30659,5507.037730924304
30660,8439.19830413507
30661,5502.3817945200535
30662,3216.1959575167944
30663,8079.277537126389
30664,8165.996804732368
30665,4859.59271052263
30666,6327.9705722188155
30667,7935.022675308924
30668,5059.743323973724
30669,4023.4173353155716
30670,5096.366817583462
30671,4523.101848684241
30672,4458.912245551833
30673,5523.756559950341
30674,3910.502858552158
30675,5628.869712257233
30676,5429.596440253419
30677,4959.267271205624
30678,5479.557599455431
30679,4954.73884664099
30680,5519.381774567067
30681,5168.859257651943
30682,6197.619394058179
30683,5268.13307204006
30684,5268.560126452641
30685,5439.858111420742
30686,5101.641526251526
30687,7554.695752959503
30688,4531.782052511385
30689,4012.707457089448
30690,5117.117181551598
30691,5617.1746562380695
30692,6125.316970890306
30693,3736.6740818973653
30694,3271.3709910339817
30695,6497.268295967798
30696,6003.51
30697,4424.300939013418
30698,5709.725291681148
30699,5645.5519827160915
30700,5139.959467474354
30701,4603.884844472242
30702,3285.275702756935
30703,5297.6508956043945
30704,5310.207501796842
30705,5015.99887578501
30706,7658.650064293983
30707,6969.880010017607
30708,3995.5723277628836
30709,7795.53871457487
30710,3073.7353832149183
30711,2634.353376190476
30712,5774.712457157731
30713,9417.05050877193
30714,6463.204999603883
30715,5811.04658368595
30716,3414.008221323884
30717,5376.742820318746
30718,7508.571456228591
30719,4543.203753551446
30720,6006.672653412978
30721,4350.2166304032235
30722,4704.439542716698
30723,4470.518659320879
30724,4030.0682342585706
30725,4499.657412260358
30726,3152.6802303788468
30727,3882.3419891188555
30728,3303.908084074796
30729,5539.9320516430735
30730,5120.417142376143
30731,3748.1109764461808
30732,5452.5636188532835
30733,5434.106867648294
30734,4192.90881791253
30735,4726.613571428572
30736,6288.079184445112
30737,6748.989223471347
30738,5229.172657420931
30739,3211.5582023809525
30740,10142.547540381927
30741,5224.477531838244
30742,3778.4366107975716
30743,7162.06817730283
30744,6420.360238095238
30745,5762.405554464516
30746,4577.71999313575
30747,5724.1833333333325
30748,6584.099333333334
30749,9622.672124444278
30750,3443.8149731379735
30751,3324.4881818181816
30752,4416.7772539157595
30753,5712.254291614209
30754,4686.26775
30755,8778.918443205419
30756,7288.0975081741935
30757,4680.169393939394
30758,3512.900595238096
30759,5378.342714285714
30760,9158.40020898663
30761,3376.2879550264543
30762,5546.304539773693
30763,3489.3344967532466
30764,5979.1845697159715
30765,5857.8423272933205
30766,5853.951471338024
30767,6828.461452380952
30768,5229.536811047799
30769,3109.5455801777325
30770,5354.179413511066
30771,5644.834113625239
30772,6481.2527811034
30773,5861.242042277636
30774,5921.589865892017
30775,4833.734166666667
30776,3344.3182579934837
30777,7558.177234279423
30778,3777.9312252104614
30779,9017.110504828504
30780,4838.29
30781,3353.22
30782,5732.12
30783,5006.406639389283
30784,5802.636478663165
30785,6219.392812417027
30786,3178.4
30787,3369.32468907563
30788,5121.34
30789,6872.598831235843
30790,7973.188608823888
30791,4027.061428571428
30792,5174.172723838233
30793,4701.266136446887
30794,5051.255714285714
30795,4119.95631151143
30796,7607.69
30797,6309.6
30798,9452.23
30799,3246.84
30800,4280.79
30801,7781.4
30802,8960.66
30803,3728.71
30804,8223.94
30805,5587.465
30806,3771.78
30807,4146.41
30808,3794.21
30809,4236.72
30810,4317.7
30811,3578.52
30812,3768.9
30813,6796.87
30814,6014.39
30815,18376.56
30816,5147.72
30817,3718.14
30818,5809.76
30819,9267.03
30820,4263.599464285714
30821,5392.442222222223
30822,4695.090714285714
30823,7221.4525
30824,5533.0402308897255
30825,3397.48
30826,4516.882476190476
30827,5451.3240000000005
30828,6412.096914502164
30829,5416.12
30830,7446.89
30831,3738.2
30832,3408.8
30833,4165.45
30834,7548.570166666666
30835,8335.88
30836,7272.22
30837,5900.171236842106
30838,3440.7
30839,5007.184736842106
30840,3658.45
30841,6423.473459595959
30842,7635.849736842106
30843,8040.14
30844,3998.91
30845,3844.09
30846,3861.85
30847,5312.4597368421055
30848,8350.035
30849,5213.1
30850,3533.93
30851,3846.85
30852,6349.7119999999995
30853,3171.88
30854,5717.312856361475
30855,2946.54
30856,5098.44
30857,5608.3780944567125
30858,4458.2525
30859,5957.6898757309955
30860,4774.346666666667
30861,4105.428
30862,5244.86
30863,5088.664736842105
30864,7989.496403508772
30865,4629.67
30866,6142.769896480331
30867,6541.728661186213
30868,7777.909736842105
30869,5336.533056672689
30870,7144.0
30871,3279.4
30872,3884.752
30873,5254.23
30874,5208.2126696724845
30875,6878.488133622884
30876,5255.93885366829
30877,3957.93
30878,5116.9
30879,5500.24
30880,7066.52
30881,2884.405
30882,11666.05
30883,3618.4443333333334
30884,5057.80300623886
30885,6813.147077294686
30886,5227.27
30887,4418.41
30888,4833.684595238095
30889,5542.529378944182
30890,4169.062840551293
30891,4162.282431367932
30892,6678.98
30893,5828.50195263171
30894,5429.303260869566
30895,3595.718303689064
30896,5832.045
30897,7910.041030203444
30898,5289.288369658119
30899,5151.151603457172
30900,5140.172034090231
30901,5351.733140124902
30902,5523.1009567603005
30903,6032.206597828627
30904,3200.606022727273
30905,5899.542333020684
30906,4785.1619798847605
30907,5125.629
30908,8667.990625
30909,3247.0179365079366
30910,4117.468452177724
30911,3743.265645917335
30912,5783.900662088675
30913,7898.090118686869
30914,4097.79
30915,3534.2869444444445
30916,5579.274141995416
30917,4467.161528267484
30918,4711.5633333333335
30919,7018.801328449078
30920,5331.030761697397
30921,6078.482458088896
30922,4352.51095344587
30923,3957.0524649129934
30924,4668.980827380952
30925,6503.022360918507
30926,5822.6562366296175
30927,6062.18650886273
30928,6110.32309211557
30929,4729.969188940093
30930,6885.906717255563
30931,4141.506680019515
30932,5495.024916086554
30933,6990.300466440598
30934,5081.413738916256
30935,7996.161784571706
30936,6903.266238066634
30937,5276.705763888889
30938,4762.742402145991
30939,6007.642688711002
30940,5434.026244388961
30941,4669.342878338036
30942,3412.660138888889
30943,4697.355446327139
30944,6212.178954912733
30945,5093.74
30946,4127.109666666667
30947,6334.984476190477
30948,5820.3225
30949,5039.778333333334
30950,4416.98
30951,4252.892651515152
30952,5646.255603495631
30953,5367.61
30954,5348.9745416666665
30955,4420.9430002259705
30956,4612.982121212121
30957,5122.125664394948
30958,2633.2375
30959,5023.181575951279
30960,3511.736666666666
30961,6730.1
30962,5727.543333333334
30963,5190.825333333334
30964,5705.375047721675
30965,4442.5
30966,4097.585480457339
30967,8044.143130482456
30968,4993.82
30969,5980.8479809069
30970,6244.74
30971,4013.25
30972,5306.8561455605695
30973,4801.890714285714
30974,5836.206048977162
30975,9112.814772727274
30976,6288.234493725693
30977,2365.5575
30978,4194.798090909091
30979,6282.91526297147
30980,6711.653333333334
30981,4126.774833333333
30982,5823.194089743589
30983,3779.595705999264
30984,4488.287857142856
30985,2497.35
30986,3788.305384615385
30987,5081.509446772976
30988,5303.071847413129
30989,5287.1630000000005
30990,4524.532761013496
30991,6433.385578105841
30992,6530.8661586402495
30993,6156.3988205784435
30994,3871.8214297573345
30995,7036.73853042328
30996,7684.701999999999
30997,4232.75156766477
30998,6351.1037091843655
30999,3699.85749033931
31000,5238.374498941249
31001,2871.176
31002,5671.256028741164
31003,3624.696077856994
31004,7312.814583333333
31005,5756.2519999999995
31006,6227.626876951319
31007,7624.932222222223
31008,4796.458288543606
31009,6066.1
31010,15455.325
31011,8243.902093541868
31012,4169.5143333333335
31013,2129.4558571428574
31014,4708.733729275689
31015,7421.1344074960125
31016,4894.848179647847
31017,11355.55
31018,16306.45
31019,2977.012722222222
31020,4056.5000290849675
31021,7065.23
31022,4066.988207070707
31023,7495.8080238095245
31024,4625.845879148629
31025,5792.344023204956
31026,2920.48
31027,5535.8630303030295
31028,5122.702752086438
31029,6131.6483051288
31030,5802.782107318607
31031,4953.228859218807
31032,4747.030057541004
31033,5938.959650745769
31034,3771.0562896825395
31035,4222.372727801359
31036,6665.08
31037,4023.060226190476
31038,4806.217619047619
31039,5513.550687123735
31040,4607.605604464164
31041,4717.349216769829
31042,5382.1066398248295
31043,5194.457663514908
31044,7201.398754480287
31045,7426.663307646409
31046,5546.3918663694685
31047,4703.191444020033
31048,3228.570699533001
31049,5782.754066108373
31050,5682.771444444445
31051,4330.237736176106
31052,3885.543473302822
31053,7331.747482142856
31054,5381.300686813187
31055,7489.380903646287
31056,4810.914516018833
31057,4299.915666666667
31058,3895.8788079946908
31059,4262.859166666667
31060,6758.81625
31061,3852.0825
31062,6548.411699823166
31063,11999.65375
31064,5807.23813707713
31065,5074.419
31066,3783.501458333333
31067,3892.890732422017
31068,5443.4542152481445
31069,3476.854952380953
31070,4565.080119047619
31071,8252.182145722796
31072,4624.498200030077
31073,10490.49
31074,10284.72
31075,4336.0165458333995
31076,5185.803454981125
31077,5812.486272651739
31078,5163.556846404582
31079,4302.470499999999
31080,7072.561685950981
31081,5102.442424242425
31082,6348.037074217102
31083,4102.7
31084,5993.445753342691
31085,4367.720593496235
31086,8309.251666666667
31087,4775.416647705237
31088,4420.508348484848
31089,5323.262016289018
31090,4967.01
31091,5491.383066341813
31092,7553.3016327436935
31093,5037.571838322428
31094,7915.394527777777
31095,5168.659718488281
31096,7048.278897741027
31097,4213.89028049364
31098,3890.5
31099,4637.154008994273
31100,5749.256092565168
31101,5303.616433859197
31102,5464.1045226014285
31103,5224.797267192531
31104,6270.974401370806
31105,4108.396049584047
31106,6961.165373180295
31107,5898.947074664157
31108,3038.0316666666668
31109,11608.7075
31110,13245.903999999999
31111,5184.664905927406
31112,5346.083213937466
31113,7010.76
31114,7751.756153846154
31115,8897.864865079366
31116,5125.676565135029
31117,5813.144489662608
31118,4573.011573799751
31119,6417.906862485469
31120,3282.0765733667226
31121,4586.524590136131
31122,4309.28289455948
31123,4461.880158456486
31124,6193.301005494505
31125,3729.791435225516
31126,3034.572161672533
31127,4821.827025107063
31128,2840.982746923619
31129,3517.5
31130,4769.144804440561
31131,4715.553333333333
31132,6535.263859125178
31133,6532.010660407228
31134,6089.093329647871
31135,4987.330885064381
31136,5025.312813635809
31137,8679.902770561272
31138,6018.9000039361235
31139,3817.7812234843714
31140,4417.242304014673
31141,7822.100818670377
31142,3745.7567709284076
31143,5696.641834911669
31144,2968.7205342630036
31145,3890.3558182556135
31146,5544.6004348815195
31147,5497.3182380952385
31148,4532.983553435052
31149,6771.361741220948
31150,7078.683457130038
31151,10485.094654061624
31152,5130.763077183562
31153,8070.36198275862
31154,2702.975957847708
31155,4130.582388079485
31156,4644.229695057223
31157,3079.98
31158,6901.247358856403
31159,3928.7897932233336
31160,4506.141026556166
31161,7084.765806249434
31162,9222.824371224857
31163,6774.792714285714
31164,4134.389631678414
31165,4533.36252753266
31166,11532.035658419665
31167,6073.081838628681
31168,4862.27821619574
31169,4324.787513167021
31170,5417.092818181817
31171,7121.661142191143
31172,4147.867907959898
31173,4847.014241864382
31174,5597.713772402873
31175,6177.7159679395145
31176,12017.206848484848
31177,4788.631113868795
31178,10042.143023643024
31179,5328.445328078828
31180,4185.645180660353
31181,2430.551060299396
31182,4931.194526113478
31183,4696.542829357425
31184,4165.038175345973
31185,5338.373709043651
31186,4576.222934227845
31187,3149.3027443609026
31188,5337.756887867074
31189,2795.2040405102653
31190,6970.58431729748
31191,5128.116607975725
31192,6387.546927766891
31193,6160.904948147642
31194,3757.44618342216
31195,7879.0445762260515
31196,6257.341808719273
31197,4337.108620292332
31198,4792.047771770838
31199,4807.548697486082
31200,8393.974539000217
31201,5091.678869312033
31202,3798.364237179487
31203,6339.842644334975
31204,6169.606452361356
31205,5151.632025730995
31206,4804.714354600417
31207,6980.596907456024
31208,4612.415589448725
31209,4954.16
31210,4793.478573317183
31211,6674.143077540108
31212,4248.13934940942
31213,4451.012432219084
31214,4802.103077540107
31215,4350.243077540107
31216,3664.26546360443
31217,3837.8538955115764
31218,6944.027142857143
31219,7599.910408872375
31220,8818.379642857144
31221,8951.519307716842
31222,6132.726237179487
31223,7692.526758341178
31224,4809.879414273886
31225,9118.295179024299
31226,7633.179824291985
31227,5225.765790584415
31228,6597.8
31229,6601.860306159119
31230,4573.54
31231,3105.1258333333335
31232,9097.46
31233,4555.6464674825165
31234,5587.624005807642
31235,5119.23
31236,1996.38
31237,8928.719572676237
31238,4518.041150798498
31239,3681.7992313349555
31240,3773.3555757029967
31241,4575.229638711463
31242,5420.383801619593
31243,5691.97
31244,5882.78
31245,4765.380638888889
31246,3861.603333333334
31247,3371.38
31248,2620.87
31249,5903.467619047619
31250,14928.17
31251,4439.610747648749
31252,4282.355878330453
31253,5441.1325216926225
31254,3870.6369047619046
31255,4233.87
31256,3853.9880287736833
31257,3324.377024260054
31258,5551.378630952381
31259,5646.828990329798
31260,3336.4743578088583
31261,6566.407904761904
31262,4025.985
31263,4114.20050175744
31264,8898.196785714286
31265,6612.53
31266,8907.255202560513
31267,4061.7962901411265
31268,5084.648156862746
31269,3560.886166666667
31270,4259.830221582765
31271,13945.326161313305
31272,7240.713453654189
31273,5127.784378145946
31274,3949.7465974224997
31275,3412.6842877344875
31276,4103.712103463204
31277,3439.8345902880455
31278,8084.163025372066
31279,4302.615513644688
31280,4306.41
31281,5362.836407062089
31282,3681.922727272727
31283,4964.31
31284,4886.091666666667
31285,6112.57
31286,5408.111738095238
31287,2915.085
31288,4808.9035684523815
31289,5366.05560314052
31290,7532.447142857143
31291,6939.3999579831925
31292,5431.9587325516
31293,3165.6158275613284
31294,6255.521625376606
31295,4498.276172908622
31296,3755.603366035269
31297,5561.632466584081
31298,5810.928986388395
31299,4888.280813209647
31300,4963.154340856384
31301,5174.590965721552
31302,7230.864375
31303,4754.384875841194
31304,5392.7318289744835
31305,5941.202564350064
31306,3746.9100692640695
31307,7872.753810793361
31308,5067.824285714286
31309,3811.7721267879624
31310,9085.321658287226
31311,4749.138889427385
31312,3187.651344690268
31313,6388.026580441955
31314,6862.116666666666
31315,7503.127146520146
31316,4450.598708902753
31317,4574.275640697853
31318,5170.224132261392
31319,5836.290204271965
31320,4841.913153502413
31321,6095.827182636665
31322,2577.9433333333336
31323,4812.770862904162
31324,5148.804843410007
31325,4237.328317460318
31326,3477.605378427129
31327,5490.556116272083
31328,5895.916830399862
31329,4380.787950220847
31330,6673.486819745832
31331,5001.446174887762
31332,6350.959541687132
31333,3896.099375
31334,5210.797510745103
31335,4793.922651492886
31336,5918.826064582921
31337,6719.296012856265
31338,2766.334247835498
31339,7013.28
31340,6484.720666666668
31341,5649.3190952380955
31342,4175.150071428571
31343,3036.244111111111
31344,5791.238556247628
31345,4738.735780355609
31346,6561.246769264702
31347,5433.139714285714
31348,4261.255522792023
31349,6167.9322018695475
31350,4767.225454545454
31351,4080.1456666666663
31352,6333.978363871635
31353,3837.2919103440427
31354,6609.358426046175
31355,8480.31
31356,5839.273047619047
31357,3805.0293939393946
31358,4235.355166666666
31359,3272.1311904761906
31360,2745.452888888889
31361,5822.751374007938
31362,4321.282332293832
31363,6985.722922780076
31364,3223.4612893772887
31365,6162.674666666667
31366,5124.380740981844
31367,8859.979267540362
31368,3900.0790476322604
31369,4391.376477029342
31370,3884.0338045193403
31371,6352.216017430761
31372,5128.59770152347
31373,5584.611322079464
31374,5841.207223042019
31375,8243.079132418306
31376,5666.124762116013
31377,5758.675871348636
31378,4876.630824644918
31379,3661.0048039768535
31380,4218.236108719632
31381,8582.534861347423
31382,7485.914394465063
31383,8472.324388443709
31384,14100.66
31385,4123.762944130783
31386,4569.407747827159
31387,4555.616384697438
31388,6649.739063273584
31389,6648.793764128287
31390,5006.507046690522
31391,5972.833733345353
31392,5878.728006750208
31393,6031.628216117217
31394,4868.22141809007
31395,4265.386480308098
31396,3846.666202380952
31397,3927.7884999999997
31398,3018.0895957767725
31399,3918.2446801587316
31400,6312.693934508158
31401,13851.70475375832
31402,4886.371476154717
31403,3993.847626866145
31404,5786.661527127406
31405,2781.3283438576527
31406,5165.00685864683
31407,3071.164791855203
31408,7716.872434322173
31409,5081.773287218259
31410,4876.597687952005
31411,10453.643348128842
31412,10150.15
31413,5357.13813253867
31414,5881.03868546617
31415,3260.8402319828483
31416,4975.118585002061
31417,4658.692530787376
31418,6764.600444266902
31419,3966.666111111111
31420,3492.940123518769
31421,4745.640078313471
31422,4622.416090436826
31423,7004.742388346643
31424,4878.293133569462
31425,3232.5312236842105
31426,5530.678946150496
31427,6322.030566365008
31428,5849.7125
31429,3125.0334999999995
31430,2797.96069047619
31431,5944.713836274131
31432,4014.270714285715
31433,7868.675635771032
31434,3592.47
31435,4102.637
31436,5021.7482408025235
31437,4495.083452380953
31438,3771.590132662739
31439,4868.166785714286
31440,5304.415
31441,7240.4241212121215
31442,7193.578985803986
31443,4651.557546151026
31444,3589.6935555555556
31445,4458.563345588235
31446,5951.255
31447,4075.6309159347347
31448,4605.276161810412
31449,5283.8145096216995
31450,9968.906894883588
31451,5809.551875107577
31452,4793.739396642103
31453,6718.6755
31454,3421.1175
31455,7441.6792468550875
31456,4420.6225
31457,10247.221666666666
31458,4681.462952328373
31459,4248.471090555237
31460,3603.1093450383296
31461,3464.825972282397
31462,6465.987365123538
31463,13629.532557995439
31464,3363.9615306182177
31465,3948.8753078904188
31466,7645.42598631544
31467,5820.479308725939
31468,5561.817132683607
31469,6327.96748347655
31470,4908.757784606253
31471,5357.331509827059
31472,3524.646333333333
31473,7617.510268256406
31474,4450.577064433711
31475,5514.470173604072
31476,6250.613417499627
31477,4019.1827874903647
31478,6434.226057437489
31479,4410.490355247684
31480,3493.6923145010874
31481,7405.526003349715
31482,7478.468503349715
31483,3447.093828408825
31484,5022.242203789437
31485,5015.468733216505
31486,4282.115519181803
31487,6643.146795680214
31488,5218.5171949771875
31489,7396.7409818083925
31490,3474.3192486687894
31491,3630.13703030303
31492,6012.741955813162
31493,2647.634225146199
31494,6331.18204412327
31495,3784.533154761905
31496,4771.233274687185
31497,3762.9167663732674
31498,5242.260113841113
31499,5571.157073439755
31500,5605.0664859528815
31501,5227.024583333334
31502,6167.944846153846
31503,4698.433684247539
31504,6574.0277534557545
31505,5519.0357323112175
31506,6574.82276060392
31507,7359.169606366407
31508,5885.857832303771
31509,3309.7268226328592
31510,4742.978943501934
31511,5857.217231035529
31512,4419.583703735936
31513,8174.577570339874
31514,4666.323389007224
31515,5413.746399755473
31516,8199.091940352306
31517,5248.823580255894
31518,3264.752778945366
31519,8159.780997106467
31520,8333.641016452908
31521,4926.902622091755
31522,6338.838561374188
31523,7340.784527381823
31524,5105.083311303302
31525,4080.9603481168974
31526,5162.794515373804
31527,4618.00022800136
31528,4644.083520529034
31529,5235.220877410658
31530,3894.255952662112
31531,5919.742055050022
31532,5373.661699800712
31533,4938.408055019906
31534,5486.766378039241
31535,4933.211897878152
31536,5308.046428389204
31537,4704.535881583567
31538,6178.6342481275
31539,5310.474921867684
31540,4723.368800163283
31541,5536.396692524372
31542,4935.849192918193
31543,7682.123166071184
31544,4245.628896242248
31545,4135.591297475248
31546,5119.0132433056715
31547,5672.233042251172
31548,6313.455067738376
31549,3887.5907871275926
31550,3216.8706733377994
31551,6780.345687487088
31552,6106.96
31553,4502.979608096623
31554,5737.488326493244
31555,5695.847029120683
31556,5875.889249453632
31557,4434.02736844965
31558,3221.939243378094
31559,5380.7859761904765
31560,5430.383074234955
31561,4761.739178315813
31562,7672.6965806201415
31563,7259.986695104674
31564,4098.067837149271
31565,6341.803565365345
31566,3107.278867287168
31567,2660.764809523809
31568,5834.447346646648
31569,10460.011842105263
31570,5948.030006988174
31571,5686.068917312095
31572,3399.8809082986727
31573,5555.575007226644
31574,6812.129924174973
31575,4356.051447730633
31576,5874.176382875635
31577,4521.968821192696
31578,4269.847879551431
31579,4279.730078088386
31580,3745.7945037850177
31581,4786.119642058338
31582,3065.956159633802
31583,3829.553976259295
31584,3432.20168193025
31585,5506.3533507051225
31586,4599.792598901099
31587,3958.8363899541
31588,5337.444701465201
31589,5202.763160483645
31590,4353.052035438274
31591,4566.775238095238
31592,6332.628567213478
31593,6709.950451826325
31594,5113.476450923994
31595,3238.292291666666
31596,10439.709912936822
31597,5184.056283260839
31598,3784.5498921258923
31599,7397.635909090909
31600,6796.601920454546
31601,5867.607109418822
31602,4702.55762860373
31603,5650.906666666668
31604,6737.357190476189
31605,9767.922124150427
31606,3463.823104090354
31607,3427.126666666666
31608,3898.204678307803
31609,5694.332067825751
31610,4499.82375
31611,9082.412188202114
31612,6798.293571267915
31613,4716.953339429493
31614,3193.2525
31615,5157.978452380953
31616,8833.277207772811
31617,3542.67202962963
31618,5295.215457836282
31619,3475.969761904762
31620,5701.702604895106
31621,5949.683036084529
31622,5916.003005403321
31623,7222.335115995115
31624,5147.532114859601
31625,3234.540811965812
31626,5006.270811965812
31627,5766.73791578087
31628,6411.638736842106
31629,5953.932984492485
31630,5802.305811965813
31631,4510.694166666666
31632,3511.560386085868
31633,7651.906835939931
31634,3600.3677722190087
31635,8758.780413919412
31636,4697.71
31637,3724.18
31638,5814.11
31639,4897.143626725477
31640,5876.123546657484
31641,6307.864741345875
31642,3196.45
31643,3399.3808214285714
31644,5270.32
31645,6349.176239606883
31646,8517.502127872902
31647,3946.4
31648,4873.9964480445815
31649,4769.642857142858
31650,4661.01
31651,3953.808321727398
31652,7529.8
31653,6606.65
31654,9569.3
31655,3394.91
31656,4517.42
31657,7785.23
31658,9339.89
31659,3730.31
31660,7927.9
31661,5779.31
31662,3648.74
31663,3888.71
31664,3610.59
31665,4139.75
31666,4305.555
31667,3669.95
31668,3750.69
31669,6697.49
31670,5500.06
31671,18682.42
31672,4766.85
31673,3530.45
31674,5691.08
31675,10389.13
31676,4475.092619047619
31677,5473.612222222222
31678,4779.901047619048
31679,7277.192666666666
31680,5915.529022556391
31681,3311.53
31682,4690.245714285714
31683,5368.1525
31684,6736.362369047619
31685,5742.515
31686,7866.31
31687,3556.03
31688,3849.16
31689,3668.03
31690,7328.715858585859
31691,9152.06
31692,7824.13
31693,5848.095
31694,4180.36
31695,4933.845
31696,3673.87
31697,6558.36
31698,7755.98
31699,8060.75
31700,4265.558
31701,3765.47
31702,4459.68
31703,5264.89
31704,8326.063333333334
31705,5617.43
31706,3698.09
31707,3940.93
31708,6493.04
31709,3392.71
31710,5560.177628066378
31711,2915.14
31712,5268.08
31713,5620.819532828282
31714,4524.944
31715,6069.021805555555
31716,5024.97
31717,4184.423
31718,5856.23
31719,5038.440208333333
31720,8051.306874999998
31721,4546.92
31722,6132.123642857142
31723,6327.706407563025
31724,8042.866874999999
31725,5164.308488636364
31726,7234.43
31727,3667.38
31728,4274.580285714286
31729,5187.19
31730,5321.998245074858
31731,7161.094686818297
31732,5481.738196985538
31733,4203.93
31734,4851.25
31735,5457.1
31736,7383.42
31737,3056.73
31738,10568.95819047619
31739,3738.695
31740,5323.608127450981
31741,7033.2300324675325
31742,5362.05
31743,4177.53
31744,4881.850833333334
31745,5710.898193873154
31746,4082.0868145425466
31747,4332.118429778555
31748,6892.705
31749,6037.661044455467
31750,5302.601
31751,3757.2083036890645
31752,6011.569787114846
31753,8528.291415738526
31754,5817.17424002849
31755,5330.178270123838
31756,5439.747618069514
31757,5415.334390124902
31758,5702.564806495632
31759,6338.736331161843
31760,3195.181856060606
31761,5967.3692398748235
31762,4995.075153681552
31763,5171.916
31764,8536.753958333333
31765,3848.2354411764704
31766,4107.927476613814
31767,3675.7672139049023
31768,5883.229952059698
31769,8066.67524613785
31770,4296.85
31771,3514.066301587302
31772,5592.581223125697
31773,4663.62535098888
31774,4698.998333333334
31775,7373.132878995315
31776,5666.369436557641
31777,6466.49715111156
31778,4402.594967978921
31779,4056.4789343809784
31780,4785.909842436974
31781,6956.507754370629
31782,6466.749348018228
31783,6148.984458461531
31784,6156.055534634755
31785,4864.038728813559
31786,6982.91853077802
31787,4349.580867249587
31788,5739.30140503268
31789,7140.210203513673
31790,5137.051405582923
31791,8391.882355223881
31792,6494.294114269585
31793,5524.161
31794,4797.591359186348
31795,6189.554170864662
31796,5393.398590218363
31797,4750.328940942099
31798,3702.22019047619
31799,4885.059863475177
31800,6248.13048992674
31801,4895.8
31802,3965.941666666667
31803,6733.343495859214
31804,5925.665
31805,5319.29
31806,4527.46
31807,4295.175714285714
31808,6004.894759828702
31809,5204.846666666666
31810,5529.936875
31811,4415.3351706160975
31812,4785.312121212121
31813,5046.27851329348
31814,2777.4875
31815,6330.125845862939
31816,3554.25
31817,6773.27
31818,5861.964
31819,5427.25
31820,5578.375939164851
31821,4268.966296296297
31822,4096.715969615218
31823,8253.984797149122
31824,4925.95
31825,6011.091729069269
31826,6537.523333333333
31827,4060.13
31828,5154.113113929513
31829,4945.764880952381
31830,6399.677922223959
31831,9267.43
31832,6795.14407444219
31833,2389.8775
31834,3952.7398571428575
31835,6369.357940488162
31836,6576.08
31837,4478.074848484848
31838,6052.637928571428
31839,4004.8856491228066
31840,4806.952857142856
31841,2529.76
31842,3998.6315000000004
31843,5075.297421054124
31844,5235.653869717034
31845,5763.241166666667
31846,4053.622136637872
31847,6459.052265473903
31848,6604.493206750019
31849,6333.946777304081
31850,3976.001619368728
31851,7246.184220899471
31852,7840.715
31853,4480.060210536105
31854,6454.231359194953
31855,3911.8781334693945
31856,5284.908399976932
31857,2714.211666666667
31858,5742.256149773187
31859,3583.827941176471
31860,8096.3845833333335
31861,5813.719
31862,6284.475173376771
31863,7732.363333333333
31864,4748.427006283499
31865,6113.333333333334
31866,16143.19
31867,8180.604784655218
31868,4258.994285714286
31869,2217.282857142857
31870,4689.744000961259
31871,8283.176293859648
31872,5219.693909125163
31873,11233.79
31874,16711.32
31875,2902.272722222222
31876,3970.218214285714
31877,7285.53
31878,3707.2842857142864
31879,7185.117151515151
31880,5011.46561241295
31881,5828.068041666667
31882,3050.01
31883,5747.873696969697
31884,5207.010222893113
31885,6317.653356298892
31886,5775.448918117983
31887,5026.383433328476
31888,4849.799028392652
31889,6182.724841628959
31890,4059.8409285714283
31891,4368.159870297752
31892,6919.85
31893,4385.306532520324
31894,4659.316428571428
31895,5839.101606396477
31896,5490.949669570995
31897,4937.360305078307
31898,5697.1130919289635
31899,5472.534929801451
31900,7202.979579877112
31901,7682.766300759855
31902,6174.7074070557455
31903,4643.272366055513
31904,3092.688316140133
31905,5849.781197290642
31906,5899.556805034834
31907,4428.92927382476
31908,4241.831668478261
31909,7790.680897435897
31910,5318.868115384615
31911,8076.760862182347
31912,5549.547377719661
31913,4426.715666666667
31914,4292.003097816708
31915,4501.82875
31916,7131.790416666668
31917,3871.1325
31918,6696.33
31919,13118.117981366458
31920,5803.345669360544
31921,5247.145333333333
31922,3823.179791666667
31923,3925.8278744830336
31924,5407.236189558492
31925,3502.0189523809527
31926,4805.214666666668
31927,8151.880888253142
31928,4610.578936586285
31929,11063.03
31930,10990.26
31931,4266.543545411279
31932,5399.853166874494
31933,5701.203876035197
31934,5257.985495054175
31935,4180.094666666667
31936,7449.525376202364
31937,5196.588730519481
31938,6763.301161214447
31939,4136.1
31940,6141.892670773864
31941,4338.282303263562
31942,8586.581666666667
31943,4789.091538461539
31944,4797.904
31945,5442.7721072208715
31946,4897.46
31947,5617.319772969439
31948,8243.180394820323
31949,5068.159889464453
31950,7707.067894660894
31951,5255.693612558433
31952,7169.325300357532
31953,4721.70306232072
31954,4128.3
31955,4712.874005528742
31956,5824.871040936641
31957,5350.011267317703
31958,5937.747911255411
31959,5306.263100651035
31960,6390.743630229368
31961,4116.814233473127
31962,7770.5615785374375
31963,6118.347585679848
31964,3169.923
31965,11464.86111111111
31966,14131.89
31967,5489.793571428571
31968,5421.427083457034
31969,7359.21
31970,8128.878461538461
31971,8981.47144400527
31972,5115.261580891331
31973,5756.033846083963
31974,4695.936088580275
31975,6429.059275572383
31976,3543.8725904376147
31977,4687.973840937044
31978,4451.109342547073
31979,4725.492761904761
31980,6294.952826923076
31981,3993.8937802969904
31982,3189.29873225957
31983,4939.271325274205
31984,2915.198819291819
31985,3488.15
31986,4835.490393705773
31987,4589.41
31988,6535.080071851503
31989,6620.391456466887
31990,6243.627901150809
31991,5023.891659632703
31992,5020.829338204131
31993,9319.983247522903
31994,6022.028299032839
31995,3802.7908371362428
31996,4299.754708003154
31997,7876.284930928318
31998,3850.550388785912
31999,5462.3047446049295
32000,3141.7051334786993
32001,3957.229702520858
32002,5700.509820829383
32003,5743.303438095239
32004,4417.296408067909
32005,6959.832136409177
32006,7244.666435651601
32007,10480.325552330023
32008,5234.920562488445
32009,8344.92448275862
32010,2696.8997777777777
32011,4241.255004174778
32012,5135.406863806242
32013,3030.973333333334
32014,6749.658665558037
32015,4012.463496485182
32016,4699.736787138028
32017,6978.51905352943
32018,9265.545797666464
32019,6910.676714285714
32020,4382.715746249833
32021,4451.4173316246015
32022,11364.986693765577
32023,5887.078181791592
32024,5180.771278193576
32025,4203.467410239927
32026,5433.117828282828
32027,7393.84512937063
32028,4032.2091669793367
32029,4924.840515794156
32030,5733.119416455055
32031,6196.862086176695
32032,12300.972151515154
32033,4840.417267735916
32034,10319.2075
32035,5638.791530969635
32036,4252.150675136458
32037,2800.9100927655677
32038,4996.017571026897
32039,4897.3844427346785
32040,4211.621399980809
32041,5505.291696141211
32042,4504.219480737402
32043,3069.216375
32044,5299.872053329202
32045,3094.167107487889
32046,7336.740254238816
32047,5256.1999250019735
32048,6652.483222436983
32049,6295.768779236611
32050,3466.988326956404
32051,8172.782827461089
32052,6458.150692675079
32053,4302.645273498597
32054,5113.779331486395
32055,4124.139525960412
32056,8420.683798687423
32057,5342.050035353535
32058,3773.025284898891
32059,6015.085889457233
32060,6382.420372403492
32061,5328.570558816264
32062,4821.240482229585
32063,7095.318528729361
32064,4628.456188974165
32065,5086.01
32066,4917.9044329695125
32067,7057.445136363636
32068,5047.8884519395915
32069,5081.3744022330375
32070,4721.525136363637
32071,4575.675136363637
32072,3878.4617257527675
32073,3914.91264888043
32074,7081.097142857143
32075,8082.367478253906
32076,8952.439642857144
32077,9050.213826591329
32078,6259.513598484848
32079,7542.134329768529
32080,4680.613305659485
32081,9208.843405094905
32082,7866.833536336052
32083,5601.367792112857
32084,7001.35
32085,7039.529606876849
32086,4821.18
32087,3282.495
32088,9685.54
32089,4742.675323737374
32090,5472.198382109645
32091,5383.746666666668
32092,1939.44
32093,9039.600179777628
32094,4910.040680880231
32095,4167.188229670656
32096,3903.2895980315457
32097,4920.796676767677
32098,5730.376597371776
32099,5661.34
32100,5957.38
32101,4741.345416666666
32102,3915.6245714285715
32103,3181.23
32104,2633.35
32105,5831.03
32106,15517.54
32107,4890.665835164836
32108,4456.211740618461
32109,5264.023234549761
32110,4166.663008325009
32111,4247.52
32112,4182.554062092274
32113,3592.2042592113767
32114,5608.3623809523815
32115,5562.069503557313
32116,3480.949524475525
32117,6903.540416666667
32118,3918.1088095238088
32119,4077.925322566065
32120,9559.379007936508
32121,6846.13
32122,9207.408263431014
32123,4220.8861349206345
32124,6011.9058235294115
32125,3550.5398015873016
32126,4256.692961509505
32127,12991.046548075668
32128,7245.291424242425
32129,5332.113715506299
32130,4116.828904920557
32131,3391.3341473193473
32132,4747.316128787879
32133,3757.012186117916
32134,8456.277390715817
32135,4558.772164835165
32136,4819.99
32137,5413.113565387569
32138,3803.7203015873015
32139,5912.545555555555
32140,5754.175555555555
32141,6832.9
32142,5724.216071428572
32143,3430.37
32144,4873.324104166666
32145,5427.409067021554
32146,7716.272142857143
32147,7359.293530973736
32148,5513.978430675785
32149,3358.755298340549
32150,6525.276839407672
32151,4667.058960714286
32152,3778.8791263027792
32153,5650.773846292335
32154,5972.794859894499
32155,5032.5509506357785
32156,4961.51432015245
32157,5299.1351542140055
32158,7373.896597222222
32159,4872.636851890508
32160,5647.411015782605
32161,6041.386254826256
32162,3880.227854978355
32163,7946.615931834083
32164,5011.655952380953
32165,3894.379850131682
32166,8925.483811911647
32167,5152.671419396561
32168,3076.416754946679
32169,6668.500420990296
32170,7359.06
32171,8113.833261904761
32172,4628.117517233741
32173,4936.836090031481
32174,5344.925544990127
32175,5864.734996385522
32176,4917.616480924236
32177,6105.63020095164
32178,2698.415
32179,4786.984866676429
32180,5245.879112571173
32181,4157.3732222222225
32182,3685.81905927406
32183,5628.099177509747
32184,6029.664312229436
32185,4814.785198532982
32186,6723.205885402398
32187,4807.794571416958
32188,6738.170476780577
32189,4468.92
32190,5621.481134302102
32191,5017.605893752949
32192,6087.572091729046
32193,6413.197678864171
32194,2920.2351010101015
32195,7047.11
32196,6843.41
32197,5647.404517857143
32198,4218.113184343434
32199,3347.0395515873015
32200,5816.489471881868
32201,4723.836886416215
32202,6035.534309971417
32203,5459.799047619047
32204,4529.304258741258
32205,5811.432389918852
32206,5334.922576392905
32207,4161.9975
32208,6527.512323828345
32209,3918.8758161990345
32210,6862.721528860028
32211,8546.7
32212,6460.667936507936
32213,3727.485867382618
32214,4472.29
32215,3558.311333333333
32216,2814.107888888889
32217,6266.678299360601
32218,4680.355
32219,7385.609598601209
32220,3339.700384615385
32221,6159.678000000001
32222,5629.177117660721
32223,8692.849398609826
32224,3907.069762454245
32225,4494.355588140454
32226,3973.958003765053
32227,6834.416825709723
32228,5279.669198050231
32229,5300.306631915691
32230,6029.400064859277
32231,8353.930993529417
32232,5761.345516191125
32233,5956.262641088797
32234,5051.740651828288
32235,3777.863274214949
32236,4273.089767449791
32237,8635.558987403012
32238,7484.691244074604
32239,8934.885734597554
32240,13791.1
32241,4673.933724153591
32242,4716.272473463616
32243,4900.779477539881
32244,6744.678981227252
32245,6820.511764957411
32246,5084.420155179135
32247,6118.333917802201
32248,5974.996855709221
32249,6252.503890151515
32250,5127.50910041288
32251,4253.515393295111
32252,4422.38052173913
32253,4120.121904761905
32254,2944.020100678733
32255,3828.78740256278
32256,6722.691868956119
32257,13815.770685937254
32258,4907.260909104909
32259,4324.918565481073
32260,5600.143123376623
32261,2809.1660220185718
32262,5192.1975613194845
32263,3384.3863274029886
32264,7712.211462481697
32265,5157.624605275529
32266,5237.999095222332
32267,10488.867079397478
32268,9342.05
32269,5582.283559589007
32270,6022.515903198375
32271,3218.395939204095
32272,5003.117518489736
32273,4893.322217474065
32274,7054.267869817542
32275,3907.6477777777777
32276,3606.5110767261676
32277,4733.030899690228
32278,4676.4885171903425
32279,7079.434400251404
32280,4808.31920771855
32281,3685.2888983771645
32282,5926.591464224574
32283,6644.351382284381
32284,5786.9725
32285,3479.61
32286,3027.617
32287,6363.079920849776
32288,4144.877571428572
32289,7941.121533200773
32290,3919.81
32291,4514.16
32292,5142.869691044963
32293,4562.766976190476
32294,3883.6300029703857
32295,4978.219007936508
32296,5098.656964285714
32297,7590.049181818182
32298,7276.821398268399
32299,4579.396691681046
32300,3738.4794123931624
32301,4558.096875
32302,6322.95
32303,4178.028094405401
32304,4901.726902958153
32305,5598.102183365026
32306,10210.817741241835
32307,6078.538627416816
32308,5040.124721666833
32309,6494.4355000000005
32310,3646.3652777777775
32311,7703.693131280528
32312,4689.609666666667
32313,10446.18
32314,4744.284446608947
32315,4267.918376928178
32316,3023.345707362921
32317,3672.663040860829
32318,6771.497013263941
32319,14299.322907620559
32320,3152.07297057866
32321,3842.1322570566685
32322,8258.934861743839
32323,5979.559429814385
32324,5703.166703677066
32325,6455.458305545387
32326,4807.581232713701
32327,5622.764570784694
32328,3947.2201300366305
32329,8224.644016153936
32330,4747.162138542112
32331,5794.215365059978
32332,6280.494092107953
32333,4378.431528725762
32334,7002.433761204481
32335,4569.000719158862
32336,3490.7994890934137
32337,7881.03760170364
32338,7959.109601703639
32339,3684.14204711265
32340,5142.925061452496
32341,5254.830460091108
32342,4451.090042302557
32343,6812.240445263673
32344,5110.900597837241
32345,7778.4479810509
32346,3681.191473802855
32347,3894.1966666666667
32348,6069.480586820558
32349,3097.7521291866024
32350,6524.004388853189
32351,3536.8388592796096
32352,5090.30790960782
32353,3989.149625680627
32354,5132.501114147428
32355,5561.517436227764
32356,5744.390229694682
32357,5487.70125
32358,6353.713846153846
32359,4999.528636628491
32360,6498.4923759405
32361,5406.198722292229
32362,6241.926872234921
32363,7350.939385238916
32364,6101.833656069622
32365,3173.903196260275
32366,5266.970642728432
32367,6162.483297270444
32368,4406.0787795490105
32369,8740.847051603003
32370,4652.2921518681915
32371,5517.064288644362
32372,9122.087261989733
32373,5469.54058212803
32374,3202.7505311017508
32375,8203.103630052872
32376,8459.610330679126
32377,4826.548535223507
32378,6740.407878341023
32379,8384.605032929998
32380,5072.109562205148
32381,4255.189597470733
32382,5290.796139918024
32383,4806.048094872937
32384,4710.470910006619
32385,5359.128860876267
32386,4076.396874452573
32387,6185.250349406668
32388,5352.5966312596665
32389,5258.210356268963
32390,5477.23332487373
32391,5137.17613949932
32392,5686.94548558485
32393,4792.4805407489075
32394,6321.015167909687
32395,5304.033414115826
32396,4888.133661988513
32397,5523.865711553424
32398,5184.694098290598
32399,7907.768302889284
32400,4452.72734012728
32401,4446.531865731354
32402,5174.001395557887
32403,5741.38416129747
32404,6975.572575702702
32405,4151.968295323146
32406,3397.985830314118
32407,6599.890960308988
32408,6137.73
32409,4691.04574519359
32410,5848.08040122421
32411,5817.287618395928
32412,4958.434620383898
32413,4368.258183852638
32414,3476.606622038738
32415,5629.465083333333
32416,5501.388317691003
32417,5332.001938107052
32418,7897.653958607406
32419,7098.320932704468
32420,4202.553855042018
32421,6925.0166288145565
32422,3407.359563503435
32423,2889.4870547619043
32424,5857.735237216857
32425,9812.2975
32426,6044.194386413384
32427,5936.137797196099
32428,3586.5067948532947
32429,5917.774744972419
32430,6921.337372291019
32431,4654.687372333808
32432,6324.537781381793
32433,4585.933591033966
32434,4222.8525311939065
32435,4454.209503418597
32436,3840.0653206512156
32437,4864.960787338125
32438,3154.0159693115447
32439,3752.4400431436743
32440,3728.1909965116374
32441,6069.626605636981
32442,5264.568848429968
32443,3811.2241071754256
32444,5541.8402834426215
32445,5191.130579110237
32446,4395.480923050621
32447,4589.1720000000005
32448,6105.104031568972
32449,6624.534804537136
32450,5112.530821080683
32451,3555.4397321428573
32452,11017.368055358404
32453,5164.693396838258
32454,3873.900855339105
32455,7239.240558461146
32456,6917.137545454546
32457,5832.695058156478
32458,4794.159948275862
32459,6052.81
32460,7026.246666666666
32461,9793.787705272392
32462,3432.873888888889
32463,3663.756666666666
32464,4149.008401598402
32465,5765.645052556973
32466,4753.81
32467,9517.422007504034
32468,6954.462098563199
32469,5145.870833333333
32470,3565.7673333333328
32471,5564.865952380951
32472,9088.724535443487
32473,3526.394299470899
32474,5592.504658008659
32475,3524.850936147186
32476,5707.2034675324685
32477,6067.028690846434
32478,5931.935197009787
32479,7284.395946608946
32480,5405.789386516643
32481,3130.82
32482,5161.12
32483,6022.1717041869615
32484,6642.245726158344
32485,5910.282980156089
32486,5742.25
32487,4762.1
32488,3633.29111254719
32489,7652.448915844521
32490,3889.002346153846
32491,9422.207185897434
32492,5006.86
32493,3647.37
32494,5906.55
32495,5364.5785000000005
32496,5964.7753235938435
32497,6473.984086176539
32498,3037.49
32499,3672.0447499999996
32500,5273.87
32501,6617.281970376115
32502,8469.638112849692
32503,4424.498928571428
32504,5388.618782349897
32505,4985.474761904762
32506,4882.81
32507,4098.793812066007
32508,7816.0
32509,7121.56
32510,9935.3
32511,3499.48
32512,4571.5
32513,7883.55
32514,8697.9
32515,4208.82
32516,8147.91
32517,5991.12
32518,3882.17
32519,4199.93
32520,3489.74
32521,4688.4
32522,4600.79
32523,4082.99
32524,3773.282
32525,6376.06
32526,5719.69
32527,18820.09
32528,5242.24
32529,3843.62
32530,5813.17
32531,9533.285
32532,4888.747
32533,6181.609274193549
32534,5457.38
32535,7829.553274193549
32536,6322.453774193548
32537,3578.86
32538,5306.3166666666675
32539,5813.766666666667
32540,6968.188298003073
32541,5852.1917741935495
32542,8435.91
32543,3970.34
32544,3941.52
32545,4133.11
32546,7707.957101449275
32547,10251.02
32548,7882.64
32549,5971.778181818181
32550,4062.95
32551,5082.52
32552,3630.02
32553,7366.407101449275
32554,8191.98
32555,8597.087101449275
32556,4373.13
32557,4048.91
32558,4433.1
32559,5127.8
32560,8691.307101449274
32561,6175.4
32562,4021.913333333333
32563,3869.91
32564,6416.283508474576
32565,3490.26
32566,5964.654077964519
32567,3258.76
32568,5493.775508474576
32569,6367.6499509803925
32570,5032.844079903148
32571,6209.628333333334
32572,4741.285079903148
32573,4319.003508474577
32574,6285.8
32575,5961.65
32576,8502.798571428571
32577,5604.07
32578,6518.904584913747
32579,7528.847973802635
32580,7859.425
32581,5491.171538461539
32582,7628.16
32583,3727.41
32584,4636.0836026541765
32585,5554.32
32586,5962.20218888706
32587,8091.850346764002
32588,6269.960928028484
32589,4796.41
32590,6014.97
32591,6429.33
32592,7326.99
32593,3629.4066666666663
32594,11228.913862394436
32595,4022.56
32596,5708.21325
32597,7096.820178571428
32598,5831.19
32599,4725.542
32600,5116.272083333333
32601,6190.534030592588
32602,4343.561943402659
32603,4239.032631578947
32604,7613.03
32605,6585.4111544910065
32606,5834.318260869565
32607,4101.475031225605
32608,6798.24625
32609,9633.25616501438
32610,6262.557189509675
32611,5531.781970293706
32612,5446.649959920248
32613,6184.236078431373
32614,6551.667572139342
32615,6916.094920312165
32616,3813.27
32617,6352.307277455021
32618,5748.675768273503
32619,6433.07
32620,8541.496716870879
32621,4277.757941176471
32622,4274.550866338124
32623,3759.8955472382363
32624,6133.368797391227
32625,7966.302988562092
32626,4764.21
32627,4203.37
32628,5873.046524444367
32629,4841.12275490196
32630,4646.995436181083
32631,7199.00942307806
32632,5772.977543903174
32633,6828.625653321301
32634,4401.18979178716
32635,4337.530702046036
32636,5297.346371753247
32637,7236.183551689448
32638,6853.366753207805
32639,6431.731428105048
32640,6617.862863078943
32641,5269.968728813559
32642,7904.546752708344
32643,4756.325125190992
32644,5879.413719293466
32645,7709.444634510771
32646,5705.957167487684
32647,8451.902206451352
32648,7095.194878100513
32649,5923.6725
32650,5090.000417854615
32651,6465.574558889816
32652,5888.656367446764
32653,5396.226003931398
32654,4084.5147222222226
32655,5127.3547687815335
32656,6486.245819291819
32657,5562.23
32658,4253.455
32659,7183.018
32660,6348.143
32661,6100.37
32662,4781.24
32663,4562.253888888889
32664,6021.998225381992
32665,6063.92
32666,5443.529428571428
32667,4620.66218212413
32668,4981.881428571429
32669,5546.263897253566
32670,3327.7214285714285
32671,5957.939022968565
32672,4148.16
32673,7534.17
32674,6272.731428571428
32675,5995.914761904762
32676,6026.371403070463
32677,4229.367724867725
32678,4493.89984967033
32679,9256.322590532176
32680,5510.29
32681,6316.488861104495
32682,7168.858333333334
32683,4407.53
32684,5444.253059502821
32685,5393.72
32686,6725.001099849486
32687,10195.43
32688,7077.116433182819
32689,2678.21
32690,4771.608309717383
32691,6561.151786000696
32692,7314.46
32693,4700.608181818182
32694,6456.507142857143
32695,4243.595926573426
32696,5015.525785907859
32697,3080.86
32698,4251.368888888889
32699,5518.224076381124
32700,5428.1937769279575
32701,6394.047112554113
32702,5555.5201615737205
32703,6476.191361582253
32704,6899.02922666162
32705,6793.134679042573
32706,3836.3360710654374
32707,8246.57513107263
32708,8327.206333333334
32709,4730.2536497936635
32710,7197.389587445888
32711,3910.2102486016693
32712,5509.635187804189
32713,3154.4664393939397
32714,5492.255153337025
32715,3705.147983301013
32716,8656.343912280701
32717,6581.084718614718
32718,6586.589079454852
32719,7918.033078947369
32720,5327.82346264111
32721,6694.892857142857
32722,16436.671578947367
32723,8418.976129198621
32724,4399.88046287594
32725,2422.502857142857
32726,4978.745436999333
32727,7754.333289473684
32728,5298.411302884679
32729,11462.13
32730,17664.16
32731,2801.9047474747476
32732,4225.015838722681
32733,7882.758051948052
32734,4129.713972693973
32735,7471.067869047619
32736,5278.040938170524
32737,5946.430546857563
32738,3416.61
32739,6336.774
32740,5379.856843221657
32741,7092.401222628172
32742,6025.294229986675
32743,5474.48046054467
32744,5408.792054433254
32745,6174.639433066934
32746,3997.650714285714
32747,4532.514283494283
32748,7709.318051948051
32749,4346.665888888889
32750,5293.728
32751,6035.4275813773775
32752,5946.6576036741035
32753,5041.348390501655
32754,6269.6778684838
32755,5983.633965330647
32756,8180.591666666667
32757,8638.098787740002
32758,6098.130657792352
32759,5230.174797775249
32760,3072.180527586118
32761,5861.85348051948
32762,6560.204576457855
32763,4493.669462564643
32764,4370.873914017018
32765,7826.926389860139
32766,5351.285
32767,8808.893454124696
32768,6066.5400632875135
32769,4560.546914160401
32770,4596.9985649716555
32771,5000.206037878787
32772,7797.24
32773,4073.29
32774,7451.556871212121
32775,13991.1125
32776,6287.665656637242
32777,5216.63625
32778,4150.583333333333
32779,4185.075213479973
32780,5728.56631914382
32781,3541.3735714285717
32782,5085.131815308621
32783,8775.574854931447
32784,4761.971642221815
32785,11500.66
32786,11908.498051948052
32787,4466.79368050835
32788,5886.812883081552
32789,5020.772220083425
32790,6175.327479721077
32791,4980.568051948052
32792,8665.619809320844
32793,5578.660757575757
32794,7084.033244152721
32795,4506.768051948052
32796,6347.5465482515865
32797,4268.957576562054
32798,8643.42805194805
32799,5011.792967032967
32800,4913.6420519480525
32801,5966.972931443396
32802,5262.88
32803,6125.142132358552
32804,9053.69832092545
32805,5171.899827247857
32806,8174.589968614718
32807,5622.750003986564
32808,7600.142467901201
32809,4973.246911858438
32810,4238.188051948052
32811,4762.834392476359
32812,6258.505840697377
32813,5671.606201738248
32814,6531.990252525252
32815,5661.799324032621
32816,6697.745749108951
32817,4270.034959890779
32818,7822.553993974076
32819,6070.271900880729
32820,3422.4258333333332
32821,11413.616663059163
32822,16007.256666666664
32823,5983.800555555555
32824,5858.836992016684
32825,7521.298051948052
32826,8559.988051948052
32827,9866.068656565656
32828,5139.659613739202
32829,6089.409914555216
32830,4845.695942954623
32831,6752.142222222223
32832,3771.5412105598357
32833,4870.789869047619
32834,4602.94307054544
32835,5022.611974772354
32836,7162.825301948051
32837,4185.773850237998
32838,3556.352507507507
32839,5207.616925644772
32840,3282.6008408408406
32841,3843.0197297297295
32842,5003.131897506243
32843,4864.239729729729
32844,6994.658637393976
32845,7111.365164543297
32846,6439.18700058275
32847,5656.66054688198
32848,5534.380380215314
32849,10200.909393772894
32850,6636.294802503053
32851,4199.213256786006
32852,4267.293097848171
32853,7925.207398109245
32854,4582.7005550728345
32855,5977.473870174599
32856,3268.3199962279705
32857,4532.755447262197
32858,5619.244905860992
32859,5993.164588888888
32860,4489.199038971225
32861,7874.291545699316
32862,8472.772309588205
32863,10923.753366093366
32864,5297.496402656715
32865,8731.234729729731
32866,3204.2834797297296
32867,4427.5682371616585
32868,5290.588695766658
32869,3150.0697297297297
32870,7114.231576474813
32871,4451.537555614629
32872,5357.806240690659
32873,7556.990062784147
32874,10018.134321428572
32875,7519.763896396397
32876,4701.7179212140445
32877,4359.321795426795
32878,11010.894947487623
32879,6485.644497042431
32880,5640.896503859358
32881,4325.99260299367
32882,6049.767002457003
32883,7815.027666792667
32884,4035.526919200854
32885,5809.209348777349
32886,6409.598709996146
32887,6628.1504785140205
32888,12238.802833333331
32889,5221.3130140977455
32890,10341.334333333332
32891,6215.770610347472
32892,4385.681428571428
32893,3216.6748978965234
32894,5386.416674174176
32895,5040.335963949813
32896,4721.100833333333
32897,6134.078949583471
32898,4566.052625801309
32899,3722.072338955497
32900,5466.671561712062
32901,3649.328333333333
32902,7845.458483405485
32903,5444.238284322785
32904,6496.6997830086575
32905,6650.609096570095
32906,4016.3894167937956
32907,8139.635063223025
32908,6909.282529740683
32909,4479.233499999999
32910,4994.690504480899
32911,4515.42776095192
32912,9650.294040552586
32913,6229.774375
32914,4016.8643444227
32915,6765.3569684552995
32916,6678.194421157868
32917,5460.222894031258
32918,5680.014500950587
32919,7412.68913146274
32920,5499.328707299791
32921,5280.99
32922,4952.784666666666
32923,6976.018571428572
32924,4947.720457387105
32925,5096.4740439621
32926,4621.45
32927,5146.094666666667
32928,4027.9411189672896
32929,4225.341409641529
32930,6688.73
32931,8904.01905229774
32932,9239.43
32933,8522.251066492148
32934,7145.51
32935,6862.68790079365
32936,5102.801711053652
32937,10301.419743589744
32938,8221.182298673282
32939,5715.147597668413
32940,7731.16
32941,7269.285940588809
32942,4966.482
32943,3784.664
32944,9528.38
32945,4805.7034523809525
32946,5588.5417864801875
32947,5895.880952380952
32948,2105.73
32949,9118.346747149908
32950,5372.99637254902
32951,3995.5855627705623
32952,4336.47625
32953,5147.266666666666
32954,6418.115947751323
32955,5946.335
32956,6336.15
32957,4842.8
32958,4030.0725714285713
32959,3593.39
32960,2990.46
32961,5848.429166666666
32962,15915.55
32963,5036.087
32964,4632.0475
32965,5627.235280465252
32966,4364.41926107226
32967,5054.91
32968,4246.027142857143
32969,3640.1770797241975
32970,5870.57
32971,5718.115980604363
32972,3798.5306153846154
32973,7341.65
32974,3956.8871428571424
32975,4710.700337581922
32976,11575.124285714286
32977,7109.44
32978,10140.677142857143
32979,4698.148809523809
32980,5875.194941176471
32981,3906.1348571428575
32982,4947.901193821701
32983,12797.56119072507
32984,7771.127359225742
32985,6182.099152155034
32986,4256.172972380875
32987,4159.923055555555
32988,5040.112791447683
32989,4216.270285714286
32990,8886.603233592243
32991,4818.929166666666
32992,5567.46
32993,5837.4898261652315
32994,3936.0578571428573
32995,5673.6483333333335
32996,5639.211666666666
32997,7068.47
32998,5827.937571428572
32999,3537.36
33000,5239.590011904762
33001,5584.833581576489
33002,8337.360714285714
33003,7696.245094582705
33004,5674.331970465378
33005,4028.4491571428575
33006,6814.811108004167
33007,5316.254857142858
33008,4403.727846541518
33009,6194.997794103733
33010,6300.616801950859
33011,5694.784299095133
33012,4891.835896825397
33013,5971.984239468863
33014,7708.62
33015,5340.531944031712
33016,6258.70568546802
33017,6201.710957207207
33018,3838.8516666666665
33019,7880.692525641024
33020,5117.955
33021,4007.354455414353
33022,9375.736700244199
33023,5160.8317751385885
33024,2826.036333333333
33025,6740.239023199025
33026,7789.15
33027,7886.223095238095
33028,4786.25846060606
33029,5238.268989424303
33030,5670.929260423786
33031,6956.718688644689
33032,5005.003658597125
33033,6457.860531163132
33034,2729.095
33035,5128.069448592863
33036,5140.171600223946
33037,4557.46738888889
33038,4217.072222222222
33039,6434.366792669008
33040,6665.644694444445
33041,4899.788251508296
33042,7057.6253611111115
33043,4790.735382744495
33044,7477.981085987026
33045,4360.77
33046,6249.668166666666
33047,5137.424285353535
33048,6182.118083434334
33049,7384.145638888889
33050,3267.59
33051,7093.19
33052,7713.88
33053,6113.935916666666
33054,4500.009635281384
33055,3320.2455555555557
33056,5992.599669923733
33057,4709.0245
33058,6727.175798395606
33059,6408.43
33060,5005.6560641025635
33061,6529.694615606171
33062,5487.634631948462
33063,4037.6191666666664
33064,6832.8425
33065,4100.981142414861
33066,7192.5345
33067,8598.82
33068,6874.978888888889
33069,4519.4095
33070,4571.92
33071,3575.823
33072,2852.682333333333
33073,7262.42
33074,4942.736666666667
33075,7570.534196053196
33076,3296.9833846153847
33077,6185.73
33078,6019.776628538129
33079,9313.808076923078
33080,3940.4396996336995
33081,4812.610612942613
33082,3922.4078138528143
33083,7356.538001253132
33084,5049.431364681297
33085,6354.706118079752
33086,6607.938278867102
33087,9102.901337606838
33088,6004.799769051445
33089,6359.263590656237
33090,5235.127566697046
33091,4220.599867424242
33092,4463.908244366744
33093,8960.420587099703
33094,7259.571718614719
33095,8824.086
33096,14957.16
33097,4840.958609712796
33098,4321.45571847042
33099,5254.026354522623
33100,6915.292159397793
33101,7099.020478842236
33102,5367.132529638009
33103,6486.754987246257
33104,6587.997519897327
33105,6454.987341991343
33106,5336.775416184307
33107,4391.244840181557
33108,4711.868188405797
33109,4540.555666666666
33110,3469.761818627451
33111,4042.701145632798
33112,6915.012189976691
33113,13880.1205982906
33114,5108.066999999999
33115,4545.474
33116,5910.398333333333
33117,3008.485
33118,5501.28625317907
33119,3336.1378771228774
33120,8208.808483585859
33121,5035.3327360850535
33122,6047.283888741029
33123,12086.786503881318
33124,10364.76
33125,5948.389948962149
33126,6397.306629210753
33127,3486.9641463414637
33128,5828.1021341434625
33129,5451.25674404762
33130,7962.325289855072
33131,4103.1016666666665
33132,3432.310833333334
33133,5154.462014571685
33134,5290.345864133986
33135,7295.431410455486
33136,5073.161646247602
33137,3405.98
33138,6386.727738151455
33139,6454.014584415584
33140,5928.52
33141,3711.434
33142,3267.791111111111
33143,6484.604729329057
33144,4280.626071428572
33145,8462.506729053639
33146,4278.675
33147,5103.595
33148,5883.847493385866
33149,4768.414785714285
33150,3826.8447026987765
33151,5272.723452380953
33152,5488.65125
33153,9148.948333333334
33154,7579.824777777778
33155,5037.746696271213
33156,4263.142916666667
33157,5476.266666666666
33158,9281.95
33159,4546.588775607287
33160,5102.018435185186
33161,6050.325635062522
33162,10945.279785376393
33163,6868.2612072311
33164,5620.444703582445
33165,6926.86
33166,4375.1
33167,8236.946127573152
33168,4991.58
33169,10756.94
33170,4943.799685185186
33171,4333.120575452488
33172,3967.4900205830927
33173,3795.327787165831
33174,7091.424037563763
33175,16019.212
33176,3501.374411203231
33177,3845.9104816872095
33178,8394.285566375536
33179,5938.65467087424
33180,5486.150214073126
33181,6823.202021946169
33182,5133.6409067297445
33183,5639.823827636984
33184,4070.8297252747248
33185,8402.92591297978
33186,4993.915986406408
33187,6432.4872813154125
33188,6811.679432090971
33189,4800.64866225364
33190,7460.892238095239
33191,4658.8795109073935
33192,3254.6471534538264
33193,8233.819554271113
33194,8100.094549790826
33195,3915.336571931768
33196,5907.204027424694
33197,5970.888767195766
33198,4702.800402673715
33199,8726.113942307693
33200,5095.159240423956
33201,8130.652650836124
33202,4303.791837192395
33203,4098.03
33204,6478.904780202769
33205,3165.4521291866026
33206,6701.992291922773
33207,3860.115019230769
33208,5796.624111879498
33209,4491.405587843942
33210,4906.86286582944
33211,5694.236237764222
33212,6082.869234597124
33213,5858.804444444445
33214,7389.246666666668
33215,5525.490610987464
33216,7284.094278025279
33217,5691.445526283824
33218,6173.620473244721
33219,7645.559651393943
33220,6971.832741045095
33221,3069.089699159126
33222,5381.068621730462
33223,7262.071407711761
33224,6558.624657854223
33225,10243.024166312094
33226,4767.218058075592
33227,6410.020736874236
33228,9706.609167500575
33229,5348.635275591402
33230,3489.9418403876175
33231,9016.421207774154
33232,9629.130140547264
33233,4672.428778219412
33234,6754.547193887757
33235,8412.094022769343
33236,4985.823170183387
33237,4816.990573216284
33238,5732.44326810326
33239,5231.694451093167
33240,5060.044640535126
33241,5943.530600427351
33242,4294.943669243641
33243,5665.947053106835
33244,5659.423471997931
33245,5434.354983002638
33246,5756.34941947555
33247,5615.523328508893
33248,5981.783810687359
33249,4769.354987606245
33250,6326.017739692122
33251,5819.471375542543
33252,5797.649545005827
33253,6009.50669846441
33254,5692.459166666667
33255,8617.529557229216
33256,4751.049967320262
33257,4764.525265873016
33258,5125.430134473912
33259,6037.510907469464
33260,6982.696723124099
33261,4561.721575896995
33262,3675.5548946604185
33263,6768.233551836576
33264,6127.59
33265,4839.674246618933
33266,6337.448121755177
33267,6305.067431278988
33268,5705.60314116304
33269,4389.95861479594
33270,3653.980277354599
33271,5550.713535714286
33272,5410.990881658647
33273,5314.945307621525
33274,8386.889760033044
33275,6938.781263678544
33276,4717.738035048165
33277,7392.928677213995
33278,3273.1481075543943
33279,3133.7683166666666
33280,5928.164736236264
33281,10263.941714285713
33282,6401.911853933452
33283,6113.2046305294325
33284,4287.078226381462
33285,6230.144415246588
33286,7695.535585894084
33287,4743.367638779095
33288,6429.989019606267
33289,4988.334896589522
33290,4551.300778751275
33291,4851.401146398334
33292,4750.313025725114
33293,5293.324023889154
33294,3490.463375651733
33295,3968.433468901167
33296,3672.5745441306854
33297,6471.607536355806
33298,5497.286885568756
33299,3658.581349853547
33300,5589.892476666065
33301,5757.900725051824
33302,4430.795795272257
33303,4645.118257575758
33304,6720.138916092864
33305,7301.973893128817
33306,5535.1983272971565
33307,3909.2529999999997
33308,10622.014505434194
33309,5600.924281578723
33310,4082.065573459716
33311,7198.065962348604
33312,7668.262166666666
33313,6017.029800510479
33314,5185.299573459716
33315,6853.507166666666
33316,7139.482857142857
33317,10160.370938800108
33318,3646.5434999999998
33319,4049.275
33320,4227.969573459716
33321,6053.1571938367615
33322,5009.34
33323,8719.876794616943
33324,7252.504051242236
33325,5388.36
33326,3662.9335476190477
33327,5873.07
33328,9517.481073309456
33329,4098.641047619048
33330,5733.46052031962
33331,3847.873653679654
33332,6281.943710211852
33333,6411.939412337662
33334,6398.8031224277065
33335,7429.592772005772
33336,5649.2125260884
33337,3017.62
33338,5773.25
33339,6167.237442197678
33340,7078.078663558663
33341,6359.500213150375
33342,6156.09
33343,4732.993333333333
33344,3934.100093533277
33345,7929.430695923347
33346,4632.654341269841
33347,10234.929363636364
33348,5240.52
33349,3636.02
33350,5789.69
33351,5721.003000000001
33352,6736.612054210611
33353,6618.313667113837
33354,3728.21
33355,3857.3439285714285
33356,5345.28
33357,7162.508242465137
33358,8702.954666666667
33359,4744.18
33360,5765.3130297619045
33361,5605.950380952381
33362,5161.43
33363,4248.668706052739
33364,8398.93
33365,7610.235416666666
33366,10094.53
33367,3961.85
33368,4825.505
33369,7729.74
33370,9078.19738095238
33371,4273.37
33372,8992.65
33373,6344.7
33374,4154.71
33375,4336.79
33376,3610.38
33377,5365.046666666667
33378,4724.78
33379,4273.56
33380,4522.99
33381,7042.11
33382,6573.441428571428
33383,20281.39
33384,5418.07
33385,0.0
33386,0.0
33387,0.0
33388,0.0
33389,0.0
33390,0.0
33391,0.0
33392,0.0
33393,0.0
33394,0.0
33395,0.0
33396,0.0
33397,0.0
33398,0.0
33399,0.0
33400,0.0
33401,0.0
33402,0.0
33403,0.0
33404,0.0
33405,0.0
33406,0.0
33407,0.0
33408,0.0
33409,0.0
33410,0.0
33411,0.0
33412,0.0
33413,0.0
33414,0.0
33415,0.0
33416,0.0
33417,0.0
33418,0.0
33419,0.0
33420,0.0
33421,0.0
33422,0.0
33423,0.0
33424,0.0
33425,0.0
33426,0.0
33427,0.0
33428,0.0
33429,0.0
33430,0.0
33431,0.0
33432,0.0
33433,0.0
33434,0.0
33435,0.0
33436,0.0
33437,0.0
33438,0.0
33439,0.0
33440,0.0
33441,0.0
33442,0.0
33443,0.0
33444,0.0
33445,0.0
33446,0.0
33447,0.0
33448,0.0
33449,0.0
33450,0.0
33451,0.0
33452,0.0
33453,0.0
33454,0.0
33455,0.0
33456,0.0
33457,0.0
33458,0.0
33459,0.0
33460,0.0
33461,0.0
33462,0.0
33463,0.0
33464,0.0
33465,0.0
33466,0.0
33467,0.0
33468,0.0
33469,0.0
33470,0.0
33471,0.0
33472,0.0
33473,0.0
33474,0.0
33475,0.0
33476,4246.21
33477,0.0
33478,0.0
33479,0.0
33480,0.0
33481,0.0
33482,0.0
33483,0.0
33484,0.0
33485,0.0
33486,0.0
33487,0.0
33488,0.0
33489,0.0
33490,0.0
33491,0.0
33492,0.0
33493,0.0
33494,0.0
33495,0.0
33496,0.0
33497,0.0
33498,0.0
33499,0.0
33500,0.0
33501,0.0
33502,0.0
33503,0.0
33504,0.0
33505,0.0
33506,0.0
33507,0.0
33508,0.0
33509,0.0
33510,0.0
33511,0.0
33512,0.0
33513,0.0
33514,0.0
33515,0.0
33516,0.0
33517,0.0
33518,0.0
33519,0.0
33520,0.0
33521,0.0
33522,0.0
33523,0.0
33524,0.0
33525,0.0
33526,0.0
33527,0.0
33528,0.0
33529,0.0
33530,0.0
33531,0.0
33532,0.0
33533,0.0
33534,0.0
33535,0.0
33536,0.0
33537,0.0
33538,0.0
33539,0.0
33540,0.0
33541,0.0
33542,0.0
33543,0.0
33544,2718.21
33545,0.0
33546,0.0
33547,0.0
33548,0.0
33549,0.0
33550,0.0
33551,0.0
33552,0.0
33553,0.0
33554,0.0
33555,0.0
33556,0.0
33557,0.0
33558,0.0
33559,0.0
33560,0.0
33561,0.0
33562,0.0
33563,0.0
33564,0.0
33565,0.0
33566,0.0
33567,0.0
33568,0.0
33569,0.0
33570,0.0
33571,0.0
33572,0.0
33573,0.0
33574,0.0
33575,0.0
33576,0.0
33577,0.0
33578,0.0
33579,0.0
33580,0.0
33581,0.0
33582,0.0
33583,0.0
33584,0.0
33585,15829.83
33586,28710.4
33587,0.0
33588,0.0
33589,0.0
33590,0.0
33591,0.0
33592,0.0
33593,0.0
33594,6824.7
33595,0.0
33596,0.0
33597,0.0
33598,0.0
33599,0.0
33600,0.0
33601,0.0
33602,0.0
33603,0.0
33604,0.0
33605,0.0
33606,0.0
33607,0.0
33608,0.0
33609,0.0
33610,0.0
33611,0.0
33612,0.0
33613,4984.84
33614,0.0
33615,0.0
33616,0.0
33617,0.0
33618,0.0
33619,0.0
33620,0.0
33621,0.0
33622,0.0
33623,2545.64
33624,0.0
33625,0.0
33626,0.0
33627,0.0
33628,0.0
33629,0.0
33630,0.0
33631,0.0
33632,0.0
33633,0.0
33634,0.0
33635,0.0
33636,0.0
33637,0.0
33638,0.0
33639,0.0
33640,0.0
33641,7593.33
33642,0.0
33643,0.0
33644,0.0
33645,0.0
33646,0.0
33647,0.0
33648,0.0
33649,0.0
33650,0.0
33651,0.0
33652,0.0
33653,0.0
33654,0.0
33655,0.0
33656,0.0
33657,0.0
33658,7560.0
33659,0.0
33660,0.0
33661,0.0
33662,0.0
33663,0.0
33664,0.0
33665,0.0
33666,0.0
33667,0.0
33668,0.0
33669,0.0
33670,0.0
33671,0.0
33672,0.0
33673,0.0
33674,0.0
33675,0.0
33676,0.0
33677,0.0
33678,0.0
33679,0.0
33680,0.0
33681,0.0
33682,0.0
33683,0.0
33684,0.0
33685,0.0
33686,0.0
33687,0.0
33688,0.0
33689,0.0
33690,0.0
33691,0.0
33692,0.0
33693,0.0
33694,0.0
33695,0.0
33696,0.0
33697,0.0
33698,0.0
33699,0.0
33700,0.0
33701,0.0
33702,0.0
33703,0.0
33704,0.0
33705,0.0
33706,0.0
33707,0.0
33708,0.0
33709,0.0
33710,0.0
33711,0.0
33712,0.0
33713,0.0
33714,0.0
33715,0.0
33716,0.0
33717,0.0
33718,0.0
33719,0.0
33720,1585.61
33721,0.0
33722,0.0
33723,0.0
33724,0.0
33725,0.0
33726,0.0
33727,0.0
33728,0.0
33729,0.0
33730,0.0
33731,0.0
33732,0.0
33733,0.0
33734,6378.82
33735,0.0
33736,0.0
33737,0.0
33738,0.0
33739,0.0
33740,0.0
33741,0.0
33742,0.0
33743,0.0
33744,0.0
33745,0.0
33746,0.0
33747,0.0
33748,0.0
33749,0.0
33750,0.0
33751,0.0
33752,0.0
33753,0.0
33754,0.0
33755,0.0
33756,0.0
33757,0.0
33758,0.0
33759,0.0
33760,0.0
33761,0.0
33762,0.0
33763,0.0
33764,0.0
33765,0.0
33766,0.0
33767,0.0
33768,0.0
33769,0.0
33770,0.0
33771,0.0
33772,0.0
33773,0.0
33774,0.0
33775,0.0
33776,0.0
33777,7515.07
33778,0.0
33779,0.0
33780,0.0
33781,0.0
33782,0.0
33783,0.0
33784,0.0
33785,0.0
33786,0.0
33787,2383.94
33788,0.0
33789,0.0
33790,0.0
33791,6188.11
33792,0.0
33793,0.0
33794,0.0
33795,0.0
33796,0.0
33797,0.0
33798,0.0
33799,0.0
33800,0.0
33801,0.0
33802,0.0
33803,0.0
33804,0.0
33805,0.0
33806,0.0
33807,0.0
33808,0.0
33809,0.0
33810,0.0
33811,0.0
33812,0.0
33813,0.0
33814,0.0
33815,0.0
33816,0.0
33817,0.0
33818,18245.95
33819,0.0
33820,0.0
33821,0.0
33822,0.0
33823,0.0
33824,0.0
33825,0.0
33826,0.0
33827,0.0
33828,0.0
33829,0.0
33830,0.0
33831,0.0
33832,6218.71
33833,0.0
33834,0.0
33835,0.0
33836,0.0
33837,0.0
33838,0.0
33839,0.0
33840,0.0
33841,0.0
33842,0.0
33843,0.0
33844,0.0
33845,0.0
33846,0.0
33847,0.0
33848,0.0
33849,0.0
33850,0.0
33851,0.0
33852,0.0
33853,0.0
33854,0.0
33855,0.0
33856,0.0
33857,0.0
33858,0.0
33859,0.0
33860,0.0
33861,0.0
33862,0.0
33863,0.0
33864,0.0
33865,0.0
33866,0.0
33867,0.0
33868,0.0
33869,0.0
33870,0.0
33871,0.0
33872,0.0
33873,0.0
33874,0.0
33875,0.0
33876,0.0
33877,0.0
33878,0.0
33879,0.0
33880,0.0
33881,0.0
33882,0.0
33883,0.0
33884,0.0
33885,0.0
33886,0.0
33887,0.0
33888,0.0
33889,0.0
33890,0.0
33891,0.0
33892,0.0
33893,0.0
33894,0.0
33895,0.0
33896,0.0
33897,0.0
33898,0.0
33899,0.0
33900,0.0
33901,0.0
33902,0.0
33903,0.0
33904,0.0
33905,0.0
33906,0.0
33907,11868.41
33908,0.0
33909,0.0
33910,0.0
33911,0.0
33912,0.0
33913,0.0
33914,0.0
33915,0.0
33916,0.0
33917,0.0
33918,0.0
33919,0.0
33920,0.0
33921,0.0
33922,0.0
33923,0.0
33924,0.0
33925,0.0
33926,0.0
33927,0.0
33928,0.0
33929,0.0
33930,0.0
33931,0.0
33932,0.0
33933,0.0
33934,0.0
33935,0.0
33936,0.0
33937,0.0
33938,0.0
33939,0.0
33940,0.0
33941,0.0
33942,0.0
33943,0.0
33944,0.0
33945,0.0
33946,0.0
33947,0.0
33948,0.0
33949,0.0
33950,0.0
33951,4821.59
33952,15420.15
33953,0.0
33954,0.0
33955,0.0
33956,0.0
33957,0.0
33958,0.0
33959,0.0
33960,0.0
33961,0.0
33962,0.0
33963,0.0
33964,0.0
33965,0.0
33966,0.0
33967,0.0
33968,0.0
33969,0.0
33970,0.0
33971,0.0
33972,0.0
33973,0.0
33974,0.0
33975,0.0
33976,0.0
33977,0.0
33978,0.0
33979,0.0
33980,10844.95
33981,0.0
33982,0.0
33983,0.0
33984,0.0
33985,0.0
33986,0.0
33987,0.0
33988,0.0
33989,0.0
33990,0.0
33991,0.0
33992,0.0
33993,0.0
33994,0.0
33995,0.0
33996,0.0
33997,0.0
33998,0.0
33999,0.0
34000,0.0
34001,0.0
34002,0.0
34003,0.0
34004,0.0
34005,0.0
34006,0.0
34007,0.0
34008,0.0
34009,0.0
34010,0.0
34011,0.0
34012,0.0
34013,0.0
34014,0.0
34015,0.0
34016,0.0
34017,0.0
34018,0.0
34019,0.0
34020,0.0
34021,0.0
34022,0.0
34023,0.0
34024,0.0
34025,0.0
34026,0.0
34027,0.0
34028,0.0
34029,0.0
34030,0.0
34031,0.0
34032,0.0
34033,0.0
34034,0.0
34035,0.0
34036,0.0
34037,0.0
34038,0.0
34039,0.0
34040,0.0
34041,0.0
34042,0.0
34043,0.0
34044,0.0
34045,0.0
34046,0.0
34047,0.0
34048,0.0
34049,0.0
34050,2806.94
34051,0.0
34052,0.0
34053,0.0
34054,2438.3
34055,0.0
34056,0.0
34057,0.0
34058,0.0
34059,0.0
34060,0.0
34061,0.0
34062,0.0
34063,0.0
34064,0.0
34065,0.0
34066,0.0
34067,0.0
34068,0.0
34069,0.0
34070,0.0
34071,0.0
34072,0.0
34073,0.0
34074,0.0
34075,0.0
34076,0.0
34077,0.0
34078,0.0
34079,0.0
34080,0.0
34081,0.0
34082,0.0
34083,0.0
34084,0.0
34085,0.0
34086,0.0
34087,0.0
34088,0.0
34089,0.0
34090,0.0
34091,0.0
34092,0.0
34093,0.0
34094,0.0
34095,0.0
34096,0.0
34097,0.0
34098,0.0
34099,0.0
34100,0.0
34101,0.0
34102,0.0
34103,0.0
34104,0.0
34105,2839.6
34106,0.0
34107,0.0
34108,0.0
34109,0.0
34110,0.0
34111,0.0
34112,0.0
34113,0.0
34114,0.0
34115,0.0
34116,0.0
34117,0.0
34118,0.0
34119,0.0
34120,9797.72
34121,0.0
34122,0.0
34123,0.0
34124,0.0
34125,0.0
34126,0.0
34127,0.0
34128,0.0
34129,0.0
34130,0.0
34131,0.0
34132,0.0
34133,0.0
34134,0.0
34135,0.0
34136,0.0
34137,0.0
34138,0.0
34139,0.0
34140,0.0
34141,0.0
34142,0.0
34143,0.0
34144,0.0
34145,0.0
34146,0.0
34147,0.0
34148,0.0
34149,0.0
34150,0.0
34151,0.0
34152,0.0
34153,0.0
34154,0.0
34155,0.0
34156,0.0
34157,0.0
34158,0.0
34159,0.0
34160,0.0
34161,0.0
34162,0.0
34163,0.0
34164,0.0
34165,0.0
34166,0.0
34167,0.0
34168,0.0
34169,0.0
34170,0.0
34171,0.0
34172,0.0
34173,0.0
34174,0.0
34175,0.0
34176,0.0
34177,0.0
34178,0.0
34179,0.0
34180,0.0
34181,0.0
34182,0.0
34183,0.0
34184,4567.12
34185,0.0
34186,0.0
34187,0.0
34188,0.0
34189,0.0
34190,0.0
34191,0.0
34192,0.0
34193,0.0
34194,0.0
34195,0.0
34196,0.0
34197,0.0
34198,0.0
34199,0.0
34200,0.0
34201,0.0
34202,0.0
34203,0.0
34204,0.0
34205,0.0
34206,0.0
34207,0.0
34208,0.0
34209,0.0
34210,0.0
34211,0.0
34212,0.0
34213,0.0
34214,0.0
34215,0.0
34216,0.0
34217,0.0
34218,0.0
34219,0.0
34220,0.0
34221,0.0
34222,0.0
34223,0.0
34224,0.0
34225,12179.77
34226,5562.24
34227,0.0
34228,0.0
34229,0.0
34230,0.0
34231,0.0
34232,0.0
34233,0.0
34234,0.0
34235,0.0
34236,0.0
34237,0.0
34238,0.0
34239,0.0
34240,0.0
34241,4234.32
34242,3396.75
34243,6808.534916779352
34244,2573.3
34245,6017.891285297273
34246,4665.81
34247,5530.612839351326
34248,5510.460665969153
34249,0.0
34250,3352.56
34251,5595.99
34252,4932.405405005941
34253,4287.398039718451
34254,5772.12
34255,4685.385176470588
34256,3236.76
34257,4299.24
34258,6721.887928103014
34259,8318.45
34260,6634.29
34261,6718.19
34262,4468.51
34263,5440.665857142857
34264,0.0
34265,7963.895310168744
34266,7245.593333333334
34267,8778.338727827473
34268,5843.67
34269,2951.85
34270,5386.59
34271,6001.369047619048
34272,8135.272822419576
34273,4450.07
34274,5353.3
34275,5269.18
34276,5197.671322503903
34277,2168.775
34278,7438.318333333334
34279,3854.49
34280,7600.848267379679
34281,7441.1168333333335
34282,3688.3284362546633
34283,7388.525500000001
34284,5497.572330150241
34285,4465.729672058334
34286,3633.9004999999997
34287,6854.134509803922
34288,9554.15
34289,5730.53
34290,4940.065358616957
34291,7932.936118498715
34292,7436.265176470588
34293,5492.725676470587
34294,6625.97
34295,2343.03
34296,2608.9087202077735
34297,4818.33
34298,5884.977380952381
34299,7652.726845238095
34300,7086.337261904761
34301,3923.63
34302,7704.84
34303,7974.83
34304,4832.93
34305,2758.7433333333333
34306,10322.973112978525
34307,3453.6398508615566
34308,4441.87
34309,7545.853214285715
34310,5161.265
34311,5509.868
34312,2952.7847619047616
34313,5769.893333333333
34314,4774.4231468253965
34315,5252.285176470588
34316,8002.81
34317,6381.326666666666
34318,5719.876363636364
34319,3125.687150484148
34320,7122.735
34321,10251.890666666666
34322,4742.78273572577
34323,3467.670925037694
34324,6230.81027132867
34325,5413.157337398373
34326,7213.857738790172
34327,8427.844145383579
34328,2248.575238095238
34329,7098.752019259701
34330,4418.131797135164
34331,5197.125666666667
34332,8037.541740131307
34333,2723.3720000000003
34334,4927.357056505093
34335,4664.808000869879
34336,7075.16074868256
34337,7524.944203208555
34338,3987.22
34339,4510.6
34340,6887.166850996913
34341,6228.660568216723
34342,5567.0928843121355
34343,7008.330172166957
34344,4698.574031092556
34345,5872.623336392011
34346,4211.986843137255
34347,3179.839805306948
34348,5346.906082376293
34349,6025.44247275565
34350,0.0
34351,6837.490027062075
34352,7581.766773015873
34353,3765.463733333333
34354,7109.672468137254
34355,3308.0285752087516
34356,3947.1614515155366
34357,7458.7858680412355
34358,6800.435255987191
34359,6653.266556337939
34360,9276.17720137457
34361,6496.898827415763
34362,5373.501599292429
34363,6464.530528560162
34364,6871.642587840577
34365,4222.580650514015
34366,2916.8114898112813
34367,5629.347797226992
34368,4560.425151791716
34369,6878.47712411906
34370,3996.771095890843
34371,5543.075552402467
34372,6324.63084420286
34373,6597.046412630528
34374,5359.58
34375,2646.5798583475653
34376,6303.6293726238155
34377,6344.922791162543
34378,3761.795038105732
34379,5434.815531630925
34380,3105.147922300931
34381,5362.868254463647
34382,3310.7251605627184
34383,4169.787232496792
34384,4395.26245904096
34385,6956.094532088621
34386,6274.835195627571
34387,6791.707144761771
34388,8184.932587454855
34389,4278.897348675805
34390,4975.047507460338
34391,10011.594691995933
34392,5087.215
34393,6996.393989201584
34394,6269.711520450781
34395,5300.393609022556
34396,6177.2183994251545
34397,4419.691046833457
34398,4877.600804841268
34399,7403.28104594564
34400,5690.6109913492055
34401,2909.7099047619045
34402,3291.723334365325
34403,6972.385653957025
34404,8995.290717948717
34405,0.0
34406,6296.796666666667
34407,3892.741095238095
34408,2404.037774509804
34409,1978.4280269293677
34410,3614.767210142768
34411,5058.362757919384
34412,6624.350549226514
34413,5047.218954729793
34414,4399.502982089008
34415,7631.024643058674
34416,7202.709193783312
34417,6702.814659397945
34418,5608.587601213179
34419,7462.989330922099
34420,8944.601666666666
34421,3925.3110544122947
34422,5435.142351577482
34423,5482.915448124887
34424,6229.710661973115
34425,3034.8745
34426,5078.786071385193
34427,4644.189857734371
34428,8908.134926470588
34429,5429.41
34430,6932.773844268762
34431,6843.710462184876
34432,4528.214730468576
34433,7626.6052371794885
34434,16535.43
34435,8454.053571738417
34436,3559.640142857143
34437,3291.578666666667
34438,5772.828922803141
34439,8823.718142857142
34440,4575.764427219858
34441,8736.67
34442,16543.33
34443,4523.876142857142
34444,2398.028673245614
34445,9550.37
34446,3341.4110168350167
34447,6280.530649038841
34448,3348.178612798966
34449,5712.116758024637
34450,3201.91
34451,6941.073952380952
34452,5645.207079159993
34453,5026.215123195214
34454,7781.135709913707
34455,5686.853615229714
34456,5684.0609334115325
34457,7342.635111111112
34458,5462.007055493137
34459,6031.759997594997
34460,8697.95
34461,4931.455094839843
34462,5974.327714280045
34463,3985.3575815242757
34464,3286.5378532067703
34465,5450.764083291725
34466,4864.047882894899
34467,4978.762626484643
34468,8206.547083333333
34469,8529.095168792495
34470,7257.765543747096
34471,4314.368741771423
34472,4041.630066708503
34473,5305.947998113014
34474,5173.367395718075
34475,5901.916751085971
34476,2987.07
34477,6653.7075
34478,5324.597522366522
34479,6713.412447545421
34480,5330.8679134284785
34481,4128.81
34482,3408.4233333333336
34483,2646.5175396260365
34484,8121.89
34485,5531.115
34486,5411.274897246357
34487,11167.76611111111
34488,6748.124059632246
34489,4200.28751172208
34490,5385.658666666667
34491,2478.62
34492,3852.69
34493,4281.54280272836
34494,3609.657384396691
34495,7914.355489229105
34496,4401.998836189023
34497,8464.81
34498,10305.45
34499,5220.179961637051
34500,5711.765482535541
34501,4697.928462358887
34502,4601.330634018308
34503,4550.5
34504,8724.21667385136
34505,5228.77
34506,6068.72041831978
34507,3378.81
34508,5265.854060527759
34509,4768.842613377281
34510,8579.4
34511,6399.875
34512,5187.672666666666
34513,6325.247326266227
34514,4213.45
34515,7603.202393871299
34516,6320.578951517041
34517,6426.238461445149
34518,9034.316666666666
34519,7022.100685605492
34520,7591.843232700991
34521,3251.699077859238
34522,0.0
34523,4492.825026793475
34524,8058.630136052646
34525,7453.306937180957
34526,7245.025493993995
34527,6065.147833377353
34528,7713.55971908073
34529,4793.130018986862
34530,5847.7913083800595
34531,6214.84703060228
34532,2749.24
34533,11936.7
34534,15798.5875
34535,6868.46
34536,6410.446878636173
34537,6907.58
34538,7914.15
34539,7178.956714285715
34540,2969.9585274725273
34541,4229.019199579832
34542,5666.593231637371
34543,7880.033047619048
34544,2424.820039535178
34545,4192.308333333333
34546,5130.3135178489065
34547,4816.600922824302
34548,4551.233923992673
34549,2632.541666666667
34550,2866.5550555555556
34551,6253.567801443278
34552,3222.1479999999997
34553,4047.11
34554,5275.920909522175
34555,4987.89
34556,8424.793494312877
34557,9926.975555555557
34558,4658.346666666667
34559,6578.068946360154
34560,6153.227059774516
34561,9088.602916666667
34562,5473.844826007566
34563,2686.6055389610387
34564,4937.326818542569
34565,11027.655454545455
34566,3702.151485185709
34567,6119.150002442002
34568,2397.459423076923
34569,3496.9371130536124
34570,5613.3839833036045
34571,6630.54
34572,5777.34358974359
34573,8017.654537480063
34574,8013.481537480064
34575,7483.398034188035
34576,3827.176858232569
34577,11255.405
34578,1906.335
34579,3354.9167890271497
34580,6182.434900944933
34581,4450.72
34582,10454.980208333332
34583,2604.21937996238
34584,4391.036627502798
34585,5002.93947119563
34586,7744.526399018194
34587,8786.115714285714
34588,4440.601243046055
34589,3299.37886026936
34590,9478.521319872942
34591,8498.025019969278
34592,4564.667953201472
34593,5634.350066977826
34594,8270.275
34595,5211.187333333333
34596,4946.634566977825
34597,3865.352858974359
34598,6907.9228429796
34599,4200.7251618763075
34600,12350.92
34601,7297.8966666666665
34602,12550.52625
34603,6449.6910989010985
34604,4332.37
34605,2082.206111111111
34606,6075.645330261136
34607,5899.370952380951
34608,4781.136428571428
34609,8529.302009615385
34610,5361.1453571428565
34611,2584.7245555555555
34612,6480.05312987013
34613,3012.5466048419366
34614,9145.65
34615,6808.825692640693
34616,7000.338000000001
34617,7487.412833333333
34618,4185.96
34619,6810.700325624205
34620,7419.6
34621,4830.761428571428
34622,5935.223076923077
34623,4330.5319428243665
34624,8852.812285714286
34625,5504.776666666667
34626,3440.67
34627,5430.395
34628,7852.923441463906
34629,5501.934234129951
34630,3745.03
34631,4766.46758140634
34632,4969.758
34633,4310.61
34634,4975.5375
34635,9449.64
34636,4369.600235352866
34637,3640.1014879953636
34638,6512.77
34639,4961.019090909091
34640,3065.1612755997135
34641,4997.623833333333
34642,8505.03
34643,6520.836617046706
34644,10022.58
34645,7976.4482952336975
34646,7040.54
34647,6814.648811276026
34648,4027.2909406158315
34649,9199.654301894185
34650,6742.924102299468
34651,6203.85
34652,4990.9
34653,5323.531019097066
34654,4753.08
34655,2086.76
34656,11855.57
34657,5470.21
34658,5497.16020076723
34659,4804.33
34660,1308.64
34661,7573.112537293883
34662,5324.32
34663,4416.89
34664,3363.84
34665,6190.289999999999
34666,5010.254642857142
34667,3924.56
34668,9509.89
34669,4301.64
34670,4865.06
34671,3577.643333333334
34672,2588.68
34673,4465.46
34674,12968.26
34675,5486.03
34676,5416.98
34677,4936.090166666667
34678,3385.19
34679,3343.77
34680,5042.7733333333335
34681,2850.853732804233
34682,9423.24
34683,5647.68
34684,2893.986666666666
34685,7856.28
34686,2242.4133333333334
34687,3274.73
34688,9930.16
34689,7939.4946666666665
34690,8670.125
34691,2175.1433333333334
34692,4834.815
34693,3947.61
34694,3994.06
34695,15522.97
34696,9130.82
34697,4734.08
34698,3087.15
34699,5152.37
34700,3725.64
34701,2195.505
34702,7264.89
34703,4758.71
34704,5606.513277356903
34705,6557.558000000001
34706,4727.4
34707,4576.53
34708,5299.3
34709,7371.373333333333
34710,6464.35
34711,2692.9
34712,5190.162839307985
34713,6603.7695
34714,7638.71
34715,5599.871999999999
34716,6598.0695000000005
34717,3484.124452193565
34718,8273.619166666665
34719,4511.528853498799
34720,2785.23
34721,4398.71986997332
34722,4109.55
34723,4432.892500808499
34724,6342.7725
34725,3593.58
34726,7094.44
34727,4327.985833333333
34728,6160.949204291441
34729,7835.61
34730,4409.255022421249
34731,7413.67
34732,5715.420555555555
34733,3066.4567796835704
34734,10453.088
34735,3653.45
34736,3239.6566666666668
34737,5988.234860467318
34738,10134.130833333335
34739,8112.493909049052
34740,4366.746147605386
34741,4328.58
34742,5829.6228244247295
34743,5849.222803199219
34744,4591.022878787879
34745,8206.14875
34746,2980.373
34747,4782.51709090909
34748,3858.076291666667
34749,3294.728666666667
34750,4048.997006939355
34751,7091.066923076923
34752,6340.646586219336
34753,4967.72
34754,4839.899586552205
34755,6917.35
34756,6903.386923076922
34757,4742.927083333334
34758,0.0
34759,4940.01
34760,6358.6325
34761,4839.086378175914
34762,2872.3117838287726
34763,5529.4
34764,6926.786928104575
34765,5291.2280362470865
34766,4920.082500328216
34767,2980.145
34768,8357.81
34769,3137.7435934578198
34770,8100.788333333334
34771,4937.022546176046
34772,4236.815697626722
34773,7893.123333333334
34774,3902.4150769408757
34775,4155.3938333333335
34776,8348.58
34777,2787.928927775217
34778,5656.42
34779,9438.56
34780,6608.309920711789
34781,2404.29
34782,4838.498333333333
34783,3769.8597841119517
34784,3176.7961612144804
34785,4413.866349882266
34786,6126.436
34787,4654.92
34788,4063.375
34789,5272.384393939394
34790,4497.51074829394
34791,10796.18
34792,4598.26
34793,5840.216386363637
34794,3972.52
34795,5849.6460815159335
34796,6237.377619047619
34797,5742.91
34798,7137.81
34799,7270.15930580478
34800,7329.638666666667
34801,5519.950952380953
34802,5171.6676948051945
34803,3849.0907984274886
34804,5309.159857142857
34805,8428.239285714286
34806,5794.829527726276
34807,7395.21
34808,14397.22
34809,3532.1157458212797
34810,5088.259285714285
34811,4074.766815339094
34812,7439.706035714287
34813,8082.478035714286
34814,7472.952916666666
34815,6603.642545787544
34816,6834.068260073259
34817,6639.208532117971
34818,5942.863183150184
34819,5212.130256854257
34820,2789.241589060113
34821,4844.875075396825
34822,3479.3576831524033
34823,3299.6383932394115
34824,6981.674409340659
34825,17163.45
34826,4964.72
34827,3009.13
34828,4477.718064295984
34829,3982.4455454545455
34830,5313.379853146853
34831,1790.88
34832,6288.47
34833,5993.76958041958
34834,3212.71
34835,10081.48
34836,10741.54
34837,4172.44
34838,5633.2244423489765
34839,3627.5045454545457
34840,4153.621876468758
34841,3864.66
34842,8244.724545454546
34843,3641.3585333333335
34844,4100.102045454546
34845,4811.575446533744
34846,5222.655795454545
34847,6016.147023935923
34848,6739.357116883118
34849,2933.49
34850,7413.847116883117
34851,6272.477730741297
34852,4965.453933261184
34853,3621.3636391958194
34854,3593.9740864739833
34855,4540.68
34856,4498.436505217383
34857,8815.85
34858,4339.697896825397
34859,3831.564230127069
34860,5954.76
34861,4979.951925662573
34862,4893.334545454545
34863,5327.887272727273
34864,5514.007272727273
34865,10079.470694869853
34866,6542.412820518344
34867,5747.8071168831175
34868,3645.3753041923164
34869,4287.301206380791
34870,7136.268454726769
34871,3748.9158787878787
34872,4462.19
34873,5028.39
34874,12342.53
34875,7036.386666666667
34876,4092.48
34877,5413.506284819767
34878,4588.282640165741
34879,6376.7
34880,5338.823416666667
34881,8978.401984897406
34882,6239.378000000001
34883,4908.394545454546
34884,3909.1353288089404
34885,2037.25
34886,4009.047564709012
34887,15770.414545454545
34888,2220.847411674845
34889,4658.087916666666
34890,6338.41
34891,7122.06
34892,5593.4
34893,7767.24
34894,5533.878333333334
34895,6991.271818181819
34896,2529.5252647783254
34897,7321.315782156717
34898,3966.5829871195606
34899,5847.781801415296
34900,8808.262205988454
34901,3739.9386043258146
34902,8398.895055555555
34903,5379.3265
34904,3030.1141666666667
34905,6120.100555555555
34906,6826.651666666668
34907,2727.8082862646675
34908,7458.463818181818
34909,6386.995238095238
34910,5097.007532467533
34911,8826.977142857144
34912,7837.636587301587
34913,7706.71
34914,4066.245696706892
34915,3444.623928571428
34916,5213.66
34917,3235.6322222222225
34918,5672.97
34919,2630.250407943502
34920,5506.733167500399
34921,3080.190264206542
34922,5301.375714285714
34923,4852.861183850587
34924,4479.09
34925,5161.262757575758
34926,7954.255
34927,4769.520234175281
34928,8006.52
34929,5482.59922733848
34930,5567.6934147402135
34931,8613.23
34932,6129.666666666666
34933,3899.8291666666664
34934,4916.000634357031
34935,4877.56
34936,4936.823294871381
34937,10160.7125
34938,5195.90875
34939,5684.775309649402
34940,8563.205209531525
34941,6342.7
34942,2236.853176082175
34943,0.0
34944,7996.39
34945,5591.276200980393
34946,7167.935306451388
34947,5930.101278205128
34948,6882.235204487179
34949,4915.732798666145
34950,4326.780211419213
34951,0.0
34952,5329.670265011143
34953,7680.15
34954,3383.436752938902
34955,7546.887890018646
34956,6413.4910158571865
34957,5001.237306945012
34958,7023.042264379084
34959,4199.13
34960,6903.093564546774
34961,3995.31
34962,5101.854649176856
34963,4541.69
34964,3366.75
34965,6262.125895382135
34966,6772.72625
34967,7388.564381089646
34968,5876.887
34969,4146.047725175296
34970,5785.459967539212
34971,6564.8412652404195
34972,7521.266044746044
34973,2865.39
34974,2989.790224801628
34975,8580.653680451713
34976,5252.01
34977,3751.1504252980085
34978,7218.896612966017
34979,7276.351776136178
34980,6132.425352253885
34981,4521.652317927171
34982,2255.7115776197625
34983,6298.019833333333
34984,5810.749452741703
34985,4992.348760530817
34986,8526.333674260151
34987,6596.1
34988,3609.2478298178908
34989,5784.72
34990,2783.12
34991,1165.2029524642023
34992,5674.542946946719
34993,7986.04176566416
34994,5301.767142857143
34995,4655.825045239188
34996,3097.1197258307075
34997,5012.991692393173
34998,8240.458105183625
34999,5459.468425235548
35000,7332.381833333332
35001,4495.402763648445
35002,4532.461830429137
35003,3352.6891635035454
35004,5973.066175621875
35005,3390.26114032133
35006,2349.820493346443
35007,4090.451600935793
35008,3471.599065643494
35009,7054.13
35010,4360.80134769167
35011,4663.874117774383
35012,5083.038924411284
35013,7358.363101190476
35014,4352.04
35015,3708.3810761183263
35016,8588.04946969697
35017,8493.17
35018,7041.264540998219
35019,2231.3253452380955
35020,5465.79
35021,5114.190719484889
35022,3743.4
35023,9061.317868247694
35024,8927.570357142857
35025,6436.32
35026,5908.38693520566
35027,5898.6005263157895
35028,7434.277916666668
35029,11235.96
35030,2773.529583333333
35031,3248.893333333334
35032,4906.702008610384
35033,5519.48
35034,5044.685
35035,11251.77
35036,6947.410777097902
35037,6319.31
35038,2571.8433757552484
35039,6099.833666666667
35040,8453.971428571429
35041,3392.0109989193816
35042,5715.167604646238
35043,3283.2161814590636
35044,6743.8523581788
35045,5243.107916666666
35046,5255.05
35047,5936.284703088308
35048,3456.33
35049,4922.034794797308
35050,6375.395229233469
35051,4807.64
35052,7602.079916666667
35053,5141.53
35054,7326.469803193882
35055,4726.15
35056,3488.99
35057,7583.38
35058,3024.7837587412587
35059,9973.36
35060,5524.334738325281
35061,4302.562108695652
35062,6404.464998090145
35063,4115.552
35064,3900.93
35065,5561.96
35066,2455.71
35067,2814.193333333333
35068,5611.838026167473
35069,6045.337505042016
35070,10240.041653846154
35071,5309.31364521509
35072,5396.53338806787
35073,3608.176349206349
35074,5156.537108178054
35075,2945.9933333333333
35076,10054.49
35077,6824.02
35078,12648.21
35079,5226.23
35080,4745.3
35081,6380.56
35082,7427.74
35083,3011.74
35084,8301.42
35085,7166.58
35086,5207.08
35087,5317.13
35088,4382.41
35089,2858.54
35090,4995.41
35091,3329.33
35092,2738.33
35093,7618.78
35094,5712.03
35095,20740.1
35096,6759.84
35097,4634.65
35098,7404.74
35099,10596.8
35100,5520.678999999999
35101,6665.24
35102,5716.644888888888
35103,7764.55
35104,7720.89
35105,6252.2480000000005
35106,5658.418000000001
35107,7564.715
35108,7627.05
35109,7364.28
35110,7798.4
35111,6147.92
35112,5586.94
35113,5857.09
35114,10227.22
35115,9817.26
35116,9597.07
35117,7687.41
35118,4931.69
35119,6615.91
35120,5120.55
35121,7620.13
35122,10192.38
35123,9849.72
35124,5573.76
35125,5097.166666666667
35126,5452.395
35127,6060.09
35128,9992.41
35129,6779.7
35130,5715.51
35131,6365.97
35132,7367.6
35133,3920.76
35134,7591.37
35135,4470.0
35136,8286.34
35137,8086.98
35138,5801.06
35139,7725.98
35140,7061.23
35141,4906.31
35142,6236.71
35143,7521.94
35144,11738.97
35145,6575.39
35146,7797.82
35147,7709.36
35148,9990.43
35149,6654.748001808337
35150,9892.08
35151,5238.17
35152,4296.12
35153,6036.55
35154,6389.714308303972
35155,8254.524417683013
35156,7911.89544880462
35157,5908.15
35158,7987.376666666666
35159,7995.355
35160,9714.9
35161,3874.713333333333
35162,12549.8
35163,4826.11
35164,6606.306483676703
35165,8331.86475982658
35166,6823.51
35167,6797.51
35168,7534.3733199491735
35169,7224.63767787498
35170,5762.52558586072
35171,6260.2566150629555
35172,8799.804626500432
35173,7577.884197631298
35174,7365.151448374157
35175,5093.06
35176,7360.292976692137
35177,8179.208638005129
35178,6694.11
35179,5029.47
35180,7395.354449267702
35181,6167.719729079979
35182,7386.484880324099
35183,7894.382208527756
35184,4001.7002546208696
35185,7912.9614171827525
35186,5901.2
35187,7294.755586195679
35188,9843.76
35189,5097.341739495798
35190,6513.940437923572
35191,6141.900051083286
35192,7568.676064941855
35193,10286.51378530378
35194,4994.53
35195,4389.61
35196,7498.110784788673
35197,6813.309140913138
35198,8932.5
35199,10132.147987074237
35200,7912.656894779962
35201,7403.64
35202,5363.1076097020405
35203,4472.704422558575
35204,7027.016953918537
35205,9211.06
35206,8462.799493254952
35207,8211.447380785467
35208,8106.085446733585
35209,6227.746104690612
35210,8881.445086558047
35211,5693.274310572963
35212,8166.49860514066
35213,9121.09255624191
35214,7956.518892253462
35215,9791.97
35216,9151.817604607422
35217,8938.854920161386
35218,6664.4000396391875
35219,7479.43
35220,8246.26530296182
35221,6849.253092222872
35222,4755.58
35223,5505.2108333333335
35224,8302.46875
35225,6583.7975
35226,5268.531666666668
35227,8549.761662337662
35228,6869.690714285714
35229,6216.718180688204
35230,6134.8459687199265
35231,5420.692340006398
35232,7224.139615384615
35233,6735.642416666666
35234,7463.2446666666665
35235,6113.0144111603695
35236,5256.364226190477
35237,6725.434507419728
35238,4186.769047619048
35239,7279.872500000001
35240,5481.146921985815
35241,8967.524702380953
35242,7690.294678544903
35243,7386.681376678876
35244,6022.140398210882
35245,4905.803921302949
35246,5529.477009193153
35247,10729.13
35248,7410.165142042671
35249,8117.212452611396
35250,7862.189905982906
35251,5942.811672148964
35252,6470.16448109344
35253,6390.7715206338125
35254,7598.266666666666
35255,10842.349250000001
35256,7051.206666666666
35257,3746.6553070175437
35258,4757.37
35259,8626.602045396861
35260,9495.98925
35261,7783.628650793651
35262,7771.528701298701
35263,5095.949873854827
35264,5567.05
35265,3197.2588
35266,4586.53052631579
35267,6681.002314282317
35268,7169.116107545338
35269,7034.0313235294125
35270,5949.96534883721
35271,8316.506903132948
35272,9347.01348612718
35273,7700.0479897314635
35274,6693.405636660426
35275,9352.711818181817
35276,11303.911666666665
35277,6524.398172576828
35278,8302.386870471377
35279,5401.996985998473
35280,6835.698974417536
35281,4536.954192330918
35282,7309.070322112797
35283,5540.2744132170155
35284,9260.56
35285,7431.493333333333
35286,9307.096245668985
35287,8085.61
35288,5688.025065996646
35289,9415.06837956488
35290,17462.59
35291,11046.951749815737
35292,5214.6
35293,3271.822218752522
35294,6399.647321500325
35295,10214.285
35296,5483.014539632661
35297,11897.73
35298,20058.16
35299,3912.26
35300,5131.047791582294
35301,8148.767581418582
35302,5316.768788657001
35303,8797.6
35304,6538.787980109786
35305,7707.629373015873
35306,3928.28
35307,8446.265320420534
35308,6327.223659219952
35309,7512.393111111112
35310,6784.293659219952
35311,6041.24639451407
35312,6057.634699621598
35313,7607.819218320401
35314,6010.613718927945
35315,5577.563731441848
35316,8580.111825757574
35317,6236.733765644733
35318,6733.193093178508
35319,7293.394895607834
35320,5950.349944302455
35321,5485.982837168164
35322,7343.337365070442
35323,7237.090637179284
35324,10610.316703351993
35325,9016.105049078202
35326,8180.626190476191
35327,5973.665
35328,4212.509938427983
35329,9377.152151989038
35330,7688.530119521505
35331,5788.468135991288
35332,5248.547802519119
35333,9163.731182926831
35334,7334.680288129744
35335,9695.246388888889
35336,6468.28
35337,6473.0256746031755
35338,5682.952311808118
35339,5205.54
35340,10038.65
35341,5982.258333333332
35342,8767.6025
35343,14284.1
35344,7956.213299146279
35345,6373.480555555555
35346,5613.76
35347,4985.130811808118
35348,7528.317272727273
35349,4630.121428571429
35350,5311.987238095237
35351,10331.773823407118
35352,5531.016763711025
35353,14240.13
35354,13947.68
35355,5151.612983876971
35356,7254.21366167673
35357,6579.868591991343
35358,6728.4529428303495
35359,5158.869166666667
35360,5925.1786110326975
35361,8061.355
35362,9008.017945108426
35363,5429.32
35364,7229.152126868967
35365,5361.603507354372
35366,10148.753333333334
35367,7702.3925
35368,6637.75
35369,7153.98573822896
35370,5635.8
35371,8318.80426680276
35372,9415.785106786805
35373,6178.580019562901
35374,9926.44259469697
35375,6926.036099625763
35376,8763.968932359152
35377,5763.269267399268
35378,6197.096666666667
35379,5692.602293145959
35380,10113.556070592662
35381,7081.476011119724
35382,8358.945547619049
35383,7148.28189449239
35384,8781.736425706387
35385,5321.874843081119
35386,8646.158268599456
35387,6506.023571428572
35388,3976.045
35389,14420.32
35390,17726.1
35391,9162.98
35392,7330.537406070919
35393,9430.346333333331
35394,10085.05125
35395,10329.67
35396,6387.365952380953
35397,7162.716857142857
35398,6236.427139048771
35399,9493.694801587302
35400,4243.419155844155
35401,5843.243197801037
35402,5998.71643091387
35403,6064.12
35404,7468.709761904762
35405,4628.69100258565
35406,4768.365208333333
35407,6915.997946863965
35408,4602.823571428572
35409,5246.455625
35410,6234.785952623385
35411,6637.08294117647
35412,9507.551652775697
35413,9525.894748013792
35414,8035.183000000001
35415,6555.983316868905
35416,6809.0007990880895
35417,10773.379232026144
35418,7826.659815219868
35419,6653.327272727273
35420,6644.0278053516195
35421,9177.566671900153
35422,4951.23113140129
35423,6918.543330770702
35424,4018.097689008142
35425,5003.714994750133
35426,8377.576405750053
35427,7425.505625
35428,8711.553701113024
35429,9214.965807166445
35430,9215.086380337176
35431,11165.15
35432,6125.546821437329
35433,11606.803333333335
35434,2796.825
35435,5669.130034843206
35436,7005.043476190476
35437,4750.86
35438,9006.11587989788
35439,5595.792014016966
35440,4837.97163269255
35441,8591.99468181818
35442,11018.57973026316
35443,7939.06037037037
35444,5574.310581970942
35445,6155.252604347826
35446,12256.047367271396
35447,8055.419124772889
35448,6311.11019202254
35449,7570.639245042053
35450,7888.174444444445
35451,9630.109368279569
35452,5270.618035462676
35453,5851.317213605886
35454,7692.224409551431
35455,9350.889894024276
35456,12898.50078896104
35457,6336.144154673535
35458,13281.579347826086
35459,8526.575604651163
35460,5553.163094360214
35461,3610.779364520189
35462,6243.2794291541795
35463,7495.5945139324285
35464,5927.623237522852
35465,8694.249905851104
35466,7142.780314219674
35467,4334.840050382366
35468,7294.788528236487
35469,3727.0851130952383
35470,8171.529704455085
35471,7255.556155220614
35472,8100.0081369947675
35473,8534.273026635527
35474,5794.566825280161
35475,10378.088453823955
35476,6956.680664068985
35477,5519.1325910789565
35478,6963.63710892632
35479,5952.302248302749
35480,10929.382635031967
35481,6165.61634797773
35482,4824.8194079365085
35483,8206.771155927407
35484,9323.20985938716
35485,7736.359346008723
35486,6607.174711540068
35487,8767.083761840608
35488,5494.338562618083
35489,6051.8
35490,8094.108355293646
35491,9967.604022487982
35492,5823.379050673305
35493,6245.553740527896
35494,6790.773514624744
35495,5389.762407099998
35496,4593.028532363854
35497,5966.515129032257
35498,10117.733031746031
35499,8849.718160442968
35500,11459.129738691261
35501,11541.473627998128
35502,8803.271693236715
35503,8417.659190476192
35504,4839.858012378074
35505,10010.960761904762
35506,10060.5013489011
35507,8277.481770833334
35508,7957.7934375
35509,8780.269190476189
35510,6013.436764705882
35511,3549.247111111111
35512,11852.950253968253
35513,5518.9918154518155
35514,6491.335476190476
35515,6971.40431372549
35516,3146.4777777777776
35517,11679.173333333334
35518,5448.891815451815
35519,5311.571815451815
35520,5257.32
35521,6318.3425994456
35522,6592.685083333333
35523,8059.24
35524,6953.093846153846
35525,4736.584719169719
35526,6465.584045801526
35527,4065.625
35528,3622.4775
35529,7373.850454545454
35530,17276.41
35531,5256.2313953488365
35532,5982.4883364494635
35533,6878.5300677361865
35534,5449.061614173228
35535,5468.805384615385
35536,5372.392697560575
35537,4267.091614173228
35538,8679.016666666666
35539,7131.763760691886
35540,4742.741614173228
35541,9127.787144308944
35542,5720.548968253968
35543,4664.958333333333
35544,10291.281363636364
35545,8731.689369918699
35546,9435.719416666667
35547,5584.268968253968
35548,7342.151839034204
35549,5065.642083333333
35550,5358.583897777025
35551,15070.406285714285
35552,7405.691802566679
35553,7012.875958410836
35554,5382.44688472965
35555,4674.219445599446
35556,6220.995
35557,4263.4263425414365
35558,9635.002150761518
35559,5311.593073770492
35560,6262.332631578947
35561,7977.681557492169
35562,5417.901
35563,6610.6246563011455
35564,6576.741862745098
35565,9849.205333333333
35566,7924.924
35567,4316.756372549019
35568,5943.138125
35569,7439.609549751053
35570,9567.907779680367
35571,9137.776162448665
35572,7408.8153830843885
35573,5057.280348198241
35574,7462.043549751055
35575,6000.282563104441
35576,4638.748095238096
35577,7528.802176638834
35578,7073.617357142857
35579,6581.706796186427
35580,6082.805783701644
35581,6541.30135479176
35582,10516.564629629629
35583,5402.653593344721
35584,6621.195853015841
35585,8345.273894957983
35586,6658.919145534713
35587,11675.4741984127
35588,7294.496153846154
35589,4968.692041666666
35590,11859.342960489994
35591,6215.565248768474
35592,3384.876886135793
35593,8947.154030303029
35594,12763.547142857144
35595,10238.228965517243
35596,5589.115918918919
35597,6504.335741379311
35598,7109.727007575757
35599,6994.3070985603545
35600,6604.149966269931
35601,9177.883721066424
35602,3686.1282352941175
35603,6924.220881313564
35604,6855.496276847261
35605,5661.6075
35606,5469.672958333334
35607,7555.920732428537
35608,8476.106794871794
35609,5427.106142857142
35610,8339.943000000001
35611,7168.1988850015005
35612,8678.350992498847
35613,5987.20847457627
35614,7625.290857406926
35615,6363.678833333333
35616,8182.4070847245885
35617,9310.822603469582
35618,4110.661722719521
35619,7922.97
35620,9904.134190578763
35621,7175.051373148666
35622,5064.059056450216
35623,3901.08
35624,8446.08308333147
35625,6772.519314241866
35626,8538.370241684659
35627,7971.619511503478
35628,5546.765186404776
35629,8934.742625890955
35630,6398.101184981684
35631,7341.894789869135
35632,8534.935741758241
35633,5465.539845374862
35634,8393.655741758243
35635,11282.400916666667
35636,7525.921895876053
35637,5475.16
35638,6909.981990392648
35639,5405.103124692301
35640,3243.985667593844
35641,8198.483550878358
35642,7330.487823899372
35643,9265.060245734658
35644,5762.576710623759
35645,8965.674794368178
35646,7774.1592477016275
35647,10420.584220342524
35648,5492.126433685223
35649,6980.120291431838
35650,5743.698815812673
35651,8450.92951193192
35652,6882.1890328174595
35653,7357.5707136752135
35654,8035.743126253133
35655,10050.157933874852
35656,7641.675281477813
35657,7022.609883291504
35658,5715.289908076313
35659,5073.64224587131
35660,6042.013918055216
35661,10634.1350770874
35662,9370.47136478426
35663,10032.07
35664,15834.86
35665,6245.1718944647755
35666,6681.224775602746
35667,6093.739707388832
35668,8219.142484095977
35669,8740.531383247591
35670,7446.452785009764
35671,7650.0631709787785
35672,8089.003313279286
35673,8002.345605413105
35674,6827.73406578622
35675,6194.865479691877
35676,6204.249154746889
35677,6523.69265739853
35678,3841.324904592139
35679,5508.121623977153
35680,8508.91412628029
35681,17214.733333333334
35682,5893.71
35683,5055.87
35684,7578.234762586595
35685,4012.0752
35686,6358.2352
35687,4311.420000000001
35688,9257.979807453414
35689,6409.9552
35690,7222.969059523811
35691,13340.817523809525
35692,11208.41
35693,6632.950047619047
35694,8302.923092330724
35695,3689.3268181818185
35696,5676.369169746081
35697,5187.800064856712
35698,5675.381818181819
35699,4964.836803752176
35700,4769.041818181819
35701,5971.812150145644
35702,6053.193619047619
35703,8914.958098515104
35704,7053.117414967565
35705,3418.913333333334
35706,7586.206275301674
35707,7863.761277075229
35708,7750.874325396825
35709,5199.566681341719
35710,4555.52829245283
35711,7935.34630953859
35712,5685.390439024391
35713,9615.43047948559
35714,4697.330125786164
35715,6011.103978058892
35716,7513.7118564700195
35717,5679.159743589744
35718,3985.3656190476195
35719,6444.591785714287
35720,8124.8130625
35721,10444.779818181818
35722,9867.577375
35723,6357.649612603261
35724,4161.609
35725,5270.428000000001
35726,8131.91
35727,4771.726956879378
35728,6820.645555555555
35729,6559.729797501546
35730,13634.023701222755
35731,8432.818707297478
35732,6570.392676971778
35733,7894.33
35734,4489.69
35735,9179.753255563113
35736,6069.32
35737,12517.88
35738,7165.48636111111
35739,5776.361433630189
35740,5193.903150210084
35741,4813.373611111111
35742,7362.009333333333
35743,10433.333893100542
35744,4493.13027637275
35745,5587.723926272601
35746,11071.082623367645
35747,6805.329978368956
35748,7294.029156184161
35749,8274.2961720364
35750,6141.3994999999995
35751,8229.680988338636
35752,4644.74
35753,9803.2775
35754,6153.06832420394
35755,6955.789182563622
35756,8062.03171212121
35757,4545.324311355312
35758,8541.282954545453
35759,6506.082558740601
35760,4105.129083867522
35761,8742.427931711416
35762,9637.060538336216
35763,4433.756031746032
35764,6923.87524272314
35765,8570.988176767676
35766,5593.789818952468
35767,9424.597327971225
35768,7273.019755460402
35769,9821.58700119591
35770,4590.45013095238
35771,5119.357851119894
35772,6398.088373497045
35773,4668.606476190476
35774,7854.394286125197
35775,4359.104654761905
35776,6025.3424043040295
35777,4542.4607802659375
35778,9078.684430063578
35779,6236.782091487108
35780,7414.934958664803
35781,7324.405758658008
35782,9126.969643971515
35783,6900.08132034632
35784,7660.068900611646
35785,6800.779370370371
35786,9724.179848484848
35787,9026.434741093184
35788,6802.746675353442
35789,3456.223023809524
35790,6152.524
35791,7355.5674279684035
35792,5135.537133333334
35793,6980.913513396912
35794,6656.760299111197
35795,6305.811830687831
35796,10896.138846153844
35797,6696.9064086839335
35798,4692.738380334108
35799,11897.63586863843
35800,10451.902741609212
35801,5409.891369047619
35802,9612.68412020519
35803,9677.159285714286
35804,9055.48651339691
35805,5636.8158772492525
35806,7223.596797446802
35807,6387.6179432579875
35808,6372.867918945064
35809,7760.090278583271
35810,5689.49450514192
35811,7761.32438452396
35812,7978.222823805817
35813,7017.5657319071415
35814,8067.636292821594
35815,5884.851186731718
35816,7042.336874590589
35817,4909.579162497993
35818,7948.490045304709
35819,7587.457339890436
35820,6433.621381596738
35821,7078.27231211898
35822,7830.799997590474
35823,9451.105404339522
35824,6754.166095398901
35825,5571.629175643062
35826,6471.391258065597
35827,7336.118839497437
35828,7372.594361283288
35829,4501.70093443783
35830,4461.791966441257
35831,8141.297703972158
35832,7112.05
35833,6142.4123182014455
35834,8060.3875277064535
35835,7921.670658085797
35836,6883.9594985387475
35837,6056.724869021244
35838,3894.251503551399
35839,7345.584105303738
35840,7205.823979387056
35841,7220.821388967076
35842,10958.443946370055
35843,8733.107437126171
35844,4838.149223065124
35845,8880.844251703153
35846,3787.907058313497
35847,3217.4200666162697
35848,7759.537861468598
35849,11849.541909632035
35850,8038.488905098929
35851,7146.063011116491
35852,5343.219089685099
35853,7036.747880179255
35854,9125.541814994696
35855,5935.983011335701
35856,8173.467203544082
35857,6227.331553410322
35858,4809.992970134071
35859,5974.296751895472
35860,5809.90284392959
35861,5918.8077630421285
35862,4799.057498204495
35863,5255.7089786504885
35864,4519.306584300518
35865,7389.463998378204
35866,7706.193807333971
35867,6160.723404388523
35868,6389.01811913465
35869,7369.314975608139
35870,5873.408598524099
35871,5764.715111111112
35872,9436.538698465196
35873,8894.904493510357
35874,9013.84531476014
35875,3917.7668116883115
35876,14443.51361594098
35877,6719.910995259379
35878,5250.076952380952
35879,10979.785
35880,8639.52973015873
35881,7765.602806237646
35882,6061.1991071428565
35883,7384.406166666667
35884,10667.54
35885,14478.526946654942
35886,5050.726604395604
35887,4654.58
35888,5500.830569985569
35889,7061.172778563219
35890,7211.575380952381
35891,9093.6654719186
35892,8764.84246825397
35893,6999.674027777777
35894,3920.73
35895,6914.645714285713
35896,8816.207572846195
35897,5305.09
35898,7317.240969553015
35899,4404.783333333334
35900,7927.114390342371
35901,7737.678571428572
35902,8086.7420675740395
35903,9187.972285714286
35904,6643.599448706518
35905,6070.882562203843
35906,6959.482562203842
35907,7960.981019012041
35908,7896.674
35909,7769.398486992303
35910,7718.065012997494
35911,6812.61
35912,4322.846628140073
35913,9710.782557717901
35914,5053.99
35915,10120.77
35916,5729.265
35917,4741.365
35918,7139.507416666667
35919,6249.727083333332
35920,7345.52726557935
35921,7329.274111876074
35922,3815.25
35923,4965.440666666667
35924,7860.593000000001
35925,9608.126904761906
35926,9866.566666666668
35927,5805.266666666666
35928,6177.112814323607
35929,6676.752214285714
35930,6301.047
35931,5411.603901515151
35932,10503.78
35933,8707.15
35934,12267.8
35935,5195.13
35936,5831.87
35937,8919.42
35938,8600.59
35939,5493.27
35940,10624.01
35941,7212.61
35942,5376.77
35943,7212.95
35944,5443.08
35945,5153.13
35946,6747.53
35947,5371.9
35948,4816.57
35949,9021.42
35950,6986.17
35951,21944.28
35952,6527.23
35953,4557.63
35954,7853.81
35955,10555.98
35956,6487.161666666666
35957,6948.27
35958,5677.559166666666
35959,8014.38
35960,7819.32
35961,5587.73
35962,5769.603333333333
35963,7377.96
35964,7957.01
35965,7826.43
35966,9567.78
35967,6018.84
35968,5211.83
35969,6034.17
35970,9489.2
35971,10525.46
35972,9993.43
35973,7781.07
35974,6304.41
35975,6151.51
35976,5111.44
35977,7981.94
35978,10322.4
35979,9545.03
35980,5703.25
35981,5421.92
35982,5645.108
35983,6124.29
35984,10749.25
35985,7042.35
35986,5777.79
35987,6140.45
35988,7658.78
35989,3560.31
35990,7245.51
35991,4583.56
35992,7263.15
35993,8369.4
35994,5576.77
35995,7969.76
35996,7041.04
35997,4783.88
35998,7000.09
35999,7586.52
36000,11680.32
36001,6387.82
36002,8061.92
36003,7846.05
36004,9932.69
36005,6460.304374786235
36006,9715.48
36007,5250.79
36008,4832.64
36009,6792.46
36010,6269.432945184634
36011,8263.366931419276
36012,7953.009462540885
36013,5947.52
36014,7996.993333333334
36015,7642.67
36016,10232.78
36017,4111.102071428571
36018,13507.19
36019,5374.45
36020,6654.614819174537
36021,8851.175737695929
36022,7084.29
36023,6935.78
36024,6892.827576250296
36025,7302.964260847564
36026,5765.232756836803
36027,6144.585756837848
36028,8445.123172639964
36029,7511.5904037703585
36030,7844.7498656980615
36031,5099.33
36032,7108.664090145713
36033,8189.405647423638
36034,6249.47
36035,6054.18
36036,7370.402929499804
36037,6087.591140804506
36038,7363.118937600737
36039,7826.384458445086
36040,4015.6834892995894
36041,7866.296108545585
36042,6320.56
36043,7077.3023341763055
36044,10154.35
36045,4358.615636363636
36046,6285.355574065208
36047,5427.841003948715
36048,7624.344280114212
36049,10501.727213875207
36050,5113.0
36051,4727.43
36052,7549.567010657399
36053,5681.458368099339
36054,9256.48
36055,9445.339503301402
36056,7664.384392596856
36057,7848.1025
36058,5535.462252559182
36059,4605.734005891908
36060,6837.180489632821
36061,9179.24
36062,8967.767853103438
36063,7988.4976522403595
36064,8014.226041906427
36065,6444.082275558958
36066,8904.07136860933
36067,6041.425751749435
36068,8244.062239606017
36069,9085.790888964744
36070,7312.615885904255
36071,10147.898333333334
36072,8961.18701272708
36073,8395.765292253673
36074,6618.677539230692
36075,7058.131666666667
36076,7895.702715231576
36077,6846.765008889538
36078,4837.08
36079,6137.8
36080,8012.9054166666665
36081,6075.92
36082,5268.335833333333
36083,8750.040590909091
36084,7050.888714285716
36085,5728.488083462497
36086,6049.64076949412
36087,5437.675687324838
36088,7686.600595238095
36089,7307.431083333333
36090,8004.475
36091,6059.236292931376
36092,5279.216666666667
36093,6712.514266402609
36094,4093.537476190476
36095,6369.009736901988
36096,5402.861477541372
36097,8726.771666666666
36098,7683.262897907648
36099,6884.218420634922
36100,5839.146585579704
36101,5878.215039119291
36102,5472.775985340867
36103,10932.821666666667
36104,6711.027981785347
36105,8355.44954004143
36106,7831.146757936508
36107,6321.676809059556
36108,6345.81004126642
36109,5723.220859398108
36110,8511.725
36111,11703.67125
36112,8411.78
36113,3496.837807017544
36114,5134.9
36115,8320.756981106344
36116,8853.94
36117,7171.444650793651
36118,7929.557272727273
36119,6002.105666666666
36120,6038.89
36121,3288.518888888889
36122,4941.705526315789
36123,6391.693451533777
36124,6989.616931147284
36125,6859.115384615385
36126,6063.170277777777
36127,8021.805434506321
36128,9466.509771608038
36129,7717.651168967261
36130,6743.81987145178
36131,9222.456818181818
36132,10354.291666666666
36133,7071.112501581159
36134,8370.847570740405
36135,5503.565164361045
36136,6727.198441419488
36137,4330.625513147782
36138,7974.212307924776
36139,5171.686833823621
36140,9294.79
36141,7224.916923076922
36142,9240.531662335652
36143,8556.2748989899
36144,5749.441454885533
36145,9363.507290431791
36146,19168.21
36147,10853.251749815736
36148,5551.84
36149,3057.7220909530756
36150,6362.176488166991
36151,11091.79
36152,5638.323192699284
36153,11704.49
36154,18963.86
36155,3459.67
36156,5148.230846488499
36157,10610.061952380953
36158,5060.561754686749
36159,9473.19
36160,7039.1898193955
36161,7741.710452380953
36162,3491.12
36163,7345.581426587302
36164,6203.930674010718
36165,7651.493023809524
36166,6747.210674010717
36167,5942.911409304836
36168,5941.051607269506
36169,7254.031027844212
36170,5292.508235833424
36171,4950.821389725508
36172,8019.727575757575
36173,6151.041382488908
36174,6424.545971969651
36175,7315.260418787326
36176,6285.912944878501
36177,5769.598908607506
36178,7600.994332332346
36179,7489.39010444119
36180,9316.168518828184
36181,9273.439572887726
36182,7694.441166666667
36183,5696.115
36184,3986.0090367185812
36185,8992.476028548752
36186,8048.556882769751
36187,5764.31551694367
36188,5061.931802519118
36189,9599.489516260162
36190,7806.355995200451
36191,10113.055261904763
36192,6968.964
36193,5796.337341269841
36194,5768.717478474785
36195,5162.11
36196,10041.96
36197,5383.84
36198,7952.68
36199,15300.266666666665
36200,7636.803367687891
36201,8855.66
36202,5176.753333333334
36203,4777.312478474785
36204,7193.977272727273
36205,4725.876428571429
36206,5732.121999999999
36207,10759.724129236378
36208,5388.384574677837
36209,15125.73
36210,14679.79
36211,4661.860258184534
36212,7162.13646265353
36213,6922.623024531025
36214,6742.053210788294
36215,5390.979166666668
36216,5646.08324248312
36217,7414.03947368421
36218,9475.562850573406
36219,5575.06
36220,7160.215234761073
36221,4918.2894818258055
36222,9718.62
36223,7363.6532587719275
36224,6182.00875
36225,6736.411544687379
36226,5343.27
36227,7978.320061813305
36228,9848.533267191142
36229,6122.818816782658
36230,10260.956805555556
36231,6929.490897816707
36232,9032.22016071413
36233,5722.802068986569
36234,6074.695
36235,5717.233104050031
36236,10011.488194330037
36237,7083.9107480494595
36238,8258.60761111111
36239,7289.372311797306
36240,8488.980630834592
36241,5185.698633679411
36242,8677.898138999888
36243,7409.159304029305
36244,4067.25
36245,15261.74
36246,18038.5
36247,8259.74
36248,7015.51447533499
36249,10069.106
36250,10353.195
36251,11062.1075
36252,6406.178188405797
36253,7326.5175
36254,6313.0103605656595
36255,8383.836599673203
36256,3857.456428571428
36257,6015.295589277919
36258,6112.547450317457
36259,6188.553333333333
36260,7888.983333333334
36261,5096.368848739496
36262,4870.963497807017
36263,6851.647775085601
36264,4450.558571428572
36265,4738.730333333333
36266,6289.439027320768
36267,6529.2925
36268,9211.978572728633
36269,9196.138572728632
36270,8959.86475
36271,6474.945090262169
36272,6662.129735070398
36273,11643.275855228876
36274,8239.84311948052
36275,5919.998928571428
36276,6548.060409081224
36277,9561.02177084959
36278,4366.666534199134
36279,6791.746878944752
36280,4362.385554210922
36281,5605.240897527911
36282,8348.225516861165
36283,7374.215625
36284,8880.945222821707
36285,9480.234055065604
36286,9562.163544903004
36287,12114.233333333335
36288,6310.3179964012525
36289,10569.505
36290,3074.05
36291,5696.809241192413
36292,6425.6613333333335
36293,4438.51
36294,8631.499192307692
36295,5812.216629210394
36296,4954.009314966416
36297,8779.533171218489
36298,12042.305858468288
36299,10664.091208791207
36300,5780.342424353847
36301,6029.278695515917
36302,13127.912007794272
36303,8106.2394125430155
36304,6838.91218813698
36305,7531.683448078285
36306,7443.351984126985
36307,10607.48372536856
36308,5193.006545313255
36309,6004.213058048884
36310,7581.084557802827
36311,8388.883091630592
36312,14186.202
36313,6301.263091762724
36314,13649.024166666668
36315,7844.298604651163
36316,5558.086919629788
36317,4070.1410461441205
36318,6442.737446969696
36319,7373.802806233063
36320,5887.75393113461
36321,7505.727922535877
36322,7171.206570214539
36323,4666.256825396826
36324,7402.142530498243
36325,3527.94473901099
36326,8278.349435775976
36327,7285.576496416225
36328,8421.81254866309
36329,8278.036336618416
36330,6041.183619179885
36331,9656.76413786418
36332,7029.6059974023165
36333,5443.294562652704
36334,6915.458077790789
36335,5742.495867350368
36336,11677.269950554135
36337,6631.970334740364
36338,5145.984340943044
36339,8184.525227355978
36340,8956.844425442316
36341,7808.528791534212
36342,6605.4695897155125
36343,8876.175109987234
36344,5472.624474786325
36345,5350.6
36346,7545.634134819075
36347,8681.805701780913
36348,6840.1396586545925
36349,6805.980908541961
36350,6302.8469994732295
36351,5521.1799071
36352,4698.639300581746
36353,6127.757795698924
36354,10073.663031746031
36355,8981.215695385405
36356,10974.57473869126
36357,11698.187506786007
36358,8346.90674879227
36359,7993.552402597403
36360,4932.115889362201
36361,10500.987428571429
36362,9851.795846736595
36363,8511.091354166667
36364,9262.466770833335
36365,8462.430448412699
36366,5629.099764705882
36367,3771.627111111111
36368,11424.262837301585
36369,4820.3138003003
36370,6980.495404761904
36371,7013.782647058824
36372,3416.833846153846
36373,12399.46875
36374,4742.4838003003
36375,4590.343800300299
36376,4433.856333333333
36377,5940.214432778932
36378,6671.969833333333
36379,9219.58
36380,6849.098417582418
36381,4873.255552503053
36382,6096.644045801526
36383,4126.315
36384,3609.7275
36385,7214.6071212121215
36386,17341.68
36387,5910.451395348837
36388,5833.012479306606
36389,6729.197047619048
36390,5133.211614173229
36391,6059.604285714287
36392,4963.671758166634
36393,4557.821614173228
36394,7476.67111111111
36395,7214.266344025221
36396,4545.681614173228
36397,8903.36756097561
36398,5736.838968253968
36399,4536.421969696969
36400,10290.176363636363
36401,8928.363536585366
36402,10448.723416666668
36403,5669.788968253968
36404,7762.181267605633
36405,4962.642083333333
36406,5139.0827311103585
36407,15985.047047619046
36408,7236.148461657588
36409,6829.472617501745
36410,5813.512535523299
36411,4442.999445599446
36412,5545.908481792717
36413,5714.088342541437
36414,11980.536669447218
36415,5725.143073770492
36416,6162.143684210526
36417,7185.438887687441
36418,4581.566
36419,7021.042425531915
36420,7496.348529411765
36421,9682.555333333334
36422,7429.889090909091
36423,4276.953707482993
36424,6072.985
36425,6797.7436261976245
36426,9935.198493966082
36427,8562.306666666665
36428,6784.834070642069
36429,5030.14691114918
36430,6816.237626197624
36431,5985.275540571431
36432,4812.728166666667
36433,7557.367977290276
36434,7267.703122807018
36435,6913.764096948759
36436,6049.170128131873
36437,6607.134611638362
36438,9050.54962962963
36439,5756.184269945898
36440,6544.833325402828
36441,7611.415990196078
36442,6494.902526000136
36443,11938.083341269843
36444,6843.923764957265
36445,5058.952041666666
36446,12042.14219461698
36447,7198.342282931121
36448,3563.2712367851445
36449,7785.490551948053
36450,11924.563333333335
36451,11169.318965517241
36452,5893.933918918919
36453,5953.268154817405
36454,6509.991829004329
36455,7577.287098560355
36456,6334.692943699995
36457,9463.851803234256
36458,3648.4282352941173
36459,7197.65549649442
36460,6921.0328444090665
36461,5915.351264367816
36462,5402.434625
36463,7347.468345810324
36464,8687.821547619047
36465,5723.69280952381
36466,9019.9825
36467,7303.913653703939
36468,8860.41088535599
36469,5898.718474576271
36470,7169.1773632533095
36471,6370.675
36472,8326.269381520224
36473,8500.894229511126
36474,6289.634058114007
36475,7738.62
36476,9766.441994463476
36477,7278.145158502202
36478,5349.316702176386
36479,4851.816
36480,8403.840171419544
36481,6960.1827094487835
36482,8463.681251900161
36483,7974.206606741572
36484,6041.5795610440255
36485,8650.500850392169
36486,6837.812688712455
36487,7629.168259018758
36488,8605.098884615383
36489,5719.262477090369
36490,8545.935134615384
36491,11081.691166666667
36492,7736.985145876052
36493,4792.885
36494,6723.044323725982
36495,4624.569766106442
36496,3307.8473158622423
36497,8561.702851602995
36498,6759.979490566038
36499,8880.101036630036
36500,5607.89520268725
36501,9131.146044368179
36502,7037.483076777786
36503,10956.328945617248
36504,4663.994479274441
36505,5743.9974907072
36506,6071.925804268661
36507,8523.377508593165
36508,6970.46731420274
36509,7855.765833333334
36510,7476.583330999067
36511,10223.582309406485
36512,7561.513592727627
36513,7027.006696374255
36514,5695.620206063929
36515,5182.472722061786
36516,5603.73571278826
36517,10440.261842960417
36518,9823.203698117592
36519,10070.03
36520,14902.17
36521,6238.664446870011
36522,6720.906442269413
36523,6496.3627494136035
36524,8220.782661563066
36525,8737.593514199974
36526,7306.136662391455
36527,7868.141891577625
36528,7949.706970025316
36529,7686.418722101971
36530,7196.6790854471155
36531,5911.948316978316
36532,5816.421194517481
36533,6154.234919303293
36534,4123.04358098013
36535,5645.319717017447
36536,8635.701703201425
36537,16991.74
36538,6187.791
36539,5139.33375
36540,7733.20351543428
36541,3859.3552
36542,6526.5752
36543,4352.84
36544,9282.056627660986
36545,6541.215200000001
36546,6271.619245310245
36547,13542.336727272728
36548,9772.0
36549,7463.213555555554
36550,7953.001205967088
36551,3828.650818181818
36552,5575.11504842006
36553,5684.2825
36554,5592.2484848484855
36555,4836.635184704558
36556,4699.418484848485
36557,5931.766032898087
36558,5787.135119047619
36559,8635.927661091418
36560,7234.132011287911
36561,3643.447416666667
36562,7184.090882444532
36563,8085.083127502581
36564,8273.33015873016
36565,5290.963459119496
36566,4807.79429245283
36567,8439.150742576161
36568,5468.310439024391
36569,9567.060700376669
36570,5034.870125786163
36571,6385.799625786163
36572,7603.440081785398
36573,6045.6165
36574,4088.0056190476193
36575,6572.424285714286
36576,7736.1340625
36577,9678.179818181818
36578,9784.441875
36579,6245.913334825483
36580,4262.159000000001
36581,5135.5779999999995
36582,8097.69
36583,4924.104516708438
36584,7330.1
36585,6257.69004424567
36586,13337.086696560753
36587,8319.173963743466
36588,6082.355943561911
36589,7696.69
36590,4468.74
36591,9471.241367504079
36592,6139.13
36593,15268.55
36594,6910.332568419154
36595,5779.943743250392
36596,5110.2932281746025
36597,4593.525307566615
36598,8031.513083333333
36599,10384.268464529112
36600,4325.4301025641025
36601,5014.41994047619
36602,10399.447622678628
36603,6771.1299783689565
36604,7327.233819493074
36605,8502.09256092529
36606,6009.054499999999
36607,8150.3335597672085
36608,5093.4905
36609,9952.2975
36610,6262.103131639194
36611,7568.344458738687
36612,7748.240454545454
36613,4306.2921428571435
36614,7858.601565656565
36615,5688.025368264411
36616,4218.209917200855
36617,8792.375152600755
36618,8777.029725376473
36619,4434.635
36620,7113.904326056475
36621,8178.640621212121
36622,5536.559818952468
36623,9335.695809572957
36624,6332.1091997522235
36625,9285.26306861619
36626,4658.326742063491
36627,5144.065942028985
36628,6379.079770890201
36629,4639.986
36630,7840.536341899498
36631,4683.82060515873
36632,5985.1278770970575
36633,4815.393030265937
36634,9258.787763396911
36635,6324.880758153774
36636,7461.65364495383
36637,7623.050923855108
36638,8033.434963444954
36639,6722.340465700965
36640,7685.883678185151
36641,7140.603933862435
36642,8897.8115681445
36643,8809.966622644954
36644,6804.8155443559735
36645,3546.277600732601
36646,5770.401666666667
36647,7377.1439986653595
36648,5234.911904761905
36649,6412.328318952467
36650,5710.299568952468
36651,6641.934497354498
36652,11070.86646153846
36653,6928.80642309642
36654,4579.173953156772
36655,11721.988602363039
36656,10259.643488052854
36657,5537.61186904762
36658,9862.953290538986
36659,10777.959285714287
36660,9695.91568006358
36661,5509.608279521112
36662,6953.269499476645
36663,6339.97965903019
36664,6248.048737420118
36665,7211.471322874272
36666,5691.530409280433
36667,6884.243181622167
36668,7817.772037221299
36669,7028.0765213467
36670,8065.9476522669
36671,5947.05759387041
36672,7063.177664030148
36673,5491.685100637073
36674,7828.091939388932
36675,7263.71534266997
36676,6477.791498648522
36677,7073.951698959256
36678,7207.638186720284
36679,9432.501199365368
36680,6093.279334397258
36681,5612.0523101484405
36682,6578.108117400955
36683,7146.760844310682
36684,7594.285860433027
36685,4547.61039173869
36686,4441.055903962155
36687,8103.100667839429
36688,6694.07
36689,6112.954640406497
36690,7936.748487019025
36691,7771.2948019221785
36692,7055.516043465469
36693,5966.053248009171
36694,4055.4691725023163
36695,7153.46576180531
36696,6848.430143025999
36697,6974.234810331796
36698,11188.153097497641
36699,9330.654367853555
36700,4779.663264237942
36701,9562.645591026225
36702,4156.334551158994
36703,3583.545063314804
36704,7651.706147238607
36705,11667.887177489176
36706,8266.509024984083
36707,7751.404452049937
36708,5374.551238685577
36709,7507.065023254524
36710,9559.846941889718
36711,6321.882856268545
36712,8268.807371736999
36713,6357.062471774414
36714,5088.973852039954
36715,5498.45306219001
36716,5442.4758363421015
36717,5703.244442715043
36718,4656.765603525148
36719,5077.431073888582
36720,4207.426243898259
36721,7423.377952325173
36722,7298.715583333334
36723,5898.310645873137
36724,6427.133026661726
36725,6861.218098641968
36726,5930.843839427079
36727,5585.622777777778
36728,9268.924236055831
36729,8953.071019601735
36730,8916.814522552348
36731,4294.0423409923405
36732,14219.907188897345
36733,6615.480237365311
36734,5177.117369047619
36735,10556.445
36736,8178.655242424242
36737,7783.946407989259
36738,6040.049011904763
36739,7430.623833333334
36740,9571.055
36741,14481.160575921873
36742,5163.49627106227
36743,5036.0625
36744,5333.534700937951
36745,7646.326502295372
36746,6337.4906211484595
36747,9354.373778746596
36748,9395.225333333334
36749,6068.96
36750,4646.7
36751,7277.751130952381
36752,9121.11627108833
36753,5162.55
36754,7366.549506488302
36755,4489.32
36756,8024.812552680032
36757,7854.149166666666
36758,8140.185309966869
36759,9175.271666666667
36760,6484.327582549409
36761,5878.9450988338795
36762,6863.785098833879
36763,7616.731167336557
36764,8104.921666666667
36765,7632.55746100621
36766,7774.344058285541
36767,7116.14
36768,4341.201064225511
36769,9788.773422689652
36770,4919.833333333334
36771,10690.2
36772,5553.46
36773,4520.51
36774,7297.337416666667
36775,6634.109309523808
36776,7575.183233558735
36777,7512.608323137188
36778,4160.9
36779,4661.36
36780,8107.643
36781,9731.375
36782,10237.96
36783,5121.5371428571425
36784,6273.345914750958
36785,7126.06548015873
36786,6194.62
36787,5929.739464285713
36788,10028.24
36789,8675.68
36790,12345.86
36791,4804.98
36792,6152.89
36793,8687.57
36794,9703.21
36795,5427.18
36796,10383.91
36797,7058.0
36798,5184.7
36799,6348.98
36800,5465.24
36801,5188.4
36802,6565.6
36803,5502.66
36804,5062.52
36805,8983.63
36806,7201.65
36807,21876.15
36808,6436.89
36809,5047.1
36810,8161.71
36811,9881.63
36812,6259.67
36813,7178.09
36814,5557.793333333332
36815,8922.37
36816,8551.89
36817,5838.127142857144
36818,6080.173333333332
36819,7272.71
36820,8768.42
36821,7337.12
36822,8604.74
36823,5886.85
36824,5239.98
36825,6105.94
36826,10085.21
36827,10228.46
36828,10622.16
36829,7762.31
36830,6019.28
36831,5934.34
36832,5175.94
36833,8324.74
36834,10619.36
36835,9400.73
36836,6979.03
36837,5838.76
36838,5328.8
36839,6173.84
36840,11976.26
36841,7100.51
36842,5347.34
36843,6305.39
36844,8295.66
36845,3564.69
36846,7287.66
36847,4771.59
36848,7267.16
36849,8048.99
36850,5718.21
36851,7645.98
36852,7125.17
36853,5281.02
36854,7016.36
36855,7499.92
36856,10802.23
36857,6002.92
36858,8891.65
36859,8373.34
36860,10444.88
36861,6537.0900975204895
36862,10420.79
36863,5573.0
36864,4681.62
36865,7007.82
36866,6151.170700386421
36867,7893.972459709084
36868,7521.896866477923
36869,5970.36
36870,7449.0
36871,7869.85
36872,9733.82
36873,4081.1835714285717
36874,14554.65
36875,5490.83
36876,6635.444642857142
36877,9721.311857142857
36878,7042.3
36879,7122.49
36880,6802.370973722037
36881,7338.674428387012
36882,5604.369947519775
36883,6145.403590683213
36884,8623.54888997236
36885,7955.95834555603
36886,8300.449203503204
36887,4894.16
36888,7193.16971205606
36889,7562.173543945583
36890,6534.53
36891,5598.98
36892,6745.430785535919
36893,6163.737895626848
36894,6785.732247078146
36895,7901.529420547046
36896,3954.157001787102
36897,7954.767991721783
36898,6749.37
36899,7117.901770322271
36900,9499.65
36901,4636.23696969697
36902,6741.319799674069
36903,6184.815213517149
36904,7741.92091329041
36905,10109.945713875206
36906,4978.17
36907,4352.43
36908,7686.564643137227
36909,6005.138712261941
36910,8453.29
36911,9173.956485232513
36912,7795.3692180006
36913,8055.775833333334
36914,5483.656284817246
36915,4755.261157866672
36916,7013.909235658809
36917,8848.03
36918,9179.858188311688
36919,8354.897922220525
36920,8458.572363001967
36921,6673.923080243435
36922,9017.6851084376
36923,7023.146604052959
36924,8816.298698764766
36925,9308.275302480439
36926,7303.025330348701
36927,10651.1875
36928,9048.362164643266
36929,8717.474748726554
36930,6500.853371633056
36931,7607.033333333333
36932,7937.439801374351
36933,7095.940675556203
36934,4819.45
36935,6106.853214285714
36936,8243.928333333333
36937,6781.22
36938,5595.126666666667
36939,8848.977
36940,7041.585
36941,6517.351536676288
36942,6308.430069424824
36943,6009.893183862434
36944,7989.205928571428
36945,7273.903249999999
36946,7773.645
36947,6019.987531863323
36948,5280.843809523811
36949,6871.633479687129
36950,3863.1054761904757
36951,6241.802772616273
36952,5611.521477541371
36953,9134.962916666665
36954,7755.270834686148
36955,6980.797717948717
36956,5865.619966719246
36957,7426.409629426129
36958,5533.6560331470755
36959,11431.92
36960,7320.1400111385865
36961,8420.462082272057
36962,8541.103939393939
36963,5331.465503105591
36964,6453.264756025497
36965,5817.852263941975
36966,7703.821666666667
36967,12388.87
36968,7175.795
36969,3495.0678070175436
36970,5940.09
36971,8632.15655613478
36972,9489.89925
36973,7374.488650793651
36974,8085.45393939394
36975,4940.762373854827
36976,6066.72
36977,3373.0188
36978,5032.3105263157895
36979,6434.392666359456
36980,7285.077320524198
36981,7008.055384615385
36982,7000.337777777778
36983,8205.278262392736
36984,9122.166332955305
36985,7847.863800431676
36986,6727.837098154287
36987,9848.581818181818
36988,12843.438
36989,6647.360280500517
36990,8466.012990591975
36991,5391.503736542638
36992,6690.348151336495
36993,4080.444031690532
36994,8291.594746783432
36995,5947.2083922029415
36996,9463.665
36997,7339.566923076923
36998,9184.816516022287
36999,8779.800833333335
37000,5644.86309825471
37001,9441.487384772092
37002,19521.2
37003,11191.780108024692
37004,6577.57
37005,3154.0824600006954
37006,6183.988846375945
37007,10782.41
37008,5821.013478686268
37009,11927.22
37010,19251.95
37011,3697.33
37012,5778.462221883692
37013,7989.036037037036
37014,6334.115959512356
37015,10470.83
37016,7125.103897058823
37017,7863.672444444445
37018,3612.57
37019,7951.691895650862
37020,6083.886788054523
37021,7733.880182539682
37022,6558.426788054523
37023,5767.646788054523
37024,5607.845454721191
37025,7345.817599055573
37026,6087.883782673087
37027,5340.120408669771
37028,7963.731484848485
37029,6266.389986320428
37030,6397.993146680284
37031,7864.691819314828
37032,6480.694116527929
37033,6126.958168437616
37034,8030.378423900199
37035,7605.1477674376165
37036,9089.83251308393
37037,8777.853323253543
37038,7253.488023809524
37039,5999.358333333334
37040,3894.0644537510652
37041,9012.252039427685
37042,7872.289618276998
37043,5807.248959617181
37044,5055.026552519118
37045,9849.32268292683
37046,7627.399419442876
37047,10055.797196248197
37048,7593.623333333333
37049,5847.908528138529
37050,5472.069478474786
37051,4937.63
37052,10004.15
37053,5196.892
37054,8252.98
37055,15293.296666666665
37056,7542.212742543951
37057,6670.025
37058,5201.262
37059,5354.839145141451
37060,7629.087272727273
37061,4690.611428571428
37062,5843.220833333333
37063,10603.317132270922
37064,5209.182322338027
37065,17393.5
37066,15790.87
37067,4825.200712819939
37068,7279.749106121175
37069,6773.890556998558
37070,6777.663780651486
37071,5359.9191666666675
37072,5629.7532269759195
37073,7706.607906976744
37074,9240.26166866158
37075,5645.405
37076,7669.227324696916
37077,4762.830516154737
37078,9809.8
37079,7002.995275397797
37080,6568.50125
37081,6561.760861134173
37082,5552.99
37083,8077.4121758987385
37084,9639.872635462376
37085,6032.028348267941
37086,10947.792291666665
37087,6848.472031936025
37088,9134.055479261768
37089,5726.951434065933
37090,6493.337906976743
37091,5582.882409971403
37092,10297.410294842697
37093,7082.298586660367
37094,7869.858363636365
37095,7296.424317074879
37096,8934.68770004099
37097,4999.871498208842
37098,8522.398584256023
37099,7264.939542124543
37100,3973.13
37101,16681.01
37102,18055.66
37103,9001.27
37104,7237.558213579594
37105,10197.78
37106,11709.07
37107,11627.1
37108,6299.691521739131
37109,8235.912857142857
37110,6328.233592625088
37111,8421.061516339869
37112,4047.802727272727
37113,6317.270154379484
37114,5848.50593788124
37115,6087.463333333334
37116,8168.24
37117,5504.7903333333325
37118,5325.154
37119,6793.370276900112
37120,4384.328571428571
37121,4686.320625
37122,6322.967268007517
37123,8378.457692307693
37124,9371.201084749462
37125,9376.861084749462
37126,8816.16475
37127,6210.207200251906
37128,6733.734760866551
37129,11189.706856803326
37130,9024.360152447553
37131,6076.844772727273
37132,6784.260574821033
37133,9209.315473607936
37134,4571.905625060718
37135,7035.14704468456
37136,4046.384139461774
37137,6189.062974637681
37138,8424.860468021116
37139,7330.030625
37140,8523.95225538097
37141,9111.165587624866
37142,9093.021160795599
37143,12156.389523809525
37144,5964.228555541976
37145,10297.345
37146,3494.1
37147,5737.150671206843
37148,6596.989785714286
37149,4417.01
37150,8676.494454933954
37151,5628.611329700076
37152,5179.323443895047
37153,9039.855245670997
37154,12813.223748737373
37155,8644.287370370372
37156,5479.452589129243
37157,5532.720362182583
37158,13327.09491682968
37159,8344.788119961024
37160,6829.2287809170075
37161,7806.583457429656
37162,7463.434150793652
37163,10667.234784946237
37164,5642.014438037786
37165,6655.969989367565
37166,7793.585097473548
37167,9385.648235294118
37168,14556.224166666667
37169,6187.072919768478
37170,14031.17
37171,8084.858604651164
37172,5531.419881210209
37173,3587.542292730868
37174,6548.558685064936
37175,7458.99169512195
37176,5857.119680457502
37177,7284.658354158774
37178,7105.523298364159
37179,4726.246825396825
37180,7336.2827636983675
37181,3606.9784821428575
37182,8386.967889557489
37183,7236.95712932775
37184,8784.34562149222
37185,8355.180903775046
37186,5516.949693355708
37187,9566.375311135354
37188,6968.897213877412
37189,5638.067633265418
37190,6791.059808766287
37191,7002.085724789917
37192,11679.293450554134
37193,6393.9886444669055
37194,5228.222193650794
37195,8910.571025000001
37196,9029.469500200732
37197,7743.87437515892
37198,7162.387404953381
37199,9188.106175744022
37200,5685.490248290598
37201,5512.16
37202,7204.881291681821
37203,8556.131788614724
37204,6689.768655389742
37205,6634.57721663242
37206,6118.112999473229
37207,5115.244907099998
37208,4599.729684229144
37209,5429.5219565217385
37210,10163.325317460318
37211,8871.029518336509
37212,11149.50973869126
37213,12320.53411861862
37214,8394.214915458937
37215,6965.2461111111115
37216,5042.119540155852
37217,10612.456666666665
37218,9776.802930069929
37219,8412.1934375
37220,8939.847008928571
37221,9142.913524509804
37222,5868.836764705882
37223,3730.687111111111
37224,11481.757837301586
37225,4594.206522522522
37226,6946.208333333334
37227,7094.9334803921565
37228,3471.985
37229,12896.40875
37230,4519.106522522523
37231,4392.326522522522
37232,4540.651
37233,6137.1860994456
37234,6983.753166666667
37235,9429.82
37236,6727.966235042735
37237,4828.510512820512
37238,6055.394045801526
37239,5413.68
37240,3546.7975
37241,7403.916168831169
37242,17724.59
37243,5691.141395348836
37244,5799.798336449463
37245,7825.58532051282
37246,5060.031614173228
37247,6739.334285714286
37248,4852.403919782796
37249,4880.606614173228
37250,7764.515555555555
37251,7001.996336449464
37252,4959.411614173228
37253,9346.452777777778
37254,6654.018968253968
37255,4626.798969696971
37256,9661.854944444445
37257,9438.667429824562
37258,10172.103416666667
37259,6527.588968253968
37260,7822.644839034205
37261,4906.564583333333
37262,5302.434897777025
37263,18238.28
37264,6885.393078873704
37265,6526.774328873705
37266,6394.169833333334
37267,4506.001445599446
37268,5977.438809523809
37269,4443.498342541437
37270,10024.779288979536
37271,5597.103073770492
37272,5981.589684210526
37273,7023.533938114792
37274,5219.935
37275,7119.517425531915
37276,7288.846029411765
37277,9012.032476190476
37278,7203.344924242424
37279,4617.955
37280,6153.965
37281,6712.747093291642
37282,10384.4491130137
37283,8942.094952380952
37284,6699.837537736087
37285,5179.041468688863
37286,6733.911093291641
37287,6595.777072428448
37288,4774.214
37289,7690.991968603932
37290,7308.160438596491
37291,7159.761588429505
37292,6108.267827561294
37293,7109.475935897437
37294,9171.50301058201
37295,5698.154103279233
37296,6581.005111482183
37297,7632.453418653948
37298,6523.83596095272
37299,11860.827404761903
37300,6817.743407814409
37301,5441.524375
37302,12115.983607315391
37303,6965.600326923077
37304,4079.004424763833
37305,8084.521649350649
37306,12406.402222222225
37307,11325.95674329502
37308,5992.7909189189195
37309,5983.63455846931
37310,6680.373829004328
37311,7633.633348560355
37312,6370.698253223805
37313,9389.649260360464
37314,3578.0266968325786
37315,7054.294852237085
37316,6771.598937164719
37317,6575.160658307211
37318,5115.178958333333
37319,7450.059542451847
37320,9154.15988095238
37321,5806.158428571429
37322,9390.17061904762
37323,7398.777773890391
37324,8823.033241098288
37325,5620.420474576272
37326,7633.042484828725
37327,6413.0205614035085
37328,7677.13415218942
37329,9365.621409552277
37330,4159.8792333665315
37331,8178.33
37332,9718.822835988616
37333,7545.755836614495
37334,4958.547188495258
37335,4802.806
37336,8415.690661716524
37337,7012.915280293789
37338,8627.732169191604
37339,7666.734385003144
37340,6151.359575860443
37341,8306.957566745663
37342,6789.212862625498
37343,7326.088111594904
37344,8585.985741758243
37345,5864.441986636379
37346,8550.226158424908
37347,11505.388166666666
37348,7903.657994360901
37349,4732.692
37350,6950.109530075188
37351,5210.285647058823
37352,3457.3169706241465
37353,9456.16520513835
37354,6519.874490566037
37355,9122.73543837535
37356,5489.826988401536
37357,8981.097266590403
37358,7084.413233927471
37359,13243.963142857141
37360,4798.113574512536
37361,6122.8968323700665
37362,6080.249038501748
37363,8504.205888934892
37364,7118.490238445163
37365,8043.268023809525
37366,7363.706747665734
37367,10656.571021229121
37368,7577.3810938931265
37369,6973.750223791282
37370,5180.649077855586
37371,5420.703620871309
37372,5067.862988648365
37373,11109.804410420735
37374,10416.646185297079
37375,8664.74
37376,15589.16
37377,6428.774835167196
37378,7170.904047311429
37379,6685.912352588206
37380,8466.918116023637
37381,8964.058968660545
37382,7403.402265952567
37383,7783.950195424921
37384,8038.9089607413
37385,8027.005289395789
37386,6953.502029156184
37387,5842.0938920698945
37388,5987.139357180929
37389,6117.278252636626
37390,4355.237676767676
37391,5854.656631913661
37392,8901.155811709279
37393,17402.14
37394,6127.521
37395,5327.78375
37396,8349.198503332513
37397,3855.3552
37398,6419.8352
37399,4349.2675
37400,9126.318679248285
37401,6428.5352
37402,6198.970337928153
37403,13679.622214285715
37404,10773.58
37405,6966.758222222223
37406,7726.231521699602
37407,3625.016818181818
37408,5846.60088056846
37409,5796.8725
37410,5468.131818181819
37411,5301.286089466464
37412,4616.231818181818
37413,6160.883682301317
37414,6070.759285714286
37415,9260.023926964435
37416,7071.005439803839
37417,3430.832000000001
37418,7276.65812053977
37419,8481.87628945174
37420,8477.656587301586
37421,4973.878459119497
37422,5330.89679245283
37423,8601.845128643858
37424,5603.29643902439
37425,9889.82509814117
37426,4774.977506738544
37427,5655.797292452829
37428,7033.520892619743
37429,6791.889
37430,4010.7444523809518
37431,6980.281785714285
37432,8269.3655
37433,10194.024818181819
37434,11196.849090909092
37435,5987.719477682625
37436,4100.091333333333
37437,5558.848000000001
37438,7929.68
37439,4916.892572263993
37440,7392.675714285713
37441,6369.119717293625
37442,13398.83372459204
37443,8330.244607759656
37444,6125.601405069689
37445,8053.66
37446,4698.76
37447,9727.246536704515
37448,6316.77
37449,15598.81
37450,7130.600400562012
37451,6071.71123134563
37452,5600.966339285714
37453,4331.522775635295
37454,8595.657952380952
37455,10516.333226433875
37456,5387.611618686868
37457,5305.132284610814
37458,10413.231431777192
37459,7258.908978368955
37460,7413.873867354186
37461,8402.588977591957
37462,6449.0233333333335
37463,8247.061797862445
37464,5046.99
37465,9540.461666666668
37466,6195.68282420394
37467,7506.0601078614945
37468,8075.335454545454
37469,4788.2236446886445
37470,8378.975454545454
37471,5767.571558740602
37472,4295.025887896825
37473,8791.557315092972
37474,8761.635691217622
37475,4725.601906204906
37476,7186.0943260564745
37477,7363.373343434344
37478,5411.232818952468
37479,8903.086226239624
37480,6038.082273012296
37481,9269.479436626614
37482,4704.2461111111115
37483,5244.401803500847
37484,7690.984822381508
37485,4219.655047619047
37486,7860.151095875263
37487,5046.317777777777
37488,6298.392722335152
37489,4877.435880725419
37490,9455.434430063578
37491,6578.330600145118
37492,7517.770242229522
37493,7389.351250360752
37494,8311.218865675797
37495,6499.773556610056
37496,7724.457112682696
37497,7542.231507936509
37498,9653.833181818181
37499,8958.03069319442
37500,6808.987265656215
37501,3480.8076007326013
37502,6098.091333333333
37503,7469.773004749396
37504,6108.046666666667
37505,6414.647346730245
37506,5915.631215777865
37507,6798.189497354498
37508,11379.762747252746
37509,6810.614784165603
37510,4821.301586910273
37511,12018.724957008391
37512,10372.420125108845
37513,5468.963119047619
37514,9776.550809853004
37515,9530.579285714286
37516,8756.688834825483
37517,5712.9629991732245
37518,7094.554504015886
37519,6434.014167043008
37520,6336.081781842824
37521,7311.315127919448
37522,5782.851584666694
37523,7140.738157930493
37524,7816.362913692781
37525,7036.264442178642
37526,8484.177632842684
37527,6024.442937157242
37528,7072.890319710576
37529,4907.243277899566
37530,7830.511642457758
37531,7684.588789152484
37532,6051.238165625561
37533,7156.316621463679
37534,7379.628011768446
37535,9383.193366307525
37536,6168.389595288868
37537,5768.430913429294
37538,6485.511420473114
37539,7287.071017682132
37540,7679.564394235059
37541,4566.460114341552
37542,4543.524276109434
37543,9108.643977628764
37544,6829.67
37545,6191.217932642796
37546,8065.535445494262
37547,7872.981944380099
37548,8034.863820631514
37549,5879.492950865027
37550,4185.262190432135
37551,7174.168072434609
37552,6955.997873560494
37553,7167.725720479743
37554,10748.705191229361
37555,9979.419753635253
37556,4906.809479239507
37557,9222.20409028762
37558,4264.720019791936
37559,3653.8170766665294
37560,7741.634504757509
37561,12524.112942460319
37562,7950.304903370355
37563,8174.288138967918
37564,5696.929712671215
37565,7433.9712202049695
37566,10026.596944945486
37567,6749.061098646238
37568,8041.5717432664815
37569,6757.659926851226
37570,4828.0330502965135
37571,5797.5824811110515
37572,5627.17420526045
37573,6476.5727995292455
37574,4997.971466505731
37575,5305.797764364775
37576,4376.861398234715
37577,7500.590354954906
37578,7767.267199275363
37579,6430.941111990863
37580,6202.3910933531615
37581,6786.289667269419
37582,6068.098673380283
37583,5540.1227777777785
37584,9301.924768014069
37585,9158.700342843751
37586,8884.693073627615
37587,4526.282799145299
37588,14466.837838174708
37589,6426.000956189498
37590,5421.33736904762
37591,11326.090714285714
37592,8969.279411255411
37593,8044.207177380251
37594,6059.746904761905
37595,7521.27011904762
37596,10235.4825
37597,14827.199763969533
37598,5381.659166666666
37599,5307.2725
37600,4959.63763095238
37601,7456.464130387969
37602,5881.918333333334
37603,9323.738769024942
37604,9339.52
37605,6331.330194444445
37606,4515.56
37607,7006.406464285715
37608,9023.294253483255
37609,5207.85
37610,7079.6836368350805
37611,4469.256666666667
37612,7686.066324564018
37613,8183.518571428572
37614,8083.848307489556
37615,10617.689166666665
37616,6647.738406961172
37617,5429.459500754492
37618,6250.109500754492
37619,7903.811135850128
37620,8128.774
37621,7880.270683895841
37622,7024.965690364882
37623,6808.5428571428565
37624,4443.435461634329
37625,9960.335289104529
37626,4921.87
37627,11248.39
37628,5454.188333333333
37629,4592.1883333333335
37630,7715.810333333333
37631,6576.205642857143
37632,7917.61200948016
37633,7931.764821723474
37634,3916.22
37635,4982.67
37636,8639.823
37637,9959.5725
37638,10376.008333333333
37639,5838.17
37640,6531.362869879162
37641,7378.695916666666
37642,6114.025
37643,5756.927532467533
37644,10059.26
37645,8770.37
37646,12214.42
37647,5000.51
37648,6258.19
37649,8606.64
37650,8692.32
37651,5921.04
37652,10038.26
37653,7441.78
37654,5410.34
37655,5671.56
37656,5241.02
37657,5273.66
37658,7006.76
37659,5843.86
37660,5439.66
37661,9401.87
37662,6735.07
37663,21641.15
37664,6389.96
37665,6121.737297297297
37666,9039.44
37667,12571.65
37668,7067.525
37669,8389.32
37670,6226.156
37671,9163.23
37672,9312.82
37673,7246.666196973673
37674,6641.05
37675,7935.303284334212
37676,9451.39
37677,8561.58
37678,7970.5061969736735
37679,7749.779801324504
37680,5298.78
37681,7127.076613640339
37682,10653.01
37683,12340.232987012987
37684,12967.07
37685,9262.578397970576
37686,7450.8
37687,7072.338397970576
37688,5913.7
37689,9382.91
37690,11532.188034334213
37691,9638.41
37692,7569.664750296343
37693,6867.8
37694,6575.68
37695,8726.487367667547
37696,12180.69
37697,8568.212585155929
37698,5903.125180560525
37699,6846.150912698414
37700,8756.25
37701,4021.7
37702,8443.901065754977
37703,5422.697223886051
37704,6622.59
37705,8274.266399088312
37706,6310.27
37707,8514.228899088312
37708,7440.68
37709,5800.21
37710,7968.61
37711,8083.896601638969
37712,11555.82528273611
37713,7027.970449004853
37714,9899.31
37715,8060.93
37716,11044.087268305635
37717,7992.725554019922
37718,11589.01
37719,6474.06
37720,5647.74
37721,8000.71
37722,6836.484183966933
37723,8975.985072855823
37724,8676.924834760583
37725,6934.83
37726,8637.448143558515
37727,7127.95
37728,10495.01
37729,4555.54
37730,15979.69
37731,5940.57
37732,6812.16
37733,11274.47
37734,7746.727553621999
37735,8089.431982193426
37736,7381.67
37737,9128.8918506336
37738,6604.903913191955
37739,6936.108177602688
37740,8428.323191177562
37741,7969.075643350688
37742,9828.185
37743,5609.36
37744,8237.68
37745,9124.04454811259
37746,8048.29
37747,6073.23
37748,7772.2936484011925
37749,6314.58
37750,7646.338030255449
37751,8550.547360398989
37752,5050.5
37753,9009.116894102795
37754,8006.263333333333
37755,8345.867393558514
37756,9252.819343434343
37757,5181.4
37758,7738.572949114072
37759,7321.3992782521345
37760,8741.941894102794
37761,10362.38
37762,5781.400791920277
37763,5638.870649063134
37764,8017.674620293271
37765,6579.419976418776
37766,9005.379343434342
37767,9414.78
37768,6936.41
37769,8998.19196248196
37770,6951.918217285228
37771,5023.78
37772,8394.99776419006
37773,8774.57101010101
37774,10284.63
37775,9389.954251808107
37776,9626.311383536262
37777,8392.452407047203
37778,9831.25748863276
37779,7486.95
37780,10367.471739130435
37781,9859.669350516657
37782,8821.862890756478
37783,11396.7
37784,8986.02355381336
37785,8935.028482026319
37786,7690.220829904683
37787,8477.456666666667
37788,9018.93049883869
37789,7800.291666666668
37790,4969.43
37791,6478.091071428572
37792,9692.71
37793,8938.712950280287
37794,6100.773333333333
37795,10925.39
37796,7523.25
37797,6039.03
37798,6838.578001267173
37799,6845.53
37800,9821.977559523808
37801,8557.3486088118
37802,8552.42
37803,7027.624465096967
37804,6459.03
37805,7909.853066107066
37806,4596.42
37807,8376.870892857141
37808,6944.1513816666065
37809,9654.030572864298
37810,8400.16
37811,7311.53
37812,7495.972538096073
37813,7252.15
37814,6229.538192857975
37815,13001.89
37816,7941.681591970122
37817,8705.456445238928
37818,9882.09
37819,5867.4429610316865
37820,7342.8364639170895
37821,6087.09
37822,9091.3
37823,14134.42
37824,8306.11
37825,4597.225840152567
37826,5798.32
37827,10077.246203087803
37828,10140.429221104945
37829,9126.749521907395
37830,8822.355905657345
37831,5578.294238990678
37832,6556.87
37833,3950.18
37834,6152.71
37835,7160.305179410894
37836,7487.5146266505835
37837,8666.925833333333
37838,7268.955555555555
37839,8716.981791120199
37840,9456.658438596174
37841,8539.05673026284
37842,6668.699758263878
37843,11165.34
37844,13628.057095305307
37845,7821.157732142858
37846,10220.625833333332
37847,6182.489908608952
37848,7553.941813370857
37849,5248.032114429862
37850,9028.12998809524
37851,6310.859806737556
37852,10624.295
37853,8451.64372815643
37854,9886.97815808067
37855,9776.535
37856,6704.301324747336
37857,10222.606070010328
37858,21722.28
37859,11935.090744260651
37860,7919.7
37861,4751.194736676993
37862,7303.652567991171
37863,13514.11
37864,6059.443763461722
37865,11884.21
37866,19845.77
37867,4136.56
37868,6432.463904669942
37869,8737.010870920098
37870,6083.874954987607
37871,12600.94
37872,8322.848745614036
37873,9392.161666666667
37874,3606.79
37875,7967.846799031305
37876,7600.882890910979
37877,9140.961666666666
37878,8528.4901131332
37879,6827.0304702760595
37880,6894.448446466535
37881,8132.54652014652
37882,7277.135312303122
37883,5623.963248223999
37884,8725.075339388804
37885,7369.597278265563
37886,7389.80894493223
37887,9628.490385177276
37888,7768.368813148337
37889,6673.984512948989
37890,9061.884154537654
37891,8851.741598982098
37892,8903.613056848066
37893,7454.964506808237
37894,8670.759444444446
37895,6392.855833333332
37896,4912.716569308238
37897,8273.15051956152
37898,9190.075393893645
37899,6593.462522594332
37900,5199.111103138692
37901,11476.158859516214
37902,8499.809994756562
37903,10153.2
37904,8695.246666666668
37905,7180.9947687862905
37906,6480.511177138114
37907,5081.433333333333
37908,11478.559659667859
37909,9323.708875021122
37910,8662.13
37911,17144.88
37912,8205.342060761446
37913,7307.94
37914,6297.712967373218
37915,5699.927753535354
37916,7882.300155274552
37917,5375.01
37918,7074.759666666667
37919,11487.250416666668
37920,5937.133547505093
37921,17993.32
37922,17812.03
37923,5622.811012873059
37924,8467.830583333334
37925,7362.963828431372
37926,7811.399583333334
37927,6736.65
37928,7685.013388053435
37929,8373.320101371086
37930,10778.974166666665
37931,5760.79
37932,8236.41591269841
37933,5558.628390688292
37934,9803.53
37935,7863.157215206243
37936,6848.23
37937,7225.202907534652
37938,5937.21
37939,9096.203480045475
37940,10892.175
37941,6453.09899483624
37942,12714.31
37943,7092.973579251823
37944,10549.500974975283
37945,6149.38
37946,8863.396097429893
37947,6885.940062837681
37948,11897.046483885446
37949,7715.668340513303
37950,8062.007321873793
37951,8555.07402359411
37952,10195.290138077746
37953,5700.77109921736
37954,10406.846428571429
37955,8486.43
37956,5073.672671839023
37957,17780.01
37958,18336.62
37959,8174.273755108995
37960,8269.16263096339
37961,11022.238382119354
37962,12764.85
37963,12485.31
37964,8398.36
37965,9071.177416666667
37966,7117.00907296572
37967,8880.695397203011
37968,4857.874
37969,7844.815317073171
37970,6488.807724251374
37971,6400.52
37972,8788.840555555555
37973,5982.398983739838
37974,5676.113999999999
37975,7546.025367351886
37976,4245.38
37977,5650.920136819058
37978,7139.3028099925805
37979,7807.2798303041445
37980,9630.031102911931
37981,9659.726769578598
37982,8992.59342818428
37983,6617.79074637968
37984,7216.393378732622
37985,12619.87931707317
37986,9588.73231707317
37987,6943.803333333332
37988,7052.124198760633
37989,8905.060553500996
37990,5184.618983739837
37991,7560.535812559337
37992,5020.110223623762
37993,6583.6225
37994,9113.615498891351
37995,6741.504943578778
37996,8147.0191680682055
37997,9559.087403091247
37998,9963.470180869026
37999,12814.48
38000,7221.27981707317
38001,10121.43
38002,3759.96
38003,6677.138790091459
38004,7131.249277465196
38005,5748.484836082059
38006,9558.21
38007,6792.048928571428
38008,5952.25231707317
38009,10852.2587456446
38010,13916.264624765477
38011,9363.070040922774
38012,5850.082619047618
38013,6672.5989837398365
38014,11976.99325457317
38015,8099.585585345072
38016,8469.133254573171
38017,7204.9402102321255
38018,8198.74320758944
38019,12075.16
38020,5695.791808920597
38021,7266.82
38022,8783.992140568376
38023,10151.82731707317
38024,16716.006507936505
38025,6921.701848654867
38026,15746.682222222222
38027,7900.864406076218
38028,6914.158137520356
38029,4361.11
38030,7753.4
38031,7629.549230030042
38032,6508.482575615593
38033,7307.567722222223
38034,7432.059159473694
38035,5670.14
38036,8119.794561987444
38037,4402.102222222223
38038,8849.08
38039,8281.907895320775
38040,9375.652666666667
38041,9836.699891122478
38042,6348.253736681164
38043,10955.917121212122
38044,7480.72
38045,6399.2618864660335
38046,7488.810427606304
38047,7245.561537878788
38048,12859.68
38049,7462.431287981184
38050,5879.76
38051,9248.22
38052,9222.261861948897
38053,8424.421540520323
38054,7952.565
38055,9979.513403820816
38056,6170.84
38057,5842.18
38058,7356.222128598901
38059,9384.862679184058
38060,7905.769974527886
38061,7661.711934343434
38062,8542.593997827747
38063,6722.346137435898
38064,4803.285371212121
38065,6097.371727065779
38066,10066.854755281345
38067,10118.79412121212
38068,11985.080906666666
38069,13627.685789473686
38070,9178.454906666666
38071,7416.614333333334
38072,5587.1793333333335
38073,11793.475
38074,11138.690980233603
38075,7554.560023549783
38076,10308.93
38077,11521.745742138366
38078,6167.52
38079,4771.68
38080,12190.3
38081,6832.267851111112
38082,8678.9
38083,7708.26
38084,4160.418785454546
38085,13502.662857142857
38086,7010.997493968254
38087,6651.458743968255
38088,5243.606
38089,6969.621005873016
38090,8435.0895
38091,10950.19
38092,7281.759785454546
38093,6191.810823333333
38094,6751.405499740259
38095,5462.18
38096,3884.08
38097,8943.519835238096
38098,18133.73
38099,6535.09
38100,6308.825624615385
38101,8772.8045
38102,5962.26
38103,7510.91174
38104,5389.785624615385
38105,5668.54
38106,9148.13662095238
38107,7527.574672234433
38108,5505.45
38109,10119.754168571428
38110,7683.12
38111,5602.79
38112,10457.110448333333
38113,10949.060234047616
38114,11849.89
38115,7499.34
38116,8797.78
38117,5925.73242128655
38118,6318.698402393161
38119,17294.68
38120,7411.981735726496
38121,6867.901735726495
38122,7046.82
38123,5048.164791282051
38124,6582.14
38125,5566.45
38126,11505.9875
38127,6350.22
38128,6899.50155635938
38129,8218.961705817765
38130,6088.208361074786
38131,7911.46
38132,9272.085
38133,8729.578088525208
38134,8365.694376403995
38135,5375.224
38136,6495.17
38137,8117.704255653528
38138,11299.779580373035
38139,10343.46
38140,7767.689369560455
38141,6176.669663344407
38142,7802.709369560454
38143,7455.39483007531
38144,5080.6658333333335
38145,8680.38817817874
38146,8286.35
38147,7657.0640630996495
38148,7261.096783354606
38149,7948.084
38150,8498.820312003245
38151,7112.883429167513
38152,7504.517607453853
38153,8406.778275206709
38154,7923.345443483608
38155,10815.212088841174
38156,9286.695639384197
38157,6355.448397885741
38158,13637.093436864263
38159,7449.402222222221
38160,4907.801679104477
38161,9835.473707070707
38162,8023.578647414676
38163,13434.332874999998
38164,5765.342238095237
38165,6584.2175
38166,7198.400478743478
38167,8501.172374889718
38168,7267.863853378304
38169,10066.112770804444
38170,4572.922436888361
38171,7829.129877364551
38172,7574.580670654594
38173,7128.087714666139
38174,5963.092083333334
38175,8034.791722602647
38176,10127.21318688836
38177,6086.9484999999995
38178,10749.643999999998
38179,8283.833686888362
38180,10160.739732142856
38181,8156.617232142857
38182,8352.422956349206
38183,6529.586666666667
38184,8840.203747294372
38185,9947.593277777776
38186,4962.805
38187,8418.16
38188,9025.004732142857
38189,8788.99306547619
38190,6014.135833333333
38191,5295.77
38192,9634.213324420676
38193,8135.624
38194,9776.78559714795
38195,8781.147794117647
38196,7272.80875
38197,9243.520359052713
38198,8612.17
38199,9214.058889355741
38200,9107.910545454546
38201,6614.747137254902
38202,9368.030545454545
38203,12435.888
38204,9384.84
38205,5890.42
38206,10332.75
38207,5307.72
38208,4377.796666666666
38209,10402.76
38210,9105.44
38211,10794.80375
38212,6936.05
38213,8111.23
38214,7427.6538285573115
38215,13575.636111111111
38216,5379.77
38217,6989.12
38218,7193.544
38219,10006.72534848485
38220,8119.8
38221,8093.67964102564
38222,7892.00689010989
38223,11442.408166666666
38224,8206.260666666667
38225,7944.505
38226,6398.535
38227,5962.48
38228,5910.695
38229,12777.39
38230,10999.501071428573
38231,9578.12
38232,15925.68
38233,7728.636031746032
38234,8219.14
38235,7937.427380952381
38236,9630.693571428572
38237,9983.043571428572
38238,8135.128571428571
38239,9489.320571428572
38240,9843.536571428573
38241,8591.29330952381
38242,7854.245
38243,6979.22
38244,7780.898273809523
38245,6766.78
38246,4640.81347826087
38247,6677.8925
38248,10172.395
38249,19024.21
38250,7844.12
38251,6034.39
38252,9681.51702255639
38253,4676.65
38254,6576.1
38255,4630.51
38256,10018.255666666666
38257,6725.63
38258,7542.086666666666
38259,15156.05875
38260,11444.29
38261,8586.195
38262,7445.694202584854
38263,4192.46
38264,6229.799592555995
38265,6429.678333333332
38266,7308.47
38267,5953.49
38268,4590.09
38269,7453.6468685300215
38270,6435.91
38271,10146.317857142856
38272,7570.716744186047
38273,3951.7073333333333
38274,8205.686744186047
38275,10214.233333333332
38276,9413.83
38277,6702.45
38278,5882.04
38279,9999.531153275946
38280,5178.31
38281,11600.946769431299
38282,5695.56
38283,6030.49
38284,7634.9436674304425
38285,6718.030833333334
38286,5493.36
38287,6910.360833333334
38288,7698.415000000001
38289,10973.35
38290,11902.95
38291,7077.565077519381
38292,4973.51
38293,6147.27
38294,10121.76
38295,6344.030333333334
38296,7879.595333333334
38297,7402.970562140916
38298,11814.966365147264
38299,9210.126479956869
38300,7046.520590646209
38301,9309.92
38302,5123.61
38303,10240.109991746333
38304,7245.771666666667
38305,17080.07
38306,7335.602666666668
38307,6904.182166666666
38308,6429.92
38309,5187.403441122944
38310,8904.208571428571
38311,12811.462499999998
38312,5265.34
38313,5579.54
38314,12297.46531574622
38315,8392.232222222223
38316,8456.194474111764
38317,8925.184126984126
38318,7509.9725
38319,7724.459166666667
38320,6080.55
38321,11520.57
38322,7331.608
38323,8696.82
38324,8215.74803030303
38325,5492.4575
38326,8162.210530303029
38327,6975.386268398268
38328,4798.34288095238
38329,10396.78053970565
38330,10372.929890702786
38331,5445.4975
38332,8167.887976190478
38333,7858.3265
38334,5811.5
38335,9428.953977272728
38336,6380.0519772727275
38337,9878.425221144058
38338,5064.83
38339,6684.912727272727
38340,7741.594943087763
38341,6970.6
38342,8721.607201132243
38343,5578.12
38344,6844.52
38345,5741.955
38346,8346.281704545454
38347,6914.566000000001
38348,8398.00797653666
38349,8569.115454545454
38350,9219.285454545454
38351,6588.746000000001
38352,9475.00944674518
38353,7248.7208231292525
38354,10975.636085271319
38355,10003.178250816136
38356,7693.8058176058985
38357,3801.1257142857144
38358,6583.4857518797
38359,8683.102884867483
38360,5145.613728070175
38361,9737.165454545455
38362,7123.878327352473
38363,8984.01599206349
38364,13744.2925
38365,8183.9312109916555
38366,5205.55380952381
38367,12486.50962179487
38368,11180.34919047619
38369,6410.74
38370,12068.2845
38371,11237.64
38372,7997.091401515151
38373,6212.02835060691
38374,8818.117541776555
38375,7690.992683582378
38376,6361.154401142619
38377,8081.213128571429
38378,5869.16690534796
38379,8102.456366666666
38380,8531.193184848486
38381,9045.44140587739
38382,10022.225345768024
38383,7051.119416666666
38384,8452.718813718786
38385,5095.967409090909
38386,8426.846676213137
38387,8354.644089285715
38388,6473.7810173992675
38389,8380.060383976095
38390,8137.238961904762
38391,11265.650329615844
38392,7023.351366666666
38393,6229.109494857743
38394,7386.245062026862
38395,7664.737458852257
38396,9061.294866666667
38397,4838.861005050505
38398,5292.243155510859
38399,9212.418086887305
38400,6881.35
38401,6900.169387076837
38402,9188.848682567432
38403,8049.007551615051
38404,8837.259489383407
38405,6562.834846153846
38406,5087.09
38407,8038.2769555444565
38408,8267.867720890219
38409,9600.433068181817
38410,11887.1075
38411,10748.399620929993
38412,6360.49
38413,9920.190039442039
38414,4781.82100877193
38415,4479.96
38416,8971.620727300475
38417,13600.11
38418,8349.493765801722
38419,9438.174
38420,6665.3966666666665
38421,8665.0
38422,11337.12
38423,7963.7564999999995
38424,8721.768596153845
38425,7062.89
38426,5929.425606060606
38427,6351.817595238095
38428,6045.361523809525
38429,6796.136444444444
38430,5772.03888888889
38431,6310.763846153846
38432,4765.3625
38433,8289.926805285002
38434,9553.344285714285
38435,7020.340512820512
38436,8007.2
38437,8278.753762820512
38438,6689.49638429152
38439,5800.5
38440,9361.44051282051
38441,11259.9533016983
38442,8017.8375
38443,5559.27
38444,18074.16589285714
38445,6844.524166666667
38446,7230.469499999999
38447,10979.036666666665
38448,10118.78
38449,9454.356833333333
38450,6862.42
38451,9115.19
38452,11848.1
38453,15509.809976190478
38454,6712.1960714285715
38455,7514.5875
38456,6068.953333333334
38457,9074.185671966556
38458,6455.34
38459,11318.949055130344
38460,10823.11
38461,8130.47
38462,4840.697
38463,7823.015
38464,10448.237053754357
38465,6214.4325
38466,8642.267857142857
38467,4454.52
38468,8646.070357142857
38469,9665.06
38470,9063.132579395384
38471,12266.64
38472,7859.190136613018
38473,6281.055
38474,6759.638333333332
38475,9756.559579538727
38476,9642.51
38477,8733.776261767416
38478,7763.6883333333335
38479,7755.61
38480,4974.973393939394
38481,11695.305762626262
38482,5440.72
38483,12757.9825
38484,6188.008333333332
38485,5301.598333333332
38486,7968.344
38487,7084.49388888889
38488,8925.686926545677
38489,8800.909652736154
38490,4776.86
38491,5531.302961538462
38492,9341.626666666667
38493,11692.715778787637
38494,11242.018367909868
38495,6110.564
38496,7484.560162464984
38497,8802.49988095238
38498,7595.46
38499,6399.4252709235225
38500,11935.7
38501,9898.87
38502,13061.71
38503,8166.93
38504,7433.11
38505,8894.81
38506,9871.9
38507,6694.04396491228
38508,12069.16
38509,8209.293175438597
38510,6775.41
38511,6722.81
38512,6438.03
38513,5812.55
38514,8071.668842105264
38515,6630.86
38516,6242.73
38517,11690.65
38518,7293.72
38519,21923.16
38520,7359.31
38521,5682.4
38522,10165.76
38523,14511.51
38524,8609.63
38525,10459.29
38526,7350.44
38527,10597.2
38528,11581.53
38529,7952.21
38530,7509.43
38531,9403.304705882352
38532,11103.2
38533,10641.09
38534,10177.05
38535,9473.485
38536,6798.22
38537,8847.29
38538,14426.9
38539,15504.15
38540,15407.52
38541,12912.759705882352
38542,7803.8
38543,8095.783333333333
38544,6218.66
38545,10450.1
38546,15525.915263157895
38547,11313.12
38548,9898.41
38549,8700.9
38550,6892.54
38551,8627.281374269005
38552,13832.68
38553,9754.57
38554,7199.73
38555,9196.68
38556,10260.82
38557,4575.0
38558,10221.989945697576
38559,6395.6066666666675
38560,8324.37
38561,10669.424434586464
38562,7440.7
38563,9737.315863157894
38564,10193.99
38565,6635.32
38566,9418.45929587156
38567,10025.441374269005
38568,13996.160600000001
38569,8116.02564587156
38570,12624.65
38571,9042.57
38572,12421.852111111111
38573,10404.599444444444
38574,14371.155331585845
38575,8333.908826519917
38576,6548.9
38577,10102.262578153905
38578,8266.185599999999
38579,13240.556433333333
38580,10972.881482352941
38581,8476.923446455172
38582,10083.733645695804
38583,8624.319426601614
38584,12983.34181449844
38585,5125.099961440552
38586,18129.86
38587,7095.597921036511
38588,8315.003718799859
38589,12916.161264296701
38590,9463.08
38591,9710.82
38592,7557.722100545382
38593,11413.961482352941
38594,7692.97517142857
38595,7879.492111111111
38596,10399.174063036351
38597,10148.614377777778
38598,11916.345050923093
38599,7325.94
38600,9791.27232114516
38601,14043.368377777775
38602,8989.92
38603,6885.04
38604,9416.917933333334
38605,8501.263832286972
38606,9189.287951123595
38607,9573.026701123594
38608,5603.01878145863
38609,12447.630034456928
38610,8791.15
38611,10051.835443434342
38612,11995.17
38613,5866.531999999999
38614,8642.513741961086
38615,8687.025825294419
38616,11379.882512175287
38617,12489.480427314622
38618,6854.143214285714
38619,6888.235
38620,9634.162966720743
38621,7860.420462637362
38622,11703.478000000001
38623,11372.366595238096
38624,9220.068198041337
38625,10695.938
38626,8631.364565656566
38627,6368.226142857144
38628,11064.649903689256
38629,10564.748
38630,11569.323066798579
38631,11838.57211534989
38632,12185.223448683226
38633,8887.000498927355
38634,12651.927873376622
38635,8861.563738081397
38636,11878.560715108439
38637,13013.627161441054
38638,10409.511848855203
38639,13893.94
38640,9863.254275472858
38641,12381.430213213067
38642,8742.455070927403
38643,8548.386666666667
38644,11887.434302945387
38645,9526.2222202695
38646,5692.825480213904
38647,7852.626666666667
38648,11835.475409759358
38649,10473.613212370445
38650,7176.028223071047
38651,13443.243830213905
38652,8723.405080213905
38653,7569.005080213904
38654,7718.122698412698
38655,8886.295580213904
38656,12063.46
38657,10130.758594152046
38658,10588.112
38659,7821.1611525124845
38660,7962.54
38661,10854.085664417245
38662,5514.92
38663,9309.73
38664,8505.108260818713
38665,11191.889927485381
38666,9883.358205128205
38667,8698.513681318682
38668,9718.148045369628
38669,8696.056681318682
38670,6665.723069179151
38671,13446.52
38672,9332.075555555555
38673,11788.53456917915
38674,9775.031333333334
38675,7447.458860869566
38676,9334.754569179151
38677,7196.639978354979
38678,10434.44
38679,17817.79
38680,9600.89
38681,4715.3657111111115
38682,7152.68
38683,12648.052453648848
38684,12514.786631746034
38685,10101.358377777777
38686,11314.47
38687,6556.35
38688,7812.29
38689,4439.933106796117
38690,6906.612946539706
38691,8890.54663618853
38692,10202.887258420164
38693,9383.871227272726
38694,6685.872344611529
38695,10629.132925086831
38696,12281.800749103395
38697,11038.944082436727
38698,7979.424488888888
38699,11847.35746031746
38700,20332.075
38701,9819.486442205944
38702,11471.422619047617
38703,7816.2635
38704,10082.0135
38705,6938.012399948967
38706,11453.13280110337
38707,8519.06390450691
38708,11709.51
38709,9326.855841144148
38710,12503.983974358975
38711,11423.69
38712,7850.94564102564
38713,13920.025164835164
38714,24675.88
38715,17018.268571428573
38716,10853.57
38717,4756.780222222222
38718,9804.08
38719,16057.22
38720,7747.725273717119
38721,12843.67
38722,21294.89
38723,4565.18
38724,8396.901059902086
38725,10362.922987845488
38726,7628.105590631658
38727,15482.41
38728,10167.83453968254
38729,11807.61
38730,3871.25
38731,9928.95167893218
38732,10199.431999999999
38733,10548.53
38734,14454.521999999999
38735,8013.424357142857
38736,7295.354357142857
38737,9588.603722222222
38738,8243.953648330598
38739,6546.984074706694
38740,10051.501202380952
38741,9021.257925386873
38742,9674.10514107315
38743,10925.628035714286
38744,8316.837678955453
38745,8530.787738095238
38746,9549.085611111112
38747,10762.395441697188
38748,11475.671007936508
38749,9338.113857142858
38750,8757.8175
38751,7093.59
38752,4874.8625
38753,9589.371696581196
38754,10314.820287015616
38755,8568.635
38756,6209.42
38757,13729.29
38758,11006.028007936511
38759,14100.51
38760,8605.74
38761,8628.069817460319
38762,8277.203944444445
38763,6769.68
38764,15370.729722222222
38765,7830.741452991452
38766,9632.7
38767,19984.89
38768,10077.002767206479
38769,8803.34
38770,7178.501452991452
38771,6729.4625
38772,9996.47
38773,5526.66
38774,8255.96
38775,12865.19
38776,7510.8625
38777,20771.38
38778,18376.15
38779,6909.400555555555
38780,9252.636666666665
38781,6859.535
38782,9959.523333333333
38783,7796.15
38784,11294.227833333332
38785,10682.429447222221
38786,13731.296666666667
38787,7388.43
38788,9037.989333333333
38789,6545.959568965516
38790,11296.96
38791,9259.599113888888
38792,9241.43
38793,8871.393493207941
38794,6006.67
38795,13038.526159874607
38796,12437.126666666665
38797,8469.501724088172
38798,15635.62
38799,8857.75672408817
38800,12904.306068965518
38801,6420.71
38802,8597.789791666666
38803,9115.794639976377
38804,15682.912737677525
38805,9297.043039264829
38806,11387.496888888889
38807,10514.847178153717
38808,12978.560106725146
38809,6527.018912280701
38810,10836.328333333335
38811,10141.428333333333
38812,5842.73
38813,19261.21
38814,21921.71
38815,11282.71
38816,11203.646893847525
38817,13909.3725
38818,15746.21
38819,14935.94
38820,9827.42
38821,12446.41
38822,9287.487842372682
38823,10664.46
38824,5397.4675
38825,8719.229483709274
38826,7771.367912783752
38827,7932.1
38828,9965.086666666666
38829,6919.999333333333
38830,7741.65125
38831,9116.892219477058
38832,5058.33
38833,6452.681666666667
38834,7651.5493084066475
38835,10278.101666666666
38836,14088.721172043013
38837,12474.767352833971
38838,10003.73
38839,7642.711079404184
38840,8306.886427983967
38841,15931.426000000001
38842,11921.250333333332
38843,8574.771538461539
38844,8157.889409851516
38845,11361.954686167302
38846,6091.371
38847,10011.033326518183
38848,5512.638376496453
38849,7649.133333333334
38850,12521.146999999999
38851,8812.17375
38852,8797.41104316312
38853,12150.170384615385
38854,13286.601384615386
38855,14172.665714285713
38856,8342.635912698412
38857,11925.05
38858,4239.906666666667
38859,7246.610760869566
38860,7749.549641821945
38861,6589.784000000001
38862,10143.87541883117
38863,7968.877826847663
38864,7048.088476190476
38865,12488.531190476191
38866,16088.95416666667
38867,11418.291000000001
38868,7119.599017316017
38869,7632.158543650794
38870,13678.663725414079
38871,9321.669874072859
38872,9561.52162148962
38873,7543.86512437811
38874,10040.22726984127
38875,13547.42
38876,6634.060171997157
38877,9538.805833333334
38878,11059.586235489222
38879,11891.74296667413
38880,17821.18833333333
38881,8549.411255599829
38882,16522.928333333333
38883,9545.352333333334
38884,7497.253114574189
38885,5279.7655263157885
38886,8854.52
38887,8736.087777777777
38888,8685.024271139844
38889,9560.311130952381
38890,8432.641536870304
38891,7284.041428571429
38892,9803.261001849769
38893,5203.428
38894,10170.18267857143
38895,10421.117636270903
38896,10935.817678571428
38897,12835.80843874644
38898,8174.993833333333
38899,12161.74983953593
38900,8258.833095238095
38901,7337.659087301587
38902,8301.452428256927
38903,8246.787111819203
38904,15306.796
38905,9520.9524915724
38906,6995.293333333334
38907,11830.719166666666
38908,12672.325355713674
38909,11179.766437790093
38910,9640.171666666667
38911,11658.856848534926
38912,7138.755
38913,5959.12
38914,8485.682965465467
38915,11422.364988141488
38916,9790.514062356093
38917,9294.630808568212
38918,10388.787639656639
38919,7818.2404654654665
38920,6174.453628380783
38921,7098.678000000001
38922,11419.599463730716
38923,11636.89559861888
38924,13862.469222222222
38925,15750.010094691535
38926,11439.437222222223
38927,9719.767933503836
38928,6289.979023809524
38929,12724.140855994152
38930,12837.610661549708
38931,10950.540500000001
38932,11913.05
38933,12730.125313041126
38934,7493.4
38935,5775.64
38936,13297.52
38937,9136.107222222223
38938,11411.412380952383
38939,8710.51
38940,4808.7342499999995
38941,16859.229743589745
38942,7760.120555555556
38943,7620.420555555556
38944,6079.135
38945,8024.280555555556
38946,8951.475707317073
38947,14658.35
38948,8373.178
38949,6427.0832432432435
38950,7998.884
38951,6842.47
38952,4240.72
38953,9369.1005
38954,21359.21
38955,7624.59
38956,7748.397222222223
38957,10492.703096205965
38958,6591.445
38959,8800.615
38960,6412.617222222222
38961,6842.59
38962,10599.1505
38963,10802.093650793651
38964,5978.9725
38965,13241.7
38966,10609.45
38967,7533.66923076923
38968,13568.39
38969,13410.52
38970,13019.03642857143
38971,8711.59
38972,10861.05
38973,6647.817142857143
38974,7796.15388888889
38975,19710.541
38976,11060.469444444445
38977,8632.822777777777
38978,9321.446944444446
38979,6966.4167777777775
38980,7895.0509999999995
38981,5911.26
38982,13902.39964285714
38983,6320.345
38984,7250.6
38985,10323.57000486431
38986,6430.015806451614
38987,8717.56
38988,10204.98
38989,11613.259615975423
38990,10540.04747311828
38991,7155.087857142857
38992,7651.767857142857
38993,9591.816915975423
38994,12936.298139784945
38995,12014.59625
38996,9619.411915975423
38997,7230.343529411765
38998,9713.501915975423
38999,8589.598333333333
39000,6254.58
39001,9732.974211412875
39002,10521.35
39003,9459.395881762992
39004,8894.197383028191
39005,9707.561764705883
39006,11185.12453810651
39007,8293.57616200717
39008,9164.166292616594
39009,9123.008057245264
39010,11218.445023574392
39011,13179.45636200717
39012,8184.410273215157
39013,7684.502546016384
39014,16871.710555555557
39015,9347.826764705882
39016,5557.444076576577
39017,10561.290237686795
39018,10457.481161681459
39019,15235.876590619846
39020,6613.279548609828
39021,8710.1375
39022,8586.146932348403
39023,10060.212981236307
39024,9268.582936507935
39025,14875.527222222223
39026,4467.367380952381
39027,10458.509695624196
39028,9385.612674603175
39029,7896.6675
39030,7888.810332338492
39031,9549.393007936507
39032,13364.37
39033,6997.31
39034,11752.907655065628
39035,10696.285683719436
39036,13496.900249999999
39037,6183.71
39038,10191.71324933483
39039,7701.65
39040,11390.482916666666
39041,12278.322370237413
39042,6364.457826824115
39043,8762.5
39044,12258.448666666665
39045,11222.1888981936
39046,6297.181699502024
39047,5275.9025
39048,12592.779583333333
39049,10174.632628743806
39050,12483.320583333334
39051,9744.442777777778
39052,6772.015515873016
39053,12562.716583333335
39054,11159.109225912976
39055,12136.603695970696
39056,10882.46
39057,9497.750978234726
39058,11319.725
39059,16089.898571428574
39060,9865.9865
39061,6577.7266666666665
39062,10478.1
39063,6210.99
39064,4660.89
39065,13286.025
39066,8894.9575
39067,12929.037333333334
39068,7338.1630000000005
39069,10459.442272727272
39070,9860.497792207792
39071,16349.335
39072,6893.4425
39073,7551.925333333334
39074,9946.4925
39075,10891.61805953306
39076,8838.37
39077,9914.720692640693
39078,8725.241843434344
39079,13756.783891534391
39080,9772.0625
39081,9606.9625
39082,7478.24
39083,6545.392159090909
39084,6836.0482142857145
39085,16428.71
39086,13651.470666666668
39087,11390.3
39088,17689.55
39089,9450.064723773363
39090,8665.817272727272
39091,10119.964389524277
39092,12027.547272727274
39093,13798.987272727272
39094,9306.609320856489
39095,11919.155272727274
39096,13597.787272727273
39097,9495.568579862964
39098,9348.197272727273
39099,8850.719105263159
39100,8885.649166364663
39101,8133.236583333333
39102,6392.556964707038
39103,9517.126252227894
39104,12696.447272727273
39105,20547.62
39106,9348.38
39107,7089.9575
39108,10813.905839508509
39109,6064.59
39110,8430.4
39111,4866.87
39112,11888.29653846154
39113,8429.4
39114,9431.043613636364
39115,19417.886388888888
39116,12692.99
39117,10615.187012987011
39118,9873.272663141133
39119,5229.82
39120,7249.665761240096
39121,7832.0975
39122,9704.88
39123,7784.0983534596535
39124,6302.93
39125,8421.899080764484
39126,7906.02
39127,12131.228183380821
39128,10947.964545454546
39129,4748.65
39130,10483.894545454546
39131,12578.15416910867
39132,11719.186923076923
39133,9402.3195
39134,7300.264454545456
39135,11096.101038391966
39136,6615.196666666667
39137,14057.155540248572
39138,7256.717954545454
39139,8277.707487179487
39140,10048.587040571445
39141,8292.265833333333
39142,5843.91
39143,8685.000833333334
39144,10247.26
39145,12892.159583333334
39146,15044.75
39147,8554.842878787878
39148,5426.076
39149,7108.69
39150,13597.31
39151,7529.35
39152,10498.63
39153,8582.180885774496
39154,15869.664843008255
39155,12083.113479163621
39156,8731.304086148159
39157,10251.81
39158,6111.92
39159,12941.554638434323
39160,8036.245
39161,18728.163333333334
39162,8548.6775
39163,7809.18
39164,8249.209444444445
39165,6660.1900338680925
39166,10679.43111111111
39167,18990.19
39168,6629.0175
39169,6813.95
39170,14829.86544248084
39171,9985.4
39172,9747.505158034915
39173,11474.17
39174,9701.318333333333
39175,9763.933076923078
39176,6792.2975
39177,13702.495
39178,8889.911964285715
39179,9601.599523809524
39180,9013.877766233767
39181,6875.446000000001
39182,9667.08206060606
39183,7447.17
39184,4968.97
39185,11664.049289967774
39186,11690.276289967771
39187,5812.12680952381
39188,9911.729743589744
39189,10204.44966060606
39190,7364.619743589744
39191,11639.843076923078
39192,8314.37891025641
39193,11394.50322447576
39194,6777.308260869566
39195,7825.0734999999995
39196,9113.051914734875
39197,6580.255
39198,10524.650135170796
39199,7217.563666666667
39200,8390.93476190476
39201,6412.580625
39202,10828.24741025641
39203,7351.960625
39204,9154.246289027906
39205,10973.25869047619
39206,10959.07869047619
39207,9013.822380952382
39208,11881.86291027396
39209,8487.640833333333
39210,13700.596666666668
39211,12153.547889527115
39212,8795.043923709103
39213,4695.81
39214,8126.4158333333335
39215,10606.819667255753
39216,7096.595833333334
39217,13386.533333333335
39218,9312.267769230768
39219,10726.645570175438
39220,15621.394285714287
39221,7867.621487341772
39222,6938.824058408983
39223,15686.7925
39224,14152.22487012987
39225,6978.47
39226,12648.410495182598
39227,12669.94
39228,8605.67076923077
39229,7275.796683388354
39230,10060.420949591684
39231,8810.984257031534
39232,7282.084859674609
39233,10174.432868957252
39234,7165.984539910648
39235,8238.86807664857
39236,11317.66799145299
39237,10537.076093940419
39238,13754.340722222223
39239,8185.288292145594
39240,10523.452352003455
39241,6013.69875
39242,9739.837156900976
39243,10308.054012563523
39244,8394.201687192119
39245,9464.163197050371
39246,10006.46053376771
39247,13486.285710111837
39248,9162.162370273929
39249,7951.4511109781315
39250,9077.832846320345
39251,9486.831765734265
39252,10181.036135609831
39253,5812.374528445748
39254,6741.927858678839
39255,9997.707574805117
39256,7390.62
39257,8945.878238207057
39258,11321.690872877123
39259,9330.559158591408
39260,10628.119414563242
39261,8334.080158591409
39262,5810.051595093515
39263,9827.749776411305
39264,10353.047893726267
39265,10851.310215911357
39266,14284.725280316814
39267,13308.519032032169
39268,6390.909530316817
39269,12680.014365365501
39270,4881.80673015873
39271,4582.149614552114
39272,11270.20721695859
39273,15210.343062770562
39274,10198.62312393698
39275,11336.223699944625
39276,9348.844336072987
39277,11551.478437263466
39278,14780.4375
39279,8852.459779288927
39280,11041.30312987013
39281,7909.459548440066
39282,6227.400974358976
39283,7559.4262467313265
39284,7520.8183090023895
39285,8212.01185218485
39286,7331.704202889705
39287,8901.930144385027
39288,6145.427895833333
39289,9826.28232262278
39290,11684.001895833331
39291,8626.22357142857
39292,9028.841851877289
39293,9819.38
39294,8080.825609058567
39295,6655.7535177803575
39296,12144.80857142857
39297,12028.611747947454
39298,9313.885
39299,6854.901627742764
39300,21059.639333333336
39301,8570.895
39302,9258.74
39303,16014.88
39304,11710.707184210527
39305,12889.026142857143
39306,8799.89
39307,9511.27677128427
39308,13111.509404761902
39309,21400.915666666664
39310,8472.14195238095
39311,8268.102857142856
39312,7546.03
39313,10200.989190875687
39314,8359.725
39315,11920.54560611569
39316,13495.561303418805
39317,7913.154285714287
39318,6714.56245614035
39319,9377.124443223443
39320,12177.539845043426
39321,7529.861357142858
39322,10594.369722222222
39323,5419.72
39324,10346.854722222222
39325,10969.249560404725
39326,11466.325447219031
39327,14241.852119047619
39328,9634.90377732366
39329,7244.186388888888
39330,8433.926388888889
39331,9784.179896982167
39332,10849.487413378663
39333,10760.156441099814
39334,10575.6475
39335,9760.13798901099
39336,6628.597276096023
39337,12711.583945698161
39338,6156.126993006994
39339,14249.764105042017
39340,8195.14
39341,7371.45
39342,10336.635
39343,8101.064563492064
39344,9460.5277714559
39345,10095.48821651129
39346,5543.881666666667
39347,6881.1733089133095
39348,11619.9
39349,12265.568297924297
39350,12753.063214590964
39351,6964.3009999999995
39352,8310.921130325882
39353,11820.967350877192
39354,8948.005
39355,7712.282692002444
39356,13940.51
39357,12571.792527777776
39358,14452.251666666667
39359,6422.75
39360,9116.695
39361,11104.03
39362,12697.016666666668
39363,8960.202519674303
39364,15347.35
39365,9366.770297452082
39366,7540.53
39367,7513.35
39368,8066.79
39369,7022.79
39370,10484.781501075267
39371,7780.84
39372,8008.224277777777
39373,15373.47
39374,8981.03
39375,24586.22
39376,8555.0
39377,0.0
39378,0.0
39379,0.0
39380,0.0
39381,0.0
39382,0.0
39383,0.0
39384,0.0
39385,0.0
39386,0.0
39387,0.0
39388,0.0
39389,0.0
39390,0.0
39391,0.0
39392,0.0
39393,0.0
39394,0.0
39395,0.0
39396,0.0
39397,0.0
39398,0.0
39399,0.0
39400,0.0
39401,0.0
39402,0.0
39403,0.0
39404,0.0
39405,0.0
39406,0.0
39407,0.0
39408,0.0
39409,0.0
39410,0.0
39411,0.0
39412,0.0
39413,0.0
39414,0.0
39415,0.0
39416,0.0
39417,0.0
39418,0.0
39419,0.0
39420,0.0
39421,0.0
39422,0.0
39423,0.0
39424,0.0
39425,0.0
39426,0.0
39427,0.0
39428,0.0
39429,0.0
39430,0.0
39431,0.0
39432,0.0
39433,0.0
39434,0.0
39435,0.0
39436,0.0
39437,0.0
39438,0.0
39439,0.0
39440,0.0
39441,0.0
39442,0.0
39443,0.0
39444,0.0
39445,0.0
39446,0.0
39447,0.0
39448,0.0
39449,0.0
39450,0.0
39451,0.0
39452,0.0
39453,0.0
39454,0.0
39455,0.0
39456,0.0
39457,0.0
39458,0.0
39459,0.0
39460,0.0
39461,0.0
39462,0.0
39463,0.0
39464,0.0
39465,0.0
39466,0.0
39467,0.0
39468,4679.45
39469,0.0
39470,0.0
39471,0.0
39472,0.0
39473,0.0
39474,0.0
39475,0.0
39476,0.0
39477,0.0
39478,0.0
39479,0.0
39480,0.0
39481,0.0
39482,0.0
39483,0.0
39484,0.0
39485,0.0
39486,0.0
39487,0.0
39488,0.0
39489,0.0
39490,0.0
39491,0.0
39492,0.0
39493,0.0
39494,0.0
39495,0.0
39496,0.0
39497,0.0
39498,0.0
39499,0.0
39500,0.0
39501,0.0
39502,0.0
39503,0.0
39504,0.0
39505,0.0
39506,0.0
39507,0.0
39508,0.0
39509,0.0
39510,0.0
39511,0.0
39512,0.0
39513,0.0
39514,0.0
39515,0.0
39516,0.0
39517,0.0
39518,0.0
39519,0.0
39520,0.0
39521,0.0
39522,0.0
39523,0.0
39524,0.0
39525,0.0
39526,0.0
39527,0.0
39528,0.0
39529,0.0
39530,0.0
39531,0.0
39532,0.0
39533,0.0
39534,0.0
39535,0.0
39536,3544.9
39537,0.0
39538,0.0
39539,0.0
39540,0.0
39541,0.0
39542,0.0
39543,0.0
39544,0.0
39545,0.0
39546,0.0
39547,0.0
39548,0.0
39549,0.0
39550,0.0
39551,0.0
39552,0.0
39553,0.0
39554,0.0
39555,0.0
39556,0.0
39557,0.0
39558,0.0
39559,0.0
39560,0.0
39561,0.0
39562,0.0
39563,0.0
39564,0.0
39565,0.0
39566,0.0
39567,0.0
39568,0.0
39569,0.0
39570,0.0
39571,0.0
39572,0.0
39573,0.0
39574,0.0
39575,0.0
39576,0.0
39577,16183.58
39578,29774.51
39579,0.0
39580,0.0
39581,0.0
39582,0.0
39583,0.0
39584,0.0
39585,0.0
39586,6617.42
39587,0.0
39588,0.0
39589,0.0
39590,0.0
39591,0.0
39592,0.0
39593,0.0
39594,0.0
39595,0.0
39596,0.0
39597,0.0
39598,0.0
39599,0.0
39600,0.0
39601,0.0
39602,0.0
39603,0.0
39604,0.0
39605,5629.71
39606,0.0
39607,0.0
39608,0.0
39609,0.0
39610,0.0
39611,0.0
39612,0.0
39613,0.0
39614,0.0
39615,3139.75
39616,0.0
39617,0.0
39618,0.0
39619,0.0
39620,0.0
39621,0.0
39622,0.0
39623,0.0
39624,0.0
39625,0.0
39626,0.0
39627,0.0
39628,0.0
39629,0.0
39630,0.0
39631,0.0
39632,0.0
39633,9565.18
39634,0.0
39635,0.0
39636,0.0
39637,0.0
39638,0.0
39639,0.0
39640,0.0
39641,0.0
39642,0.0
39643,0.0
39644,0.0
39645,0.0
39646,0.0
39647,0.0
39648,0.0
39649,0.0
39650,8507.5
39651,0.0
39652,0.0
39653,0.0
39654,0.0
39655,0.0
39656,0.0
39657,0.0
39658,0.0
39659,0.0
39660,0.0
39661,0.0
39662,0.0
39663,0.0
39664,0.0
39665,0.0
39666,0.0
39667,0.0
39668,0.0
39669,0.0
39670,0.0
39671,0.0
39672,0.0
39673,0.0
39674,0.0
39675,0.0
39676,0.0
39677,0.0
39678,0.0
39679,0.0
39680,0.0
39681,0.0
39682,0.0
39683,0.0
39684,0.0
39685,0.0
39686,0.0
39687,0.0
39688,0.0
39689,0.0
39690,0.0
39691,0.0
39692,0.0
39693,0.0
39694,0.0
39695,0.0
39696,0.0
39697,0.0
39698,0.0
39699,0.0
39700,0.0
39701,0.0
39702,0.0
39703,0.0
39704,0.0
39705,0.0
39706,0.0
39707,0.0
39708,0.0
39709,0.0
39710,0.0
39711,0.0
39712,2247.44
39713,0.0
39714,0.0
39715,0.0
39716,0.0
39717,0.0
39718,0.0
39719,0.0
39720,0.0
39721,0.0
39722,0.0
39723,0.0
39724,0.0
39725,0.0
39726,7108.08
39727,0.0
39728,0.0
39729,0.0
39730,0.0
39731,0.0
39732,0.0
39733,0.0
39734,0.0
39735,0.0
39736,0.0
39737,0.0
39738,0.0
39739,0.0
39740,0.0
39741,0.0
39742,0.0
39743,0.0
39744,0.0
39745,0.0
39746,0.0
39747,0.0
39748,0.0
39749,0.0
39750,0.0
39751,0.0
39752,0.0
39753,0.0
39754,0.0
39755,0.0
39756,0.0
39757,0.0
39758,0.0
39759,0.0
39760,0.0
39761,0.0
39762,0.0
39763,0.0
39764,0.0
39765,0.0
39766,0.0
39767,0.0
39768,0.0
39769,8173.1
39770,0.0
39771,0.0
39772,0.0
39773,0.0
39774,0.0
39775,0.0
39776,0.0
39777,0.0
39778,0.0
39779,2674.47
39780,0.0
39781,0.0
39782,0.0
39783,6539.56
39784,0.0
39785,0.0
39786,0.0
39787,0.0
39788,0.0
39789,0.0
39790,0.0
39791,0.0
39792,0.0
39793,0.0
39794,0.0
39795,0.0
39796,0.0
39797,0.0
39798,0.0
39799,0.0
39800,0.0
39801,0.0
39802,0.0
39803,0.0
39804,0.0
39805,0.0
39806,0.0
39807,0.0
39808,0.0
39809,0.0
39810,20926.08
39811,0.0
39812,0.0
39813,0.0
39814,0.0
39815,0.0
39816,0.0
39817,0.0
39818,0.0
39819,0.0
39820,0.0
39821,0.0
39822,0.0
39823,0.0
39824,6107.24
39825,0.0
39826,0.0
39827,0.0
39828,0.0
39829,0.0
39830,0.0
39831,0.0
39832,0.0
39833,0.0
39834,0.0
39835,0.0
39836,0.0
39837,0.0
39838,0.0
39839,0.0
39840,0.0
39841,0.0
39842,0.0
39843,0.0
39844,0.0
39845,0.0
39846,0.0
39847,0.0
39848,0.0
39849,0.0
39850,0.0
39851,0.0
39852,0.0
39853,0.0
39854,0.0
39855,0.0
39856,0.0
39857,0.0
39858,0.0
39859,0.0
39860,0.0
39861,0.0
39862,0.0
39863,0.0
39864,0.0
39865,0.0
39866,0.0
39867,0.0
39868,0.0
39869,0.0
39870,0.0
39871,0.0
39872,0.0
39873,0.0
39874,0.0
39875,0.0
39876,0.0
39877,0.0
39878,0.0
39879,0.0
39880,0.0
39881,0.0
39882,0.0
39883,0.0
39884,0.0
39885,0.0
39886,0.0
39887,0.0
39888,0.0
39889,0.0
39890,0.0
39891,0.0
39892,0.0
39893,0.0
39894,0.0
39895,0.0
39896,0.0
39897,0.0
39898,0.0
39899,12397.39
39900,0.0
39901,0.0
39902,0.0
39903,0.0
39904,0.0
39905,0.0
39906,0.0
39907,0.0
39908,0.0
39909,0.0
39910,0.0
39911,0.0
39912,0.0
39913,0.0
39914,0.0
39915,0.0
39916,0.0
39917,0.0
39918,0.0
39919,0.0
39920,0.0
39921,0.0
39922,0.0
39923,0.0
39924,0.0
39925,0.0
39926,0.0
39927,0.0
39928,0.0
39929,0.0
39930,0.0
39931,0.0
39932,0.0
39933,0.0
39934,0.0
39935,0.0
39936,0.0
39937,0.0
39938,0.0
39939,0.0
39940,0.0
39941,0.0
39942,0.0
39943,5141.08
39944,16376.86
39945,0.0
39946,0.0
39947,0.0
39948,0.0
39949,0.0
39950,0.0
39951,0.0
39952,0.0
39953,0.0
39954,0.0
39955,0.0
39956,0.0
39957,0.0
39958,0.0
39959,0.0
39960,0.0
39961,0.0
39962,0.0
39963,0.0
39964,0.0
39965,0.0
39966,0.0
39967,0.0
39968,0.0
39969,0.0
39970,0.0
39971,0.0
39972,11639.91
39973,0.0
39974,0.0
39975,0.0
39976,0.0
39977,0.0
39978,0.0
39979,0.0
39980,0.0
39981,0.0
39982,0.0
39983,0.0
39984,0.0
39985,0.0
39986,0.0
39987,0.0
39988,0.0
39989,0.0
39990,0.0
39991,0.0
39992,0.0
39993,0.0
39994,0.0
39995,0.0
39996,0.0
39997,0.0
39998,0.0
39999,0.0
40000,0.0
40001,0.0
40002,0.0
40003,0.0
40004,0.0
40005,0.0
40006,0.0
40007,0.0
40008,0.0
40009,0.0
40010,0.0
40011,0.0
40012,0.0
40013,0.0
40014,0.0
40015,0.0
40016,0.0
40017,0.0
40018,0.0
40019,0.0
40020,0.0
40021,0.0
40022,0.0
40023,0.0
40024,0.0
40025,0.0
40026,0.0
40027,0.0
40028,0.0
40029,0.0
40030,0.0
40031,0.0
40032,0.0
40033,0.0
40034,0.0
40035,0.0
40036,0.0
40037,0.0
40038,0.0
40039,0.0
40040,0.0
40041,0.0
40042,3146.06
40043,0.0
40044,0.0
40045,0.0
40046,2734.16
40047,0.0
40048,0.0
40049,0.0
40050,0.0
40051,0.0
40052,0.0
40053,0.0
40054,0.0
40055,0.0
40056,0.0
40057,0.0
40058,0.0
40059,0.0
40060,0.0
40061,0.0
40062,0.0
40063,0.0
40064,0.0
40065,0.0
40066,0.0
40067,0.0
40068,0.0
40069,0.0
40070,0.0
40071,0.0
40072,0.0
40073,0.0
40074,0.0
40075,0.0
40076,0.0
40077,0.0
40078,0.0
40079,0.0
40080,0.0
40081,0.0
40082,0.0
40083,0.0
40084,0.0
40085,0.0
40086,0.0
40087,0.0
40088,0.0
40089,0.0
40090,0.0
40091,0.0
40092,0.0
40093,0.0
40094,0.0
40095,0.0
40096,0.0
40097,3294.2
40098,0.0
40099,0.0
40100,0.0
40101,0.0
40102,0.0
40103,0.0
40104,0.0
40105,0.0
40106,0.0
40107,0.0
40108,0.0
40109,0.0
40110,0.0
40111,0.0
40112,11319.14
40113,0.0
40114,0.0
40115,0.0
40116,0.0
40117,0.0
40118,0.0
40119,0.0
40120,0.0
40121,0.0
40122,0.0
40123,0.0
40124,0.0
40125,0.0
40126,0.0
40127,0.0
40128,0.0
40129,0.0
40130,0.0
40131,0.0
40132,0.0
40133,0.0
40134,0.0
40135,0.0
40136,0.0
40137,0.0
40138,0.0
40139,0.0
40140,0.0
40141,0.0
40142,0.0
40143,0.0
40144,0.0
40145,0.0
40146,0.0
40147,0.0
40148,0.0
40149,0.0
40150,0.0
40151,0.0
40152,0.0
40153,0.0
40154,0.0
40155,0.0
40156,0.0
40157,0.0
40158,0.0
40159,0.0
40160,0.0
40161,0.0
40162,0.0
40163,0.0
40164,0.0
40165,0.0
40166,0.0
40167,0.0
40168,0.0
40169,0.0
40170,0.0
40171,0.0
40172,0.0
40173,0.0
40174,0.0
40175,0.0
40176,5315.81
40177,0.0
40178,0.0
40179,0.0
40180,0.0
40181,0.0
40182,0.0
40183,0.0
40184,0.0
40185,0.0
40186,0.0
40187,0.0
40188,0.0
40189,0.0
40190,0.0
40191,0.0
40192,0.0
40193,0.0
40194,0.0
40195,0.0
40196,0.0
40197,0.0
40198,0.0
40199,0.0
40200,0.0
40201,0.0
40202,0.0
40203,0.0
40204,0.0
40205,0.0
40206,0.0
40207,0.0
40208,0.0
40209,0.0
40210,0.0
40211,0.0
40212,0.0
40213,0.0
40214,0.0
40215,0.0
40216,0.0
40217,14014.13
40218,5231.54
40219,0.0
40220,0.0
40221,0.0
40222,0.0
40223,0.0
40224,0.0
40225,0.0
40226,0.0
40227,0.0
40228,0.0
40229,0.0
40230,0.0
40231,0.0
40232,0.0
40233,5140.56
40234,4343.24
40235,7244.0147
40236,3151.56
40237,6350.985728528529
40238,4901.4
40239,6221.783172972974
40240,6038.420839639639
40241,4550.64
40242,3730.74
40243,5870.52330952381
40244,5648.652672972972
40245,4537.626782496783
40246,5699.79
40247,5349.262476190475
40248,3817.68
40249,5104.96
40250,7501.258306306306
40251,9616.64
40252,7323.76
40253,7028.243904761905
40254,4836.63
40255,5769.849619047618
40256,2584.81
40257,8688.444472972973
40258,7586.573619047619
40259,9611.60613963964
40260,6011.22
40261,3683.28
40262,5463.23
40263,5943.263673160174
40264,8445.767215397216
40265,5333.74
40266,5633.28
40267,5567.29
40268,5558.649225498226
40269,2737.28
40270,7555.326589484844
40271,4422.47
40272,6417.466362753129
40273,7880.842309372798
40274,4000.5202278749334
40275,7958.201612403101
40276,5381.034037398744
40277,4907.391288480994
40278,3805.905
40279,7178.091333333333
40280,9591.516533971728
40281,6296.25
40282,5887.26918116495
40283,8035.746839895109
40284,8244.54275108225
40285,6314.603605369807
40286,7116.39
40287,2758.17
40288,2726.9880513255216
40289,5271.32
40290,6189.26416455162
40291,8586.71016455162
40292,7573.387664551619
40293,4360.89
40294,8215.54
40295,8744.66
40296,5635.62
40297,3181.81
40298,11395.93173076923
40299,3682.6
40300,4805.17
40301,8101.3
40302,6119.53
40303,6155.48
40304,2926.02
40305,5983.35728433986
40306,4853.549891967863
40307,5271.710021989005
40308,8693.47
40309,7314.179850655187
40310,6498.97
40311,3399.097593406593
40312,7819.54
40313,11149.991602960852
40314,5294.7190181725055
40315,3753.3844589956584
40316,6872.390605512346
40317,6221.29
40318,8123.6004388456795
40319,8434.905438845679
40320,2674.29
40321,7986.445438845679
40322,4962.173986367729
40323,6571.29
40324,7886.048920041391
40325,3496.47
40326,5522.96
40327,5647.05
40328,6869.846762729397
40329,8585.66
40330,4447.28
40331,5296.07
40332,6778.422885668956
40333,6458.273952380953
40334,5558.358636339728
40335,7437.232821428571
40336,4708.912625956498
40337,5736.491117770577
40338,5289.289416072945
40339,3251.14480002692
40340,6080.78
40341,6597.22791992491
40342,6818.089669819286
40343,7399.392036473598
40344,8166.555666510227
40345,4342.95
40346,7795.934918851272
40347,3514.420334711779
40348,4244.399942063492
40349,8097.048357909852
40350,7242.535
40351,7121.290035622112
40352,8577.024028131158
40353,7199.515
40354,6107.000218862443
40355,6833.112470221984
40356,7665.65799785931
40357,4235.102336818496
40358,3085.4293465646256
40359,6100.029890856904
40360,5108.286900029048
40361,7608.7
40362,4570.733877147855
40363,5659.001086773293
40364,6988.018495442401
40365,6596.762818674724
40366,6382.05
40367,3096.150524886996
40368,6801.660279745793
40369,7606.096666666667
40370,4200.686231236203
40371,6065.877241489996
40372,3078.8713974655443
40373,6242.772860537614
40374,3819.861874093345
40375,5047.663730508537
40376,5318.515
40377,8003.71
40378,6653.089935064935
40379,7253.814944444445
40380,8675.667556766439
40381,4341.167048701298
40382,5633.698311883399
40383,9682.725466613781
40384,5678.63
40385,7602.5619171314265
40386,7460.11902005253
40387,5552.180079365079
40388,6588.337577214399
40389,4469.3518591192715
40390,5220.943843363421
40391,8396.677891063406
40392,5875.183045383623
40393,3601.63
40394,4359.195512035027
40395,7306.8809719831115
40396,9754.78
40397,7007.64
40398,6777.76
40399,4403.61
40400,3320.912178701694
40401,1890.1745065259968
40402,3573.4538998108937
40403,5982.400593844081
40404,6333.204879558367
40405,5263.66959865792
40406,4463.62729983964
40407,8167.9690400102445
40408,7956.459706676911
40409,7693.008706676912
40410,5656.057387755464
40411,8444.031896164113
40412,10856.8
40413,4222.531786296378
40414,6144.177129100235
40415,5606.562784580859
40416,6803.49683923454
40417,3002.7
40418,5339.283775232049
40419,5031.96125
40420,9071.794111798406
40421,5983.1
40422,7753.973077329779
40423,7094.108397512692
40424,5354.418294144571
40425,9724.8
40426,15801.97
40427,9610.646165313156
40428,4596.747777777778
40429,3566.83
40430,6753.49238095238
40431,9622.094444444445
40432,4463.468983090542
40433,8683.66
40434,19091.87
40435,4314.447
40436,2978.9748214285714
40437,9497.61
40438,3777.7436309523805
40439,6641.431900584796
40440,3824.2006655844157
40441,5951.523990026214
40442,3600.29
40443,7788.704000000001
40444,6222.385016611192
40445,5895.510758099013
40446,8701.15518327786
40447,6731.514061929695
40448,6468.013228596363
40449,7077.441934523809
40450,5474.432378023937
40451,6591.505267857143
40452,9609.15
40453,5301.850434937613
40454,6540.846000000001
40455,4562.789824295271
40456,4014.4285425492376
40457,5648.997492044186
40458,5193.6353203270155
40459,5076.786236993682
40460,8303.935
40461,7429.422534151919
40462,7609.110416306498
40463,4767.302939545834
40464,4500.240518278902
40465,5286.543570327016
40466,6347.663525641025
40467,5888.958650793651
40468,2794.26
40469,6839.36
40470,6197.17
40471,7614.02796590836
40472,6091.347097825056
40473,4468.87
40474,3608.58
40475,3357.4520672514623
40476,9371.4
40477,6050.0
40478,6193.748448203844
40479,12261.484281537176
40480,7168.730440829532
40481,4558.715247433349
40482,5686.588333333332
40483,2776.97
40484,4233.94
40485,4297.575723623825
40486,4799.250051848232
40487,8190.281911433091
40488,5549.327212103564
40489,9634.25
40490,12560.49
40491,5970.43880734166
40492,5950.608865109735
40493,5226.66530531492
40494,5021.887224407323
40495,5626.45
40496,10669.405408600554
40497,5984.921666666667
40498,6832.685316857537
40499,3682.95
40500,5800.275358777925
40501,5742.815028920291
40502,10278.86
40503,7068.49
40504,5570.03
40505,7105.160687436624
40506,4345.69
40507,8489.652517412202
40508,6893.509037183739
40509,6862.495404858089
40510,10105.08
40511,7417.030198508885
40512,8101.028361046848
40513,3883.9931267271404
40514,6173.93
40515,5093.054057910137
40516,9084.85591344315
40517,8148.518191220928
40518,7575.97
40519,7005.14908550278
40520,7901.71836755406
40521,5507.940974527089
40522,6612.957470541058
40523,6253.157272128359
40524,3178.5
40525,12752.27
40526,16631.54210251881
40527,8109.92
40528,8016.193397760578
40529,7818.53
40530,8366.61
40531,7893.5884813669045
40532,3583.89
40533,4439.290318627451
40534,6532.447018641296
40535,8056.74
40536,2672.8579999999997
40537,4549.998074087783
40538,5435.976645502646
40539,4957.7291428571425
40540,5474.18
40541,3465.0183280560373
40542,3178.47
40543,6233.809616042803
40544,3508.9866666666667
40545,4747.14
40546,6009.652638783952
40547,5097.48
40548,9252.030552466565
40549,10945.160052466565
40550,5848.6813269127715
40551,7195.209106929262
40552,6687.793579151483
40553,9231.626613666182
40554,6438.665421556007
40555,3152.284
40556,5563.764443324815
40557,12286.943637724551
40558,4583.127174543242
40559,7073.659955534829
40560,3064.57882044166
40561,3596.453333333333
40562,5795.76907682084
40563,6716.19
40564,5914.716540018379
40565,8499.781936843778
40566,8802.805817796157
40567,7223.18
40568,4765.0190892109595
40569,11494.54
40570,2055.31
40571,4087.26
40572,6490.47
40573,5188.59
40574,10333.05
40575,2839.39
40576,5350.628683040741
40577,5901.876221727736
40578,8446.178376206233
40579,10909.07
40580,5358.09
40581,4137.674866142957
40582,8888.318279605277
40583,8736.450714937484
40584,5711.28002610937
40585,5529.393988711222
40586,9474.03
40587,6197.43
40588,5602.655060139793
40589,4037.08
40590,7370.27237495461
40591,5510.124674384373
40592,12827.504659467715
40593,8205.66375
40594,12062.534659467714
40595,7166.45
40596,5424.81
40597,2328.45
40598,6472.41
40599,6183.94
40600,5460.338333333334
40601,9242.835648143193
40602,5991.669481117687
40603,3094.05
40604,6912.42501890996
40605,4155.062057325291
40606,9126.4
40607,6936.114597685718
40608,6987.8
40609,7872.394027057444
40610,4852.64
40611,7364.902441860276
40612,7879.1
40613,5696.9416666666675
40614,5870.604464398631
40615,4318.439288072064
40616,10831.6
40617,6994.793743589744
40618,4011.44
40619,6344.54
40620,7719.219086041251
40621,5980.947445153871
40622,4008.62
40623,5758.164915431898
40624,5683.96
40625,4414.69
40626,5062.3625
40627,9548.952846685961
40628,4942.00420343933
40629,4561.369851166603
40630,7067.92031703066
40631,5563.839333333333
40632,3554.851910055099
40633,4971.8
40634,8276.260862521933
40635,7024.203447276865
40636,10913.662659098865
40637,8832.862758316345
40638,7353.196186500835
40639,7016.211244144945
40640,5300.913192862894
40641,9376.320551472252
40642,7373.096247720446
40643,7275.34
40644,4000.71
40645,6072.235779207679
40646,5111.61
40647,2356.93
40648,12374.2
40649,6004.671181360142
40650,7090.7586227204465
40651,5115.4
40652,1356.23
40653,8089.195075281774
40654,5644.093960833731
40655,4614.88677988135
40656,4147.28612782309
40657,6391.079036113714
40658,6380.8359216512945
40659,4468.19
40660,12146.33
40661,5113.4773076923075
40662,5111.9
40663,3938.3
40664,2763.5
40665,5382.86
40666,14109.47
40667,5478.6
40668,5828.658405058143
40669,5781.954834517404
40670,3829.9
40671,4325.47
40672,5830.541905058144
40673,3361.84
40674,9742.5
40675,6260.669460613699
40676,3140.224
40677,8715.93
40678,2960.88
40679,4922.507903771628
40680,9372.3
40681,9360.2
40682,9257.531252638826
40683,2883.68
40684,5665.07
40685,4847.79
40686,5654.4439420327635
40687,15356.960122213202
40688,9934.343119687952
40689,5793.211211815259
40690,3632.166876375708
40691,6046.409360953701
40692,4620.636085777417
40693,2823.55
40694,7704.236633848627
40695,4948.3
40696,5933.032843915344
40697,7333.646485679217
40698,4795.76
40699,4812.6
40700,5958.68
40701,8444.03
40702,7265.61
40703,2899.32
40704,5577.91586042722
40705,6829.296485679217
40706,9134.56
40707,6707.264944808908
40708,7262.463152345884
40709,3246.2041460257296
40710,8387.39370790144
40711,5056.554200366667
40712,3425.8903042860325
40713,4660.302892193437
40714,4457.2094709527
40715,4460.567039271359
40716,7204.970884848485
40717,4770.203689134517
40718,7272.026666666667
40719,5299.810417771883
40720,7177.0045338050695
40721,8562.85
40722,5215.097894736842
40723,7454.163251105217
40724,6417.828888888889
40725,3130.3865805500645
40726,10707.942214489056
40727,4344.718148730477
40728,3870.1385324786324
40729,6296.372993261135
40730,10722.46
40731,10469.9823630984
40732,4511.691486647033
40733,4800.855554544969
40734,6412.985569916835
40735,6433.106568176552
40736,5053.45406248222
40737,6836.403872006029
40738,3258.03
40739,6411.0278406130265
40740,4606.306760894919
40741,3647.45
40742,3686.349440215896
40743,7099.918427561585
40744,7886.68
40745,5016.733592068837
40746,5197.411837777341
40747,8365.327772727273
40748,8272.907643118691
40749,4683.567083333333
40750,5158.913087777341
40751,5029.300489338235
40752,6902.715420896469
40753,5353.643802953249
40754,2679.576288563679
40755,6216.09
40756,8365.356666666667
40757,6466.22
40758,5925.97
40759,3210.3787650703457
40760,9140.686076229118
40761,3131.229300558051
40762,8437.064076229117
40763,5527.632333333334
40764,4232.34319039486
40765,8186.374799172841
40766,4176.484806777417
40767,4183.03
40768,8727.319257598032
40769,2909.254687356262
40770,6376.704257598034
40771,10797.65
40772,7416.196707517532
40773,3104.7025909313656
40774,5770.87
40775,3855.7783732072758
40776,2819.2316359746847
40777,4984.47207622047
40778,6669.62
40779,5652.419420768196
40780,4607.85
40781,5900.201999999999
40782,4870.201873242518
40783,11787.88048504592
40784,4629.740025967388
40785,6278.911999999999
40786,4642.530025967388
40787,6434.008603101055
40788,6566.203248663102
40789,6881.633134512771
40790,7653.8179231555005
40791,8371.18990954571
40792,7062.243620289732
40793,5817.632191718305
40794,5375.882191718305
40795,3642.3623415595653
40796,5995.748333333334
40797,8875.805262237762
40798,6277.976751302089
40799,7402.38526115739
40800,14852.09
40801,3953.9592866669113
40802,5668.276236312708
40803,4556.358952528818
40804,8292.66998268174
40805,8831.38498268174
40806,7966.725
40807,7606.32483648291
40808,7591.90483648291
40809,6738.867613075248
40810,6076.738014260689
40811,5310.908333333333
40812,3059.4552514883812
40813,5231.891333333333
40814,3691.1903626123176
40815,3589.1186834851733
40816,7775.539435679765
40817,18078.94
40818,6032.89
40819,3587.152
40820,4757.8458701384725
40821,3918.37
40822,5377.29
40823,1966.22
40824,6359.591341868185
40825,5589.8
40826,4139.908960915804
40827,11491.31550853485
40828,11510.75
40829,5095.786660524161
40830,5738.058902473054
40831,4265.63
40832,4131.327665663982
40833,4433.4362438574935
40834,8465.25
40835,4062.81
40836,4523.02
40837,4743.8023733847485
40838,5497.795132746383
40839,6717.35775266359
40840,7536.932307692307
40841,3329.4978333333333
40842,8224.934583333334
40843,6711.118276900733
40844,5263.541111111112
40845,4500.71
40846,4439.05
40847,4888.403696087007
40848,4540.898103308139
40849,10187.329660408634
40850,4896.775833333333
40851,4101.2312276785715
40852,6622.6582462384695
40853,4985.58493697479
40854,5682.235513513857
40855,5410.17
40856,6172.2
40857,10713.103134466453
40858,7097.307920164479
40859,5948.985
40860,4090.5560021637193
40861,4878.171292164563
40862,10069.307245320442
40863,4437.733370656713
40864,4922.53
40865,5544.3408039585265
40866,12132.042026180749
40867,7704.996408190671
40868,4519.537152612916
40869,6143.803833403254
40870,5128.365611417816
40871,7331.162154943918
40872,6057.22
40873,10010.36693815557
40874,6952.54
40875,4934.18
40876,4224.808857320375
40877,2556.0114958180975
40878,4508.588766914371
40879,17722.2
40880,2588.3606090646263
40881,4966.9
40882,6479.344680484799
40883,8359.544174278672
40884,6163.748867087669
40885,8270.266694214875
40886,6035.713333333332
40887,7340.007717391305
40888,3066.31
40889,7689.451663632375
40890,4315.903813077832
40891,6025.875437295085
40892,8619.211233766233
40893,3891.02659718353
40894,8374.138
40895,5754.481694214876
40896,3085.169876033058
40897,6518.514206773348
40898,6686.052540106681
40899,3018.0316072074766
40900,8198.356884057972
40901,7200.94
40902,5022.6625
40903,9848.555
40904,7802.842000000001
40905,7997.99403700109
40906,4612.6942977048175
40907,4794.96
40908,5915.036176733905
40909,3404.16
40910,6145.788426733907
40911,3274.8067379603467
40912,5901.663248000695
40913,3351.2264464936725
40914,5330.050454545454
40915,4862.078981496757
40916,4940.272695964675
40917,6227.88
40918,8483.61
40919,4950.206672210748
40920,9100.921878099085
40921,5625.617328455325
40922,6070.321289638163
40923,8636.256628099083
40924,6793.436044765752
40925,4792.245249933351
40926,5058.823042012646
40927,4870.61882726426
40928,5203.258400003034
40929,12115.765
40930,6444.081666666668
40931,6840.342270979364
40932,9588.696646454455
40933,6429.425493930927
40934,2596.528993006006
40935,9009.654141307743
40936,8877.037141307745
40937,6233.7802741113
40938,6808.987128184323
40939,6846.173607444634
40940,7560.832978723404
40941,5144.293834707953
40942,4649.199717396486
40943,4273.415820873716
40944,5375.392347164075
40945,7886.6
40946,3576.037260404931
40947,8445.05
40948,6754.965478723404
40949,5112.960743024953
40950,7669.805478723404
40951,5029.66
40952,7232.712290636916
40953,3835.95
40954,5382.664575357194
40955,4885.171666666667
40956,3800.4266666666667
40957,6412.83358700348
40958,7475.16
40959,7969.82480054041
40960,7058.15
40961,4421.347216158078
40962,6126.631312056738
40963,6901.670756501182
40964,8316.88
40965,3138.7940000000003
40966,3466.6101855045454
40967,8741.838411911023
40968,5730.1
40969,4029.494082776879
40970,8017.939978723403
40971,7418.359978723405
40972,7032.346395092802
40973,4642.210216818642
40974,2823.297273577447
40975,7120.52
40976,6458.411853723405
40977,6271.63
40978,9590.612121098799
40979,6993.205
40980,4072.490260240921
40981,6553.975
40982,2850.220714285714
40983,1570.347670406414
40984,5881.730068009118
40985,9275.670566685507
40986,4480.715714285714
40987,5154.25149484298
40988,3585.57668491402
40989,5343.862994493046
40990,10165.951087772268
40991,5545.824333333334
40992,9969.102978723404
40993,5083.654920924067
40994,4615.496392329786
40995,3790.1029136386455
40996,6217.729157874667
40997,4066.3293701458397
40998,2332.8672229594954
40999,4864.292200945626
41000,3848.083777280527
41001,7555.002793650794
41002,4413.750441237775
41003,5314.567200945627
41004,5392.066166817751
41005,8002.275238095238
41006,4831.942793650794
41007,3793.9995909090903
41008,8864.764444444445
41009,8807.806444444444
41010,7320.729444444445
41011,2748.2178611111103
41012,6669.354444444445
41013,5402.638194444445
41014,3838.83
41015,8342.824444444444
41016,10113.15469047619
41017,6977.664444444445
41018,6475.09
41019,5693.496432748539
41020,5563.39
41021,11313.185
41022,3517.6358905597326
41023,3996.47
41024,5391.438909090909
41025,7467.436623376624
41026,6020.0
41027,10518.346623376625
41028,7951.059998936736
41029,6407.85
41030,3350.1395729518035
41031,6857.11
41032,8321.83690909091
41033,3652.319312531221
41034,6575.098907066617
41035,3500.9826458645543
41036,6992.998907066617
41037,6417.57
41038,6199.06490909091
41039,7071.1276885519865
41040,3755.0816666666665
41041,4868.9020769230765
41042,7020.941219512195
41043,5075.563
41044,8401.53
41045,6003.185
41046,8303.428076923075
41047,5507.06
41048,3321.020833333334
41049,8640.176666666668
41050,3076.4101148987875
41051,9856.728243525482
41052,5720.727407407407
41053,5453.081384615385
41054,7267.487142857143
41055,4560.385984443982
41056,4530.270384615385
41057,5558.639670329671
41058,3490.96
41059,2981.4132066662046
41060,5654.736136363636
41061,6885.020596936753
41062,10356.0142446779
41063,5624.496136363637
41064,5979.673966900122
41065,4405.706477722633
41066,6671.53696969697
41067,2730.8463110156345
41068,10703.64
41069,7060.22
41070,13368.510632653062
41071,5858.87
41072,5638.34
41073,8541.96
41074,7818.72
41075,3430.1876326530614
41076,8387.74
41077,7273.2876932591225
41078,5312.92
41079,6100.13
41080,4757.78
41081,3150.76
41082,6025.329632653061
41083,3812.42
41084,3071.4975
41085,8960.73
41086,5931.18
41087,20873.22
41088,6808.84
